{"type":"FeatureCollection","features":[{"type":"Feature","geometry":{"type":"Point","coordinates":[14.249295,40.879123]},"properties":{"name":"Porta Miano","band":0,"modes":"bus","arr":["3M"],"off":[0,-0.8]}},{"type":"Feature","geometry":{"type":"Point","coordinates":[14.249295,40.879123]},"properties":{"line":"3M","mode":"bus","color":"#0059a9","colorDark":"#00294f","band":0,"off":[0,1.1]}},{"type":"Feature","geometry":{"type":"Point","coordinates":[14.248676,40.866983]},"properties":{"name":"Capodimonte","band":0,"modes":"bus","arr":["C67"],"off":[0,-0.8]}},{"type":"Feature","geometry":{"type":"Point","coordinates":[14.248676,40.866983]},"properties":{"line":"C67","mode":"bus","color":"#0059a9","colorDark":"#00294f","band":0,"off":[0,1.1]}},{"type":"Feature","geometry":{"type":"Point","coordinates":[14.248109,40.851409]},"properties":{"name":"Venta ASC","band":0,"modes":"bus","arr":["178","584","C63","VENTA"],"off":[0,-0.8]}},{"type":"Feature","geometry":{"type":"Point","coordinates":[14.248109,40.851409]},"properties":{"name":"Sant'Anna dei Lombardi","band":0,"modes":"bus","arr":["178","584","C63","VENTA"],"off":[0,-1.9]}},{"type":"Feature","geometry":{"type":"Point","coordinates":[14.248109,40.851409]},"properties":{"name":"Dante - M1","band":0,"modes":"bus","arr":["178","584","C63","VENTA"],"off":[0,-4.1]}},{"type":"Feature","geometry":{"type":"Point","coordinates":[14.248109,40.851409]},"properties":{"line":"178","mode":"bus","color":"#0059a9","colorDark":"#00294f","band":0,"off":[-5.1,1.1]}},{"type":"Feature","geometry":{"type":"Point","coordinates":[14.248109,40.851409]},"properties":{"line":"584","mode":"bus","color":"#0059a9","colorDark":"#00294f","band":0,"off":[-1.7,1.1]}},{"type":"Feature","geometry":{"type":"Point","coordinates":[14.248109,40.851409]},"properties":{"line":"C63","mode":"bus","color":"#0059a9","colorDark":"#00294f","band":0,"off":[1.7,1.1]}},{"type":"Feature","geometry":{"type":"Point","coordinates":[14.248109,40.851409]},"properties":{"line":"VENTA","mode":"bus","color":"#0059a9","colorDark":"#00294f","band":0,"off":[5.1,1.1]}},{"type":"Feature","geometry":{"type":"Point","coordinates":[14.251823,40.856126]},"properties":{"name":"Piazza Cavour","band":0,"modes":"bus","arr":["3M","201BR","C52","C56"],"off":[0,-0.8]}},{"type":"Feature","geometry":{"type":"Point","coordinates":[14.251823,40.856126]},"properties":{"name":"Museo Nazionale","band":0,"modes":"bus","arr":["3M","201BR","C52","C56"],"off":[0,-1.9]}},{"type":"Feature","geometry":{"type":"Point","coordinates":[14.251823,40.856126]},"properties":{"name":"Costantinopoli","band":0,"modes":"bus","arr":["3M","201BR","C52","C56"],"off":[0,-3]}},{"type":"Feature","geometry":{"type":"Point","coordinates":[14.251823,40.856126]},"properties":{"line":"3M","mode":"bus","color":"#0059a9","colorDark":"#00294f","band":0,"off":[-5.1,1.1]}},{"type":"Feature","geometry":{"type":"Point","coordinates":[14.251823,40.856126]},"properties":{"line":"201BR","mode":"bus","color":"#0059a9","colorDark":"#00294f","band":0,"off":[-1.7,1.1]}},{"type":"Feature","geometry":{"type":"Point","coordinates":[14.251823,40.856126]},"properties":{"line":"C52","mode":"bus","color":"#0059a9","colorDark":"#00294f","band":0,"off":[1.7,1.1]}},{"type":"Feature","geometry":{"type":"Point","coordinates":[14.251823,40.856126]},"properties":{"line":"C56","mode":"bus","color":"#0059a9","colorDark":"#00294f","band":0,"off":[5.1,1.1]}},{"type":"Feature","geometry":{"type":"Point","coordinates":[14.336304,40.811086]},"properties":{"name":"Gianturco","band":0,"modes":"bus","arr":["5","158","176","177"],"off":[0,-0.8]}},{"type":"Feature","geometry":{"type":"Point","coordinates":[14.336304,40.811086]},"properties":{"line":"5","mode":"bus","color":"#0059a9","colorDark":"#00294f","band":0,"off":[-5.1,1.1]}},{"type":"Feature","geometry":{"type":"Point","coordinates":[14.336304,40.811086]},"properties":{"line":"158","mode":"bus","color":"#0059a9","colorDark":"#00294f","band":0,"off":[-1.7,1.1]}},{"type":"Feature","geometry":{"type":"Point","coordinates":[14.336304,40.811086]},"properties":{"line":"176","mode":"bus","color":"#0059a9","colorDark":"#00294f","band":0,"off":[1.7,1.1]}},{"type":"Feature","geometry":{"type":"Point","coordinates":[14.336304,40.811086]},"properties":{"line":"177","mode":"bus","color":"#0059a9","colorDark":"#00294f","band":0,"off":[5.1,1.1]}},{"type":"Feature","geometry":{"type":"Point","coordinates":[14.382844,40.819969]},"properties":{"name":"Vesuvio","band":0,"modes":"bus","arr":["5"],"off":[0,-0.8]}},{"type":"Feature","geometry":{"type":"Point","coordinates":[14.382844,40.819969]},"properties":{"line":"5","mode":"bus","color":"#0059a9","colorDark":"#00294f","band":0,"off":[0,1.1]}},{"type":"Feature","geometry":{"type":"Point","coordinates":[14.28064,40.846234]},"properties":{"name":"Volta - Brin","band":0,"modes":"bus","arr":["116","154","156","173A","175","194","196","196BR","455","460","472","475","N1","N3","N5","R2"],"off":[0,-0.8],"sc":0.92}},{"type":"Feature","geometry":{"type":"Point","coordinates":[14.28064,40.846234]},"properties":{"name":"Brin - Attestamento","band":0,"modes":"bus","arr":["116","154","156","173A","175","194","196","196BR","455","460","472","475","N1","N3","N5","R2"],"off":[0,-1.9],"sc":0.92}},{"type":"Feature","geometry":{"type":"Point","coordinates":[14.28064,40.846234]},"properties":{"name":"Brin","band":0,"modes":"bus","arr":["116","154","156","173A","175","194","196","196BR","455","460","472","475","N1","N3","N5","R2"],"off":[0,-4.1],"sc":0.92}},{"type":"Feature","geometry":{"type":"Point","coordinates":[14.28064,40.846234]},"properties":{"line":"116","mode":"bus","color":"#0059a9","colorDark":"#00294f","band":0,"sc":0.92,"off":[-6.8,1.1]}},{"type":"Feature","geometry":{"type":"Point","coordinates":[14.28064,40.846234]},"properties":{"line":"154","mode":"bus","color":"#0059a9","colorDark":"#00294f","band":0,"sc":0.92,"off":[-3.4,1.1]}},{"type":"Feature","geometry":{"type":"Point","coordinates":[14.28064,40.846234]},"properties":{"line":"156","mode":"bus","color":"#0059a9","colorDark":"#00294f","band":0,"sc":0.92,"off":[0,1.1]}},{"type":"Feature","geometry":{"type":"Point","coordinates":[14.28064,40.846234]},"properties":{"line":"173A","mode":"bus","color":"#0059a9","colorDark":"#00294f","band":0,"sc":0.92,"off":[3.4,1.1]}},{"type":"Feature","geometry":{"type":"Point","coordinates":[14.28064,40.846234]},"properties":{"line":"175","mode":"bus","color":"#0059a9","colorDark":"#00294f","band":0,"sc":0.92,"off":[6.8,1.1]}},{"type":"Feature","geometry":{"type":"Point","coordinates":[14.28064,40.846234]},"properties":{"line":"194","mode":"bus","color":"#0059a9","colorDark":"#00294f","band":0,"sc":0.92,"off":[-6.8,3.1]}},{"type":"Feature","geometry":{"type":"Point","coordinates":[14.28064,40.846234]},"properties":{"line":"196","mode":"bus","color":"#0059a9","colorDark":"#00294f","band":0,"sc":0.92,"off":[-3.4,3.1]}},{"type":"Feature","geometry":{"type":"Point","coordinates":[14.28064,40.846234]},"properties":{"line":"196BR","mode":"bus","color":"#0059a9","colorDark":"#00294f","band":0,"sc":0.92,"off":[0,3.1]}},{"type":"Feature","geometry":{"type":"Point","coordinates":[14.28064,40.846234]},"properties":{"line":"455","mode":"bus","color":"#0059a9","colorDark":"#00294f","band":0,"sc":0.92,"off":[3.4,3.1]}},{"type":"Feature","geometry":{"type":"Point","coordinates":[14.28064,40.846234]},"properties":{"line":"460","mode":"bus","color":"#0059a9","colorDark":"#00294f","band":0,"sc":0.92,"off":[6.8,3.1]}},{"type":"Feature","geometry":{"type":"Point","coordinates":[14.28064,40.846234]},"properties":{"line":"472","mode":"bus","color":"#0059a9","colorDark":"#00294f","band":0,"sc":0.92,"off":[-6.8,5.1]}},{"type":"Feature","geometry":{"type":"Point","coordinates":[14.28064,40.846234]},"properties":{"line":"475","mode":"bus","color":"#0059a9","colorDark":"#00294f","band":0,"sc":0.92,"off":[-3.4,5.1]}},{"type":"Feature","geometry":{"type":"Point","coordinates":[14.28064,40.846234]},"properties":{"line":"N1","mode":"bus","color":"#0059a9","colorDark":"#00294f","band":0,"sc":0.92,"off":[0,5.1]}},{"type":"Feature","geometry":{"type":"Point","coordinates":[14.28064,40.846234]},"properties":{"line":"N3","mode":"bus","color":"#0059a9","colorDark":"#00294f","band":0,"sc":0.92,"off":[3.4,5.1]}},{"type":"Feature","geometry":{"type":"Point","coordinates":[14.28064,40.846234]},"properties":{"line":"N5","mode":"bus","color":"#0059a9","colorDark":"#00294f","band":0,"sc":0.92,"off":[6.8,5.1]}},{"type":"Feature","geometry":{"type":"Point","coordinates":[14.28064,40.846234]},"properties":{"line":"R2","mode":"bus","color":"#0059a9","colorDark":"#00294f","band":0,"sc":0.92,"off":[0,7.1]}},{"type":"Feature","geometry":{"type":"Point","coordinates":[14.268519,40.848641]},"properties":{"name":"Garibaldi - Principe Umberto","band":0,"modes":"bus","arr":["169","195","460"],"off":[0,-0.8]}},{"type":"Feature","geometry":{"type":"Point","coordinates":[14.268519,40.848641]},"properties":{"name":"Garibaldi - Circumvesuviana","band":0,"modes":"bus","arr":["169","195","460"],"off":[0,-3]}},{"type":"Feature","geometry":{"type":"Point","coordinates":[14.268519,40.848641]},"properties":{"name":"Garibaldi","band":0,"modes":"bus","arr":["169","195","460"],"off":[0,-5.2]}},{"type":"Feature","geometry":{"type":"Point","coordinates":[14.268519,40.848641]},"properties":{"line":"169","mode":"bus","color":"#0059a9","colorDark":"#00294f","band":0,"off":[-3.4,1.1]}},{"type":"Feature","geometry":{"type":"Point","coordinates":[14.268519,40.848641]},"properties":{"line":"195","mode":"bus","color":"#0059a9","colorDark":"#00294f","band":0,"off":[0,1.1]}},{"type":"Feature","geometry":{"type":"Point","coordinates":[14.268519,40.848641]},"properties":{"line":"460","mode":"bus","color":"#0059a9","colorDark":"#00294f","band":0,"off":[3.4,1.1]}},{"type":"Feature","geometry":{"type":"Point","coordinates":[14.360188,40.860414]},"properties":{"name":"Riccardi - Piazza della Libertà","band":0,"modes":"bus","arr":["472"],"off":[0,-0.8]}},{"type":"Feature","geometry":{"type":"Point","coordinates":[14.360188,40.860414]},"properties":{"line":"472","mode":"bus","color":"#0059a9","colorDark":"#00294f","band":0,"off":[0,1.1]}},{"type":"Feature","geometry":{"type":"Point","coordinates":[14.354613,40.869862]},"properties":{"name":"Serao - Attestamento","band":0,"modes":"bus","arr":["116","158"],"off":[0,-0.8]}},{"type":"Feature","geometry":{"type":"Point","coordinates":[14.354613,40.869862]},"properties":{"line":"116","mode":"bus","color":"#0059a9","colorDark":"#00294f","band":0,"off":[-1.7,1.1]}},{"type":"Feature","geometry":{"type":"Point","coordinates":[14.354613,40.869862]},"properties":{"line":"158","mode":"bus","color":"#0059a9","colorDark":"#00294f","band":0,"off":[1.7,1.1]}},{"type":"Feature","geometry":{"type":"Point","coordinates":[14.250981,40.830516]},"properties":{"name":"Santa Lucia - Plebiscito","band":0,"modes":"bus","arr":["128","140","ACTON"],"off":[0,-0.8]}},{"type":"Feature","geometry":{"type":"Point","coordinates":[14.250981,40.830516]},"properties":{"name":"Cesario Console - Plebiscito","band":0,"modes":"bus","arr":["128","140","ACTON"],"off":[0,-3]}},{"type":"Feature","geometry":{"type":"Point","coordinates":[14.250981,40.830516]},"properties":{"name":"Acton ASC","band":0,"modes":"bus","arr":["128","140","ACTON"],"off":[0,-5.2]}},{"type":"Feature","geometry":{"type":"Point","coordinates":[14.250981,40.830516]},"properties":{"line":"128","mode":"bus","color":"#0059a9","colorDark":"#00294f","band":0,"off":[-3.4,1.1]}},{"type":"Feature","geometry":{"type":"Point","coordinates":[14.250981,40.830516]},"properties":{"line":"140","mode":"bus","color":"#0059a9","colorDark":"#00294f","band":0,"off":[0,1.1]}},{"type":"Feature","geometry":{"type":"Point","coordinates":[14.250981,40.830516]},"properties":{"line":"ACTON","mode":"bus","color":"#0059a9","colorDark":"#00294f","band":0,"off":[3.4,1.1]}},{"type":"Feature","geometry":{"type":"Point","coordinates":[14.24189,40.831198]},"properties":{"name":"Vittoria - Villa Comunale","band":0,"modes":"bus","arr":["154","CHIAIA","R7"],"off":[0,-0.8]}},{"type":"Feature","geometry":{"type":"Point","coordinates":[14.24189,40.831198]},"properties":{"name":"Vittoria","band":0,"modes":"bus","arr":["154","CHIAIA","R7"],"off":[0,-3]}},{"type":"Feature","geometry":{"type":"Point","coordinates":[14.24189,40.831198]},"properties":{"name":"Chiaia ASC","band":0,"modes":"bus","arr":["154","CHIAIA","R7"],"off":[0,-4.1]}},{"type":"Feature","geometry":{"type":"Point","coordinates":[14.24189,40.831198]},"properties":{"line":"154","mode":"bus","color":"#0059a9","colorDark":"#00294f","band":0,"off":[-3.4,1.1]}},{"type":"Feature","geometry":{"type":"Point","coordinates":[14.24189,40.831198]},"properties":{"line":"CHIAIA","mode":"bus","color":"#0059a9","colorDark":"#00294f","band":0,"off":[0,1.1]}},{"type":"Feature","geometry":{"type":"Point","coordinates":[14.24189,40.831198]},"properties":{"line":"R7","mode":"bus","color":"#0059a9","colorDark":"#00294f","band":0,"off":[3.4,1.1]}},{"type":"Feature","geometry":{"type":"Point","coordinates":[14.226107,40.845316]},"properties":{"name":"Scarlatti","band":0,"modes":"bus","arr":["128","132","181","C31","C37","N3","S2"],"off":[0,-0.8]}},{"type":"Feature","geometry":{"type":"Point","coordinates":[14.226107,40.845316]},"properties":{"name":"Quattro Giornate - Stadio Collana","band":0,"modes":"bus","arr":["128","132","181","C31","C37","N3","S2"],"off":[0,-1.9]}},{"type":"Feature","geometry":{"type":"Point","coordinates":[14.226107,40.845316]},"properties":{"name":"Cilea","band":0,"modes":"bus","arr":["128","132","181","C31","C37","N3","S2"],"off":[0,-4.1]}},{"type":"Feature","geometry":{"type":"Point","coordinates":[14.226107,40.845316]},"properties":{"line":"128","mode":"bus","color":"#0059a9","colorDark":"#00294f","band":0,"off":[-6.8,1.1]}},{"type":"Feature","geometry":{"type":"Point","coordinates":[14.226107,40.845316]},"properties":{"line":"132","mode":"bus","color":"#0059a9","colorDark":"#00294f","band":0,"off":[-3.4,1.1]}},{"type":"Feature","geometry":{"type":"Point","coordinates":[14.226107,40.845316]},"properties":{"line":"181","mode":"bus","color":"#0059a9","colorDark":"#00294f","band":0,"off":[0,1.1]}},{"type":"Feature","geometry":{"type":"Point","coordinates":[14.226107,40.845316]},"properties":{"line":"C31","mode":"bus","color":"#0059a9","colorDark":"#00294f","band":0,"off":[3.4,1.1]}},{"type":"Feature","geometry":{"type":"Point","coordinates":[14.226107,40.845316]},"properties":{"line":"C37","mode":"bus","color":"#0059a9","colorDark":"#00294f","band":0,"off":[6.8,1.1]}},{"type":"Feature","geometry":{"type":"Point","coordinates":[14.226107,40.845316]},"properties":{"line":"N3","mode":"bus","color":"#0059a9","colorDark":"#00294f","band":0,"off":[-1.7,3.1]}},{"type":"Feature","geometry":{"type":"Point","coordinates":[14.226107,40.845316]},"properties":{"line":"S2","mode":"bus","color":"#0059a9","colorDark":"#00294f","band":0,"off":[1.7,3.1]}},{"type":"Feature","geometry":{"type":"Point","coordinates":[14.271416,40.854073]},"properties":{"name":"Garibaldi - Attestamento","band":0,"modes":"bus","arr":["130","151","C56","R5"],"off":[0,-0.8]}},{"type":"Feature","geometry":{"type":"Point","coordinates":[14.271416,40.854073]},"properties":{"line":"130","mode":"bus","color":"#0059a9","colorDark":"#00294f","band":0,"off":[-5.1,1.1]}},{"type":"Feature","geometry":{"type":"Point","coordinates":[14.271416,40.854073]},"properties":{"line":"151","mode":"bus","color":"#0059a9","colorDark":"#00294f","band":0,"off":[-1.7,1.1]}},{"type":"Feature","geometry":{"type":"Point","coordinates":[14.271416,40.854073]},"properties":{"line":"C56","mode":"bus","color":"#0059a9","colorDark":"#00294f","band":0,"off":[1.7,1.1]}},{"type":"Feature","geometry":{"type":"Point","coordinates":[14.271416,40.854073]},"properties":{"line":"R5","mode":"bus","color":"#0059a9","colorDark":"#00294f","band":0,"off":[5.1,1.1]}},{"type":"Feature","geometry":{"type":"Point","coordinates":[14.225318,40.850057]},"properties":{"name":"Tino da Camaino-Giardini Ruoppolo","band":0,"modes":"bus","arr":["130","633","C42","S5"],"off":[0,-0.8]}},{"type":"Feature","geometry":{"type":"Point","coordinates":[14.225318,40.850057]},"properties":{"name":"Gemito-Rossini","band":0,"modes":"bus","arr":["130","633","C42","S5"],"off":[0,-3]}},{"type":"Feature","geometry":{"type":"Point","coordinates":[14.225318,40.850057]},"properties":{"name":"Acitillo","band":0,"modes":"bus","arr":["130","633","C42","S5"],"off":[0,-4.1]}},{"type":"Feature","geometry":{"type":"Point","coordinates":[14.225318,40.850057]},"properties":{"line":"130","mode":"bus","color":"#0059a9","colorDark":"#00294f","band":0,"off":[-5.1,1.1]}},{"type":"Feature","geometry":{"type":"Point","coordinates":[14.225318,40.850057]},"properties":{"line":"633","mode":"bus","color":"#0059a9","colorDark":"#00294f","band":0,"off":[-1.7,1.1]}},{"type":"Feature","geometry":{"type":"Point","coordinates":[14.225318,40.850057]},"properties":{"line":"C42","mode":"bus","color":"#0059a9","colorDark":"#00294f","band":0,"off":[1.7,1.1]}},{"type":"Feature","geometry":{"type":"Point","coordinates":[14.225318,40.850057]},"properties":{"line":"S5","mode":"bus","color":"#0059a9","colorDark":"#00294f","band":0,"off":[5.1,1.1]}},{"type":"Feature","geometry":{"type":"Point","coordinates":[14.272615,40.857543]},"properties":{"name":"Nazionale","band":0,"modes":"bus,tram","arr":["191","422"],"off":[0,-0.8]}},{"type":"Feature","geometry":{"type":"Point","coordinates":[14.272615,40.857543]},"properties":{"name":"Casanova - Nazionale","band":0,"modes":"bus,tram","arr":["191","422"],"off":[0,-1.9]}},{"type":"Feature","geometry":{"type":"Point","coordinates":[14.272615,40.857543]},"properties":{"line":"191","mode":"bus","color":"#0059a9","colorDark":"#00294f","band":0,"off":[-1.7,1.1]}},{"type":"Feature","geometry":{"type":"Point","coordinates":[14.272615,40.857543]},"properties":{"line":"422","mode":"tram","color":"#d6212b","colorDark":"#7c1116","band":0,"off":[1.7,1.1]}},{"type":"Feature","geometry":{"type":"Point","coordinates":[14.204473,40.839596]},"properties":{"name":"Largo Giustiniano","band":0,"modes":"bus","arr":["132","S3A"],"off":[0,-0.8]}},{"type":"Feature","geometry":{"type":"Point","coordinates":[14.204473,40.839596]},"properties":{"line":"132","mode":"bus","color":"#0059a9","colorDark":"#00294f","band":0,"off":[-1.7,1.1]}},{"type":"Feature","geometry":{"type":"Point","coordinates":[14.204473,40.839596]},"properties":{"line":"S3A","mode":"bus","color":"#0059a9","colorDark":"#00294f","band":0,"off":[1.7,1.1]}},{"type":"Feature","geometry":{"type":"Point","coordinates":[14.199944,40.842333]},"properties":{"name":"Adriano - Poste","band":0,"modes":"bus","arr":["618"],"off":[0,-0.8]}},{"type":"Feature","geometry":{"type":"Point","coordinates":[14.199944,40.842333]},"properties":{"line":"618","mode":"bus","color":"#0059a9","colorDark":"#00294f","band":0,"off":[0,1.1]}},{"type":"Feature","geometry":{"type":"Point","coordinates":[14.228744,40.864692]},"properties":{"name":"Ospedale Cardarelli","band":0,"modes":"bus","arr":["139","143","144","144A","144B","165","165Q","204","C76","N7"],"off":[0,-0.8]}},{"type":"Feature","geometry":{"type":"Point","coordinates":[14.228744,40.864692]},"properties":{"name":"Cardarelli-Ospedale","band":0,"modes":"bus","arr":["139","143","144","144A","144B","165","165Q","204","C76","N7"],"off":[0,-3]}},{"type":"Feature","geometry":{"type":"Point","coordinates":[14.228744,40.864692]},"properties":{"name":"Cardarelli - Ospedale Cardarelli","band":0,"modes":"bus","arr":["139","143","144","144A","144B","165","165Q","204","C76","N7"],"off":[0,-5.2]}},{"type":"Feature","geometry":{"type":"Point","coordinates":[14.228744,40.864692]},"properties":{"line":"139","mode":"bus","color":"#0059a9","colorDark":"#00294f","band":0,"off":[-6.8,1.1]}},{"type":"Feature","geometry":{"type":"Point","coordinates":[14.228744,40.864692]},"properties":{"line":"143","mode":"bus","color":"#0059a9","colorDark":"#00294f","band":0,"off":[-3.4,1.1]}},{"type":"Feature","geometry":{"type":"Point","coordinates":[14.228744,40.864692]},"properties":{"line":"144","mode":"bus","color":"#0059a9","colorDark":"#00294f","band":0,"off":[0,1.1]}},{"type":"Feature","geometry":{"type":"Point","coordinates":[14.228744,40.864692]},"properties":{"line":"144A","mode":"bus","color":"#0059a9","colorDark":"#00294f","band":0,"off":[3.4,1.1]}},{"type":"Feature","geometry":{"type":"Point","coordinates":[14.228744,40.864692]},"properties":{"line":"144B","mode":"bus","color":"#0059a9","colorDark":"#00294f","band":0,"off":[6.8,1.1]}},{"type":"Feature","geometry":{"type":"Point","coordinates":[14.228744,40.864692]},"properties":{"line":"165","mode":"bus","color":"#0059a9","colorDark":"#00294f","band":0,"off":[-6.8,3.1]}},{"type":"Feature","geometry":{"type":"Point","coordinates":[14.228744,40.864692]},"properties":{"line":"165Q","mode":"bus","color":"#0059a9","colorDark":"#00294f","band":0,"off":[-3.4,3.1]}},{"type":"Feature","geometry":{"type":"Point","coordinates":[14.228744,40.864692]},"properties":{"line":"204","mode":"bus","color":"#149a3f","colorDark":"#0a5121","band":0,"off":[0,3.1]}},{"type":"Feature","geometry":{"type":"Point","coordinates":[14.228744,40.864692]},"properties":{"line":"C76","mode":"bus","color":"#0059a9","colorDark":"#00294f","band":0,"off":[3.4,3.1]}},{"type":"Feature","geometry":{"type":"Point","coordinates":[14.228744,40.864692]},"properties":{"line":"N7","mode":"bus","color":"#0059a9","colorDark":"#00294f","band":0,"off":[6.8,3.1]}},{"type":"Feature","geometry":{"type":"Point","coordinates":[14.253774,40.845979]},"properties":{"name":"Sanfelice - Bovio","band":0,"modes":"bus","arr":["139","168","182","184","302","NAVF2"],"off":[0,-0.8]}},{"type":"Feature","geometry":{"type":"Point","coordinates":[14.253774,40.845979]},"properties":{"name":"Monteoliveto - Federico II - Architettura","band":0,"modes":"bus","arr":["139","168","182","184","302","NAVF2"],"off":[0,-1.9]}},{"type":"Feature","geometry":{"type":"Point","coordinates":[14.253774,40.845979]},"properties":{"name":"Battisti","band":0,"modes":"bus","arr":["139","168","182","184","302","NAVF2"],"off":[0,-5.2]}},{"type":"Feature","geometry":{"type":"Point","coordinates":[14.253774,40.845979]},"properties":{"line":"139","mode":"bus","color":"#0059a9","colorDark":"#00294f","band":0,"off":[-6.8,1.1]}},{"type":"Feature","geometry":{"type":"Point","coordinates":[14.253774,40.845979]},"properties":{"line":"168","mode":"bus","color":"#0059a9","colorDark":"#00294f","band":0,"off":[-3.4,1.1]}},{"type":"Feature","geometry":{"type":"Point","coordinates":[14.253774,40.845979]},"properties":{"line":"182","mode":"bus","color":"#0059a9","colorDark":"#00294f","band":0,"off":[0,1.1]}},{"type":"Feature","geometry":{"type":"Point","coordinates":[14.253774,40.845979]},"properties":{"line":"184","mode":"bus","color":"#0059a9","colorDark":"#00294f","band":0,"off":[3.4,1.1]}},{"type":"Feature","geometry":{"type":"Point","coordinates":[14.253774,40.845979]},"properties":{"line":"302","mode":"bus","color":"#0059a9","colorDark":"#00294f","band":0,"off":[6.8,1.1]}},{"type":"Feature","geometry":{"type":"Point","coordinates":[14.253774,40.845979]},"properties":{"line":"NAVF2","mode":"bus","color":"#0059a9","colorDark":"#00294f","band":0,"off":[0,3.1]}},{"type":"Feature","geometry":{"type":"Point","coordinates":[14.235724,40.851267]},"properties":{"name":"Via Suarez","band":0,"modes":"bus","arr":["147","C16","C44"],"off":[0,-0.8]}},{"type":"Feature","geometry":{"type":"Point","coordinates":[14.235724,40.851267]},"properties":{"name":"Suarez-Immacolata","band":0,"modes":"bus","arr":["147","C16","C44"],"off":[0,-1.9]}},{"type":"Feature","geometry":{"type":"Point","coordinates":[14.235724,40.851267]},"properties":{"name":"Caracciolo Poggio","band":0,"modes":"bus","arr":["147","C16","C44"],"off":[0,-3]}},{"type":"Feature","geometry":{"type":"Point","coordinates":[14.235724,40.851267]},"properties":{"line":"147","mode":"bus","color":"#0059a9","colorDark":"#00294f","band":0,"off":[-3.4,1.1]}},{"type":"Feature","geometry":{"type":"Point","coordinates":[14.235724,40.851267]},"properties":{"line":"C16","mode":"bus","color":"#0059a9","colorDark":"#00294f","band":0,"off":[0,1.1]}},{"type":"Feature","geometry":{"type":"Point","coordinates":[14.235724,40.851267]},"properties":{"line":"C44","mode":"bus","color":"#0059a9","colorDark":"#00294f","band":0,"off":[3.4,1.1]}},{"type":"Feature","geometry":{"type":"Point","coordinates":[14.188749,40.805354]},"properties":{"name":"Posillipo Capo - Attestamento","band":0,"modes":"bus","arr":["140","622","C1","C1E","C21","C31"],"off":[0,-0.8]}},{"type":"Feature","geometry":{"type":"Point","coordinates":[14.188749,40.805354]},"properties":{"name":"Padula - Manzoni","band":0,"modes":"bus","arr":["140","622","C1","C1E","C21","C31"],"off":[0,-3]}},{"type":"Feature","geometry":{"type":"Point","coordinates":[14.188749,40.805354]},"properties":{"line":"140","mode":"bus","color":"#0059a9","colorDark":"#00294f","band":0,"off":[-6.8,1.1]}},{"type":"Feature","geometry":{"type":"Point","coordinates":[14.188749,40.805354]},"properties":{"line":"622","mode":"bus","color":"#0059a9","colorDark":"#00294f","band":0,"off":[-3.4,1.1]}},{"type":"Feature","geometry":{"type":"Point","coordinates":[14.188749,40.805354]},"properties":{"line":"C1","mode":"bus","color":"#0059a9","colorDark":"#00294f","band":0,"off":[0,1.1]}},{"type":"Feature","geometry":{"type":"Point","coordinates":[14.188749,40.805354]},"properties":{"line":"C1E","mode":"bus","color":"#0059a9","colorDark":"#00294f","band":0,"off":[3.4,1.1]}},{"type":"Feature","geometry":{"type":"Point","coordinates":[14.188749,40.805354]},"properties":{"line":"C21","mode":"bus","color":"#0059a9","colorDark":"#00294f","band":0,"off":[6.8,1.1]}},{"type":"Feature","geometry":{"type":"Point","coordinates":[14.188749,40.805354]},"properties":{"line":"C31","mode":"bus","color":"#0059a9","colorDark":"#00294f","band":0,"off":[0,3.1]}},{"type":"Feature","geometry":{"type":"Point","coordinates":[14.177259,40.894377]},"properties":{"name":"Marano Quarto","band":0,"modes":"bus","arr":["143"],"off":[0,-0.8]}},{"type":"Feature","geometry":{"type":"Point","coordinates":[14.177259,40.894377]},"properties":{"line":"143","mode":"bus","color":"#0059a9","colorDark":"#00294f","band":0,"off":[0,1.1]}},{"type":"Feature","geometry":{"type":"Point","coordinates":[14.172073,40.873382]},"properties":{"name":"Romano-Marano Pianura","band":0,"modes":"bus","arr":["144"],"off":[0,-0.8]}},{"type":"Feature","geometry":{"type":"Point","coordinates":[14.172073,40.873382]},"properties":{"line":"144","mode":"bus","color":"#0059a9","colorDark":"#00294f","band":0,"off":[0,1.1]}},{"type":"Feature","geometry":{"type":"Point","coordinates":[14.191806,40.860911]},"properties":{"name":"Dell'Eremo-Parco Pubblico","band":0,"modes":"bus","arr":["144A","144B","C44"],"off":[0,-0.8]}},{"type":"Feature","geometry":{"type":"Point","coordinates":[14.191806,40.860911]},"properties":{"line":"144A","mode":"bus","color":"#0059a9","colorDark":"#00294f","band":0,"off":[-3.4,1.1]}},{"type":"Feature","geometry":{"type":"Point","coordinates":[14.191806,40.860911]},"properties":{"line":"144B","mode":"bus","color":"#0059a9","colorDark":"#00294f","band":0,"off":[0,1.1]}},{"type":"Feature","geometry":{"type":"Point","coordinates":[14.191806,40.860911]},"properties":{"line":"C44","mode":"bus","color":"#0059a9","colorDark":"#00294f","band":0,"off":[3.4,1.1]}},{"type":"Feature","geometry":{"type":"Point","coordinates":[14.265733,40.865286]},"properties":{"name":"Tanucci","band":0,"modes":"bus","arr":["147","201BR","202","302","663","C63"],"off":[0,-0.8]}},{"type":"Feature","geometry":{"type":"Point","coordinates":[14.265733,40.865286]},"properties":{"name":"Giovan Battista Vico","band":0,"modes":"bus","arr":["147","201BR","202","302","663","C63"],"off":[0,-1.9]}},{"type":"Feature","geometry":{"type":"Point","coordinates":[14.265733,40.865286]},"properties":{"name":"Deposito Carlo III","band":0,"modes":"bus","arr":["147","201BR","202","302","663","C63"],"off":[0,-4.1]}},{"type":"Feature","geometry":{"type":"Point","coordinates":[14.265733,40.865286]},"properties":{"line":"147","mode":"bus","color":"#0059a9","colorDark":"#00294f","band":0,"off":[-6.8,1.1]}},{"type":"Feature","geometry":{"type":"Point","coordinates":[14.265733,40.865286]},"properties":{"line":"201BR","mode":"bus","color":"#0059a9","colorDark":"#00294f","band":0,"off":[-3.4,1.1]}},{"type":"Feature","geometry":{"type":"Point","coordinates":[14.265733,40.865286]},"properties":{"line":"202","mode":"bus","color":"#149a3f","colorDark":"#0a5121","band":0,"off":[0,1.1]}},{"type":"Feature","geometry":{"type":"Point","coordinates":[14.265733,40.865286]},"properties":{"line":"302","mode":"bus","color":"#0059a9","colorDark":"#00294f","band":0,"off":[3.4,1.1]}},{"type":"Feature","geometry":{"type":"Point","coordinates":[14.265733,40.865286]},"properties":{"line":"663","mode":"bus","color":"#0059a9","colorDark":"#00294f","band":0,"off":[6.8,1.1]}},{"type":"Feature","geometry":{"type":"Point","coordinates":[14.265733,40.865286]},"properties":{"line":"C63","mode":"bus","color":"#0059a9","colorDark":"#00294f","band":0,"off":[0,3.1]}},{"type":"Feature","geometry":{"type":"Point","coordinates":[14.194388,40.823505]},"properties":{"name":"Piazzale Tecchio","band":0,"modes":"bus,metro","arr":["151","180","181","502","618","C1","C1E","C3","L6","N1","N6","N7","R6","S1","S2"],"off":[0,-0.8],"sc":0.94}},{"type":"Feature","geometry":{"type":"Point","coordinates":[14.194388,40.823505]},"properties":{"name":"Mostra","band":0,"modes":"bus,metro","arr":["151","180","181","502","618","C1","C1E","C3","L6","N1","N6","N7","R6","S1","S2"],"off":[0,-1.9],"sc":0.94}},{"type":"Feature","geometry":{"type":"Point","coordinates":[14.194388,40.823505]},"properties":{"name":"Giulio Cesare - Tecchio","band":0,"modes":"bus,metro","arr":["151","180","181","502","618","C1","C1E","C3","L6","N1","N6","N7","R6","S1","S2"],"off":[0,-3],"sc":0.94}},{"type":"Feature","geometry":{"type":"Point","coordinates":[14.194388,40.823505]},"properties":{"line":"151","mode":"bus","color":"#0059a9","colorDark":"#00294f","band":0,"sc":0.94,"off":[-6.8,1.1]}},{"type":"Feature","geometry":{"type":"Point","coordinates":[14.194388,40.823505]},"properties":{"line":"180","mode":"bus","color":"#0059a9","colorDark":"#00294f","band":0,"sc":0.94,"off":[-3.4,1.1]}},{"type":"Feature","geometry":{"type":"Point","coordinates":[14.194388,40.823505]},"properties":{"line":"181","mode":"bus","color":"#0059a9","colorDark":"#00294f","band":0,"sc":0.94,"off":[0,1.1]}},{"type":"Feature","geometry":{"type":"Point","coordinates":[14.194388,40.823505]},"properties":{"line":"502","mode":"bus","color":"#0059a9","colorDark":"#00294f","band":0,"sc":0.94,"off":[3.4,1.1]}},{"type":"Feature","geometry":{"type":"Point","coordinates":[14.194388,40.823505]},"properties":{"line":"618","mode":"bus","color":"#0059a9","colorDark":"#00294f","band":0,"sc":0.94,"off":[6.8,1.1]}},{"type":"Feature","geometry":{"type":"Point","coordinates":[14.194388,40.823505]},"properties":{"line":"C1","mode":"bus","color":"#0059a9","colorDark":"#00294f","band":0,"sc":0.94,"off":[-6.8,3.1]}},{"type":"Feature","geometry":{"type":"Point","coordinates":[14.194388,40.823505]},"properties":{"line":"C1E","mode":"bus","color":"#0059a9","colorDark":"#00294f","band":0,"sc":0.94,"off":[-3.4,3.1]}},{"type":"Feature","geometry":{"type":"Point","coordinates":[14.194388,40.823505]},"properties":{"line":"C3","mode":"bus","color":"#0059a9","colorDark":"#00294f","band":0,"sc":0.94,"off":[0,3.1]}},{"type":"Feature","geometry":{"type":"Point","coordinates":[14.194388,40.823505]},"properties":{"line":"L6","mode":"tram","color":"#179ED6","colorDark":"#0d5776","band":0,"metro":1,"sc":0.94,"off":[3.4,3.1]}},{"type":"Feature","geometry":{"type":"Point","coordinates":[14.194388,40.823505]},"properties":{"line":"N1","mode":"bus","color":"#0059a9","colorDark":"#00294f","band":0,"sc":0.94,"off":[6.8,3.1]}},{"type":"Feature","geometry":{"type":"Point","coordinates":[14.194388,40.823505]},"properties":{"line":"N6","mode":"bus","color":"#0059a9","colorDark":"#00294f","band":0,"sc":0.94,"off":[-6.8,5.1]}},{"type":"Feature","geometry":{"type":"Point","coordinates":[14.194388,40.823505]},"properties":{"line":"N7","mode":"bus","color":"#0059a9","colorDark":"#00294f","band":0,"sc":0.94,"off":[-3.4,5.1]}},{"type":"Feature","geometry":{"type":"Point","coordinates":[14.194388,40.823505]},"properties":{"line":"R6","mode":"bus","color":"#0059a9","colorDark":"#00294f","band":0,"sc":0.94,"off":[0,5.1]}},{"type":"Feature","geometry":{"type":"Point","coordinates":[14.194388,40.823505]},"properties":{"line":"S1","mode":"bus","color":"#0059a9","colorDark":"#00294f","band":0,"sc":0.94,"off":[3.4,5.1]}},{"type":"Feature","geometry":{"type":"Point","coordinates":[14.194388,40.823505]},"properties":{"line":"S2","mode":"bus","color":"#0059a9","colorDark":"#00294f","band":0,"sc":0.94,"off":[6.8,5.1]}},{"type":"Feature","geometry":{"type":"Point","coordinates":[14.338924,40.831719]},"properties":{"name":"Troisi","band":0,"modes":"bus","arr":["156"],"off":[0,-0.8]}},{"type":"Feature","geometry":{"type":"Point","coordinates":[14.338924,40.831719]},"properties":{"line":"156","mode":"bus","color":"#0059a9","colorDark":"#00294f","band":0,"off":[0,1.1]}},{"type":"Feature","geometry":{"type":"Point","coordinates":[14.231237,40.879984]},"properties":{"name":"Frullone - M1","band":0,"modes":"bus","arr":["162","167","168","663","C78"],"off":[0,-0.8]}},{"type":"Feature","geometry":{"type":"Point","coordinates":[14.231237,40.879984]},"properties":{"line":"162","mode":"bus","color":"#0059a9","colorDark":"#00294f","band":0,"off":[-6.8,1.1]}},{"type":"Feature","geometry":{"type":"Point","coordinates":[14.231237,40.879984]},"properties":{"line":"167","mode":"bus","color":"#0059a9","colorDark":"#00294f","band":0,"off":[-3.4,1.1]}},{"type":"Feature","geometry":{"type":"Point","coordinates":[14.231237,40.879984]},"properties":{"line":"168","mode":"bus","color":"#0059a9","colorDark":"#00294f","band":0,"off":[0,1.1]}},{"type":"Feature","geometry":{"type":"Point","coordinates":[14.231237,40.879984]},"properties":{"line":"663","mode":"bus","color":"#0059a9","colorDark":"#00294f","band":0,"off":[3.4,1.1]}},{"type":"Feature","geometry":{"type":"Point","coordinates":[14.231237,40.879984]},"properties":{"line":"C78","mode":"bus","color":"#0059a9","colorDark":"#00294f","band":0,"off":[6.8,1.1]}},{"type":"Feature","geometry":{"type":"Point","coordinates":[14.21734,40.926503]},"properties":{"name":"Colonne Signorelli-Metronordest","band":0,"modes":"bus","arr":["162","460"],"off":[0,-0.8]}},{"type":"Feature","geometry":{"type":"Point","coordinates":[14.21734,40.926503]},"properties":{"line":"162","mode":"bus","color":"#0059a9","colorDark":"#00294f","band":0,"off":[-1.7,1.1]}},{"type":"Feature","geometry":{"type":"Point","coordinates":[14.21734,40.926503]},"properties":{"line":"460","mode":"bus","color":"#0059a9","colorDark":"#00294f","band":0,"off":[1.7,1.1]}},{"type":"Feature","geometry":{"type":"Point","coordinates":[14.201095,40.924251]},"properties":{"name":"Maristi","band":0,"modes":"bus","arr":["167"],"off":[0,-0.8]}},{"type":"Feature","geometry":{"type":"Point","coordinates":[14.201095,40.924251]},"properties":{"line":"167","mode":"bus","color":"#0059a9","colorDark":"#00294f","band":0,"off":[0,1.1]}},{"type":"Feature","geometry":{"type":"Point","coordinates":[14.124372,40.902577]},"properties":{"name":"Castel Belvedere 303","band":0,"modes":"bus","arr":["165"],"off":[0,-0.8]}},{"type":"Feature","geometry":{"type":"Point","coordinates":[14.124372,40.902577]},"properties":{"line":"165","mode":"bus","color":"#0059a9","colorDark":"#00294f","band":0,"off":[0,1.1]}},{"type":"Feature","geometry":{"type":"Point","coordinates":[14.139179,40.916111]},"properties":{"name":"Di Vittorio - Piazza Apicella","band":0,"modes":"bus","arr":["165Q"],"off":[0,-0.8]}},{"type":"Feature","geometry":{"type":"Point","coordinates":[14.139179,40.916111]},"properties":{"line":"165Q","mode":"bus","color":"#0059a9","colorDark":"#00294f","band":0,"off":[0,1.1]}},{"type":"Feature","geometry":{"type":"Point","coordinates":[14.350877,40.909922]},"properties":{"name":"Don Luigi Puglisi - Traversa IV Pigna","band":0,"modes":"bus","arr":["169","169P"],"off":[0,-0.8]}},{"type":"Feature","geometry":{"type":"Point","coordinates":[14.350877,40.909922]},"properties":{"line":"169","mode":"bus","color":"#0059a9","colorDark":"#00294f","band":0,"off":[-1.7,1.1]}},{"type":"Feature","geometry":{"type":"Point","coordinates":[14.350877,40.909922]},"properties":{"line":"169P","mode":"bus","color":"#0059a9","colorDark":"#00294f","band":0,"off":[1.7,1.1]}},{"type":"Feature","geometry":{"type":"Point","coordinates":[14.28798,40.945317]},"properties":{"name":"Circumvallazione Ovest - IACP (Virtuale)","band":0,"modes":"bus","arr":["169P"],"off":[0,-0.8]}},{"type":"Feature","geometry":{"type":"Point","coordinates":[14.28798,40.945317]},"properties":{"line":"169P","mode":"bus","color":"#0059a9","colorDark":"#00294f","band":0,"off":[0,1.1]}},{"type":"Feature","geometry":{"type":"Point","coordinates":[14.329059,40.858116]},"properties":{"name":"Argine - Stazionamento","band":0,"modes":"bus","arr":["173","173A","191","195"],"off":[0,-0.8]}},{"type":"Feature","geometry":{"type":"Point","coordinates":[14.329059,40.858116]},"properties":{"line":"173","mode":"bus","color":"#0059a9","colorDark":"#00294f","band":0,"off":[-5.1,1.1]}},{"type":"Feature","geometry":{"type":"Point","coordinates":[14.329059,40.858116]},"properties":{"line":"173A","mode":"bus","color":"#0059a9","colorDark":"#00294f","band":0,"off":[-1.7,1.1]}},{"type":"Feature","geometry":{"type":"Point","coordinates":[14.329059,40.858116]},"properties":{"line":"191","mode":"bus","color":"#0059a9","colorDark":"#00294f","band":0,"off":[1.7,1.1]}},{"type":"Feature","geometry":{"type":"Point","coordinates":[14.329059,40.858116]},"properties":{"line":"195","mode":"bus","color":"#0059a9","colorDark":"#00294f","band":0,"off":[5.1,1.1]}},{"type":"Feature","geometry":{"type":"Point","coordinates":[14.349164,40.872903]},"properties":{"name":"Petrarca","band":0,"modes":"bus","arr":["173"],"off":[0,-0.8]}},{"type":"Feature","geometry":{"type":"Point","coordinates":[14.349164,40.872903]},"properties":{"line":"173","mode":"bus","color":"#0059a9","colorDark":"#00294f","band":0,"off":[0,1.1]}},{"type":"Feature","geometry":{"type":"Point","coordinates":[14.318976,40.844794]},"properties":{"name":"Chiaromonte - Day Hospital","band":0,"modes":"bus","arr":["194"],"off":[0,-0.8]}},{"type":"Feature","geometry":{"type":"Point","coordinates":[14.318976,40.844794]},"properties":{"line":"194","mode":"bus","color":"#0059a9","colorDark":"#00294f","band":0,"off":[0,1.1]}},{"type":"Feature","geometry":{"type":"Point","coordinates":[14.386312,40.861118]},"properties":{"name":"Cavour - Istituto Case Popolari","band":0,"modes":"bus","arr":["175","475"],"off":[0,-0.8]}},{"type":"Feature","geometry":{"type":"Point","coordinates":[14.386312,40.861118]},"properties":{"line":"175","mode":"bus","color":"#0059a9","colorDark":"#00294f","band":0,"off":[-1.7,1.1]}},{"type":"Feature","geometry":{"type":"Point","coordinates":[14.386312,40.861118]},"properties":{"line":"475","mode":"bus","color":"#0059a9","colorDark":"#00294f","band":0,"off":[1.7,1.1]}},{"type":"Feature","geometry":{"type":"Point","coordinates":[14.370194,40.844068]},"properties":{"name":"Roma - Belvedere","band":0,"modes":"bus","arr":["177"],"off":[0,-0.8]}},{"type":"Feature","geometry":{"type":"Point","coordinates":[14.370194,40.844068]},"properties":{"line":"177","mode":"bus","color":"#0059a9","colorDark":"#00294f","band":0,"off":[0,1.1]}},{"type":"Feature","geometry":{"type":"Point","coordinates":[14.373258,40.825272]},"properties":{"name":"Cook","band":0,"modes":"bus","arr":["176"],"off":[0,-0.8]}},{"type":"Feature","geometry":{"type":"Point","coordinates":[14.373258,40.825272]},"properties":{"line":"176","mode":"bus","color":"#0059a9","colorDark":"#00294f","band":0,"off":[0,1.1]}},{"type":"Feature","geometry":{"type":"Point","coordinates":[14.239673,40.892678]},"properties":{"name":"Zuccarini - M1 - Piscinola","band":0,"modes":"bus,metro","arr":["178","180","C67","L1","NL1","R5"],"off":[0,-0.8]}},{"type":"Feature","geometry":{"type":"Point","coordinates":[14.239673,40.892678]},"properties":{"name":"Tafuri - Plebiscito","band":0,"modes":"bus,metro","arr":["178","180","C67","L1","NL1","R5"],"off":[0,-3]}},{"type":"Feature","geometry":{"type":"Point","coordinates":[14.239673,40.892678]},"properties":{"name":"Piscinola","band":0,"modes":"bus,metro","arr":["178","180","C67","L1","NL1","R5"],"off":[0,-5.2]}},{"type":"Feature","geometry":{"type":"Point","coordinates":[14.239673,40.892678]},"properties":{"line":"178","mode":"bus","color":"#0059a9","colorDark":"#00294f","band":0,"off":[-6.8,1.1]}},{"type":"Feature","geometry":{"type":"Point","coordinates":[14.239673,40.892678]},"properties":{"line":"180","mode":"bus","color":"#0059a9","colorDark":"#00294f","band":0,"off":[-3.4,1.1]}},{"type":"Feature","geometry":{"type":"Point","coordinates":[14.239673,40.892678]},"properties":{"line":"C67","mode":"bus","color":"#0059a9","colorDark":"#00294f","band":0,"off":[0,1.1]}},{"type":"Feature","geometry":{"type":"Point","coordinates":[14.239673,40.892678]},"properties":{"line":"L1","mode":"tram","color":"#F8E414","colorDark":"#887d0b","band":0,"metro":1,"off":[3.4,1.1]}},{"type":"Feature","geometry":{"type":"Point","coordinates":[14.239673,40.892678]},"properties":{"line":"NL1","mode":"bus","color":"#0059a9","colorDark":"#00294f","band":0,"off":[6.8,1.1]}},{"type":"Feature","geometry":{"type":"Point","coordinates":[14.239673,40.892678]},"properties":{"line":"R5","mode":"bus","color":"#0059a9","colorDark":"#00294f","band":0,"off":[0,3.1]}},{"type":"Feature","geometry":{"type":"Point","coordinates":[14.234425,40.903567]},"properties":{"name":"Della Resistenza","band":0,"modes":"bus","arr":["N5"],"off":[0,-0.8]}},{"type":"Feature","geometry":{"type":"Point","coordinates":[14.234425,40.903567]},"properties":{"line":"N5","mode":"bus","color":"#0059a9","colorDark":"#00294f","band":0,"off":[0,1.1]}},{"type":"Feature","geometry":{"type":"Point","coordinates":[14.284148,40.875681]},"properties":{"name":"Ruffo di Calabria - Carbone","band":0,"modes":"bus","arr":["ALIB","C68"],"off":[0,-0.8]}},{"type":"Feature","geometry":{"type":"Point","coordinates":[14.284148,40.875681]},"properties":{"name":"Aeroporto","band":0,"modes":"bus","arr":["ALIB","C68"],"off":[0,-3]}},{"type":"Feature","geometry":{"type":"Point","coordinates":[14.284148,40.875681]},"properties":{"line":"ALIB","mode":"bus","color":"#0059a9","colorDark":"#00294f","band":0,"off":[-1.7,1.1]}},{"type":"Feature","geometry":{"type":"Point","coordinates":[14.284148,40.875681]},"properties":{"line":"C68","mode":"bus","color":"#0059a9","colorDark":"#00294f","band":0,"off":[1.7,1.1]}},{"type":"Feature","geometry":{"type":"Point","coordinates":[14.187775,40.839519]},"properties":{"name":"Cintia - Monte Sant'Angelo","band":0,"modes":"bus","arr":["S1"],"off":[0,-0.8]}},{"type":"Feature","geometry":{"type":"Point","coordinates":[14.187775,40.839519]},"properties":{"line":"S1","mode":"bus","color":"#0059a9","colorDark":"#00294f","band":0,"off":[0,1.1]}},{"type":"Feature","geometry":{"type":"Point","coordinates":[14.207397,40.835174]},"properties":{"name":"Caravaggio","band":0,"modes":"bus","arr":["S3"],"off":[0,-0.8]}},{"type":"Feature","geometry":{"type":"Point","coordinates":[14.207397,40.835174]},"properties":{"line":"S3","mode":"bus","color":"#0059a9","colorDark":"#00294f","band":0,"off":[0,1.1]}},{"type":"Feature","geometry":{"type":"Point","coordinates":[14.315213,40.879489]},"properties":{"name":"Deposito Via Puglie","band":0,"modes":"bus","arr":["182"],"off":[0,-0.8]}},{"type":"Feature","geometry":{"type":"Point","coordinates":[14.315213,40.879489]},"properties":{"line":"182","mode":"bus","color":"#0059a9","colorDark":"#00294f","band":0,"off":[0,1.1]}},{"type":"Feature","geometry":{"type":"Point","coordinates":[14.268062,40.889852]},"properties":{"name":"Delle Galassie Stazionamento","band":0,"modes":"bus","arr":["184"],"off":[0,-0.8]}},{"type":"Feature","geometry":{"type":"Point","coordinates":[14.268062,40.889852]},"properties":{"line":"184","mode":"bus","color":"#0059a9","colorDark":"#00294f","band":0,"off":[0,1.1]}},{"type":"Feature","geometry":{"type":"Point","coordinates":[14.266077,40.861545]},"properties":{"name":"Carlo III","band":0,"modes":"bus","arr":["185","201","654","C68"],"off":[0,-0.8]}},{"type":"Feature","geometry":{"type":"Point","coordinates":[14.266077,40.861545]},"properties":{"line":"185","mode":"bus","color":"#0059a9","colorDark":"#00294f","band":0,"off":[-5.1,1.1]}},{"type":"Feature","geometry":{"type":"Point","coordinates":[14.266077,40.861545]},"properties":{"line":"201","mode":"bus","color":"#149a3f","colorDark":"#0a5121","band":0,"off":[-1.7,1.1]}},{"type":"Feature","geometry":{"type":"Point","coordinates":[14.266077,40.861545]},"properties":{"line":"654","mode":"bus","color":"#0059a9","colorDark":"#00294f","band":0,"off":[1.7,1.1]}},{"type":"Feature","geometry":{"type":"Point","coordinates":[14.266077,40.861545]},"properties":{"line":"C68","mode":"bus","color":"#0059a9","colorDark":"#00294f","band":0,"off":[5.1,1.1]}},{"type":"Feature","geometry":{"type":"Point","coordinates":[14.260203,40.884031]},"properties":{"name":"Zanotti Bianco","band":0,"modes":"bus","arr":["185"],"off":[0,-0.8]}},{"type":"Feature","geometry":{"type":"Point","coordinates":[14.260203,40.884031]},"properties":{"line":"185","mode":"bus","color":"#0059a9","colorDark":"#00294f","band":0,"off":[0,1.1]}},{"type":"Feature","geometry":{"type":"Point","coordinates":[14.342063,40.86881]},"properties":{"name":"Callas","band":0,"modes":"bus","arr":["196"],"off":[0,-0.8]}},{"type":"Feature","geometry":{"type":"Point","coordinates":[14.342063,40.86881]},"properties":{"line":"196","mode":"bus","color":"#0059a9","colorDark":"#00294f","band":0,"off":[0,1.1]}},{"type":"Feature","geometry":{"type":"Point","coordinates":[14.312408,40.8513]},"properties":{"name":"Argine - Hitachi","band":0,"modes":"bus","arr":["196BR"],"off":[0,-0.8]}},{"type":"Feature","geometry":{"type":"Point","coordinates":[14.312408,40.8513]},"properties":{"line":"196BR","mode":"bus","color":"#0059a9","colorDark":"#00294f","band":0,"off":[0,1.1]}},{"type":"Feature","geometry":{"type":"Point","coordinates":[14.26087,40.838297]},"properties":{"name":"Medina - Municipio","band":0,"modes":"bus","arr":["201","202","204","302","421A","ALIB"],"off":[0,-0.8]}},{"type":"Feature","geometry":{"type":"Point","coordinates":[14.26087,40.838297]},"properties":{"name":"Colombo-Porto (Capolinea Linea 1-4)","band":0,"modes":"bus","arr":["201","202","204","302","421A","ALIB"],"off":[0,-1.9]}},{"type":"Feature","geometry":{"type":"Point","coordinates":[14.26087,40.838297]},"properties":{"name":"Beverello - Angioino","band":0,"modes":"bus","arr":["201","202","204","302","421A","ALIB"],"off":[0,-4.1]}},{"type":"Feature","geometry":{"type":"Point","coordinates":[14.26087,40.838297]},"properties":{"line":"201","mode":"bus","color":"#149a3f","colorDark":"#0a5121","band":0,"off":[-6.8,1.1]}},{"type":"Feature","geometry":{"type":"Point","coordinates":[14.26087,40.838297]},"properties":{"line":"202","mode":"bus","color":"#149a3f","colorDark":"#0a5121","band":0,"off":[-3.4,1.1]}},{"type":"Feature","geometry":{"type":"Point","coordinates":[14.26087,40.838297]},"properties":{"line":"204","mode":"bus","color":"#149a3f","colorDark":"#0a5121","band":0,"off":[0,1.1]}},{"type":"Feature","geometry":{"type":"Point","coordinates":[14.26087,40.838297]},"properties":{"line":"302","mode":"bus","color":"#0059a9","colorDark":"#00294f","band":0,"off":[3.4,1.1]}},{"type":"Feature","geometry":{"type":"Point","coordinates":[14.26087,40.838297]},"properties":{"line":"421A","mode":"bus","color":"#0059a9","colorDark":"#00294f","band":0,"off":[6.8,1.1]}},{"type":"Feature","geometry":{"type":"Point","coordinates":[14.26087,40.838297]},"properties":{"line":"ALIB","mode":"bus","color":"#0059a9","colorDark":"#00294f","band":0,"off":[0,3.1]}},{"type":"Feature","geometry":{"type":"Point","coordinates":[14.266166,40.87249]},"properties":{"name":"Nicolini","band":0,"modes":"bus","arr":["201BR","254"],"off":[0,-0.8]}},{"type":"Feature","geometry":{"type":"Point","coordinates":[14.266166,40.87249]},"properties":{"line":"201BR","mode":"bus","color":"#0059a9","colorDark":"#00294f","band":0,"off":[-1.7,1.1]}},{"type":"Feature","geometry":{"type":"Point","coordinates":[14.266166,40.87249]},"properties":{"line":"254","mode":"bus","color":"#149a3f","colorDark":"#0a5121","band":0,"off":[1.7,1.1]}},{"type":"Feature","geometry":{"type":"Point","coordinates":[14.348398,40.820259]},"properties":{"name":"Piazza Poli","band":0,"modes":"bus","arr":["254"],"off":[0,-0.8]}},{"type":"Feature","geometry":{"type":"Point","coordinates":[14.348398,40.820259]},"properties":{"line":"254","mode":"bus","color":"#149a3f","colorDark":"#0a5121","band":0,"off":[0,1.1]}},{"type":"Feature","geometry":{"type":"Point","coordinates":[14.305989,40.833413]},"properties":{"name":"San Giovanni a Teduccio - Deposito A.N.M.","band":0,"modes":"tram,bus,metro","arr":["412","421","421A","422","L2"],"off":[0,-0.8]}},{"type":"Feature","geometry":{"type":"Point","coordinates":[14.305989,40.833413]},"properties":{"name":"San Giovanni - Barra","band":0,"modes":"tram,bus,metro","arr":["412","421","421A","422","L2"],"off":[0,-4.1]}},{"type":"Feature","geometry":{"type":"Point","coordinates":[14.305989,40.833413]},"properties":{"line":"412","mode":"tram","color":"#d6212b","colorDark":"#7c1116","band":0,"off":[-6.8,1.1]}},{"type":"Feature","geometry":{"type":"Point","coordinates":[14.305989,40.833413]},"properties":{"line":"421","mode":"tram","color":"#d6212b","colorDark":"#7c1116","band":0,"off":[-3.4,1.1]}},{"type":"Feature","geometry":{"type":"Point","coordinates":[14.305989,40.833413]},"properties":{"line":"421A","mode":"bus","color":"#0059a9","colorDark":"#00294f","band":0,"off":[0,1.1]}},{"type":"Feature","geometry":{"type":"Point","coordinates":[14.305989,40.833413]},"properties":{"line":"422","mode":"tram","color":"#d6212b","colorDark":"#7c1116","band":0,"off":[3.4,1.1]}},{"type":"Feature","geometry":{"type":"Point","coordinates":[14.305989,40.833413]},"properties":{"line":"L2","mode":"tram","color":"#4E78BA","colorDark":"#2b4266","band":0,"metro":1,"off":[6.8,1.1]}},{"type":"Feature","geometry":{"type":"Point","coordinates":[14.431073,40.760728]},"properties":{"name":"Palazzone","band":0,"modes":"bus","arr":["455"],"off":[0,-0.8]}},{"type":"Feature","geometry":{"type":"Point","coordinates":[14.431073,40.760728]},"properties":{"line":"455","mode":"bus","color":"#0059a9","colorDark":"#00294f","band":0,"off":[0,1.1]}},{"type":"Feature","geometry":{"type":"Point","coordinates":[14.15273,40.830526]},"properties":{"name":"Pisciarelli - Tribunale","band":0,"modes":"bus","arr":["502"],"off":[0,-0.8]}},{"type":"Feature","geometry":{"type":"Point","coordinates":[14.15273,40.830526]},"properties":{"line":"502","mode":"bus","color":"#0059a9","colorDark":"#00294f","band":0,"off":[0,1.1]}},{"type":"Feature","geometry":{"type":"Point","coordinates":[14.178669,40.819084]},"properties":{"name":"Kennedy - ITIS Righi","band":0,"modes":"bus","arr":["S4","S4A","S4B"],"off":[0,-0.8]}},{"type":"Feature","geometry":{"type":"Point","coordinates":[14.178669,40.819084]},"properties":{"line":"S4","mode":"bus","color":"#0059a9","colorDark":"#00294f","band":0,"off":[-3.4,1.1]}},{"type":"Feature","geometry":{"type":"Point","coordinates":[14.178669,40.819084]},"properties":{"line":"S4A","mode":"bus","color":"#0059a9","colorDark":"#00294f","band":0,"off":[0,1.1]}},{"type":"Feature","geometry":{"type":"Point","coordinates":[14.178669,40.819084]},"properties":{"line":"S4B","mode":"bus","color":"#0059a9","colorDark":"#00294f","band":0,"off":[3.4,1.1]}},{"type":"Feature","geometry":{"type":"Point","coordinates":[14.212394,40.868415]},"properties":{"name":"Ruggieri - Ospedale Monaldi","band":0,"modes":"bus","arr":["572","C42"],"off":[0,-0.8]}},{"type":"Feature","geometry":{"type":"Point","coordinates":[14.212394,40.868415]},"properties":{"line":"572","mode":"bus","color":"#0059a9","colorDark":"#00294f","band":0,"off":[-1.7,1.1]}},{"type":"Feature","geometry":{"type":"Point","coordinates":[14.212394,40.868415]},"properties":{"line":"C42","mode":"bus","color":"#0059a9","colorDark":"#00294f","band":0,"off":[1.7,1.1]}},{"type":"Feature","geometry":{"type":"Point","coordinates":[14.22806,40.894102]},"properties":{"name":"Corso Campano 116","band":0,"modes":"bus","arr":["572"],"off":[0,-0.8]}},{"type":"Feature","geometry":{"type":"Point","coordinates":[14.22806,40.894102]},"properties":{"line":"572","mode":"bus","color":"#0059a9","colorDark":"#00294f","band":0,"off":[0,1.1]}},{"type":"Feature","geometry":{"type":"Point","coordinates":[14.295093,40.872147]},"properties":{"name":"S.Maria del Pianto-Stazionamento","band":0,"modes":"bus","arr":["584"],"off":[0,-0.8]}},{"type":"Feature","geometry":{"type":"Point","coordinates":[14.295093,40.872147]},"properties":{"line":"584","mode":"bus","color":"#0059a9","colorDark":"#00294f","band":0,"off":[0,1.1]}},{"type":"Feature","geometry":{"type":"Point","coordinates":[14.161725,40.85607]},"properties":{"name":"Picasso Ex Area Mercatale","band":0,"modes":"bus","arr":["612","633","N6","S3A","S4","S4A","S5"],"off":[0,-0.8]}},{"type":"Feature","geometry":{"type":"Point","coordinates":[14.161725,40.85607]},"properties":{"name":"Montagna Spaccata","band":0,"modes":"bus","arr":["612","633","N6","S3A","S4","S4A","S5"],"off":[0,-3]}},{"type":"Feature","geometry":{"type":"Point","coordinates":[14.161725,40.85607]},"properties":{"name":"Modigliani","band":0,"modes":"bus","arr":["612","633","N6","S3A","S4","S4A","S5"],"off":[0,-4.1]}},{"type":"Feature","geometry":{"type":"Point","coordinates":[14.161725,40.85607]},"properties":{"line":"612","mode":"bus","color":"#0059a9","colorDark":"#00294f","band":0,"off":[-6.8,1.1]}},{"type":"Feature","geometry":{"type":"Point","coordinates":[14.161725,40.85607]},"properties":{"line":"633","mode":"bus","color":"#0059a9","colorDark":"#00294f","band":0,"off":[-3.4,1.1]}},{"type":"Feature","geometry":{"type":"Point","coordinates":[14.161725,40.85607]},"properties":{"line":"N6","mode":"bus","color":"#0059a9","colorDark":"#00294f","band":0,"off":[0,1.1]}},{"type":"Feature","geometry":{"type":"Point","coordinates":[14.161725,40.85607]},"properties":{"line":"S3A","mode":"bus","color":"#0059a9","colorDark":"#00294f","band":0,"off":[3.4,1.1]}},{"type":"Feature","geometry":{"type":"Point","coordinates":[14.161725,40.85607]},"properties":{"line":"S4","mode":"bus","color":"#0059a9","colorDark":"#00294f","band":0,"off":[6.8,1.1]}},{"type":"Feature","geometry":{"type":"Point","coordinates":[14.161725,40.85607]},"properties":{"line":"S4A","mode":"bus","color":"#0059a9","colorDark":"#00294f","band":0,"off":[-1.7,3.1]}},{"type":"Feature","geometry":{"type":"Point","coordinates":[14.161725,40.85607]},"properties":{"line":"S5","mode":"bus","color":"#0059a9","colorDark":"#00294f","band":0,"off":[1.7,3.1]}},{"type":"Feature","geometry":{"type":"Point","coordinates":[14.219865,40.830643]},"properties":{"name":"Piedigrotta","band":0,"modes":"bus","arr":["612"],"off":[0,-0.8]}},{"type":"Feature","geometry":{"type":"Point","coordinates":[14.219865,40.830643]},"properties":{"line":"612","mode":"bus","color":"#0059a9","colorDark":"#00294f","band":0,"off":[0,1.1]}},{"type":"Feature","geometry":{"type":"Point","coordinates":[14.193352,40.796733]},"properties":{"name":"Marechiaro","band":0,"modes":"bus","arr":["622"],"off":[0,-0.8]}},{"type":"Feature","geometry":{"type":"Point","coordinates":[14.193352,40.796733]},"properties":{"line":"622","mode":"bus","color":"#0059a9","colorDark":"#00294f","band":0,"off":[0,1.1]}},{"type":"Feature","geometry":{"type":"Point","coordinates":[14.263976,40.869948]},"properties":{"name":"De Marco","band":0,"modes":"bus","arr":["654"],"off":[0,-0.8]}},{"type":"Feature","geometry":{"type":"Point","coordinates":[14.263976,40.869948]},"properties":{"line":"654","mode":"bus","color":"#0059a9","colorDark":"#00294f","band":0,"off":[0,1.1]}},{"type":"Feature","geometry":{"type":"Point","coordinates":[14.244966,40.835909]},"properties":{"name":"Trieste e Trento","band":0,"modes":"bus","arr":["ACTON","E6"],"off":[0,-0.8]}},{"type":"Feature","geometry":{"type":"Point","coordinates":[14.244966,40.835909]},"properties":{"name":"Piazza dei Martiri","band":0,"modes":"bus","arr":["ACTON","E6"],"off":[0,-1.9]}},{"type":"Feature","geometry":{"type":"Point","coordinates":[14.244966,40.835909]},"properties":{"name":"Acton ASC1","band":0,"modes":"bus","arr":["ACTON","E6"],"off":[0,-3]}},{"type":"Feature","geometry":{"type":"Point","coordinates":[14.244966,40.835909]},"properties":{"line":"ACTON","mode":"bus","color":"#0059a9","colorDark":"#00294f","band":0,"off":[-1.7,1.1]}},{"type":"Feature","geometry":{"type":"Point","coordinates":[14.244966,40.835909]},"properties":{"line":"E6","mode":"bus","color":"#0059a9","colorDark":"#00294f","band":0,"off":[1.7,1.1]}},{"type":"Feature","geometry":{"type":"Point","coordinates":[14.169307,40.816978]},"properties":{"name":"Piazza Salvemini","band":0,"modes":"bus","arr":["C3"],"off":[0,-0.8]}},{"type":"Feature","geometry":{"type":"Point","coordinates":[14.169307,40.816978]},"properties":{"line":"C3","mode":"bus","color":"#0059a9","colorDark":"#00294f","band":0,"off":[0,1.1]}},{"type":"Feature","geometry":{"type":"Point","coordinates":[14.219983,40.825782]},"properties":{"name":"Mergellina","band":0,"modes":"bus,metro","arr":["C16","C21","F4"],"off":[0,-0.8]}},{"type":"Feature","geometry":{"type":"Point","coordinates":[14.219983,40.825782]},"properties":{"name":"Capolinea Mergellina","band":0,"modes":"bus,metro","arr":["C16","C21","F4"],"off":[0,-1.9]}},{"type":"Feature","geometry":{"type":"Point","coordinates":[14.219983,40.825782]},"properties":{"line":"C16","mode":"bus","color":"#0059a9","colorDark":"#00294f","band":0,"off":[-3.4,1.1]}},{"type":"Feature","geometry":{"type":"Point","coordinates":[14.219983,40.825782]},"properties":{"line":"C21","mode":"bus","color":"#0059a9","colorDark":"#00294f","band":0,"off":[0,1.1]}},{"type":"Feature","geometry":{"type":"Point","coordinates":[14.219983,40.825782]},"properties":{"line":"F4","mode":"tram","color":"#F89329","colorDark":"#885117","band":0,"metro":1,"off":[3.4,1.1]}},{"type":"Feature","geometry":{"type":"Point","coordinates":[14.232482,40.839961]},"properties":{"name":"Vanvitelli","band":0,"modes":"bus,metro","arr":["C36","F1","F3","NAVF2"],"off":[0,-0.8]}},{"type":"Feature","geometry":{"type":"Point","coordinates":[14.232482,40.839961]},"properties":{"name":"P. Fuga","band":0,"modes":"bus,metro","arr":["C36","F1","F3","NAVF2"],"off":[0,-1.9]}},{"type":"Feature","geometry":{"type":"Point","coordinates":[14.232482,40.839961]},"properties":{"name":"Cimarosa","band":0,"modes":"bus,metro","arr":["C36","F1","F3","NAVF2"],"off":[0,-3]}},{"type":"Feature","geometry":{"type":"Point","coordinates":[14.232482,40.839961]},"properties":{"line":"C36","mode":"bus","color":"#0059a9","colorDark":"#00294f","band":0,"off":[-5.1,1.1]}},{"type":"Feature","geometry":{"type":"Point","coordinates":[14.232482,40.839961]},"properties":{"line":"F1","mode":"tram","color":"#F89329","colorDark":"#885117","band":0,"metro":1,"off":[-1.7,1.1]}},{"type":"Feature","geometry":{"type":"Point","coordinates":[14.232482,40.839961]},"properties":{"line":"F3","mode":"tram","color":"#F89329","colorDark":"#885117","band":0,"metro":1,"off":[1.7,1.1]}},{"type":"Feature","geometry":{"type":"Point","coordinates":[14.232482,40.839961]},"properties":{"line":"NAVF2","mode":"bus","color":"#0059a9","colorDark":"#00294f","band":0,"off":[5.1,1.1]}},{"type":"Feature","geometry":{"type":"Point","coordinates":[14.209011,40.844095]},"properties":{"name":"San Domenico","band":0,"modes":"bus","arr":["C36"],"off":[0,-0.8]}},{"type":"Feature","geometry":{"type":"Point","coordinates":[14.209011,40.844095]},"properties":{"line":"C36","mode":"bus","color":"#0059a9","colorDark":"#00294f","band":0,"off":[0,1.1]}},{"type":"Feature","geometry":{"type":"Point","coordinates":[14.240162,40.844871]},"properties":{"name":"San Martino-Certosa","band":0,"modes":"bus","arr":["C37"],"off":[0,-0.8]}},{"type":"Feature","geometry":{"type":"Point","coordinates":[14.240162,40.844871]},"properties":{"line":"C37","mode":"bus","color":"#0059a9","colorDark":"#00294f","band":0,"off":[0,1.1]}},{"type":"Feature","geometry":{"type":"Point","coordinates":[14.247947,40.860075]},"properties":{"name":"Sanità ASC1","band":0,"modes":"bus","arr":["C52","SANITA"],"off":[0,-0.8]}},{"type":"Feature","geometry":{"type":"Point","coordinates":[14.247947,40.860075]},"properties":{"name":"Sanità ASC","band":0,"modes":"bus","arr":["C52","SANITA"],"off":[0,-1.9]}},{"type":"Feature","geometry":{"type":"Point","coordinates":[14.247947,40.860075]},"properties":{"name":"San Gennaro dei Poveri","band":0,"modes":"bus","arr":["C52","SANITA"],"off":[0,-3]}},{"type":"Feature","geometry":{"type":"Point","coordinates":[14.247947,40.860075]},"properties":{"line":"C52","mode":"bus","color":"#0059a9","colorDark":"#00294f","band":0,"off":[-1.7,1.1]}},{"type":"Feature","geometry":{"type":"Point","coordinates":[14.247947,40.860075]},"properties":{"line":"SANITA","mode":"bus","color":"#0059a9","colorDark":"#00294f","band":0,"off":[1.7,1.1]}},{"type":"Feature","geometry":{"type":"Point","coordinates":[14.228515,40.871022]},"properties":{"name":"S.Gatto - M1 Colli Aminei","band":0,"modes":"bus","arr":["C65"],"off":[0,-0.8]}},{"type":"Feature","geometry":{"type":"Point","coordinates":[14.228515,40.871022]},"properties":{"line":"C65","mode":"bus","color":"#0059a9","colorDark":"#00294f","band":0,"off":[0,1.1]}},{"type":"Feature","geometry":{"type":"Point","coordinates":[14.24702,40.874131]},"properties":{"name":"Lieti","band":0,"modes":"bus","arr":["C65"],"off":[0,-0.8]}},{"type":"Feature","geometry":{"type":"Point","coordinates":[14.24702,40.874131]},"properties":{"line":"C65","mode":"bus","color":"#0059a9","colorDark":"#00294f","band":0,"off":[0,1.1]}},{"type":"Feature","geometry":{"type":"Point","coordinates":[14.204061,40.872917]},"properties":{"name":"Camaldoli Hospital","band":0,"modes":"bus","arr":["C76"],"off":[0,-0.8]}},{"type":"Feature","geometry":{"type":"Point","coordinates":[14.204061,40.872917]},"properties":{"line":"C76","mode":"bus","color":"#0059a9","colorDark":"#00294f","band":0,"off":[0,1.1]}},{"type":"Feature","geometry":{"type":"Point","coordinates":[14.264353,40.900098]},"properties":{"name":"Rione dei Fiori","band":0,"modes":"bus","arr":["C78","C90"],"off":[0,-0.8]}},{"type":"Feature","geometry":{"type":"Point","coordinates":[14.264353,40.900098]},"properties":{"name":"La Certosa di Parma","band":0,"modes":"bus","arr":["C78","C90"],"off":[0,-1.9]}},{"type":"Feature","geometry":{"type":"Point","coordinates":[14.264353,40.900098]},"properties":{"line":"C78","mode":"bus","color":"#0059a9","colorDark":"#00294f","band":0,"off":[-1.7,1.1]}},{"type":"Feature","geometry":{"type":"Point","coordinates":[14.264353,40.900098]},"properties":{"line":"C90","mode":"bus","color":"#0059a9","colorDark":"#00294f","band":0,"off":[1.7,1.1]}},{"type":"Feature","geometry":{"type":"Point","coordinates":[14.292912,40.866643]},"properties":{"name":"Poggioreale","band":0,"modes":"tram,bus","arr":["412","421","C90"],"off":[0,-0.8]}},{"type":"Feature","geometry":{"type":"Point","coordinates":[14.292912,40.866643]},"properties":{"name":"Miraglia - Parise","band":0,"modes":"tram,bus","arr":["412","421","C90"],"off":[0,-1.9]}},{"type":"Feature","geometry":{"type":"Point","coordinates":[14.292912,40.866643]},"properties":{"line":"412","mode":"tram","color":"#d6212b","colorDark":"#7c1116","band":0,"off":[-3.4,1.1]}},{"type":"Feature","geometry":{"type":"Point","coordinates":[14.292912,40.866643]},"properties":{"line":"421","mode":"tram","color":"#d6212b","colorDark":"#7c1116","band":0,"off":[0,1.1]}},{"type":"Feature","geometry":{"type":"Point","coordinates":[14.292912,40.866643]},"properties":{"line":"C90","mode":"bus","color":"#0059a9","colorDark":"#00294f","band":0,"off":[3.4,1.1]}},{"type":"Feature","geometry":{"type":"Point","coordinates":[14.245104,40.839909]},"properties":{"name":"San Carlo - Trieste e Trento","band":0,"modes":"bus,metro","arr":["CHIAIA","F3","R2"],"off":[0,-0.8]}},{"type":"Feature","geometry":{"type":"Point","coordinates":[14.245104,40.839909]},"properties":{"name":"Chiaia ASC1","band":0,"modes":"bus,metro","arr":["CHIAIA","F3","R2"],"off":[0,-3]}},{"type":"Feature","geometry":{"type":"Point","coordinates":[14.245104,40.839909]},"properties":{"name":"Augusteo","band":0,"modes":"bus,metro","arr":["CHIAIA","F3","R2"],"off":[0,-4.1]}},{"type":"Feature","geometry":{"type":"Point","coordinates":[14.245104,40.839909]},"properties":{"line":"CHIAIA","mode":"bus","color":"#0059a9","colorDark":"#00294f","band":0,"off":[-3.4,1.1]}},{"type":"Feature","geometry":{"type":"Point","coordinates":[14.245104,40.839909]},"properties":{"line":"F3","mode":"tram","color":"#F89329","colorDark":"#885117","band":0,"metro":1,"off":[0,1.1]}},{"type":"Feature","geometry":{"type":"Point","coordinates":[14.245104,40.839909]},"properties":{"line":"R2","mode":"bus","color":"#0059a9","colorDark":"#00294f","band":0,"off":[3.4,1.1]}},{"type":"Feature","geometry":{"type":"Point","coordinates":[14.248536,40.827219]},"properties":{"name":"Echia ASC1","band":0,"modes":"bus","arr":["ECHIA"],"off":[0,-0.8]}},{"type":"Feature","geometry":{"type":"Point","coordinates":[14.248536,40.827219]},"properties":{"name":"Echia ASC","band":0,"modes":"bus","arr":["ECHIA"],"off":[0,-1.9]}},{"type":"Feature","geometry":{"type":"Point","coordinates":[14.248536,40.827219]},"properties":{"line":"ECHIA","mode":"bus","color":"#0059a9","colorDark":"#00294f","band":0,"off":[0,1.1]}},{"type":"Feature","geometry":{"type":"Point","coordinates":[14.180116,40.84959]},"properties":{"name":"Padula - Montagna Spaccata","band":0,"modes":"bus","arr":["R6","S3","S4B"],"off":[0,-0.8]}},{"type":"Feature","geometry":{"type":"Point","coordinates":[14.180116,40.84959]},"properties":{"line":"R6","mode":"bus","color":"#0059a9","colorDark":"#00294f","band":0,"off":[-3.4,1.1]}},{"type":"Feature","geometry":{"type":"Point","coordinates":[14.180116,40.84959]},"properties":{"line":"S3","mode":"bus","color":"#0059a9","colorDark":"#00294f","band":0,"off":[0,1.1]}},{"type":"Feature","geometry":{"type":"Point","coordinates":[14.180116,40.84959]},"properties":{"line":"S4B","mode":"bus","color":"#0059a9","colorDark":"#00294f","band":0,"off":[3.4,1.1]}},{"type":"Feature","geometry":{"type":"Point","coordinates":[14.219653,40.864367]},"properties":{"name":"Pansini","band":0,"modes":"bus","arr":["NL1"],"off":[0,-0.8]}},{"type":"Feature","geometry":{"type":"Point","coordinates":[14.219653,40.864367]},"properties":{"line":"NL1","mode":"bus","color":"#0059a9","colorDark":"#00294f","band":0,"off":[0,1.1]}},{"type":"Feature","geometry":{"type":"Point","coordinates":[14.159559,40.817116]},"properties":{"name":"Bagnoli - la Pietra","band":0,"modes":"bus","arr":["R7"],"off":[0,-0.8]}},{"type":"Feature","geometry":{"type":"Point","coordinates":[14.159559,40.817116]},"properties":{"line":"R7","mode":"bus","color":"#0059a9","colorDark":"#00294f","band":0,"off":[0,1.1]}},{"type":"Feature","geometry":{"type":"Point","coordinates":[14.244065,40.848091]},"properties":{"name":"Venta ASC1","band":0,"modes":"bus","arr":["VENTA"],"off":[0,-0.8]}},{"type":"Feature","geometry":{"type":"Point","coordinates":[14.244065,40.848091]},"properties":{"line":"VENTA","mode":"bus","color":"#0059a9","colorDark":"#00294f","band":0,"off":[0,1.1]}},{"type":"Feature","geometry":{"type":"Point","coordinates":[14.251689,40.839669]},"properties":{"name":"Municipio","band":0,"modes":"metro","arr":["L6"],"off":[0,-0.8]}},{"type":"Feature","geometry":{"type":"Point","coordinates":[14.251689,40.839669]},"properties":{"line":"L6","mode":"tram","color":"#179ED6","colorDark":"#0d5776","band":0,"metro":1,"off":[0,1.1]}},{"type":"Feature","geometry":{"type":"Point","coordinates":[14.125587,40.827971]},"properties":{"name":"Pozzuoli","band":0,"modes":"metro","arr":["L2"],"off":[0,-0.8]}},{"type":"Feature","geometry":{"type":"Point","coordinates":[14.125587,40.827971]},"properties":{"line":"L2","mode":"tram","color":"#4E78BA","colorDark":"#2b4266","band":0,"metro":1,"off":[0,1.1]}},{"type":"Feature","geometry":{"type":"Point","coordinates":[14.234698,40.837365]},"properties":{"name":"Parco Margherita","band":0,"modes":"metro","arr":["F1"],"off":[0,-0.8]}},{"type":"Feature","geometry":{"type":"Point","coordinates":[14.234698,40.837365]},"properties":{"line":"F1","mode":"tram","color":"#F89329","colorDark":"#885117","band":0,"metro":1,"off":[0,1.1]}},{"type":"Feature","geometry":{"type":"Point","coordinates":[14.212908,40.825879]},"properties":{"name":"Manzoni","band":0,"modes":"metro","arr":["F4"],"off":[0,-0.8]}},{"type":"Feature","geometry":{"type":"Point","coordinates":[14.212908,40.825879]},"properties":{"line":"F4","mode":"tram","color":"#F89329","colorDark":"#885117","band":0,"metro":1,"off":[0,1.1]}},{"type":"Feature","geometry":{"type":"Point","coordinates":[14.249295,40.879123]},"properties":{"name":"Porta Miano","band":1,"modes":"bus","arr":["3M"],"off":[0,-0.8]}},{"type":"Feature","geometry":{"type":"Point","coordinates":[14.249295,40.879123]},"properties":{"line":"3M","mode":"bus","color":"#0059a9","colorDark":"#00294f","band":1,"off":[0,1.1]}},{"type":"Feature","geometry":{"type":"Point","coordinates":[14.248676,40.866983]},"properties":{"name":"Capodimonte","band":1,"modes":"bus","arr":["C67"],"off":[0,-0.8]}},{"type":"Feature","geometry":{"type":"Point","coordinates":[14.248676,40.866983]},"properties":{"line":"C67","mode":"bus","color":"#0059a9","colorDark":"#00294f","band":1,"off":[0,1.1]}},{"type":"Feature","geometry":{"type":"Point","coordinates":[14.24982,40.847682]},"properties":{"name":"Sant'Anna dei Lombardi","band":1,"modes":"bus","arr":["178","584","C63"],"off":[0,-0.8]}},{"type":"Feature","geometry":{"type":"Point","coordinates":[14.24982,40.847682]},"properties":{"name":"Dante - M1","band":1,"modes":"bus","arr":["178","584","C63"],"off":[0,-3]}},{"type":"Feature","geometry":{"type":"Point","coordinates":[14.24982,40.847682]},"properties":{"line":"178","mode":"bus","color":"#0059a9","colorDark":"#00294f","band":1,"off":[-3.4,1.1]}},{"type":"Feature","geometry":{"type":"Point","coordinates":[14.24982,40.847682]},"properties":{"line":"584","mode":"bus","color":"#0059a9","colorDark":"#00294f","band":1,"off":[0,1.1]}},{"type":"Feature","geometry":{"type":"Point","coordinates":[14.24982,40.847682]},"properties":{"line":"C63","mode":"bus","color":"#0059a9","colorDark":"#00294f","band":1,"off":[3.4,1.1]}},{"type":"Feature","geometry":{"type":"Point","coordinates":[14.250923,40.852716]},"properties":{"name":"Museo Nazionale","band":1,"modes":"bus","arr":["3M","201BR","C56"],"off":[0,-0.8]}},{"type":"Feature","geometry":{"type":"Point","coordinates":[14.250923,40.852716]},"properties":{"name":"Costantinopoli","band":1,"modes":"bus","arr":["3M","201BR","C56"],"off":[0,-1.9]}},{"type":"Feature","geometry":{"type":"Point","coordinates":[14.250923,40.852716]},"properties":{"line":"3M","mode":"bus","color":"#0059a9","colorDark":"#00294f","band":1,"off":[-3.4,1.1]}},{"type":"Feature","geometry":{"type":"Point","coordinates":[14.250923,40.852716]},"properties":{"line":"201BR","mode":"bus","color":"#0059a9","colorDark":"#00294f","band":1,"off":[0,1.1]}},{"type":"Feature","geometry":{"type":"Point","coordinates":[14.250923,40.852716]},"properties":{"line":"C56","mode":"bus","color":"#0059a9","colorDark":"#00294f","band":1,"off":[3.4,1.1]}},{"type":"Feature","geometry":{"type":"Point","coordinates":[14.336304,40.811086]},"properties":{"name":"Gianturco","band":1,"modes":"bus","arr":["5","158","176","177"],"off":[0,-0.8]}},{"type":"Feature","geometry":{"type":"Point","coordinates":[14.336304,40.811086]},"properties":{"line":"5","mode":"bus","color":"#0059a9","colorDark":"#00294f","band":1,"off":[-5.1,1.1]}},{"type":"Feature","geometry":{"type":"Point","coordinates":[14.336304,40.811086]},"properties":{"line":"158","mode":"bus","color":"#0059a9","colorDark":"#00294f","band":1,"off":[-1.7,1.1]}},{"type":"Feature","geometry":{"type":"Point","coordinates":[14.336304,40.811086]},"properties":{"line":"176","mode":"bus","color":"#0059a9","colorDark":"#00294f","band":1,"off":[1.7,1.1]}},{"type":"Feature","geometry":{"type":"Point","coordinates":[14.336304,40.811086]},"properties":{"line":"177","mode":"bus","color":"#0059a9","colorDark":"#00294f","band":1,"off":[5.1,1.1]}},{"type":"Feature","geometry":{"type":"Point","coordinates":[14.382844,40.819969]},"properties":{"name":"Vesuvio","band":1,"modes":"bus","arr":["5"],"off":[0,-0.8]}},{"type":"Feature","geometry":{"type":"Point","coordinates":[14.382844,40.819969]},"properties":{"line":"5","mode":"bus","color":"#0059a9","colorDark":"#00294f","band":1,"off":[0,1.1]}},{"type":"Feature","geometry":{"type":"Point","coordinates":[14.28064,40.846234]},"properties":{"name":"Volta - Brin","band":1,"modes":"bus","arr":["116","154","156","173A","175","194","196","196BR","455","460","472","475","N1","N3","N5","R2"],"off":[0,-0.8],"sc":0.92}},{"type":"Feature","geometry":{"type":"Point","coordinates":[14.28064,40.846234]},"properties":{"name":"Brin - Attestamento","band":1,"modes":"bus","arr":["116","154","156","173A","175","194","196","196BR","455","460","472","475","N1","N3","N5","R2"],"off":[0,-1.9],"sc":0.92}},{"type":"Feature","geometry":{"type":"Point","coordinates":[14.28064,40.846234]},"properties":{"name":"Brin","band":1,"modes":"bus","arr":["116","154","156","173A","175","194","196","196BR","455","460","472","475","N1","N3","N5","R2"],"off":[0,-4.1],"sc":0.92}},{"type":"Feature","geometry":{"type":"Point","coordinates":[14.28064,40.846234]},"properties":{"line":"116","mode":"bus","color":"#0059a9","colorDark":"#00294f","band":1,"sc":0.92,"off":[-6.8,1.1]}},{"type":"Feature","geometry":{"type":"Point","coordinates":[14.28064,40.846234]},"properties":{"line":"154","mode":"bus","color":"#0059a9","colorDark":"#00294f","band":1,"sc":0.92,"off":[-3.4,1.1]}},{"type":"Feature","geometry":{"type":"Point","coordinates":[14.28064,40.846234]},"properties":{"line":"156","mode":"bus","color":"#0059a9","colorDark":"#00294f","band":1,"sc":0.92,"off":[0,1.1]}},{"type":"Feature","geometry":{"type":"Point","coordinates":[14.28064,40.846234]},"properties":{"line":"173A","mode":"bus","color":"#0059a9","colorDark":"#00294f","band":1,"sc":0.92,"off":[3.4,1.1]}},{"type":"Feature","geometry":{"type":"Point","coordinates":[14.28064,40.846234]},"properties":{"line":"175","mode":"bus","color":"#0059a9","colorDark":"#00294f","band":1,"sc":0.92,"off":[6.8,1.1]}},{"type":"Feature","geometry":{"type":"Point","coordinates":[14.28064,40.846234]},"properties":{"line":"194","mode":"bus","color":"#0059a9","colorDark":"#00294f","band":1,"sc":0.92,"off":[-6.8,3.1]}},{"type":"Feature","geometry":{"type":"Point","coordinates":[14.28064,40.846234]},"properties":{"line":"196","mode":"bus","color":"#0059a9","colorDark":"#00294f","band":1,"sc":0.92,"off":[-3.4,3.1]}},{"type":"Feature","geometry":{"type":"Point","coordinates":[14.28064,40.846234]},"properties":{"line":"196BR","mode":"bus","color":"#0059a9","colorDark":"#00294f","band":1,"sc":0.92,"off":[0,3.1]}},{"type":"Feature","geometry":{"type":"Point","coordinates":[14.28064,40.846234]},"properties":{"line":"455","mode":"bus","color":"#0059a9","colorDark":"#00294f","band":1,"sc":0.92,"off":[3.4,3.1]}},{"type":"Feature","geometry":{"type":"Point","coordinates":[14.28064,40.846234]},"properties":{"line":"460","mode":"bus","color":"#0059a9","colorDark":"#00294f","band":1,"sc":0.92,"off":[6.8,3.1]}},{"type":"Feature","geometry":{"type":"Point","coordinates":[14.28064,40.846234]},"properties":{"line":"472","mode":"bus","color":"#0059a9","colorDark":"#00294f","band":1,"sc":0.92,"off":[-6.8,5.1]}},{"type":"Feature","geometry":{"type":"Point","coordinates":[14.28064,40.846234]},"properties":{"line":"475","mode":"bus","color":"#0059a9","colorDark":"#00294f","band":1,"sc":0.92,"off":[-3.4,5.1]}},{"type":"Feature","geometry":{"type":"Point","coordinates":[14.28064,40.846234]},"properties":{"line":"N1","mode":"bus","color":"#0059a9","colorDark":"#00294f","band":1,"sc":0.92,"off":[0,5.1]}},{"type":"Feature","geometry":{"type":"Point","coordinates":[14.28064,40.846234]},"properties":{"line":"N3","mode":"bus","color":"#0059a9","colorDark":"#00294f","band":1,"sc":0.92,"off":[3.4,5.1]}},{"type":"Feature","geometry":{"type":"Point","coordinates":[14.28064,40.846234]},"properties":{"line":"N5","mode":"bus","color":"#0059a9","colorDark":"#00294f","band":1,"sc":0.92,"off":[6.8,5.1]}},{"type":"Feature","geometry":{"type":"Point","coordinates":[14.28064,40.846234]},"properties":{"line":"R2","mode":"bus","color":"#0059a9","colorDark":"#00294f","band":1,"sc":0.92,"off":[0,7.1]}},{"type":"Feature","geometry":{"type":"Point","coordinates":[14.268683,40.849171]},"properties":{"name":"Garibaldi - Circumvesuviana","band":1,"modes":"bus","arr":["195"],"off":[0,-0.8]}},{"type":"Feature","geometry":{"type":"Point","coordinates":[14.268683,40.849171]},"properties":{"line":"195","mode":"bus","color":"#0059a9","colorDark":"#00294f","band":1,"off":[0,1.1]}},{"type":"Feature","geometry":{"type":"Point","coordinates":[14.360188,40.860414]},"properties":{"name":"Riccardi - Piazza della Libertà","band":1,"modes":"bus","arr":["472"],"off":[0,-0.8]}},{"type":"Feature","geometry":{"type":"Point","coordinates":[14.360188,40.860414]},"properties":{"line":"472","mode":"bus","color":"#0059a9","colorDark":"#00294f","band":1,"off":[0,1.1]}},{"type":"Feature","geometry":{"type":"Point","coordinates":[14.354613,40.869862]},"properties":{"name":"Serao - Attestamento","band":1,"modes":"bus","arr":["116","158"],"off":[0,-0.8]}},{"type":"Feature","geometry":{"type":"Point","coordinates":[14.354613,40.869862]},"properties":{"line":"116","mode":"bus","color":"#0059a9","colorDark":"#00294f","band":1,"off":[-1.7,1.1]}},{"type":"Feature","geometry":{"type":"Point","coordinates":[14.354613,40.869862]},"properties":{"line":"158","mode":"bus","color":"#0059a9","colorDark":"#00294f","band":1,"off":[1.7,1.1]}},{"type":"Feature","geometry":{"type":"Point","coordinates":[14.250308,40.832644]},"properties":{"name":"Santa Lucia - Plebiscito","band":1,"modes":"bus","arr":["128","140","ACTON"],"off":[0,-0.8]}},{"type":"Feature","geometry":{"type":"Point","coordinates":[14.250308,40.832644]},"properties":{"name":"Cesario Console - Plebiscito","band":1,"modes":"bus","arr":["128","140","ACTON"],"off":[0,-3]}},{"type":"Feature","geometry":{"type":"Point","coordinates":[14.250308,40.832644]},"properties":{"name":"Acton ASC","band":1,"modes":"bus","arr":["128","140","ACTON"],"off":[0,-5.2]}},{"type":"Feature","geometry":{"type":"Point","coordinates":[14.250308,40.832644]},"properties":{"line":"128","mode":"bus","color":"#0059a9","colorDark":"#00294f","band":1,"off":[-3.4,1.1]}},{"type":"Feature","geometry":{"type":"Point","coordinates":[14.250308,40.832644]},"properties":{"line":"140","mode":"bus","color":"#0059a9","colorDark":"#00294f","band":1,"off":[0,1.1]}},{"type":"Feature","geometry":{"type":"Point","coordinates":[14.250308,40.832644]},"properties":{"line":"ACTON","mode":"bus","color":"#0059a9","colorDark":"#00294f","band":1,"off":[3.4,1.1]}},{"type":"Feature","geometry":{"type":"Point","coordinates":[14.241687,40.833006]},"properties":{"name":"Vittoria - Villa Comunale","band":1,"modes":"bus","arr":["154","E6","R7"],"off":[0,-0.8]}},{"type":"Feature","geometry":{"type":"Point","coordinates":[14.241687,40.833006]},"properties":{"name":"Vittoria","band":1,"modes":"bus","arr":["154","E6","R7"],"off":[0,-3]}},{"type":"Feature","geometry":{"type":"Point","coordinates":[14.241687,40.833006]},"properties":{"name":"Piazza dei Martiri","band":1,"modes":"bus","arr":["154","E6","R7"],"off":[0,-4.1]}},{"type":"Feature","geometry":{"type":"Point","coordinates":[14.241687,40.833006]},"properties":{"line":"154","mode":"bus","color":"#0059a9","colorDark":"#00294f","band":1,"off":[-3.4,1.1]}},{"type":"Feature","geometry":{"type":"Point","coordinates":[14.241687,40.833006]},"properties":{"line":"E6","mode":"bus","color":"#0059a9","colorDark":"#00294f","band":1,"off":[0,1.1]}},{"type":"Feature","geometry":{"type":"Point","coordinates":[14.241687,40.833006]},"properties":{"line":"R7","mode":"bus","color":"#0059a9","colorDark":"#00294f","band":1,"off":[3.4,1.1]}},{"type":"Feature","geometry":{"type":"Point","coordinates":[14.227143,40.843639]},"properties":{"name":"Vanvitelli","band":1,"modes":"bus","arr":["128","132","181","C31","C36","C37","NAVF2"],"off":[0,-0.8]}},{"type":"Feature","geometry":{"type":"Point","coordinates":[14.227143,40.843639]},"properties":{"name":"Scarlatti","band":1,"modes":"bus","arr":["128","132","181","C31","C36","C37","NAVF2"],"off":[0,-1.9]}},{"type":"Feature","geometry":{"type":"Point","coordinates":[14.227143,40.843639]},"properties":{"name":"Cilea","band":1,"modes":"bus","arr":["128","132","181","C31","C36","C37","NAVF2"],"off":[0,-3]}},{"type":"Feature","geometry":{"type":"Point","coordinates":[14.227143,40.843639]},"properties":{"line":"128","mode":"bus","color":"#0059a9","colorDark":"#00294f","band":1,"off":[-6.8,1.1]}},{"type":"Feature","geometry":{"type":"Point","coordinates":[14.227143,40.843639]},"properties":{"line":"132","mode":"bus","color":"#0059a9","colorDark":"#00294f","band":1,"off":[-3.4,1.1]}},{"type":"Feature","geometry":{"type":"Point","coordinates":[14.227143,40.843639]},"properties":{"line":"181","mode":"bus","color":"#0059a9","colorDark":"#00294f","band":1,"off":[0,1.1]}},{"type":"Feature","geometry":{"type":"Point","coordinates":[14.227143,40.843639]},"properties":{"line":"C31","mode":"bus","color":"#0059a9","colorDark":"#00294f","band":1,"off":[3.4,1.1]}},{"type":"Feature","geometry":{"type":"Point","coordinates":[14.227143,40.843639]},"properties":{"line":"C36","mode":"bus","color":"#0059a9","colorDark":"#00294f","band":1,"off":[6.8,1.1]}},{"type":"Feature","geometry":{"type":"Point","coordinates":[14.227143,40.843639]},"properties":{"line":"C37","mode":"bus","color":"#0059a9","colorDark":"#00294f","band":1,"off":[-1.7,3.1]}},{"type":"Feature","geometry":{"type":"Point","coordinates":[14.227143,40.843639]},"properties":{"line":"NAVF2","mode":"bus","color":"#0059a9","colorDark":"#00294f","band":1,"off":[1.7,3.1]}},{"type":"Feature","geometry":{"type":"Point","coordinates":[14.26943,40.853116]},"properties":{"name":"Garibaldi - Principe Umberto","band":1,"modes":"bus","arr":["130","151","169","460","C56","R5"],"off":[0,-0.8]}},{"type":"Feature","geometry":{"type":"Point","coordinates":[14.26943,40.853116]},"properties":{"name":"Garibaldi - Attestamento","band":1,"modes":"bus","arr":["130","151","169","460","C56","R5"],"off":[0,-3]}},{"type":"Feature","geometry":{"type":"Point","coordinates":[14.26943,40.853116]},"properties":{"name":"Garibaldi","band":1,"modes":"bus","arr":["130","151","169","460","C56","R5"],"off":[0,-5.2]}},{"type":"Feature","geometry":{"type":"Point","coordinates":[14.26943,40.853116]},"properties":{"line":"130","mode":"bus","color":"#0059a9","colorDark":"#00294f","band":1,"off":[-6.8,1.1]}},{"type":"Feature","geometry":{"type":"Point","coordinates":[14.26943,40.853116]},"properties":{"line":"151","mode":"bus","color":"#0059a9","colorDark":"#00294f","band":1,"off":[-3.4,1.1]}},{"type":"Feature","geometry":{"type":"Point","coordinates":[14.26943,40.853116]},"properties":{"line":"169","mode":"bus","color":"#0059a9","colorDark":"#00294f","band":1,"off":[0,1.1]}},{"type":"Feature","geometry":{"type":"Point","coordinates":[14.26943,40.853116]},"properties":{"line":"460","mode":"bus","color":"#0059a9","colorDark":"#00294f","band":1,"off":[3.4,1.1]}},{"type":"Feature","geometry":{"type":"Point","coordinates":[14.26943,40.853116]},"properties":{"line":"C56","mode":"bus","color":"#0059a9","colorDark":"#00294f","band":1,"off":[6.8,1.1]}},{"type":"Feature","geometry":{"type":"Point","coordinates":[14.26943,40.853116]},"properties":{"line":"R5","mode":"bus","color":"#0059a9","colorDark":"#00294f","band":1,"off":[0,3.1]}},{"type":"Feature","geometry":{"type":"Point","coordinates":[14.224368,40.846441]},"properties":{"name":"Quattro Giornate - Stadio Collana","band":1,"modes":"bus","arr":["130","633","N3","S2","S5"],"off":[0,-0.8]}},{"type":"Feature","geometry":{"type":"Point","coordinates":[14.224368,40.846441]},"properties":{"name":"Gemito-Rossini","band":1,"modes":"bus","arr":["130","633","N3","S2","S5"],"off":[0,-3]}},{"type":"Feature","geometry":{"type":"Point","coordinates":[14.224368,40.846441]},"properties":{"name":"Acitillo","band":1,"modes":"bus","arr":["130","633","N3","S2","S5"],"off":[0,-4.1]}},{"type":"Feature","geometry":{"type":"Point","coordinates":[14.224368,40.846441]},"properties":{"line":"130","mode":"bus","color":"#0059a9","colorDark":"#00294f","band":1,"off":[-6.8,1.1]}},{"type":"Feature","geometry":{"type":"Point","coordinates":[14.224368,40.846441]},"properties":{"line":"633","mode":"bus","color":"#0059a9","colorDark":"#00294f","band":1,"off":[-3.4,1.1]}},{"type":"Feature","geometry":{"type":"Point","coordinates":[14.224368,40.846441]},"properties":{"line":"N3","mode":"bus","color":"#0059a9","colorDark":"#00294f","band":1,"off":[0,1.1]}},{"type":"Feature","geometry":{"type":"Point","coordinates":[14.224368,40.846441]},"properties":{"line":"S2","mode":"bus","color":"#0059a9","colorDark":"#00294f","band":1,"off":[3.4,1.1]}},{"type":"Feature","geometry":{"type":"Point","coordinates":[14.224368,40.846441]},"properties":{"line":"S5","mode":"bus","color":"#0059a9","colorDark":"#00294f","band":1,"off":[6.8,1.1]}},{"type":"Feature","geometry":{"type":"Point","coordinates":[14.272615,40.857827]},"properties":{"name":"Nazionale","band":1,"modes":"bus,tram","arr":["191","422"],"off":[0,-0.8]}},{"type":"Feature","geometry":{"type":"Point","coordinates":[14.272615,40.857827]},"properties":{"name":"Casanova - Nazionale","band":1,"modes":"bus,tram","arr":["191","422"],"off":[0,-1.9]}},{"type":"Feature","geometry":{"type":"Point","coordinates":[14.272615,40.857827]},"properties":{"line":"191","mode":"bus","color":"#0059a9","colorDark":"#00294f","band":1,"off":[-1.7,1.1]}},{"type":"Feature","geometry":{"type":"Point","coordinates":[14.272615,40.857827]},"properties":{"line":"422","mode":"tram","color":"#d6212b","colorDark":"#7c1116","band":1,"off":[1.7,1.1]}},{"type":"Feature","geometry":{"type":"Point","coordinates":[14.204473,40.839596]},"properties":{"name":"Largo Giustiniano","band":1,"modes":"bus","arr":["132","S3A"],"off":[0,-0.8]}},{"type":"Feature","geometry":{"type":"Point","coordinates":[14.204473,40.839596]},"properties":{"line":"132","mode":"bus","color":"#0059a9","colorDark":"#00294f","band":1,"off":[-1.7,1.1]}},{"type":"Feature","geometry":{"type":"Point","coordinates":[14.204473,40.839596]},"properties":{"line":"S3A","mode":"bus","color":"#0059a9","colorDark":"#00294f","band":1,"off":[1.7,1.1]}},{"type":"Feature","geometry":{"type":"Point","coordinates":[14.199944,40.842333]},"properties":{"name":"Adriano - Poste","band":1,"modes":"bus","arr":["618"],"off":[0,-0.8]}},{"type":"Feature","geometry":{"type":"Point","coordinates":[14.199944,40.842333]},"properties":{"line":"618","mode":"bus","color":"#0059a9","colorDark":"#00294f","band":1,"off":[0,1.1]}},{"type":"Feature","geometry":{"type":"Point","coordinates":[14.227198,40.865769]},"properties":{"name":"Ospedale Cardarelli","band":1,"modes":"bus","arr":["139","143","144","144A","144B","165","165Q","204","C76","N7"],"off":[0,-0.8]}},{"type":"Feature","geometry":{"type":"Point","coordinates":[14.227198,40.865769]},"properties":{"name":"Cardarelli-Ospedale","band":1,"modes":"bus","arr":["139","143","144","144A","144B","165","165Q","204","C76","N7"],"off":[0,-3]}},{"type":"Feature","geometry":{"type":"Point","coordinates":[14.227198,40.865769]},"properties":{"name":"Cardarelli - Ospedale Cardarelli","band":1,"modes":"bus","arr":["139","143","144","144A","144B","165","165Q","204","C76","N7"],"off":[0,-5.2]}},{"type":"Feature","geometry":{"type":"Point","coordinates":[14.227198,40.865769]},"properties":{"line":"139","mode":"bus","color":"#0059a9","colorDark":"#00294f","band":1,"off":[-6.8,1.1]}},{"type":"Feature","geometry":{"type":"Point","coordinates":[14.227198,40.865769]},"properties":{"line":"143","mode":"bus","color":"#0059a9","colorDark":"#00294f","band":1,"off":[-3.4,1.1]}},{"type":"Feature","geometry":{"type":"Point","coordinates":[14.227198,40.865769]},"properties":{"line":"144","mode":"bus","color":"#0059a9","colorDark":"#00294f","band":1,"off":[0,1.1]}},{"type":"Feature","geometry":{"type":"Point","coordinates":[14.227198,40.865769]},"properties":{"line":"144A","mode":"bus","color":"#0059a9","colorDark":"#00294f","band":1,"off":[3.4,1.1]}},{"type":"Feature","geometry":{"type":"Point","coordinates":[14.227198,40.865769]},"properties":{"line":"144B","mode":"bus","color":"#0059a9","colorDark":"#00294f","band":1,"off":[6.8,1.1]}},{"type":"Feature","geometry":{"type":"Point","coordinates":[14.227198,40.865769]},"properties":{"line":"165","mode":"bus","color":"#0059a9","colorDark":"#00294f","band":1,"off":[-6.8,3.1]}},{"type":"Feature","geometry":{"type":"Point","coordinates":[14.227198,40.865769]},"properties":{"line":"165Q","mode":"bus","color":"#0059a9","colorDark":"#00294f","band":1,"off":[-3.4,3.1]}},{"type":"Feature","geometry":{"type":"Point","coordinates":[14.227198,40.865769]},"properties":{"line":"204","mode":"bus","color":"#149a3f","colorDark":"#0a5121","band":1,"off":[0,3.1]}},{"type":"Feature","geometry":{"type":"Point","coordinates":[14.227198,40.865769]},"properties":{"line":"C76","mode":"bus","color":"#0059a9","colorDark":"#00294f","band":1,"off":[3.4,3.1]}},{"type":"Feature","geometry":{"type":"Point","coordinates":[14.227198,40.865769]},"properties":{"line":"N7","mode":"bus","color":"#0059a9","colorDark":"#00294f","band":1,"off":[6.8,3.1]}},{"type":"Feature","geometry":{"type":"Point","coordinates":[14.252473,40.843904]},"properties":{"name":"Sanfelice - Bovio","band":1,"modes":"bus","arr":["139","168","182","184","302","NAVF2"],"off":[0,-0.8]}},{"type":"Feature","geometry":{"type":"Point","coordinates":[14.252473,40.843904]},"properties":{"name":"Monteoliveto - Federico II - Architettura","band":1,"modes":"bus","arr":["139","168","182","184","302","NAVF2"],"off":[0,-1.9]}},{"type":"Feature","geometry":{"type":"Point","coordinates":[14.252473,40.843904]},"properties":{"name":"Battisti","band":1,"modes":"bus","arr":["139","168","182","184","302","NAVF2"],"off":[0,-5.2]}},{"type":"Feature","geometry":{"type":"Point","coordinates":[14.252473,40.843904]},"properties":{"line":"139","mode":"bus","color":"#0059a9","colorDark":"#00294f","band":1,"off":[-6.8,1.1]}},{"type":"Feature","geometry":{"type":"Point","coordinates":[14.252473,40.843904]},"properties":{"line":"168","mode":"bus","color":"#0059a9","colorDark":"#00294f","band":1,"off":[-3.4,1.1]}},{"type":"Feature","geometry":{"type":"Point","coordinates":[14.252473,40.843904]},"properties":{"line":"182","mode":"bus","color":"#0059a9","colorDark":"#00294f","band":1,"off":[0,1.1]}},{"type":"Feature","geometry":{"type":"Point","coordinates":[14.252473,40.843904]},"properties":{"line":"184","mode":"bus","color":"#0059a9","colorDark":"#00294f","band":1,"off":[3.4,1.1]}},{"type":"Feature","geometry":{"type":"Point","coordinates":[14.252473,40.843904]},"properties":{"line":"302","mode":"bus","color":"#0059a9","colorDark":"#00294f","band":1,"off":[6.8,1.1]}},{"type":"Feature","geometry":{"type":"Point","coordinates":[14.252473,40.843904]},"properties":{"line":"NAVF2","mode":"bus","color":"#0059a9","colorDark":"#00294f","band":1,"off":[0,3.1]}},{"type":"Feature","geometry":{"type":"Point","coordinates":[14.233114,40.849865]},"properties":{"name":"Via Suarez","band":1,"modes":"bus","arr":["147","C42","C44"],"off":[0,-0.8]}},{"type":"Feature","geometry":{"type":"Point","coordinates":[14.233114,40.849865]},"properties":{"name":"Tino da Camaino-Giardini Ruoppolo","band":1,"modes":"bus","arr":["147","C42","C44"],"off":[0,-1.9]}},{"type":"Feature","geometry":{"type":"Point","coordinates":[14.233114,40.849865]},"properties":{"name":"Suarez-Immacolata","band":1,"modes":"bus","arr":["147","C42","C44"],"off":[0,-4.1]}},{"type":"Feature","geometry":{"type":"Point","coordinates":[14.233114,40.849865]},"properties":{"line":"147","mode":"bus","color":"#0059a9","colorDark":"#00294f","band":1,"off":[-3.4,1.1]}},{"type":"Feature","geometry":{"type":"Point","coordinates":[14.233114,40.849865]},"properties":{"line":"C42","mode":"bus","color":"#0059a9","colorDark":"#00294f","band":1,"off":[0,1.1]}},{"type":"Feature","geometry":{"type":"Point","coordinates":[14.233114,40.849865]},"properties":{"line":"C44","mode":"bus","color":"#0059a9","colorDark":"#00294f","band":1,"off":[3.4,1.1]}},{"type":"Feature","geometry":{"type":"Point","coordinates":[14.185556,40.804231]},"properties":{"name":"Posillipo Capo - Attestamento","band":1,"modes":"bus","arr":["140","622","C21","C31"],"off":[0,-0.8]}},{"type":"Feature","geometry":{"type":"Point","coordinates":[14.185556,40.804231]},"properties":{"line":"140","mode":"bus","color":"#0059a9","colorDark":"#00294f","band":1,"off":[-5.1,1.1]}},{"type":"Feature","geometry":{"type":"Point","coordinates":[14.185556,40.804231]},"properties":{"line":"622","mode":"bus","color":"#0059a9","colorDark":"#00294f","band":1,"off":[-1.7,1.1]}},{"type":"Feature","geometry":{"type":"Point","coordinates":[14.185556,40.804231]},"properties":{"line":"C21","mode":"bus","color":"#0059a9","colorDark":"#00294f","band":1,"off":[1.7,1.1]}},{"type":"Feature","geometry":{"type":"Point","coordinates":[14.185556,40.804231]},"properties":{"line":"C31","mode":"bus","color":"#0059a9","colorDark":"#00294f","band":1,"off":[5.1,1.1]}},{"type":"Feature","geometry":{"type":"Point","coordinates":[14.177259,40.894377]},"properties":{"name":"Marano Quarto","band":1,"modes":"bus","arr":["143"],"off":[0,-0.8]}},{"type":"Feature","geometry":{"type":"Point","coordinates":[14.177259,40.894377]},"properties":{"line":"143","mode":"bus","color":"#0059a9","colorDark":"#00294f","band":1,"off":[0,1.1]}},{"type":"Feature","geometry":{"type":"Point","coordinates":[14.172073,40.873382]},"properties":{"name":"Romano-Marano Pianura","band":1,"modes":"bus","arr":["144"],"off":[0,-0.8]}},{"type":"Feature","geometry":{"type":"Point","coordinates":[14.172073,40.873382]},"properties":{"line":"144","mode":"bus","color":"#0059a9","colorDark":"#00294f","band":1,"off":[0,1.1]}},{"type":"Feature","geometry":{"type":"Point","coordinates":[14.191806,40.860911]},"properties":{"name":"Dell'Eremo-Parco Pubblico","band":1,"modes":"bus","arr":["144A","144B","C44"],"off":[0,-0.8]}},{"type":"Feature","geometry":{"type":"Point","coordinates":[14.191806,40.860911]},"properties":{"line":"144A","mode":"bus","color":"#0059a9","colorDark":"#00294f","band":1,"off":[-3.4,1.1]}},{"type":"Feature","geometry":{"type":"Point","coordinates":[14.191806,40.860911]},"properties":{"line":"144B","mode":"bus","color":"#0059a9","colorDark":"#00294f","band":1,"off":[0,1.1]}},{"type":"Feature","geometry":{"type":"Point","coordinates":[14.191806,40.860911]},"properties":{"line":"C44","mode":"bus","color":"#0059a9","colorDark":"#00294f","band":1,"off":[3.4,1.1]}},{"type":"Feature","geometry":{"type":"Point","coordinates":[14.235909,40.853098]},"properties":{"name":"Caracciolo Poggio","band":1,"modes":"bus","arr":["C16"],"off":[0,-0.8]}},{"type":"Feature","geometry":{"type":"Point","coordinates":[14.235909,40.853098]},"properties":{"line":"C16","mode":"bus","color":"#0059a9","colorDark":"#00294f","band":1,"off":[0,1.1]}},{"type":"Feature","geometry":{"type":"Point","coordinates":[14.265733,40.864947]},"properties":{"name":"Tanucci","band":1,"modes":"bus","arr":["147","201BR","202","302","663","C63"],"off":[0,-0.8]}},{"type":"Feature","geometry":{"type":"Point","coordinates":[14.265733,40.864947]},"properties":{"name":"Giovan Battista Vico","band":1,"modes":"bus","arr":["147","201BR","202","302","663","C63"],"off":[0,-1.9]}},{"type":"Feature","geometry":{"type":"Point","coordinates":[14.265733,40.864947]},"properties":{"name":"Deposito Carlo III","band":1,"modes":"bus","arr":["147","201BR","202","302","663","C63"],"off":[0,-4.1]}},{"type":"Feature","geometry":{"type":"Point","coordinates":[14.265733,40.864947]},"properties":{"line":"147","mode":"bus","color":"#0059a9","colorDark":"#00294f","band":1,"off":[-6.8,1.1]}},{"type":"Feature","geometry":{"type":"Point","coordinates":[14.265733,40.864947]},"properties":{"line":"201BR","mode":"bus","color":"#0059a9","colorDark":"#00294f","band":1,"off":[-3.4,1.1]}},{"type":"Feature","geometry":{"type":"Point","coordinates":[14.265733,40.864947]},"properties":{"line":"202","mode":"bus","color":"#149a3f","colorDark":"#0a5121","band":1,"off":[0,1.1]}},{"type":"Feature","geometry":{"type":"Point","coordinates":[14.265733,40.864947]},"properties":{"line":"302","mode":"bus","color":"#0059a9","colorDark":"#00294f","band":1,"off":[3.4,1.1]}},{"type":"Feature","geometry":{"type":"Point","coordinates":[14.265733,40.864947]},"properties":{"line":"663","mode":"bus","color":"#0059a9","colorDark":"#00294f","band":1,"off":[6.8,1.1]}},{"type":"Feature","geometry":{"type":"Point","coordinates":[14.265733,40.864947]},"properties":{"line":"C63","mode":"bus","color":"#0059a9","colorDark":"#00294f","band":1,"off":[0,3.1]}},{"type":"Feature","geometry":{"type":"Point","coordinates":[14.194388,40.823505]},"properties":{"name":"Piazzale Tecchio","band":1,"modes":"bus,metro","arr":["151","180","181","502","618","C1","C1E","C3","L6","N1","N6","N7","R6","S1","S2"],"off":[0,-0.8],"sc":0.94}},{"type":"Feature","geometry":{"type":"Point","coordinates":[14.194388,40.823505]},"properties":{"name":"Mostra","band":1,"modes":"bus,metro","arr":["151","180","181","502","618","C1","C1E","C3","L6","N1","N6","N7","R6","S1","S2"],"off":[0,-1.9],"sc":0.94}},{"type":"Feature","geometry":{"type":"Point","coordinates":[14.194388,40.823505]},"properties":{"name":"Giulio Cesare - Tecchio","band":1,"modes":"bus,metro","arr":["151","180","181","502","618","C1","C1E","C3","L6","N1","N6","N7","R6","S1","S2"],"off":[0,-3],"sc":0.94}},{"type":"Feature","geometry":{"type":"Point","coordinates":[14.194388,40.823505]},"properties":{"line":"151","mode":"bus","color":"#0059a9","colorDark":"#00294f","band":1,"sc":0.94,"off":[-6.8,1.1]}},{"type":"Feature","geometry":{"type":"Point","coordinates":[14.194388,40.823505]},"properties":{"line":"180","mode":"bus","color":"#0059a9","colorDark":"#00294f","band":1,"sc":0.94,"off":[-3.4,1.1]}},{"type":"Feature","geometry":{"type":"Point","coordinates":[14.194388,40.823505]},"properties":{"line":"181","mode":"bus","color":"#0059a9","colorDark":"#00294f","band":1,"sc":0.94,"off":[0,1.1]}},{"type":"Feature","geometry":{"type":"Point","coordinates":[14.194388,40.823505]},"properties":{"line":"502","mode":"bus","color":"#0059a9","colorDark":"#00294f","band":1,"sc":0.94,"off":[3.4,1.1]}},{"type":"Feature","geometry":{"type":"Point","coordinates":[14.194388,40.823505]},"properties":{"line":"618","mode":"bus","color":"#0059a9","colorDark":"#00294f","band":1,"sc":0.94,"off":[6.8,1.1]}},{"type":"Feature","geometry":{"type":"Point","coordinates":[14.194388,40.823505]},"properties":{"line":"C1","mode":"bus","color":"#0059a9","colorDark":"#00294f","band":1,"sc":0.94,"off":[-6.8,3.1]}},{"type":"Feature","geometry":{"type":"Point","coordinates":[14.194388,40.823505]},"properties":{"line":"C1E","mode":"bus","color":"#0059a9","colorDark":"#00294f","band":1,"sc":0.94,"off":[-3.4,3.1]}},{"type":"Feature","geometry":{"type":"Point","coordinates":[14.194388,40.823505]},"properties":{"line":"C3","mode":"bus","color":"#0059a9","colorDark":"#00294f","band":1,"sc":0.94,"off":[0,3.1]}},{"type":"Feature","geometry":{"type":"Point","coordinates":[14.194388,40.823505]},"properties":{"line":"L6","mode":"tram","color":"#179ED6","colorDark":"#0d5776","band":1,"metro":1,"sc":0.94,"off":[3.4,3.1]}},{"type":"Feature","geometry":{"type":"Point","coordinates":[14.194388,40.823505]},"properties":{"line":"N1","mode":"bus","color":"#0059a9","colorDark":"#00294f","band":1,"sc":0.94,"off":[6.8,3.1]}},{"type":"Feature","geometry":{"type":"Point","coordinates":[14.194388,40.823505]},"properties":{"line":"N6","mode":"bus","color":"#0059a9","colorDark":"#00294f","band":1,"sc":0.94,"off":[-6.8,5.1]}},{"type":"Feature","geometry":{"type":"Point","coordinates":[14.194388,40.823505]},"properties":{"line":"N7","mode":"bus","color":"#0059a9","colorDark":"#00294f","band":1,"sc":0.94,"off":[-3.4,5.1]}},{"type":"Feature","geometry":{"type":"Point","coordinates":[14.194388,40.823505]},"properties":{"line":"R6","mode":"bus","color":"#0059a9","colorDark":"#00294f","band":1,"sc":0.94,"off":[0,5.1]}},{"type":"Feature","geometry":{"type":"Point","coordinates":[14.194388,40.823505]},"properties":{"line":"S1","mode":"bus","color":"#0059a9","colorDark":"#00294f","band":1,"sc":0.94,"off":[3.4,5.1]}},{"type":"Feature","geometry":{"type":"Point","coordinates":[14.194388,40.823505]},"properties":{"line":"S2","mode":"bus","color":"#0059a9","colorDark":"#00294f","band":1,"sc":0.94,"off":[6.8,5.1]}},{"type":"Feature","geometry":{"type":"Point","coordinates":[14.338924,40.831719]},"properties":{"name":"Troisi","band":1,"modes":"bus","arr":["156"],"off":[0,-0.8]}},{"type":"Feature","geometry":{"type":"Point","coordinates":[14.338924,40.831719]},"properties":{"line":"156","mode":"bus","color":"#0059a9","colorDark":"#00294f","band":1,"off":[0,1.1]}},{"type":"Feature","geometry":{"type":"Point","coordinates":[14.231237,40.879984]},"properties":{"name":"Frullone - M1","band":1,"modes":"bus","arr":["162","167","168","663","C78"],"off":[0,-0.8]}},{"type":"Feature","geometry":{"type":"Point","coordinates":[14.231237,40.879984]},"properties":{"line":"162","mode":"bus","color":"#0059a9","colorDark":"#00294f","band":1,"off":[-6.8,1.1]}},{"type":"Feature","geometry":{"type":"Point","coordinates":[14.231237,40.879984]},"properties":{"line":"167","mode":"bus","color":"#0059a9","colorDark":"#00294f","band":1,"off":[-3.4,1.1]}},{"type":"Feature","geometry":{"type":"Point","coordinates":[14.231237,40.879984]},"properties":{"line":"168","mode":"bus","color":"#0059a9","colorDark":"#00294f","band":1,"off":[0,1.1]}},{"type":"Feature","geometry":{"type":"Point","coordinates":[14.231237,40.879984]},"properties":{"line":"663","mode":"bus","color":"#0059a9","colorDark":"#00294f","band":1,"off":[3.4,1.1]}},{"type":"Feature","geometry":{"type":"Point","coordinates":[14.231237,40.879984]},"properties":{"line":"C78","mode":"bus","color":"#0059a9","colorDark":"#00294f","band":1,"off":[6.8,1.1]}},{"type":"Feature","geometry":{"type":"Point","coordinates":[14.21734,40.926503]},"properties":{"name":"Colonne Signorelli-Metronordest","band":1,"modes":"bus","arr":["162","460"],"off":[0,-0.8]}},{"type":"Feature","geometry":{"type":"Point","coordinates":[14.21734,40.926503]},"properties":{"line":"162","mode":"bus","color":"#0059a9","colorDark":"#00294f","band":1,"off":[-1.7,1.1]}},{"type":"Feature","geometry":{"type":"Point","coordinates":[14.21734,40.926503]},"properties":{"line":"460","mode":"bus","color":"#0059a9","colorDark":"#00294f","band":1,"off":[1.7,1.1]}},{"type":"Feature","geometry":{"type":"Point","coordinates":[14.201095,40.924251]},"properties":{"name":"Maristi","band":1,"modes":"bus","arr":["167"],"off":[0,-0.8]}},{"type":"Feature","geometry":{"type":"Point","coordinates":[14.201095,40.924251]},"properties":{"line":"167","mode":"bus","color":"#0059a9","colorDark":"#00294f","band":1,"off":[0,1.1]}},{"type":"Feature","geometry":{"type":"Point","coordinates":[14.124372,40.902577]},"properties":{"name":"Castel Belvedere 303","band":1,"modes":"bus","arr":["165"],"off":[0,-0.8]}},{"type":"Feature","geometry":{"type":"Point","coordinates":[14.124372,40.902577]},"properties":{"line":"165","mode":"bus","color":"#0059a9","colorDark":"#00294f","band":1,"off":[0,1.1]}},{"type":"Feature","geometry":{"type":"Point","coordinates":[14.139179,40.916111]},"properties":{"name":"Di Vittorio - Piazza Apicella","band":1,"modes":"bus","arr":["165Q"],"off":[0,-0.8]}},{"type":"Feature","geometry":{"type":"Point","coordinates":[14.139179,40.916111]},"properties":{"line":"165Q","mode":"bus","color":"#0059a9","colorDark":"#00294f","band":1,"off":[0,1.1]}},{"type":"Feature","geometry":{"type":"Point","coordinates":[14.350877,40.909922]},"properties":{"name":"Don Luigi Puglisi - Traversa IV Pigna","band":1,"modes":"bus","arr":["169","169P"],"off":[0,-0.8]}},{"type":"Feature","geometry":{"type":"Point","coordinates":[14.350877,40.909922]},"properties":{"line":"169","mode":"bus","color":"#0059a9","colorDark":"#00294f","band":1,"off":[-1.7,1.1]}},{"type":"Feature","geometry":{"type":"Point","coordinates":[14.350877,40.909922]},"properties":{"line":"169P","mode":"bus","color":"#0059a9","colorDark":"#00294f","band":1,"off":[1.7,1.1]}},{"type":"Feature","geometry":{"type":"Point","coordinates":[14.28798,40.945317]},"properties":{"name":"Circumvallazione Ovest - IACP (Virtuale)","band":1,"modes":"bus","arr":["169P"],"off":[0,-0.8]}},{"type":"Feature","geometry":{"type":"Point","coordinates":[14.28798,40.945317]},"properties":{"line":"169P","mode":"bus","color":"#0059a9","colorDark":"#00294f","band":1,"off":[0,1.1]}},{"type":"Feature","geometry":{"type":"Point","coordinates":[14.329059,40.858116]},"properties":{"name":"Argine - Stazionamento","band":1,"modes":"bus","arr":["173","173A","191","195"],"off":[0,-0.8]}},{"type":"Feature","geometry":{"type":"Point","coordinates":[14.329059,40.858116]},"properties":{"line":"173","mode":"bus","color":"#0059a9","colorDark":"#00294f","band":1,"off":[-5.1,1.1]}},{"type":"Feature","geometry":{"type":"Point","coordinates":[14.329059,40.858116]},"properties":{"line":"173A","mode":"bus","color":"#0059a9","colorDark":"#00294f","band":1,"off":[-1.7,1.1]}},{"type":"Feature","geometry":{"type":"Point","coordinates":[14.329059,40.858116]},"properties":{"line":"191","mode":"bus","color":"#0059a9","colorDark":"#00294f","band":1,"off":[1.7,1.1]}},{"type":"Feature","geometry":{"type":"Point","coordinates":[14.329059,40.858116]},"properties":{"line":"195","mode":"bus","color":"#0059a9","colorDark":"#00294f","band":1,"off":[5.1,1.1]}},{"type":"Feature","geometry":{"type":"Point","coordinates":[14.349164,40.872903]},"properties":{"name":"Petrarca","band":1,"modes":"bus","arr":["173"],"off":[0,-0.8]}},{"type":"Feature","geometry":{"type":"Point","coordinates":[14.349164,40.872903]},"properties":{"line":"173","mode":"bus","color":"#0059a9","colorDark":"#00294f","band":1,"off":[0,1.1]}},{"type":"Feature","geometry":{"type":"Point","coordinates":[14.318976,40.844794]},"properties":{"name":"Chiaromonte - Day Hospital","band":1,"modes":"bus","arr":["194"],"off":[0,-0.8]}},{"type":"Feature","geometry":{"type":"Point","coordinates":[14.318976,40.844794]},"properties":{"line":"194","mode":"bus","color":"#0059a9","colorDark":"#00294f","band":1,"off":[0,1.1]}},{"type":"Feature","geometry":{"type":"Point","coordinates":[14.386312,40.861118]},"properties":{"name":"Cavour - Istituto Case Popolari","band":1,"modes":"bus","arr":["175","475"],"off":[0,-0.8]}},{"type":"Feature","geometry":{"type":"Point","coordinates":[14.386312,40.861118]},"properties":{"line":"175","mode":"bus","color":"#0059a9","colorDark":"#00294f","band":1,"off":[-1.7,1.1]}},{"type":"Feature","geometry":{"type":"Point","coordinates":[14.386312,40.861118]},"properties":{"line":"475","mode":"bus","color":"#0059a9","colorDark":"#00294f","band":1,"off":[1.7,1.1]}},{"type":"Feature","geometry":{"type":"Point","coordinates":[14.370194,40.844068]},"properties":{"name":"Roma - Belvedere","band":1,"modes":"bus","arr":["177"],"off":[0,-0.8]}},{"type":"Feature","geometry":{"type":"Point","coordinates":[14.370194,40.844068]},"properties":{"line":"177","mode":"bus","color":"#0059a9","colorDark":"#00294f","band":1,"off":[0,1.1]}},{"type":"Feature","geometry":{"type":"Point","coordinates":[14.373258,40.825272]},"properties":{"name":"Cook","band":1,"modes":"bus","arr":["176"],"off":[0,-0.8]}},{"type":"Feature","geometry":{"type":"Point","coordinates":[14.373258,40.825272]},"properties":{"line":"176","mode":"bus","color":"#0059a9","colorDark":"#00294f","band":1,"off":[0,1.1]}},{"type":"Feature","geometry":{"type":"Point","coordinates":[14.239673,40.892678]},"properties":{"name":"Zuccarini - M1 - Piscinola","band":1,"modes":"bus,metro","arr":["178","180","C67","L1","NL1","R5"],"off":[0,-0.8]}},{"type":"Feature","geometry":{"type":"Point","coordinates":[14.239673,40.892678]},"properties":{"name":"Tafuri - Plebiscito","band":1,"modes":"bus,metro","arr":["178","180","C67","L1","NL1","R5"],"off":[0,-3]}},{"type":"Feature","geometry":{"type":"Point","coordinates":[14.239673,40.892678]},"properties":{"name":"Piscinola","band":1,"modes":"bus,metro","arr":["178","180","C67","L1","NL1","R5"],"off":[0,-5.2]}},{"type":"Feature","geometry":{"type":"Point","coordinates":[14.239673,40.892678]},"properties":{"line":"178","mode":"bus","color":"#0059a9","colorDark":"#00294f","band":1,"off":[-6.8,1.1]}},{"type":"Feature","geometry":{"type":"Point","coordinates":[14.239673,40.892678]},"properties":{"line":"180","mode":"bus","color":"#0059a9","colorDark":"#00294f","band":1,"off":[-3.4,1.1]}},{"type":"Feature","geometry":{"type":"Point","coordinates":[14.239673,40.892678]},"properties":{"line":"C67","mode":"bus","color":"#0059a9","colorDark":"#00294f","band":1,"off":[0,1.1]}},{"type":"Feature","geometry":{"type":"Point","coordinates":[14.239673,40.892678]},"properties":{"line":"L1","mode":"tram","color":"#F8E414","colorDark":"#887d0b","band":1,"metro":1,"off":[3.4,1.1]}},{"type":"Feature","geometry":{"type":"Point","coordinates":[14.239673,40.892678]},"properties":{"line":"NL1","mode":"bus","color":"#0059a9","colorDark":"#00294f","band":1,"off":[6.8,1.1]}},{"type":"Feature","geometry":{"type":"Point","coordinates":[14.239673,40.892678]},"properties":{"line":"R5","mode":"bus","color":"#0059a9","colorDark":"#00294f","band":1,"off":[0,3.1]}},{"type":"Feature","geometry":{"type":"Point","coordinates":[14.234425,40.903567]},"properties":{"name":"Della Resistenza","band":1,"modes":"bus","arr":["N5"],"off":[0,-0.8]}},{"type":"Feature","geometry":{"type":"Point","coordinates":[14.234425,40.903567]},"properties":{"line":"N5","mode":"bus","color":"#0059a9","colorDark":"#00294f","band":1,"off":[0,1.1]}},{"type":"Feature","geometry":{"type":"Point","coordinates":[14.284148,40.875681]},"properties":{"name":"Ruffo di Calabria - Carbone","band":1,"modes":"bus","arr":["ALIB","C68"],"off":[0,-0.8]}},{"type":"Feature","geometry":{"type":"Point","coordinates":[14.284148,40.875681]},"properties":{"name":"Aeroporto","band":1,"modes":"bus","arr":["ALIB","C68"],"off":[0,-3]}},{"type":"Feature","geometry":{"type":"Point","coordinates":[14.284148,40.875681]},"properties":{"line":"ALIB","mode":"bus","color":"#0059a9","colorDark":"#00294f","band":1,"off":[-1.7,1.1]}},{"type":"Feature","geometry":{"type":"Point","coordinates":[14.284148,40.875681]},"properties":{"line":"C68","mode":"bus","color":"#0059a9","colorDark":"#00294f","band":1,"off":[1.7,1.1]}},{"type":"Feature","geometry":{"type":"Point","coordinates":[14.187775,40.839519]},"properties":{"name":"Cintia - Monte Sant'Angelo","band":1,"modes":"bus","arr":["S1"],"off":[0,-0.8]}},{"type":"Feature","geometry":{"type":"Point","coordinates":[14.187775,40.839519]},"properties":{"line":"S1","mode":"bus","color":"#0059a9","colorDark":"#00294f","band":1,"off":[0,1.1]}},{"type":"Feature","geometry":{"type":"Point","coordinates":[14.207397,40.835174]},"properties":{"name":"Caravaggio","band":1,"modes":"bus","arr":["S3"],"off":[0,-0.8]}},{"type":"Feature","geometry":{"type":"Point","coordinates":[14.207397,40.835174]},"properties":{"line":"S3","mode":"bus","color":"#0059a9","colorDark":"#00294f","band":1,"off":[0,1.1]}},{"type":"Feature","geometry":{"type":"Point","coordinates":[14.315213,40.879489]},"properties":{"name":"Deposito Via Puglie","band":1,"modes":"bus","arr":["182"],"off":[0,-0.8]}},{"type":"Feature","geometry":{"type":"Point","coordinates":[14.315213,40.879489]},"properties":{"line":"182","mode":"bus","color":"#0059a9","colorDark":"#00294f","band":1,"off":[0,1.1]}},{"type":"Feature","geometry":{"type":"Point","coordinates":[14.268062,40.889852]},"properties":{"name":"Delle Galassie Stazionamento","band":1,"modes":"bus","arr":["184"],"off":[0,-0.8]}},{"type":"Feature","geometry":{"type":"Point","coordinates":[14.268062,40.889852]},"properties":{"line":"184","mode":"bus","color":"#0059a9","colorDark":"#00294f","band":1,"off":[0,1.1]}},{"type":"Feature","geometry":{"type":"Point","coordinates":[14.266077,40.86231]},"properties":{"name":"Carlo III","band":1,"modes":"bus","arr":["185","201","654","C68"],"off":[0,-0.8]}},{"type":"Feature","geometry":{"type":"Point","coordinates":[14.266077,40.86231]},"properties":{"line":"185","mode":"bus","color":"#0059a9","colorDark":"#00294f","band":1,"off":[-5.1,1.1]}},{"type":"Feature","geometry":{"type":"Point","coordinates":[14.266077,40.86231]},"properties":{"line":"201","mode":"bus","color":"#149a3f","colorDark":"#0a5121","band":1,"off":[-1.7,1.1]}},{"type":"Feature","geometry":{"type":"Point","coordinates":[14.266077,40.86231]},"properties":{"line":"654","mode":"bus","color":"#0059a9","colorDark":"#00294f","band":1,"off":[1.7,1.1]}},{"type":"Feature","geometry":{"type":"Point","coordinates":[14.266077,40.86231]},"properties":{"line":"C68","mode":"bus","color":"#0059a9","colorDark":"#00294f","band":1,"off":[5.1,1.1]}},{"type":"Feature","geometry":{"type":"Point","coordinates":[14.260203,40.884031]},"properties":{"name":"Zanotti Bianco","band":1,"modes":"bus","arr":["185"],"off":[0,-0.8]}},{"type":"Feature","geometry":{"type":"Point","coordinates":[14.260203,40.884031]},"properties":{"line":"185","mode":"bus","color":"#0059a9","colorDark":"#00294f","band":1,"off":[0,1.1]}},{"type":"Feature","geometry":{"type":"Point","coordinates":[14.342063,40.86881]},"properties":{"name":"Callas","band":1,"modes":"bus","arr":["196"],"off":[0,-0.8]}},{"type":"Feature","geometry":{"type":"Point","coordinates":[14.342063,40.86881]},"properties":{"line":"196","mode":"bus","color":"#0059a9","colorDark":"#00294f","band":1,"off":[0,1.1]}},{"type":"Feature","geometry":{"type":"Point","coordinates":[14.312408,40.8513]},"properties":{"name":"Argine - Hitachi","band":1,"modes":"bus","arr":["196BR"],"off":[0,-0.8]}},{"type":"Feature","geometry":{"type":"Point","coordinates":[14.312408,40.8513]},"properties":{"line":"196BR","mode":"bus","color":"#0059a9","colorDark":"#00294f","band":1,"off":[0,1.1]}},{"type":"Feature","geometry":{"type":"Point","coordinates":[14.256508,40.839427]},"properties":{"name":"Medina - Municipio","band":1,"modes":"bus","arr":["201","202","204","302","421A","ALIB"],"off":[0,-0.8]}},{"type":"Feature","geometry":{"type":"Point","coordinates":[14.256508,40.839427]},"properties":{"name":"Colombo-Porto (Capolinea Linea 1-4)","band":1,"modes":"bus","arr":["201","202","204","302","421A","ALIB"],"off":[0,-1.9]}},{"type":"Feature","geometry":{"type":"Point","coordinates":[14.256508,40.839427]},"properties":{"name":"Beverello - Angioino","band":1,"modes":"bus","arr":["201","202","204","302","421A","ALIB"],"off":[0,-4.1]}},{"type":"Feature","geometry":{"type":"Point","coordinates":[14.256508,40.839427]},"properties":{"line":"201","mode":"bus","color":"#149a3f","colorDark":"#0a5121","band":1,"off":[-6.8,1.1]}},{"type":"Feature","geometry":{"type":"Point","coordinates":[14.256508,40.839427]},"properties":{"line":"202","mode":"bus","color":"#149a3f","colorDark":"#0a5121","band":1,"off":[-3.4,1.1]}},{"type":"Feature","geometry":{"type":"Point","coordinates":[14.256508,40.839427]},"properties":{"line":"204","mode":"bus","color":"#149a3f","colorDark":"#0a5121","band":1,"off":[0,1.1]}},{"type":"Feature","geometry":{"type":"Point","coordinates":[14.256508,40.839427]},"properties":{"line":"302","mode":"bus","color":"#0059a9","colorDark":"#00294f","band":1,"off":[3.4,1.1]}},{"type":"Feature","geometry":{"type":"Point","coordinates":[14.256508,40.839427]},"properties":{"line":"421A","mode":"bus","color":"#0059a9","colorDark":"#00294f","band":1,"off":[6.8,1.1]}},{"type":"Feature","geometry":{"type":"Point","coordinates":[14.256508,40.839427]},"properties":{"line":"ALIB","mode":"bus","color":"#0059a9","colorDark":"#00294f","band":1,"off":[0,3.1]}},{"type":"Feature","geometry":{"type":"Point","coordinates":[14.266166,40.871436]},"properties":{"name":"Nicolini","band":1,"modes":"bus","arr":["201BR","254"],"off":[0,-0.8]}},{"type":"Feature","geometry":{"type":"Point","coordinates":[14.266166,40.871436]},"properties":{"line":"201BR","mode":"bus","color":"#0059a9","colorDark":"#00294f","band":1,"off":[-1.7,1.1]}},{"type":"Feature","geometry":{"type":"Point","coordinates":[14.266166,40.871436]},"properties":{"line":"254","mode":"bus","color":"#149a3f","colorDark":"#0a5121","band":1,"off":[1.7,1.1]}},{"type":"Feature","geometry":{"type":"Point","coordinates":[14.348398,40.820259]},"properties":{"name":"Piazza Poli","band":1,"modes":"bus","arr":["254"],"off":[0,-0.8]}},{"type":"Feature","geometry":{"type":"Point","coordinates":[14.348398,40.820259]},"properties":{"line":"254","mode":"bus","color":"#149a3f","colorDark":"#0a5121","band":1,"off":[0,1.1]}},{"type":"Feature","geometry":{"type":"Point","coordinates":[14.305469,40.834122]},"properties":{"name":"San Giovanni a Teduccio - Deposito A.N.M.","band":1,"modes":"tram,bus","arr":["412","421","421A","422"],"off":[0,-0.8]}},{"type":"Feature","geometry":{"type":"Point","coordinates":[14.305469,40.834122]},"properties":{"line":"412","mode":"tram","color":"#d6212b","colorDark":"#7c1116","band":1,"off":[-5.1,1.1]}},{"type":"Feature","geometry":{"type":"Point","coordinates":[14.305469,40.834122]},"properties":{"line":"421","mode":"tram","color":"#d6212b","colorDark":"#7c1116","band":1,"off":[-1.7,1.1]}},{"type":"Feature","geometry":{"type":"Point","coordinates":[14.305469,40.834122]},"properties":{"line":"421A","mode":"bus","color":"#0059a9","colorDark":"#00294f","band":1,"off":[1.7,1.1]}},{"type":"Feature","geometry":{"type":"Point","coordinates":[14.305469,40.834122]},"properties":{"line":"422","mode":"tram","color":"#d6212b","colorDark":"#7c1116","band":1,"off":[5.1,1.1]}},{"type":"Feature","geometry":{"type":"Point","coordinates":[14.431073,40.760728]},"properties":{"name":"Palazzone","band":1,"modes":"bus","arr":["455"],"off":[0,-0.8]}},{"type":"Feature","geometry":{"type":"Point","coordinates":[14.431073,40.760728]},"properties":{"line":"455","mode":"bus","color":"#0059a9","colorDark":"#00294f","band":1,"off":[0,1.1]}},{"type":"Feature","geometry":{"type":"Point","coordinates":[14.15273,40.830526]},"properties":{"name":"Pisciarelli - Tribunale","band":1,"modes":"bus","arr":["502"],"off":[0,-0.8]}},{"type":"Feature","geometry":{"type":"Point","coordinates":[14.15273,40.830526]},"properties":{"line":"502","mode":"bus","color":"#0059a9","colorDark":"#00294f","band":1,"off":[0,1.1]}},{"type":"Feature","geometry":{"type":"Point","coordinates":[14.178669,40.819084]},"properties":{"name":"Kennedy - ITIS Righi","band":1,"modes":"bus","arr":["S4","S4A","S4B"],"off":[0,-0.8]}},{"type":"Feature","geometry":{"type":"Point","coordinates":[14.178669,40.819084]},"properties":{"line":"S4","mode":"bus","color":"#0059a9","colorDark":"#00294f","band":1,"off":[-3.4,1.1]}},{"type":"Feature","geometry":{"type":"Point","coordinates":[14.178669,40.819084]},"properties":{"line":"S4A","mode":"bus","color":"#0059a9","colorDark":"#00294f","band":1,"off":[0,1.1]}},{"type":"Feature","geometry":{"type":"Point","coordinates":[14.178669,40.819084]},"properties":{"line":"S4B","mode":"bus","color":"#0059a9","colorDark":"#00294f","band":1,"off":[3.4,1.1]}},{"type":"Feature","geometry":{"type":"Point","coordinates":[14.212394,40.868415]},"properties":{"name":"Ruggieri - Ospedale Monaldi","band":1,"modes":"bus","arr":["572","C42"],"off":[0,-0.8]}},{"type":"Feature","geometry":{"type":"Point","coordinates":[14.212394,40.868415]},"properties":{"line":"572","mode":"bus","color":"#0059a9","colorDark":"#00294f","band":1,"off":[-1.7,1.1]}},{"type":"Feature","geometry":{"type":"Point","coordinates":[14.212394,40.868415]},"properties":{"line":"C42","mode":"bus","color":"#0059a9","colorDark":"#00294f","band":1,"off":[1.7,1.1]}},{"type":"Feature","geometry":{"type":"Point","coordinates":[14.22806,40.894102]},"properties":{"name":"Corso Campano 116","band":1,"modes":"bus","arr":["572"],"off":[0,-0.8]}},{"type":"Feature","geometry":{"type":"Point","coordinates":[14.22806,40.894102]},"properties":{"line":"572","mode":"bus","color":"#0059a9","colorDark":"#00294f","band":1,"off":[0,1.1]}},{"type":"Feature","geometry":{"type":"Point","coordinates":[14.295093,40.872147]},"properties":{"name":"S.Maria del Pianto-Stazionamento","band":1,"modes":"bus","arr":["584"],"off":[0,-0.8]}},{"type":"Feature","geometry":{"type":"Point","coordinates":[14.295093,40.872147]},"properties":{"line":"584","mode":"bus","color":"#0059a9","colorDark":"#00294f","band":1,"off":[0,1.1]}},{"type":"Feature","geometry":{"type":"Point","coordinates":[14.161725,40.85607]},"properties":{"name":"Picasso Ex Area Mercatale","band":1,"modes":"bus","arr":["612","633","N6","S3A","S4","S4A","S5"],"off":[0,-0.8]}},{"type":"Feature","geometry":{"type":"Point","coordinates":[14.161725,40.85607]},"properties":{"name":"Montagna Spaccata","band":1,"modes":"bus","arr":["612","633","N6","S3A","S4","S4A","S5"],"off":[0,-3]}},{"type":"Feature","geometry":{"type":"Point","coordinates":[14.161725,40.85607]},"properties":{"name":"Modigliani","band":1,"modes":"bus","arr":["612","633","N6","S3A","S4","S4A","S5"],"off":[0,-4.1]}},{"type":"Feature","geometry":{"type":"Point","coordinates":[14.161725,40.85607]},"properties":{"line":"612","mode":"bus","color":"#0059a9","colorDark":"#00294f","band":1,"off":[-6.8,1.1]}},{"type":"Feature","geometry":{"type":"Point","coordinates":[14.161725,40.85607]},"properties":{"line":"633","mode":"bus","color":"#0059a9","colorDark":"#00294f","band":1,"off":[-3.4,1.1]}},{"type":"Feature","geometry":{"type":"Point","coordinates":[14.161725,40.85607]},"properties":{"line":"N6","mode":"bus","color":"#0059a9","colorDark":"#00294f","band":1,"off":[0,1.1]}},{"type":"Feature","geometry":{"type":"Point","coordinates":[14.161725,40.85607]},"properties":{"line":"S3A","mode":"bus","color":"#0059a9","colorDark":"#00294f","band":1,"off":[3.4,1.1]}},{"type":"Feature","geometry":{"type":"Point","coordinates":[14.161725,40.85607]},"properties":{"line":"S4","mode":"bus","color":"#0059a9","colorDark":"#00294f","band":1,"off":[6.8,1.1]}},{"type":"Feature","geometry":{"type":"Point","coordinates":[14.161725,40.85607]},"properties":{"line":"S4A","mode":"bus","color":"#0059a9","colorDark":"#00294f","band":1,"off":[-1.7,3.1]}},{"type":"Feature","geometry":{"type":"Point","coordinates":[14.161725,40.85607]},"properties":{"line":"S5","mode":"bus","color":"#0059a9","colorDark":"#00294f","band":1,"off":[1.7,3.1]}},{"type":"Feature","geometry":{"type":"Point","coordinates":[14.219865,40.830643]},"properties":{"name":"Piedigrotta","band":1,"modes":"bus","arr":["612"],"off":[0,-0.8]}},{"type":"Feature","geometry":{"type":"Point","coordinates":[14.219865,40.830643]},"properties":{"line":"612","mode":"bus","color":"#0059a9","colorDark":"#00294f","band":1,"off":[0,1.1]}},{"type":"Feature","geometry":{"type":"Point","coordinates":[14.193352,40.796733]},"properties":{"name":"Marechiaro","band":1,"modes":"bus","arr":["622"],"off":[0,-0.8]}},{"type":"Feature","geometry":{"type":"Point","coordinates":[14.193352,40.796733]},"properties":{"line":"622","mode":"bus","color":"#0059a9","colorDark":"#00294f","band":1,"off":[0,1.1]}},{"type":"Feature","geometry":{"type":"Point","coordinates":[14.263976,40.86818]},"properties":{"name":"De Marco","band":1,"modes":"bus","arr":["654"],"off":[0,-0.8]}},{"type":"Feature","geometry":{"type":"Point","coordinates":[14.263976,40.86818]},"properties":{"line":"654","mode":"bus","color":"#0059a9","colorDark":"#00294f","band":1,"off":[0,1.1]}},{"type":"Feature","geometry":{"type":"Point","coordinates":[14.250109,40.836561]},"properties":{"name":"Acton ASC1","band":1,"modes":"bus","arr":["ACTON"],"off":[0,-0.8]}},{"type":"Feature","geometry":{"type":"Point","coordinates":[14.250109,40.836561]},"properties":{"line":"ACTON","mode":"bus","color":"#0059a9","colorDark":"#00294f","band":1,"off":[0,1.1]}},{"type":"Feature","geometry":{"type":"Point","coordinates":[14.191941,40.806477]},"properties":{"name":"Padula - Manzoni","band":1,"modes":"bus","arr":["C1","C1E"],"off":[0,-0.8]}},{"type":"Feature","geometry":{"type":"Point","coordinates":[14.191941,40.806477]},"properties":{"line":"C1","mode":"bus","color":"#0059a9","colorDark":"#00294f","band":1,"off":[-1.7,1.1]}},{"type":"Feature","geometry":{"type":"Point","coordinates":[14.191941,40.806477]},"properties":{"line":"C1E","mode":"bus","color":"#0059a9","colorDark":"#00294f","band":1,"off":[1.7,1.1]}},{"type":"Feature","geometry":{"type":"Point","coordinates":[14.169307,40.816978]},"properties":{"name":"Piazza Salvemini","band":1,"modes":"bus","arr":["C3"],"off":[0,-0.8]}},{"type":"Feature","geometry":{"type":"Point","coordinates":[14.169307,40.816978]},"properties":{"line":"C3","mode":"bus","color":"#0059a9","colorDark":"#00294f","band":1,"off":[0,1.1]}},{"type":"Feature","geometry":{"type":"Point","coordinates":[14.219983,40.825782]},"properties":{"name":"Mergellina","band":1,"modes":"bus,metro","arr":["C16","C21","F4"],"off":[0,-0.8]}},{"type":"Feature","geometry":{"type":"Point","coordinates":[14.219983,40.825782]},"properties":{"name":"Capolinea Mergellina","band":1,"modes":"bus,metro","arr":["C16","C21","F4"],"off":[0,-1.9]}},{"type":"Feature","geometry":{"type":"Point","coordinates":[14.219983,40.825782]},"properties":{"line":"C16","mode":"bus","color":"#0059a9","colorDark":"#00294f","band":1,"off":[-3.4,1.1]}},{"type":"Feature","geometry":{"type":"Point","coordinates":[14.219983,40.825782]},"properties":{"line":"C21","mode":"bus","color":"#0059a9","colorDark":"#00294f","band":1,"off":[0,1.1]}},{"type":"Feature","geometry":{"type":"Point","coordinates":[14.219983,40.825782]},"properties":{"line":"F4","mode":"tram","color":"#F89329","colorDark":"#885117","band":1,"metro":1,"off":[3.4,1.1]}},{"type":"Feature","geometry":{"type":"Point","coordinates":[14.209011,40.844095]},"properties":{"name":"San Domenico","band":1,"modes":"bus","arr":["C36"],"off":[0,-0.8]}},{"type":"Feature","geometry":{"type":"Point","coordinates":[14.209011,40.844095]},"properties":{"line":"C36","mode":"bus","color":"#0059a9","colorDark":"#00294f","band":1,"off":[0,1.1]}},{"type":"Feature","geometry":{"type":"Point","coordinates":[14.240162,40.844318]},"properties":{"name":"San Martino-Certosa","band":1,"modes":"bus","arr":["C37"],"off":[0,-0.8]}},{"type":"Feature","geometry":{"type":"Point","coordinates":[14.240162,40.844318]},"properties":{"line":"C37","mode":"bus","color":"#0059a9","colorDark":"#00294f","band":1,"off":[0,1.1]}},{"type":"Feature","geometry":{"type":"Point","coordinates":[14.253622,40.854859]},"properties":{"name":"Piazza Cavour","band":1,"modes":"bus","arr":["C52"],"off":[0,-0.8]}},{"type":"Feature","geometry":{"type":"Point","coordinates":[14.253622,40.854859]},"properties":{"line":"C52","mode":"bus","color":"#0059a9","colorDark":"#00294f","band":1,"off":[0,1.1]}},{"type":"Feature","geometry":{"type":"Point","coordinates":[14.246851,40.861503]},"properties":{"name":"San Gennaro dei Poveri","band":1,"modes":"bus","arr":["C52"],"off":[0,-0.8]}},{"type":"Feature","geometry":{"type":"Point","coordinates":[14.246851,40.861503]},"properties":{"line":"C52","mode":"bus","color":"#0059a9","colorDark":"#00294f","band":1,"off":[0,1.1]}},{"type":"Feature","geometry":{"type":"Point","coordinates":[14.228515,40.869945]},"properties":{"name":"S.Gatto - M1 Colli Aminei","band":1,"modes":"bus","arr":["C65"],"off":[0,-0.8]}},{"type":"Feature","geometry":{"type":"Point","coordinates":[14.228515,40.869945]},"properties":{"line":"C65","mode":"bus","color":"#0059a9","colorDark":"#00294f","band":1,"off":[0,1.1]}},{"type":"Feature","geometry":{"type":"Point","coordinates":[14.24702,40.874131]},"properties":{"name":"Lieti","band":1,"modes":"bus","arr":["C65"],"off":[0,-0.8]}},{"type":"Feature","geometry":{"type":"Point","coordinates":[14.24702,40.874131]},"properties":{"line":"C65","mode":"bus","color":"#0059a9","colorDark":"#00294f","band":1,"off":[0,1.1]}},{"type":"Feature","geometry":{"type":"Point","coordinates":[14.204061,40.872917]},"properties":{"name":"Camaldoli Hospital","band":1,"modes":"bus","arr":["C76"],"off":[0,-0.8]}},{"type":"Feature","geometry":{"type":"Point","coordinates":[14.204061,40.872917]},"properties":{"line":"C76","mode":"bus","color":"#0059a9","colorDark":"#00294f","band":1,"off":[0,1.1]}},{"type":"Feature","geometry":{"type":"Point","coordinates":[14.264353,40.900098]},"properties":{"name":"Rione dei Fiori","band":1,"modes":"bus","arr":["C78","C90"],"off":[0,-0.8]}},{"type":"Feature","geometry":{"type":"Point","coordinates":[14.264353,40.900098]},"properties":{"name":"La Certosa di Parma","band":1,"modes":"bus","arr":["C78","C90"],"off":[0,-1.9]}},{"type":"Feature","geometry":{"type":"Point","coordinates":[14.264353,40.900098]},"properties":{"line":"C78","mode":"bus","color":"#0059a9","colorDark":"#00294f","band":1,"off":[-1.7,1.1]}},{"type":"Feature","geometry":{"type":"Point","coordinates":[14.264353,40.900098]},"properties":{"line":"C90","mode":"bus","color":"#0059a9","colorDark":"#00294f","band":1,"off":[1.7,1.1]}},{"type":"Feature","geometry":{"type":"Point","coordinates":[14.292912,40.866643]},"properties":{"name":"Poggioreale","band":1,"modes":"tram,bus","arr":["412","421","C90"],"off":[0,-0.8]}},{"type":"Feature","geometry":{"type":"Point","coordinates":[14.292912,40.866643]},"properties":{"name":"Miraglia - Parise","band":1,"modes":"tram,bus","arr":["412","421","C90"],"off":[0,-1.9]}},{"type":"Feature","geometry":{"type":"Point","coordinates":[14.292912,40.866643]},"properties":{"line":"412","mode":"tram","color":"#d6212b","colorDark":"#7c1116","band":1,"off":[-3.4,1.1]}},{"type":"Feature","geometry":{"type":"Point","coordinates":[14.292912,40.866643]},"properties":{"line":"421","mode":"tram","color":"#d6212b","colorDark":"#7c1116","band":1,"off":[0,1.1]}},{"type":"Feature","geometry":{"type":"Point","coordinates":[14.292912,40.866643]},"properties":{"line":"C90","mode":"bus","color":"#0059a9","colorDark":"#00294f","band":1,"off":[3.4,1.1]}},{"type":"Feature","geometry":{"type":"Point","coordinates":[14.245829,40.836192]},"properties":{"name":"Trieste e Trento","band":1,"modes":"bus","arr":["CHIAIA","E6"],"off":[0,-0.8]}},{"type":"Feature","geometry":{"type":"Point","coordinates":[14.245829,40.836192]},"properties":{"name":"Chiaia ASC1","band":1,"modes":"bus","arr":["CHIAIA","E6"],"off":[0,-1.9]}},{"type":"Feature","geometry":{"type":"Point","coordinates":[14.245829,40.836192]},"properties":{"name":"Chiaia ASC","band":1,"modes":"bus","arr":["CHIAIA","E6"],"off":[0,-3]}},{"type":"Feature","geometry":{"type":"Point","coordinates":[14.245829,40.836192]},"properties":{"line":"CHIAIA","mode":"bus","color":"#0059a9","colorDark":"#00294f","band":1,"off":[-1.7,1.1]}},{"type":"Feature","geometry":{"type":"Point","coordinates":[14.245829,40.836192]},"properties":{"line":"E6","mode":"bus","color":"#0059a9","colorDark":"#00294f","band":1,"off":[1.7,1.1]}},{"type":"Feature","geometry":{"type":"Point","coordinates":[14.248536,40.830434]},"properties":{"name":"Echia ASC1","band":1,"modes":"bus","arr":["ECHIA"],"off":[0,-0.8]}},{"type":"Feature","geometry":{"type":"Point","coordinates":[14.248536,40.830434]},"properties":{"name":"Echia ASC","band":1,"modes":"bus","arr":["ECHIA"],"off":[0,-1.9]}},{"type":"Feature","geometry":{"type":"Point","coordinates":[14.248536,40.830434]},"properties":{"line":"ECHIA","mode":"bus","color":"#0059a9","colorDark":"#00294f","band":1,"off":[0,1.1]}},{"type":"Feature","geometry":{"type":"Point","coordinates":[14.248776,40.838953]},"properties":{"name":"San Carlo - Trieste e Trento","band":1,"modes":"metro,bus","arr":["F3","L6","R2"],"off":[0,-0.8]}},{"type":"Feature","geometry":{"type":"Point","coordinates":[14.248776,40.838953]},"properties":{"name":"Municipio","band":1,"modes":"metro,bus","arr":["F3","L6","R2"],"off":[0,-3]}},{"type":"Feature","geometry":{"type":"Point","coordinates":[14.248776,40.838953]},"properties":{"name":"Augusteo","band":1,"modes":"metro,bus","arr":["F3","L6","R2"],"off":[0,-4.1]}},{"type":"Feature","geometry":{"type":"Point","coordinates":[14.248776,40.838953]},"properties":{"line":"F3","mode":"tram","color":"#F89329","colorDark":"#885117","band":1,"metro":1,"off":[-3.4,1.1]}},{"type":"Feature","geometry":{"type":"Point","coordinates":[14.248776,40.838953]},"properties":{"line":"L6","mode":"tram","color":"#179ED6","colorDark":"#0d5776","band":1,"metro":1,"off":[0,1.1]}},{"type":"Feature","geometry":{"type":"Point","coordinates":[14.248776,40.838953]},"properties":{"line":"R2","mode":"bus","color":"#0059a9","colorDark":"#00294f","band":1,"off":[3.4,1.1]}},{"type":"Feature","geometry":{"type":"Point","coordinates":[14.180116,40.84959]},"properties":{"name":"Padula - Montagna Spaccata","band":1,"modes":"bus","arr":["R6","S3","S4B"],"off":[0,-0.8]}},{"type":"Feature","geometry":{"type":"Point","coordinates":[14.180116,40.84959]},"properties":{"line":"R6","mode":"bus","color":"#0059a9","colorDark":"#00294f","band":1,"off":[-3.4,1.1]}},{"type":"Feature","geometry":{"type":"Point","coordinates":[14.180116,40.84959]},"properties":{"line":"S3","mode":"bus","color":"#0059a9","colorDark":"#00294f","band":1,"off":[0,1.1]}},{"type":"Feature","geometry":{"type":"Point","coordinates":[14.180116,40.84959]},"properties":{"line":"S4B","mode":"bus","color":"#0059a9","colorDark":"#00294f","band":1,"off":[3.4,1.1]}},{"type":"Feature","geometry":{"type":"Point","coordinates":[14.2212,40.864367]},"properties":{"name":"Pansini","band":1,"modes":"bus","arr":["NL1"],"off":[0,-0.8]}},{"type":"Feature","geometry":{"type":"Point","coordinates":[14.2212,40.864367]},"properties":{"line":"NL1","mode":"bus","color":"#0059a9","colorDark":"#00294f","band":1,"off":[0,1.1]}},{"type":"Feature","geometry":{"type":"Point","coordinates":[14.159559,40.817116]},"properties":{"name":"Bagnoli - la Pietra","band":1,"modes":"bus","arr":["R7"],"off":[0,-0.8]}},{"type":"Feature","geometry":{"type":"Point","coordinates":[14.159559,40.817116]},"properties":{"line":"R7","mode":"bus","color":"#0059a9","colorDark":"#00294f","band":1,"off":[0,1.1]}},{"type":"Feature","geometry":{"type":"Point","coordinates":[14.248496,40.859361]},"properties":{"name":"Sanità ASC1","band":1,"modes":"bus","arr":["SANITA"],"off":[0,-0.8]}},{"type":"Feature","geometry":{"type":"Point","coordinates":[14.248496,40.859361]},"properties":{"name":"Sanità ASC","band":1,"modes":"bus","arr":["SANITA"],"off":[0,-1.9]}},{"type":"Feature","geometry":{"type":"Point","coordinates":[14.248496,40.859361]},"properties":{"line":"SANITA","mode":"bus","color":"#0059a9","colorDark":"#00294f","band":1,"off":[0,1.1]}},{"type":"Feature","geometry":{"type":"Point","coordinates":[14.245026,40.849092]},"properties":{"name":"Venta ASC1","band":1,"modes":"bus","arr":["VENTA"],"off":[0,-0.8]}},{"type":"Feature","geometry":{"type":"Point","coordinates":[14.245026,40.849092]},"properties":{"name":"Venta ASC","band":1,"modes":"bus","arr":["VENTA"],"off":[0,-1.9]}},{"type":"Feature","geometry":{"type":"Point","coordinates":[14.245026,40.849092]},"properties":{"line":"VENTA","mode":"bus","color":"#0059a9","colorDark":"#00294f","band":1,"off":[0,1.1]}},{"type":"Feature","geometry":{"type":"Point","coordinates":[14.307029,40.831996]},"properties":{"name":"San Giovanni - Barra","band":1,"modes":"metro","arr":["L2"],"off":[0,-0.8]}},{"type":"Feature","geometry":{"type":"Point","coordinates":[14.307029,40.831996]},"properties":{"line":"L2","mode":"tram","color":"#4E78BA","colorDark":"#2b4266","band":1,"metro":1,"off":[0,1.1]}},{"type":"Feature","geometry":{"type":"Point","coordinates":[14.125587,40.827971]},"properties":{"name":"Pozzuoli","band":1,"modes":"metro","arr":["L2"],"off":[0,-0.8]}},{"type":"Feature","geometry":{"type":"Point","coordinates":[14.125587,40.827971]},"properties":{"line":"L2","mode":"tram","color":"#4E78BA","colorDark":"#2b4266","band":1,"metro":1,"off":[0,1.1]}},{"type":"Feature","geometry":{"type":"Point","coordinates":[14.234698,40.83812]},"properties":{"name":"Parco Margherita","band":1,"modes":"metro","arr":["F1"],"off":[0,-0.8]}},{"type":"Feature","geometry":{"type":"Point","coordinates":[14.234698,40.83812]},"properties":{"line":"F1","mode":"tram","color":"#F89329","colorDark":"#885117","band":1,"metro":1,"off":[0,1.1]}},{"type":"Feature","geometry":{"type":"Point","coordinates":[14.234008,40.842394]},"properties":{"name":"P. Fuga","band":1,"modes":"metro","arr":["F1","F3"],"off":[0,-0.8]}},{"type":"Feature","geometry":{"type":"Point","coordinates":[14.234008,40.842394]},"properties":{"name":"Cimarosa","band":1,"modes":"metro","arr":["F1","F3"],"off":[0,-1.9]}},{"type":"Feature","geometry":{"type":"Point","coordinates":[14.234008,40.842394]},"properties":{"line":"F1","mode":"tram","color":"#F89329","colorDark":"#885117","band":1,"metro":1,"off":[-1.7,1.1]}},{"type":"Feature","geometry":{"type":"Point","coordinates":[14.234008,40.842394]},"properties":{"line":"F3","mode":"tram","color":"#F89329","colorDark":"#885117","band":1,"metro":1,"off":[1.7,1.1]}},{"type":"Feature","geometry":{"type":"Point","coordinates":[14.212908,40.825879]},"properties":{"name":"Manzoni","band":1,"modes":"metro","arr":["F4"],"off":[0,-0.8]}},{"type":"Feature","geometry":{"type":"Point","coordinates":[14.212908,40.825879]},"properties":{"line":"F4","mode":"tram","color":"#F89329","colorDark":"#885117","band":1,"metro":1,"off":[0,1.1]}},{"type":"Feature","geometry":{"type":"Point","coordinates":[14.249295,40.879123]},"properties":{"name":"Porta Miano","band":2,"modes":"bus","arr":["3M"],"off":[0,-0.8]}},{"type":"Feature","geometry":{"type":"Point","coordinates":[14.249295,40.879123]},"properties":{"line":"3M","mode":"bus","color":"#0059a9","colorDark":"#00294f","band":2,"off":[0,1.1]}},{"type":"Feature","geometry":{"type":"Point","coordinates":[14.248676,40.866983]},"properties":{"name":"Capodimonte","band":2,"modes":"bus","arr":["C67"],"off":[0,-0.8]}},{"type":"Feature","geometry":{"type":"Point","coordinates":[14.248676,40.866983]},"properties":{"line":"C67","mode":"bus","color":"#0059a9","colorDark":"#00294f","band":2,"off":[0,1.1]}},{"type":"Feature","geometry":{"type":"Point","coordinates":[14.249728,40.848533]},"properties":{"name":"Dante - M1","band":2,"modes":"bus","arr":["178","C63"],"off":[0,-0.8]}},{"type":"Feature","geometry":{"type":"Point","coordinates":[14.249728,40.848533]},"properties":{"line":"178","mode":"bus","color":"#0059a9","colorDark":"#00294f","band":2,"off":[-1.7,1.1]}},{"type":"Feature","geometry":{"type":"Point","coordinates":[14.249728,40.848533]},"properties":{"line":"C63","mode":"bus","color":"#0059a9","colorDark":"#00294f","band":2,"off":[1.7,1.1]}},{"type":"Feature","geometry":{"type":"Point","coordinates":[14.250923,40.852716]},"properties":{"name":"Museo Nazionale","band":2,"modes":"bus","arr":["3M","201BR","C56"],"off":[0,-0.8]}},{"type":"Feature","geometry":{"type":"Point","coordinates":[14.250923,40.852716]},"properties":{"name":"Costantinopoli","band":2,"modes":"bus","arr":["3M","201BR","C56"],"off":[0,-1.9]}},{"type":"Feature","geometry":{"type":"Point","coordinates":[14.250923,40.852716]},"properties":{"line":"3M","mode":"bus","color":"#0059a9","colorDark":"#00294f","band":2,"off":[-3.4,1.1]}},{"type":"Feature","geometry":{"type":"Point","coordinates":[14.250923,40.852716]},"properties":{"line":"201BR","mode":"bus","color":"#0059a9","colorDark":"#00294f","band":2,"off":[0,1.1]}},{"type":"Feature","geometry":{"type":"Point","coordinates":[14.250923,40.852716]},"properties":{"line":"C56","mode":"bus","color":"#0059a9","colorDark":"#00294f","band":2,"off":[3.4,1.1]}},{"type":"Feature","geometry":{"type":"Point","coordinates":[14.336304,40.811086]},"properties":{"name":"Gianturco","band":2,"modes":"bus","arr":["5","158","176","177"],"off":[0,-0.8]}},{"type":"Feature","geometry":{"type":"Point","coordinates":[14.336304,40.811086]},"properties":{"line":"5","mode":"bus","color":"#0059a9","colorDark":"#00294f","band":2,"off":[-5.1,1.1]}},{"type":"Feature","geometry":{"type":"Point","coordinates":[14.336304,40.811086]},"properties":{"line":"158","mode":"bus","color":"#0059a9","colorDark":"#00294f","band":2,"off":[-1.7,1.1]}},{"type":"Feature","geometry":{"type":"Point","coordinates":[14.336304,40.811086]},"properties":{"line":"176","mode":"bus","color":"#0059a9","colorDark":"#00294f","band":2,"off":[1.7,1.1]}},{"type":"Feature","geometry":{"type":"Point","coordinates":[14.336304,40.811086]},"properties":{"line":"177","mode":"bus","color":"#0059a9","colorDark":"#00294f","band":2,"off":[5.1,1.1]}},{"type":"Feature","geometry":{"type":"Point","coordinates":[14.382844,40.819969]},"properties":{"name":"Vesuvio","band":2,"modes":"bus","arr":["5"],"off":[0,-0.8]}},{"type":"Feature","geometry":{"type":"Point","coordinates":[14.382844,40.819969]},"properties":{"line":"5","mode":"bus","color":"#0059a9","colorDark":"#00294f","band":2,"off":[0,1.1]}},{"type":"Feature","geometry":{"type":"Point","coordinates":[14.28064,40.846234]},"properties":{"name":"Volta - Brin","band":2,"modes":"bus","arr":["116","154","156","173A","175","194","196","196BR","455","460","472","475","N1","N3","N5","R2"],"off":[0,-0.8],"sc":0.92}},{"type":"Feature","geometry":{"type":"Point","coordinates":[14.28064,40.846234]},"properties":{"name":"Brin - Attestamento","band":2,"modes":"bus","arr":["116","154","156","173A","175","194","196","196BR","455","460","472","475","N1","N3","N5","R2"],"off":[0,-1.9],"sc":0.92}},{"type":"Feature","geometry":{"type":"Point","coordinates":[14.28064,40.846234]},"properties":{"name":"Brin","band":2,"modes":"bus","arr":["116","154","156","173A","175","194","196","196BR","455","460","472","475","N1","N3","N5","R2"],"off":[0,-4.1],"sc":0.92}},{"type":"Feature","geometry":{"type":"Point","coordinates":[14.28064,40.846234]},"properties":{"line":"116","mode":"bus","color":"#0059a9","colorDark":"#00294f","band":2,"sc":0.92,"off":[-6.8,1.1]}},{"type":"Feature","geometry":{"type":"Point","coordinates":[14.28064,40.846234]},"properties":{"line":"154","mode":"bus","color":"#0059a9","colorDark":"#00294f","band":2,"sc":0.92,"off":[-3.4,1.1]}},{"type":"Feature","geometry":{"type":"Point","coordinates":[14.28064,40.846234]},"properties":{"line":"156","mode":"bus","color":"#0059a9","colorDark":"#00294f","band":2,"sc":0.92,"off":[0,1.1]}},{"type":"Feature","geometry":{"type":"Point","coordinates":[14.28064,40.846234]},"properties":{"line":"173A","mode":"bus","color":"#0059a9","colorDark":"#00294f","band":2,"sc":0.92,"off":[3.4,1.1]}},{"type":"Feature","geometry":{"type":"Point","coordinates":[14.28064,40.846234]},"properties":{"line":"175","mode":"bus","color":"#0059a9","colorDark":"#00294f","band":2,"sc":0.92,"off":[6.8,1.1]}},{"type":"Feature","geometry":{"type":"Point","coordinates":[14.28064,40.846234]},"properties":{"line":"194","mode":"bus","color":"#0059a9","colorDark":"#00294f","band":2,"sc":0.92,"off":[-6.8,3.1]}},{"type":"Feature","geometry":{"type":"Point","coordinates":[14.28064,40.846234]},"properties":{"line":"196","mode":"bus","color":"#0059a9","colorDark":"#00294f","band":2,"sc":0.92,"off":[-3.4,3.1]}},{"type":"Feature","geometry":{"type":"Point","coordinates":[14.28064,40.846234]},"properties":{"line":"196BR","mode":"bus","color":"#0059a9","colorDark":"#00294f","band":2,"sc":0.92,"off":[0,3.1]}},{"type":"Feature","geometry":{"type":"Point","coordinates":[14.28064,40.846234]},"properties":{"line":"455","mode":"bus","color":"#0059a9","colorDark":"#00294f","band":2,"sc":0.92,"off":[3.4,3.1]}},{"type":"Feature","geometry":{"type":"Point","coordinates":[14.28064,40.846234]},"properties":{"line":"460","mode":"bus","color":"#0059a9","colorDark":"#00294f","band":2,"sc":0.92,"off":[6.8,3.1]}},{"type":"Feature","geometry":{"type":"Point","coordinates":[14.28064,40.846234]},"properties":{"line":"472","mode":"bus","color":"#0059a9","colorDark":"#00294f","band":2,"sc":0.92,"off":[-6.8,5.1]}},{"type":"Feature","geometry":{"type":"Point","coordinates":[14.28064,40.846234]},"properties":{"line":"475","mode":"bus","color":"#0059a9","colorDark":"#00294f","band":2,"sc":0.92,"off":[-3.4,5.1]}},{"type":"Feature","geometry":{"type":"Point","coordinates":[14.28064,40.846234]},"properties":{"line":"N1","mode":"bus","color":"#0059a9","colorDark":"#00294f","band":2,"sc":0.92,"off":[0,5.1]}},{"type":"Feature","geometry":{"type":"Point","coordinates":[14.28064,40.846234]},"properties":{"line":"N3","mode":"bus","color":"#0059a9","colorDark":"#00294f","band":2,"sc":0.92,"off":[3.4,5.1]}},{"type":"Feature","geometry":{"type":"Point","coordinates":[14.28064,40.846234]},"properties":{"line":"N5","mode":"bus","color":"#0059a9","colorDark":"#00294f","band":2,"sc":0.92,"off":[6.8,5.1]}},{"type":"Feature","geometry":{"type":"Point","coordinates":[14.28064,40.846234]},"properties":{"line":"R2","mode":"bus","color":"#0059a9","colorDark":"#00294f","band":2,"sc":0.92,"off":[0,7.1]}},{"type":"Feature","geometry":{"type":"Point","coordinates":[14.268683,40.849171]},"properties":{"name":"Garibaldi - Circumvesuviana","band":2,"modes":"bus","arr":["195"],"off":[0,-0.8]}},{"type":"Feature","geometry":{"type":"Point","coordinates":[14.268683,40.849171]},"properties":{"line":"195","mode":"bus","color":"#0059a9","colorDark":"#00294f","band":2,"off":[0,1.1]}},{"type":"Feature","geometry":{"type":"Point","coordinates":[14.360188,40.860414]},"properties":{"name":"Riccardi - Piazza della Libertà","band":2,"modes":"bus","arr":["472"],"off":[0,-0.8]}},{"type":"Feature","geometry":{"type":"Point","coordinates":[14.360188,40.860414]},"properties":{"line":"472","mode":"bus","color":"#0059a9","colorDark":"#00294f","band":2,"off":[0,1.1]}},{"type":"Feature","geometry":{"type":"Point","coordinates":[14.354613,40.869862]},"properties":{"name":"Serao - Attestamento","band":2,"modes":"bus","arr":["116","158"],"off":[0,-0.8]}},{"type":"Feature","geometry":{"type":"Point","coordinates":[14.354613,40.869862]},"properties":{"line":"116","mode":"bus","color":"#0059a9","colorDark":"#00294f","band":2,"off":[-1.7,1.1]}},{"type":"Feature","geometry":{"type":"Point","coordinates":[14.354613,40.869862]},"properties":{"line":"158","mode":"bus","color":"#0059a9","colorDark":"#00294f","band":2,"off":[1.7,1.1]}},{"type":"Feature","geometry":{"type":"Point","coordinates":[14.250521,40.83349]},"properties":{"name":"Santa Lucia - Plebiscito","band":2,"modes":"bus","arr":["128","140"],"off":[0,-0.8]}},{"type":"Feature","geometry":{"type":"Point","coordinates":[14.250521,40.83349]},"properties":{"name":"Cesario Console - Plebiscito","band":2,"modes":"bus","arr":["128","140"],"off":[0,-3]}},{"type":"Feature","geometry":{"type":"Point","coordinates":[14.250521,40.83349]},"properties":{"line":"128","mode":"bus","color":"#0059a9","colorDark":"#00294f","band":2,"off":[-1.7,1.1]}},{"type":"Feature","geometry":{"type":"Point","coordinates":[14.250521,40.83349]},"properties":{"line":"140","mode":"bus","color":"#0059a9","colorDark":"#00294f","band":2,"off":[1.7,1.1]}},{"type":"Feature","geometry":{"type":"Point","coordinates":[14.241496,40.832401]},"properties":{"name":"Vittoria - Villa Comunale","band":2,"modes":"bus","arr":["154","R7"],"off":[0,-0.8]}},{"type":"Feature","geometry":{"type":"Point","coordinates":[14.241496,40.832401]},"properties":{"name":"Vittoria","band":2,"modes":"bus","arr":["154","R7"],"off":[0,-3]}},{"type":"Feature","geometry":{"type":"Point","coordinates":[14.241496,40.832401]},"properties":{"line":"154","mode":"bus","color":"#0059a9","colorDark":"#00294f","band":2,"off":[-1.7,1.1]}},{"type":"Feature","geometry":{"type":"Point","coordinates":[14.241496,40.832401]},"properties":{"line":"R7","mode":"bus","color":"#0059a9","colorDark":"#00294f","band":2,"off":[1.7,1.1]}},{"type":"Feature","geometry":{"type":"Point","coordinates":[14.226545,40.843456]},"properties":{"name":"Scarlatti","band":2,"modes":"bus","arr":["128","132","181","C31","C37"],"off":[0,-0.8]}},{"type":"Feature","geometry":{"type":"Point","coordinates":[14.226545,40.843456]},"properties":{"name":"Cilea","band":2,"modes":"bus","arr":["128","132","181","C31","C37"],"off":[0,-1.9]}},{"type":"Feature","geometry":{"type":"Point","coordinates":[14.226545,40.843456]},"properties":{"line":"128","mode":"bus","color":"#0059a9","colorDark":"#00294f","band":2,"off":[-6.8,1.1]}},{"type":"Feature","geometry":{"type":"Point","coordinates":[14.226545,40.843456]},"properties":{"line":"132","mode":"bus","color":"#0059a9","colorDark":"#00294f","band":2,"off":[-3.4,1.1]}},{"type":"Feature","geometry":{"type":"Point","coordinates":[14.226545,40.843456]},"properties":{"line":"181","mode":"bus","color":"#0059a9","colorDark":"#00294f","band":2,"off":[0,1.1]}},{"type":"Feature","geometry":{"type":"Point","coordinates":[14.226545,40.843456]},"properties":{"line":"C31","mode":"bus","color":"#0059a9","colorDark":"#00294f","band":2,"off":[3.4,1.1]}},{"type":"Feature","geometry":{"type":"Point","coordinates":[14.226545,40.843456]},"properties":{"line":"C37","mode":"bus","color":"#0059a9","colorDark":"#00294f","band":2,"off":[6.8,1.1]}},{"type":"Feature","geometry":{"type":"Point","coordinates":[14.26943,40.853116]},"properties":{"name":"Garibaldi - Principe Umberto","band":2,"modes":"bus","arr":["130","151","169","460","C56","R5"],"off":[0,-0.8]}},{"type":"Feature","geometry":{"type":"Point","coordinates":[14.26943,40.853116]},"properties":{"name":"Garibaldi - Attestamento","band":2,"modes":"bus","arr":["130","151","169","460","C56","R5"],"off":[0,-3]}},{"type":"Feature","geometry":{"type":"Point","coordinates":[14.26943,40.853116]},"properties":{"name":"Garibaldi","band":2,"modes":"bus","arr":["130","151","169","460","C56","R5"],"off":[0,-5.2]}},{"type":"Feature","geometry":{"type":"Point","coordinates":[14.26943,40.853116]},"properties":{"line":"130","mode":"bus","color":"#0059a9","colorDark":"#00294f","band":2,"off":[-6.8,1.1]}},{"type":"Feature","geometry":{"type":"Point","coordinates":[14.26943,40.853116]},"properties":{"line":"151","mode":"bus","color":"#0059a9","colorDark":"#00294f","band":2,"off":[-3.4,1.1]}},{"type":"Feature","geometry":{"type":"Point","coordinates":[14.26943,40.853116]},"properties":{"line":"169","mode":"bus","color":"#0059a9","colorDark":"#00294f","band":2,"off":[0,1.1]}},{"type":"Feature","geometry":{"type":"Point","coordinates":[14.26943,40.853116]},"properties":{"line":"460","mode":"bus","color":"#0059a9","colorDark":"#00294f","band":2,"off":[3.4,1.1]}},{"type":"Feature","geometry":{"type":"Point","coordinates":[14.26943,40.853116]},"properties":{"line":"C56","mode":"bus","color":"#0059a9","colorDark":"#00294f","band":2,"off":[6.8,1.1]}},{"type":"Feature","geometry":{"type":"Point","coordinates":[14.26943,40.853116]},"properties":{"line":"R5","mode":"bus","color":"#0059a9","colorDark":"#00294f","band":2,"off":[0,3.1]}},{"type":"Feature","geometry":{"type":"Point","coordinates":[14.222808,40.846091]},"properties":{"name":"Acitillo","band":2,"modes":"bus","arr":["130"],"off":[0,-0.8]}},{"type":"Feature","geometry":{"type":"Point","coordinates":[14.222808,40.846091]},"properties":{"line":"130","mode":"bus","color":"#0059a9","colorDark":"#00294f","band":2,"off":[0,1.1]}},{"type":"Feature","geometry":{"type":"Point","coordinates":[14.272615,40.857827]},"properties":{"name":"Nazionale","band":2,"modes":"bus,tram","arr":["191","422"],"off":[0,-0.8]}},{"type":"Feature","geometry":{"type":"Point","coordinates":[14.272615,40.857827]},"properties":{"name":"Casanova - Nazionale","band":2,"modes":"bus,tram","arr":["191","422"],"off":[0,-1.9]}},{"type":"Feature","geometry":{"type":"Point","coordinates":[14.272615,40.857827]},"properties":{"line":"191","mode":"bus","color":"#0059a9","colorDark":"#00294f","band":2,"off":[-1.7,1.1]}},{"type":"Feature","geometry":{"type":"Point","coordinates":[14.272615,40.857827]},"properties":{"line":"422","mode":"tram","color":"#d6212b","colorDark":"#7c1116","band":2,"off":[1.7,1.1]}},{"type":"Feature","geometry":{"type":"Point","coordinates":[14.204473,40.839596]},"properties":{"name":"Largo Giustiniano","band":2,"modes":"bus","arr":["132","S3A"],"off":[0,-0.8]}},{"type":"Feature","geometry":{"type":"Point","coordinates":[14.204473,40.839596]},"properties":{"line":"132","mode":"bus","color":"#0059a9","colorDark":"#00294f","band":2,"off":[-1.7,1.1]}},{"type":"Feature","geometry":{"type":"Point","coordinates":[14.204473,40.839596]},"properties":{"line":"S3A","mode":"bus","color":"#0059a9","colorDark":"#00294f","band":2,"off":[1.7,1.1]}},{"type":"Feature","geometry":{"type":"Point","coordinates":[14.199944,40.842333]},"properties":{"name":"Adriano - Poste","band":2,"modes":"bus","arr":["618"],"off":[0,-0.8]}},{"type":"Feature","geometry":{"type":"Point","coordinates":[14.199944,40.842333]},"properties":{"line":"618","mode":"bus","color":"#0059a9","colorDark":"#00294f","band":2,"off":[0,1.1]}},{"type":"Feature","geometry":{"type":"Point","coordinates":[14.22523,40.845985]},"properties":{"name":"Quattro Giornate - Stadio Collana","band":2,"modes":"bus","arr":["N3","S2"],"off":[0,-0.8]}},{"type":"Feature","geometry":{"type":"Point","coordinates":[14.22523,40.845985]},"properties":{"line":"N3","mode":"bus","color":"#0059a9","colorDark":"#00294f","band":2,"off":[-1.7,1.1]}},{"type":"Feature","geometry":{"type":"Point","coordinates":[14.22523,40.845985]},"properties":{"line":"S2","mode":"bus","color":"#0059a9","colorDark":"#00294f","band":2,"off":[1.7,1.1]}},{"type":"Feature","geometry":{"type":"Point","coordinates":[14.225067,40.847247]},"properties":{"name":"Gemito-Rossini","band":2,"modes":"bus","arr":["633","S5"],"off":[0,-0.8]}},{"type":"Feature","geometry":{"type":"Point","coordinates":[14.225067,40.847247]},"properties":{"line":"633","mode":"bus","color":"#0059a9","colorDark":"#00294f","band":2,"off":[-1.7,1.1]}},{"type":"Feature","geometry":{"type":"Point","coordinates":[14.225067,40.847247]},"properties":{"line":"S5","mode":"bus","color":"#0059a9","colorDark":"#00294f","band":2,"off":[1.7,1.1]}},{"type":"Feature","geometry":{"type":"Point","coordinates":[14.22795,40.868778]},"properties":{"name":"S.Gatto - M1 Colli Aminei","band":2,"modes":"bus","arr":["139","143","144","144A","144B","165","165Q","C65","C76"],"off":[0,-0.8]}},{"type":"Feature","geometry":{"type":"Point","coordinates":[14.22795,40.868778]},"properties":{"name":"Ospedale Cardarelli","band":2,"modes":"bus","arr":["139","143","144","144A","144B","165","165Q","C65","C76"],"off":[0,-3]}},{"type":"Feature","geometry":{"type":"Point","coordinates":[14.22795,40.868778]},"properties":{"line":"139","mode":"bus","color":"#0059a9","colorDark":"#00294f","band":2,"off":[-6.8,1.1]}},{"type":"Feature","geometry":{"type":"Point","coordinates":[14.22795,40.868778]},"properties":{"line":"143","mode":"bus","color":"#0059a9","colorDark":"#00294f","band":2,"off":[-3.4,1.1]}},{"type":"Feature","geometry":{"type":"Point","coordinates":[14.22795,40.868778]},"properties":{"line":"144","mode":"bus","color":"#0059a9","colorDark":"#00294f","band":2,"off":[0,1.1]}},{"type":"Feature","geometry":{"type":"Point","coordinates":[14.22795,40.868778]},"properties":{"line":"144A","mode":"bus","color":"#0059a9","colorDark":"#00294f","band":2,"off":[3.4,1.1]}},{"type":"Feature","geometry":{"type":"Point","coordinates":[14.22795,40.868778]},"properties":{"line":"144B","mode":"bus","color":"#0059a9","colorDark":"#00294f","band":2,"off":[6.8,1.1]}},{"type":"Feature","geometry":{"type":"Point","coordinates":[14.22795,40.868778]},"properties":{"line":"165","mode":"bus","color":"#0059a9","colorDark":"#00294f","band":2,"off":[-5.1,3.1]}},{"type":"Feature","geometry":{"type":"Point","coordinates":[14.22795,40.868778]},"properties":{"line":"165Q","mode":"bus","color":"#0059a9","colorDark":"#00294f","band":2,"off":[-1.7,3.1]}},{"type":"Feature","geometry":{"type":"Point","coordinates":[14.22795,40.868778]},"properties":{"line":"C65","mode":"bus","color":"#0059a9","colorDark":"#00294f","band":2,"off":[1.7,3.1]}},{"type":"Feature","geometry":{"type":"Point","coordinates":[14.22795,40.868778]},"properties":{"line":"C76","mode":"bus","color":"#0059a9","colorDark":"#00294f","band":2,"off":[5.1,3.1]}},{"type":"Feature","geometry":{"type":"Point","coordinates":[14.252473,40.843678]},"properties":{"name":"Sanfelice - Bovio","band":2,"modes":"bus","arr":["139","168","182","184","302","NAVF2"],"off":[0,-0.8]}},{"type":"Feature","geometry":{"type":"Point","coordinates":[14.252473,40.843678]},"properties":{"name":"Monteoliveto - Federico II - Architettura","band":2,"modes":"bus","arr":["139","168","182","184","302","NAVF2"],"off":[0,-1.9]}},{"type":"Feature","geometry":{"type":"Point","coordinates":[14.252473,40.843678]},"properties":{"name":"Battisti","band":2,"modes":"bus","arr":["139","168","182","184","302","NAVF2"],"off":[0,-5.2]}},{"type":"Feature","geometry":{"type":"Point","coordinates":[14.252473,40.843678]},"properties":{"line":"139","mode":"bus","color":"#0059a9","colorDark":"#00294f","band":2,"off":[-6.8,1.1]}},{"type":"Feature","geometry":{"type":"Point","coordinates":[14.252473,40.843678]},"properties":{"line":"168","mode":"bus","color":"#0059a9","colorDark":"#00294f","band":2,"off":[-3.4,1.1]}},{"type":"Feature","geometry":{"type":"Point","coordinates":[14.252473,40.843678]},"properties":{"line":"182","mode":"bus","color":"#0059a9","colorDark":"#00294f","band":2,"off":[0,1.1]}},{"type":"Feature","geometry":{"type":"Point","coordinates":[14.252473,40.843678]},"properties":{"line":"184","mode":"bus","color":"#0059a9","colorDark":"#00294f","band":2,"off":[3.4,1.1]}},{"type":"Feature","geometry":{"type":"Point","coordinates":[14.252473,40.843678]},"properties":{"line":"302","mode":"bus","color":"#0059a9","colorDark":"#00294f","band":2,"off":[6.8,1.1]}},{"type":"Feature","geometry":{"type":"Point","coordinates":[14.252473,40.843678]},"properties":{"line":"NAVF2","mode":"bus","color":"#0059a9","colorDark":"#00294f","band":2,"off":[0,3.1]}},{"type":"Feature","geometry":{"type":"Point","coordinates":[14.249913,40.84683]},"properties":{"name":"Sant'Anna dei Lombardi","band":2,"modes":"bus","arr":["584"],"off":[0,-0.8]}},{"type":"Feature","geometry":{"type":"Point","coordinates":[14.249913,40.84683]},"properties":{"line":"584","mode":"bus","color":"#0059a9","colorDark":"#00294f","band":2,"off":[0,1.1]}},{"type":"Feature","geometry":{"type":"Point","coordinates":[14.234832,40.850453]},"properties":{"name":"Via Suarez","band":2,"modes":"bus","arr":["147","C44"],"off":[0,-0.8]}},{"type":"Feature","geometry":{"type":"Point","coordinates":[14.234832,40.850453]},"properties":{"name":"Suarez-Immacolata","band":2,"modes":"bus","arr":["147","C44"],"off":[0,-1.9]}},{"type":"Feature","geometry":{"type":"Point","coordinates":[14.234832,40.850453]},"properties":{"line":"147","mode":"bus","color":"#0059a9","colorDark":"#00294f","band":2,"off":[-1.7,1.1]}},{"type":"Feature","geometry":{"type":"Point","coordinates":[14.234832,40.850453]},"properties":{"line":"C44","mode":"bus","color":"#0059a9","colorDark":"#00294f","band":2,"off":[1.7,1.1]}},{"type":"Feature","geometry":{"type":"Point","coordinates":[14.226813,40.865447]},"properties":{"name":"Cardarelli-Ospedale","band":2,"modes":"bus","arr":["204","N7"],"off":[0,-0.8]}},{"type":"Feature","geometry":{"type":"Point","coordinates":[14.226813,40.865447]},"properties":{"name":"Cardarelli - Ospedale Cardarelli","band":2,"modes":"bus","arr":["204","N7"],"off":[0,-3]}},{"type":"Feature","geometry":{"type":"Point","coordinates":[14.226813,40.865447]},"properties":{"line":"204","mode":"bus","color":"#149a3f","colorDark":"#0a5121","band":2,"off":[-1.7,1.1]}},{"type":"Feature","geometry":{"type":"Point","coordinates":[14.226813,40.865447]},"properties":{"line":"N7","mode":"bus","color":"#0059a9","colorDark":"#00294f","band":2,"off":[1.7,1.1]}},{"type":"Feature","geometry":{"type":"Point","coordinates":[14.185556,40.804231]},"properties":{"name":"Posillipo Capo - Attestamento","band":2,"modes":"bus","arr":["140","622","C21","C31"],"off":[0,-0.8]}},{"type":"Feature","geometry":{"type":"Point","coordinates":[14.185556,40.804231]},"properties":{"line":"140","mode":"bus","color":"#0059a9","colorDark":"#00294f","band":2,"off":[-5.1,1.1]}},{"type":"Feature","geometry":{"type":"Point","coordinates":[14.185556,40.804231]},"properties":{"line":"622","mode":"bus","color":"#0059a9","colorDark":"#00294f","band":2,"off":[-1.7,1.1]}},{"type":"Feature","geometry":{"type":"Point","coordinates":[14.185556,40.804231]},"properties":{"line":"C21","mode":"bus","color":"#0059a9","colorDark":"#00294f","band":2,"off":[1.7,1.1]}},{"type":"Feature","geometry":{"type":"Point","coordinates":[14.185556,40.804231]},"properties":{"line":"C31","mode":"bus","color":"#0059a9","colorDark":"#00294f","band":2,"off":[5.1,1.1]}},{"type":"Feature","geometry":{"type":"Point","coordinates":[14.177259,40.894377]},"properties":{"name":"Marano Quarto","band":2,"modes":"bus","arr":["143"],"off":[0,-0.8]}},{"type":"Feature","geometry":{"type":"Point","coordinates":[14.177259,40.894377]},"properties":{"line":"143","mode":"bus","color":"#0059a9","colorDark":"#00294f","band":2,"off":[0,1.1]}},{"type":"Feature","geometry":{"type":"Point","coordinates":[14.172073,40.873382]},"properties":{"name":"Romano-Marano Pianura","band":2,"modes":"bus","arr":["144"],"off":[0,-0.8]}},{"type":"Feature","geometry":{"type":"Point","coordinates":[14.172073,40.873382]},"properties":{"line":"144","mode":"bus","color":"#0059a9","colorDark":"#00294f","band":2,"off":[0,1.1]}},{"type":"Feature","geometry":{"type":"Point","coordinates":[14.191806,40.860911]},"properties":{"name":"Dell'Eremo-Parco Pubblico","band":2,"modes":"bus","arr":["144A","144B","C44"],"off":[0,-0.8]}},{"type":"Feature","geometry":{"type":"Point","coordinates":[14.191806,40.860911]},"properties":{"line":"144A","mode":"bus","color":"#0059a9","colorDark":"#00294f","band":2,"off":[-3.4,1.1]}},{"type":"Feature","geometry":{"type":"Point","coordinates":[14.191806,40.860911]},"properties":{"line":"144B","mode":"bus","color":"#0059a9","colorDark":"#00294f","band":2,"off":[0,1.1]}},{"type":"Feature","geometry":{"type":"Point","coordinates":[14.191806,40.860911]},"properties":{"line":"C44","mode":"bus","color":"#0059a9","colorDark":"#00294f","band":2,"off":[3.4,1.1]}},{"type":"Feature","geometry":{"type":"Point","coordinates":[14.235909,40.852897]},"properties":{"name":"Caracciolo Poggio","band":2,"modes":"bus","arr":["C16"],"off":[0,-0.8]}},{"type":"Feature","geometry":{"type":"Point","coordinates":[14.235909,40.852897]},"properties":{"line":"C16","mode":"bus","color":"#0059a9","colorDark":"#00294f","band":2,"off":[0,1.1]}},{"type":"Feature","geometry":{"type":"Point","coordinates":[14.265733,40.865635]},"properties":{"name":"Tanucci","band":2,"modes":"bus","arr":["147","201BR","202","302","663","C63"],"off":[0,-0.8]}},{"type":"Feature","geometry":{"type":"Point","coordinates":[14.265733,40.865635]},"properties":{"name":"Giovan Battista Vico","band":2,"modes":"bus","arr":["147","201BR","202","302","663","C63"],"off":[0,-1.9]}},{"type":"Feature","geometry":{"type":"Point","coordinates":[14.265733,40.865635]},"properties":{"name":"Deposito Carlo III","band":2,"modes":"bus","arr":["147","201BR","202","302","663","C63"],"off":[0,-4.1]}},{"type":"Feature","geometry":{"type":"Point","coordinates":[14.265733,40.865635]},"properties":{"line":"147","mode":"bus","color":"#0059a9","colorDark":"#00294f","band":2,"off":[-6.8,1.1]}},{"type":"Feature","geometry":{"type":"Point","coordinates":[14.265733,40.865635]},"properties":{"line":"201BR","mode":"bus","color":"#0059a9","colorDark":"#00294f","band":2,"off":[-3.4,1.1]}},{"type":"Feature","geometry":{"type":"Point","coordinates":[14.265733,40.865635]},"properties":{"line":"202","mode":"bus","color":"#149a3f","colorDark":"#0a5121","band":2,"off":[0,1.1]}},{"type":"Feature","geometry":{"type":"Point","coordinates":[14.265733,40.865635]},"properties":{"line":"302","mode":"bus","color":"#0059a9","colorDark":"#00294f","band":2,"off":[3.4,1.1]}},{"type":"Feature","geometry":{"type":"Point","coordinates":[14.265733,40.865635]},"properties":{"line":"663","mode":"bus","color":"#0059a9","colorDark":"#00294f","band":2,"off":[6.8,1.1]}},{"type":"Feature","geometry":{"type":"Point","coordinates":[14.265733,40.865635]},"properties":{"line":"C63","mode":"bus","color":"#0059a9","colorDark":"#00294f","band":2,"off":[0,3.1]}},{"type":"Feature","geometry":{"type":"Point","coordinates":[14.229678,40.849294]},"properties":{"name":"Tino da Camaino-Giardini Ruoppolo","band":2,"modes":"bus","arr":["C42"],"off":[0,-0.8]}},{"type":"Feature","geometry":{"type":"Point","coordinates":[14.229678,40.849294]},"properties":{"line":"C42","mode":"bus","color":"#0059a9","colorDark":"#00294f","band":2,"off":[0,1.1]}},{"type":"Feature","geometry":{"type":"Point","coordinates":[14.194388,40.823505]},"properties":{"name":"Piazzale Tecchio","band":2,"modes":"bus,metro","arr":["151","180","181","502","618","C1","C1E","C3","L6","N1","N6","N7","R6","S1","S2"],"off":[0,-0.8],"sc":0.94}},{"type":"Feature","geometry":{"type":"Point","coordinates":[14.194388,40.823505]},"properties":{"name":"Mostra","band":2,"modes":"bus,metro","arr":["151","180","181","502","618","C1","C1E","C3","L6","N1","N6","N7","R6","S1","S2"],"off":[0,-1.9],"sc":0.94}},{"type":"Feature","geometry":{"type":"Point","coordinates":[14.194388,40.823505]},"properties":{"name":"Giulio Cesare - Tecchio","band":2,"modes":"bus,metro","arr":["151","180","181","502","618","C1","C1E","C3","L6","N1","N6","N7","R6","S1","S2"],"off":[0,-3],"sc":0.94}},{"type":"Feature","geometry":{"type":"Point","coordinates":[14.194388,40.823505]},"properties":{"line":"151","mode":"bus","color":"#0059a9","colorDark":"#00294f","band":2,"sc":0.94,"off":[-6.8,1.1]}},{"type":"Feature","geometry":{"type":"Point","coordinates":[14.194388,40.823505]},"properties":{"line":"180","mode":"bus","color":"#0059a9","colorDark":"#00294f","band":2,"sc":0.94,"off":[-3.4,1.1]}},{"type":"Feature","geometry":{"type":"Point","coordinates":[14.194388,40.823505]},"properties":{"line":"181","mode":"bus","color":"#0059a9","colorDark":"#00294f","band":2,"sc":0.94,"off":[0,1.1]}},{"type":"Feature","geometry":{"type":"Point","coordinates":[14.194388,40.823505]},"properties":{"line":"502","mode":"bus","color":"#0059a9","colorDark":"#00294f","band":2,"sc":0.94,"off":[3.4,1.1]}},{"type":"Feature","geometry":{"type":"Point","coordinates":[14.194388,40.823505]},"properties":{"line":"618","mode":"bus","color":"#0059a9","colorDark":"#00294f","band":2,"sc":0.94,"off":[6.8,1.1]}},{"type":"Feature","geometry":{"type":"Point","coordinates":[14.194388,40.823505]},"properties":{"line":"C1","mode":"bus","color":"#0059a9","colorDark":"#00294f","band":2,"sc":0.94,"off":[-6.8,3.1]}},{"type":"Feature","geometry":{"type":"Point","coordinates":[14.194388,40.823505]},"properties":{"line":"C1E","mode":"bus","color":"#0059a9","colorDark":"#00294f","band":2,"sc":0.94,"off":[-3.4,3.1]}},{"type":"Feature","geometry":{"type":"Point","coordinates":[14.194388,40.823505]},"properties":{"line":"C3","mode":"bus","color":"#0059a9","colorDark":"#00294f","band":2,"sc":0.94,"off":[0,3.1]}},{"type":"Feature","geometry":{"type":"Point","coordinates":[14.194388,40.823505]},"properties":{"line":"L6","mode":"tram","color":"#179ED6","colorDark":"#0d5776","band":2,"metro":1,"sc":0.94,"off":[3.4,3.1]}},{"type":"Feature","geometry":{"type":"Point","coordinates":[14.194388,40.823505]},"properties":{"line":"N1","mode":"bus","color":"#0059a9","colorDark":"#00294f","band":2,"sc":0.94,"off":[6.8,3.1]}},{"type":"Feature","geometry":{"type":"Point","coordinates":[14.194388,40.823505]},"properties":{"line":"N6","mode":"bus","color":"#0059a9","colorDark":"#00294f","band":2,"sc":0.94,"off":[-6.8,5.1]}},{"type":"Feature","geometry":{"type":"Point","coordinates":[14.194388,40.823505]},"properties":{"line":"N7","mode":"bus","color":"#0059a9","colorDark":"#00294f","band":2,"sc":0.94,"off":[-3.4,5.1]}},{"type":"Feature","geometry":{"type":"Point","coordinates":[14.194388,40.823505]},"properties":{"line":"R6","mode":"bus","color":"#0059a9","colorDark":"#00294f","band":2,"sc":0.94,"off":[0,5.1]}},{"type":"Feature","geometry":{"type":"Point","coordinates":[14.194388,40.823505]},"properties":{"line":"S1","mode":"bus","color":"#0059a9","colorDark":"#00294f","band":2,"sc":0.94,"off":[3.4,5.1]}},{"type":"Feature","geometry":{"type":"Point","coordinates":[14.194388,40.823505]},"properties":{"line":"S2","mode":"bus","color":"#0059a9","colorDark":"#00294f","band":2,"sc":0.94,"off":[6.8,5.1]}},{"type":"Feature","geometry":{"type":"Point","coordinates":[14.338924,40.831719]},"properties":{"name":"Troisi","band":2,"modes":"bus","arr":["156"],"off":[0,-0.8]}},{"type":"Feature","geometry":{"type":"Point","coordinates":[14.338924,40.831719]},"properties":{"line":"156","mode":"bus","color":"#0059a9","colorDark":"#00294f","band":2,"off":[0,1.1]}},{"type":"Feature","geometry":{"type":"Point","coordinates":[14.231237,40.879984]},"properties":{"name":"Frullone - M1","band":2,"modes":"bus","arr":["162","167","168","663","C78"],"off":[0,-0.8]}},{"type":"Feature","geometry":{"type":"Point","coordinates":[14.231237,40.879984]},"properties":{"line":"162","mode":"bus","color":"#0059a9","colorDark":"#00294f","band":2,"off":[-6.8,1.1]}},{"type":"Feature","geometry":{"type":"Point","coordinates":[14.231237,40.879984]},"properties":{"line":"167","mode":"bus","color":"#0059a9","colorDark":"#00294f","band":2,"off":[-3.4,1.1]}},{"type":"Feature","geometry":{"type":"Point","coordinates":[14.231237,40.879984]},"properties":{"line":"168","mode":"bus","color":"#0059a9","colorDark":"#00294f","band":2,"off":[0,1.1]}},{"type":"Feature","geometry":{"type":"Point","coordinates":[14.231237,40.879984]},"properties":{"line":"663","mode":"bus","color":"#0059a9","colorDark":"#00294f","band":2,"off":[3.4,1.1]}},{"type":"Feature","geometry":{"type":"Point","coordinates":[14.231237,40.879984]},"properties":{"line":"C78","mode":"bus","color":"#0059a9","colorDark":"#00294f","band":2,"off":[6.8,1.1]}},{"type":"Feature","geometry":{"type":"Point","coordinates":[14.21734,40.926503]},"properties":{"name":"Colonne Signorelli-Metronordest","band":2,"modes":"bus","arr":["162","460"],"off":[0,-0.8]}},{"type":"Feature","geometry":{"type":"Point","coordinates":[14.21734,40.926503]},"properties":{"line":"162","mode":"bus","color":"#0059a9","colorDark":"#00294f","band":2,"off":[-1.7,1.1]}},{"type":"Feature","geometry":{"type":"Point","coordinates":[14.21734,40.926503]},"properties":{"line":"460","mode":"bus","color":"#0059a9","colorDark":"#00294f","band":2,"off":[1.7,1.1]}},{"type":"Feature","geometry":{"type":"Point","coordinates":[14.201095,40.924251]},"properties":{"name":"Maristi","band":2,"modes":"bus","arr":["167"],"off":[0,-0.8]}},{"type":"Feature","geometry":{"type":"Point","coordinates":[14.201095,40.924251]},"properties":{"line":"167","mode":"bus","color":"#0059a9","colorDark":"#00294f","band":2,"off":[0,1.1]}},{"type":"Feature","geometry":{"type":"Point","coordinates":[14.124372,40.902577]},"properties":{"name":"Castel Belvedere 303","band":2,"modes":"bus","arr":["165"],"off":[0,-0.8]}},{"type":"Feature","geometry":{"type":"Point","coordinates":[14.124372,40.902577]},"properties":{"line":"165","mode":"bus","color":"#0059a9","colorDark":"#00294f","band":2,"off":[0,1.1]}},{"type":"Feature","geometry":{"type":"Point","coordinates":[14.139179,40.916111]},"properties":{"name":"Di Vittorio - Piazza Apicella","band":2,"modes":"bus","arr":["165Q"],"off":[0,-0.8]}},{"type":"Feature","geometry":{"type":"Point","coordinates":[14.139179,40.916111]},"properties":{"line":"165Q","mode":"bus","color":"#0059a9","colorDark":"#00294f","band":2,"off":[0,1.1]}},{"type":"Feature","geometry":{"type":"Point","coordinates":[14.350877,40.909922]},"properties":{"name":"Don Luigi Puglisi - Traversa IV Pigna","band":2,"modes":"bus","arr":["169","169P"],"off":[0,-0.8]}},{"type":"Feature","geometry":{"type":"Point","coordinates":[14.350877,40.909922]},"properties":{"line":"169","mode":"bus","color":"#0059a9","colorDark":"#00294f","band":2,"off":[-1.7,1.1]}},{"type":"Feature","geometry":{"type":"Point","coordinates":[14.350877,40.909922]},"properties":{"line":"169P","mode":"bus","color":"#0059a9","colorDark":"#00294f","band":2,"off":[1.7,1.1]}},{"type":"Feature","geometry":{"type":"Point","coordinates":[14.28798,40.945317]},"properties":{"name":"Circumvallazione Ovest - IACP (Virtuale)","band":2,"modes":"bus","arr":["169P"],"off":[0,-0.8]}},{"type":"Feature","geometry":{"type":"Point","coordinates":[14.28798,40.945317]},"properties":{"line":"169P","mode":"bus","color":"#0059a9","colorDark":"#00294f","band":2,"off":[0,1.1]}},{"type":"Feature","geometry":{"type":"Point","coordinates":[14.329059,40.858116]},"properties":{"name":"Argine - Stazionamento","band":2,"modes":"bus","arr":["173","173A","191","195"],"off":[0,-0.8]}},{"type":"Feature","geometry":{"type":"Point","coordinates":[14.329059,40.858116]},"properties":{"line":"173","mode":"bus","color":"#0059a9","colorDark":"#00294f","band":2,"off":[-5.1,1.1]}},{"type":"Feature","geometry":{"type":"Point","coordinates":[14.329059,40.858116]},"properties":{"line":"173A","mode":"bus","color":"#0059a9","colorDark":"#00294f","band":2,"off":[-1.7,1.1]}},{"type":"Feature","geometry":{"type":"Point","coordinates":[14.329059,40.858116]},"properties":{"line":"191","mode":"bus","color":"#0059a9","colorDark":"#00294f","band":2,"off":[1.7,1.1]}},{"type":"Feature","geometry":{"type":"Point","coordinates":[14.329059,40.858116]},"properties":{"line":"195","mode":"bus","color":"#0059a9","colorDark":"#00294f","band":2,"off":[5.1,1.1]}},{"type":"Feature","geometry":{"type":"Point","coordinates":[14.349164,40.872903]},"properties":{"name":"Petrarca","band":2,"modes":"bus","arr":["173"],"off":[0,-0.8]}},{"type":"Feature","geometry":{"type":"Point","coordinates":[14.349164,40.872903]},"properties":{"line":"173","mode":"bus","color":"#0059a9","colorDark":"#00294f","band":2,"off":[0,1.1]}},{"type":"Feature","geometry":{"type":"Point","coordinates":[14.318976,40.844794]},"properties":{"name":"Chiaromonte - Day Hospital","band":2,"modes":"bus","arr":["194"],"off":[0,-0.8]}},{"type":"Feature","geometry":{"type":"Point","coordinates":[14.318976,40.844794]},"properties":{"line":"194","mode":"bus","color":"#0059a9","colorDark":"#00294f","band":2,"off":[0,1.1]}},{"type":"Feature","geometry":{"type":"Point","coordinates":[14.386312,40.861118]},"properties":{"name":"Cavour - Istituto Case Popolari","band":2,"modes":"bus","arr":["175","475"],"off":[0,-0.8]}},{"type":"Feature","geometry":{"type":"Point","coordinates":[14.386312,40.861118]},"properties":{"line":"175","mode":"bus","color":"#0059a9","colorDark":"#00294f","band":2,"off":[-1.7,1.1]}},{"type":"Feature","geometry":{"type":"Point","coordinates":[14.386312,40.861118]},"properties":{"line":"475","mode":"bus","color":"#0059a9","colorDark":"#00294f","band":2,"off":[1.7,1.1]}},{"type":"Feature","geometry":{"type":"Point","coordinates":[14.370194,40.844068]},"properties":{"name":"Roma - Belvedere","band":2,"modes":"bus","arr":["177"],"off":[0,-0.8]}},{"type":"Feature","geometry":{"type":"Point","coordinates":[14.370194,40.844068]},"properties":{"line":"177","mode":"bus","color":"#0059a9","colorDark":"#00294f","band":2,"off":[0,1.1]}},{"type":"Feature","geometry":{"type":"Point","coordinates":[14.373258,40.825272]},"properties":{"name":"Cook","band":2,"modes":"bus","arr":["176"],"off":[0,-0.8]}},{"type":"Feature","geometry":{"type":"Point","coordinates":[14.373258,40.825272]},"properties":{"line":"176","mode":"bus","color":"#0059a9","colorDark":"#00294f","band":2,"off":[0,1.1]}},{"type":"Feature","geometry":{"type":"Point","coordinates":[14.239673,40.892678]},"properties":{"name":"Zuccarini - M1 - Piscinola","band":2,"modes":"bus,metro","arr":["178","180","C67","L1","NL1","R5"],"off":[0,-0.8]}},{"type":"Feature","geometry":{"type":"Point","coordinates":[14.239673,40.892678]},"properties":{"name":"Tafuri - Plebiscito","band":2,"modes":"bus,metro","arr":["178","180","C67","L1","NL1","R5"],"off":[0,-3]}},{"type":"Feature","geometry":{"type":"Point","coordinates":[14.239673,40.892678]},"properties":{"name":"Piscinola","band":2,"modes":"bus,metro","arr":["178","180","C67","L1","NL1","R5"],"off":[0,-5.2]}},{"type":"Feature","geometry":{"type":"Point","coordinates":[14.239673,40.892678]},"properties":{"line":"178","mode":"bus","color":"#0059a9","colorDark":"#00294f","band":2,"off":[-6.8,1.1]}},{"type":"Feature","geometry":{"type":"Point","coordinates":[14.239673,40.892678]},"properties":{"line":"180","mode":"bus","color":"#0059a9","colorDark":"#00294f","band":2,"off":[-3.4,1.1]}},{"type":"Feature","geometry":{"type":"Point","coordinates":[14.239673,40.892678]},"properties":{"line":"C67","mode":"bus","color":"#0059a9","colorDark":"#00294f","band":2,"off":[0,1.1]}},{"type":"Feature","geometry":{"type":"Point","coordinates":[14.239673,40.892678]},"properties":{"line":"L1","mode":"tram","color":"#F8E414","colorDark":"#887d0b","band":2,"metro":1,"off":[3.4,1.1]}},{"type":"Feature","geometry":{"type":"Point","coordinates":[14.239673,40.892678]},"properties":{"line":"NL1","mode":"bus","color":"#0059a9","colorDark":"#00294f","band":2,"off":[6.8,1.1]}},{"type":"Feature","geometry":{"type":"Point","coordinates":[14.239673,40.892678]},"properties":{"line":"R5","mode":"bus","color":"#0059a9","colorDark":"#00294f","band":2,"off":[0,3.1]}},{"type":"Feature","geometry":{"type":"Point","coordinates":[14.234425,40.903567]},"properties":{"name":"Della Resistenza","band":2,"modes":"bus","arr":["N5"],"off":[0,-0.8]}},{"type":"Feature","geometry":{"type":"Point","coordinates":[14.234425,40.903567]},"properties":{"line":"N5","mode":"bus","color":"#0059a9","colorDark":"#00294f","band":2,"off":[0,1.1]}},{"type":"Feature","geometry":{"type":"Point","coordinates":[14.285209,40.874673]},"properties":{"name":"Ruffo di Calabria - Carbone","band":2,"modes":"bus","arr":["C68"],"off":[0,-0.8]}},{"type":"Feature","geometry":{"type":"Point","coordinates":[14.285209,40.874673]},"properties":{"line":"C68","mode":"bus","color":"#0059a9","colorDark":"#00294f","band":2,"off":[0,1.1]}},{"type":"Feature","geometry":{"type":"Point","coordinates":[14.187775,40.839519]},"properties":{"name":"Cintia - Monte Sant'Angelo","band":2,"modes":"bus","arr":["S1"],"off":[0,-0.8]}},{"type":"Feature","geometry":{"type":"Point","coordinates":[14.187775,40.839519]},"properties":{"line":"S1","mode":"bus","color":"#0059a9","colorDark":"#00294f","band":2,"off":[0,1.1]}},{"type":"Feature","geometry":{"type":"Point","coordinates":[14.207397,40.835174]},"properties":{"name":"Caravaggio","band":2,"modes":"bus","arr":["S3"],"off":[0,-0.8]}},{"type":"Feature","geometry":{"type":"Point","coordinates":[14.207397,40.835174]},"properties":{"line":"S3","mode":"bus","color":"#0059a9","colorDark":"#00294f","band":2,"off":[0,1.1]}},{"type":"Feature","geometry":{"type":"Point","coordinates":[14.315213,40.879489]},"properties":{"name":"Deposito Via Puglie","band":2,"modes":"bus","arr":["182"],"off":[0,-0.8]}},{"type":"Feature","geometry":{"type":"Point","coordinates":[14.315213,40.879489]},"properties":{"line":"182","mode":"bus","color":"#0059a9","colorDark":"#00294f","band":2,"off":[0,1.1]}},{"type":"Feature","geometry":{"type":"Point","coordinates":[14.268062,40.889852]},"properties":{"name":"Delle Galassie Stazionamento","band":2,"modes":"bus","arr":["184"],"off":[0,-0.8]}},{"type":"Feature","geometry":{"type":"Point","coordinates":[14.268062,40.889852]},"properties":{"line":"184","mode":"bus","color":"#0059a9","colorDark":"#00294f","band":2,"off":[0,1.1]}},{"type":"Feature","geometry":{"type":"Point","coordinates":[14.265179,40.861818]},"properties":{"name":"Carlo III","band":2,"modes":"bus","arr":["185","654","C68"],"off":[0,-0.8]}},{"type":"Feature","geometry":{"type":"Point","coordinates":[14.265179,40.861818]},"properties":{"line":"185","mode":"bus","color":"#0059a9","colorDark":"#00294f","band":2,"off":[-3.4,1.1]}},{"type":"Feature","geometry":{"type":"Point","coordinates":[14.265179,40.861818]},"properties":{"line":"654","mode":"bus","color":"#0059a9","colorDark":"#00294f","band":2,"off":[0,1.1]}},{"type":"Feature","geometry":{"type":"Point","coordinates":[14.265179,40.861818]},"properties":{"line":"C68","mode":"bus","color":"#0059a9","colorDark":"#00294f","band":2,"off":[3.4,1.1]}},{"type":"Feature","geometry":{"type":"Point","coordinates":[14.260203,40.884031]},"properties":{"name":"Zanotti Bianco","band":2,"modes":"bus","arr":["185"],"off":[0,-0.8]}},{"type":"Feature","geometry":{"type":"Point","coordinates":[14.260203,40.884031]},"properties":{"line":"185","mode":"bus","color":"#0059a9","colorDark":"#00294f","band":2,"off":[0,1.1]}},{"type":"Feature","geometry":{"type":"Point","coordinates":[14.342063,40.86881]},"properties":{"name":"Callas","band":2,"modes":"bus","arr":["196"],"off":[0,-0.8]}},{"type":"Feature","geometry":{"type":"Point","coordinates":[14.342063,40.86881]},"properties":{"line":"196","mode":"bus","color":"#0059a9","colorDark":"#00294f","band":2,"off":[0,1.1]}},{"type":"Feature","geometry":{"type":"Point","coordinates":[14.312408,40.8513]},"properties":{"name":"Argine - Hitachi","band":2,"modes":"bus","arr":["196BR"],"off":[0,-0.8]}},{"type":"Feature","geometry":{"type":"Point","coordinates":[14.312408,40.8513]},"properties":{"line":"196BR","mode":"bus","color":"#0059a9","colorDark":"#00294f","band":2,"off":[0,1.1]}},{"type":"Feature","geometry":{"type":"Point","coordinates":[14.266974,40.862802]},"properties":{"name":"Carlo III","band":2,"modes":"bus","arr":["201"],"off":[0,-0.8]}},{"type":"Feature","geometry":{"type":"Point","coordinates":[14.266974,40.862802]},"properties":{"line":"201","mode":"bus","color":"#149a3f","colorDark":"#0a5121","band":2,"off":[0,1.1]}},{"type":"Feature","geometry":{"type":"Point","coordinates":[14.253675,40.840046]},"properties":{"name":"Municipio","band":2,"modes":"bus,metro","arr":["201","202","204","302","421A","L6"],"off":[0,-0.8]}},{"type":"Feature","geometry":{"type":"Point","coordinates":[14.253675,40.840046]},"properties":{"name":"Medina - Municipio","band":2,"modes":"bus,metro","arr":["201","202","204","302","421A","L6"],"off":[0,-1.9]}},{"type":"Feature","geometry":{"type":"Point","coordinates":[14.253675,40.840046]},"properties":{"name":"Colombo-Porto (Capolinea Linea 1-4)","band":2,"modes":"bus,metro","arr":["201","202","204","302","421A","L6"],"off":[0,-3]}},{"type":"Feature","geometry":{"type":"Point","coordinates":[14.253675,40.840046]},"properties":{"line":"201","mode":"bus","color":"#149a3f","colorDark":"#0a5121","band":2,"off":[-6.8,1.1]}},{"type":"Feature","geometry":{"type":"Point","coordinates":[14.253675,40.840046]},"properties":{"line":"202","mode":"bus","color":"#149a3f","colorDark":"#0a5121","band":2,"off":[-3.4,1.1]}},{"type":"Feature","geometry":{"type":"Point","coordinates":[14.253675,40.840046]},"properties":{"line":"204","mode":"bus","color":"#149a3f","colorDark":"#0a5121","band":2,"off":[0,1.1]}},{"type":"Feature","geometry":{"type":"Point","coordinates":[14.253675,40.840046]},"properties":{"line":"302","mode":"bus","color":"#0059a9","colorDark":"#00294f","band":2,"off":[3.4,1.1]}},{"type":"Feature","geometry":{"type":"Point","coordinates":[14.253675,40.840046]},"properties":{"line":"421A","mode":"bus","color":"#0059a9","colorDark":"#00294f","band":2,"off":[6.8,1.1]}},{"type":"Feature","geometry":{"type":"Point","coordinates":[14.253675,40.840046]},"properties":{"line":"L6","mode":"tram","color":"#179ED6","colorDark":"#0d5776","band":2,"metro":1,"off":[0,3.1]}},{"type":"Feature","geometry":{"type":"Point","coordinates":[14.266166,40.871436]},"properties":{"name":"Nicolini","band":2,"modes":"bus","arr":["201BR","254"],"off":[0,-0.8]}},{"type":"Feature","geometry":{"type":"Point","coordinates":[14.266166,40.871436]},"properties":{"line":"201BR","mode":"bus","color":"#0059a9","colorDark":"#00294f","band":2,"off":[-1.7,1.1]}},{"type":"Feature","geometry":{"type":"Point","coordinates":[14.266166,40.871436]},"properties":{"line":"254","mode":"bus","color":"#149a3f","colorDark":"#0a5121","band":2,"off":[1.7,1.1]}},{"type":"Feature","geometry":{"type":"Point","coordinates":[14.348398,40.820259]},"properties":{"name":"Piazza Poli","band":2,"modes":"bus","arr":["254"],"off":[0,-0.8]}},{"type":"Feature","geometry":{"type":"Point","coordinates":[14.348398,40.820259]},"properties":{"line":"254","mode":"bus","color":"#149a3f","colorDark":"#0a5121","band":2,"off":[0,1.1]}},{"type":"Feature","geometry":{"type":"Point","coordinates":[14.305469,40.834122]},"properties":{"name":"San Giovanni a Teduccio - Deposito A.N.M.","band":2,"modes":"tram,bus","arr":["412","421","421A","422"],"off":[0,-0.8]}},{"type":"Feature","geometry":{"type":"Point","coordinates":[14.305469,40.834122]},"properties":{"line":"412","mode":"tram","color":"#d6212b","colorDark":"#7c1116","band":2,"off":[-5.1,1.1]}},{"type":"Feature","geometry":{"type":"Point","coordinates":[14.305469,40.834122]},"properties":{"line":"421","mode":"tram","color":"#d6212b","colorDark":"#7c1116","band":2,"off":[-1.7,1.1]}},{"type":"Feature","geometry":{"type":"Point","coordinates":[14.305469,40.834122]},"properties":{"line":"421A","mode":"bus","color":"#0059a9","colorDark":"#00294f","band":2,"off":[1.7,1.1]}},{"type":"Feature","geometry":{"type":"Point","coordinates":[14.305469,40.834122]},"properties":{"line":"422","mode":"tram","color":"#d6212b","colorDark":"#7c1116","band":2,"off":[5.1,1.1]}},{"type":"Feature","geometry":{"type":"Point","coordinates":[14.431073,40.760728]},"properties":{"name":"Palazzone","band":2,"modes":"bus","arr":["455"],"off":[0,-0.8]}},{"type":"Feature","geometry":{"type":"Point","coordinates":[14.431073,40.760728]},"properties":{"line":"455","mode":"bus","color":"#0059a9","colorDark":"#00294f","band":2,"off":[0,1.1]}},{"type":"Feature","geometry":{"type":"Point","coordinates":[14.15273,40.830526]},"properties":{"name":"Pisciarelli - Tribunale","band":2,"modes":"bus","arr":["502"],"off":[0,-0.8]}},{"type":"Feature","geometry":{"type":"Point","coordinates":[14.15273,40.830526]},"properties":{"line":"502","mode":"bus","color":"#0059a9","colorDark":"#00294f","band":2,"off":[0,1.1]}},{"type":"Feature","geometry":{"type":"Point","coordinates":[14.178669,40.819084]},"properties":{"name":"Kennedy - ITIS Righi","band":2,"modes":"bus","arr":["S4","S4A","S4B"],"off":[0,-0.8]}},{"type":"Feature","geometry":{"type":"Point","coordinates":[14.178669,40.819084]},"properties":{"line":"S4","mode":"bus","color":"#0059a9","colorDark":"#00294f","band":2,"off":[-3.4,1.1]}},{"type":"Feature","geometry":{"type":"Point","coordinates":[14.178669,40.819084]},"properties":{"line":"S4A","mode":"bus","color":"#0059a9","colorDark":"#00294f","band":2,"off":[0,1.1]}},{"type":"Feature","geometry":{"type":"Point","coordinates":[14.178669,40.819084]},"properties":{"line":"S4B","mode":"bus","color":"#0059a9","colorDark":"#00294f","band":2,"off":[3.4,1.1]}},{"type":"Feature","geometry":{"type":"Point","coordinates":[14.212394,40.868415]},"properties":{"name":"Ruggieri - Ospedale Monaldi","band":2,"modes":"bus","arr":["572","C42"],"off":[0,-0.8]}},{"type":"Feature","geometry":{"type":"Point","coordinates":[14.212394,40.868415]},"properties":{"line":"572","mode":"bus","color":"#0059a9","colorDark":"#00294f","band":2,"off":[-1.7,1.1]}},{"type":"Feature","geometry":{"type":"Point","coordinates":[14.212394,40.868415]},"properties":{"line":"C42","mode":"bus","color":"#0059a9","colorDark":"#00294f","band":2,"off":[1.7,1.1]}},{"type":"Feature","geometry":{"type":"Point","coordinates":[14.22806,40.894102]},"properties":{"name":"Corso Campano 116","band":2,"modes":"bus","arr":["572"],"off":[0,-0.8]}},{"type":"Feature","geometry":{"type":"Point","coordinates":[14.22806,40.894102]},"properties":{"line":"572","mode":"bus","color":"#0059a9","colorDark":"#00294f","band":2,"off":[0,1.1]}},{"type":"Feature","geometry":{"type":"Point","coordinates":[14.295093,40.872147]},"properties":{"name":"S.Maria del Pianto-Stazionamento","band":2,"modes":"bus","arr":["584"],"off":[0,-0.8]}},{"type":"Feature","geometry":{"type":"Point","coordinates":[14.295093,40.872147]},"properties":{"line":"584","mode":"bus","color":"#0059a9","colorDark":"#00294f","band":2,"off":[0,1.1]}},{"type":"Feature","geometry":{"type":"Point","coordinates":[14.161725,40.85607]},"properties":{"name":"Picasso Ex Area Mercatale","band":2,"modes":"bus","arr":["612","633","N6","S3A","S4","S4A","S5"],"off":[0,-0.8]}},{"type":"Feature","geometry":{"type":"Point","coordinates":[14.161725,40.85607]},"properties":{"name":"Montagna Spaccata","band":2,"modes":"bus","arr":["612","633","N6","S3A","S4","S4A","S5"],"off":[0,-3]}},{"type":"Feature","geometry":{"type":"Point","coordinates":[14.161725,40.85607]},"properties":{"name":"Modigliani","band":2,"modes":"bus","arr":["612","633","N6","S3A","S4","S4A","S5"],"off":[0,-4.1]}},{"type":"Feature","geometry":{"type":"Point","coordinates":[14.161725,40.85607]},"properties":{"line":"612","mode":"bus","color":"#0059a9","colorDark":"#00294f","band":2,"off":[-6.8,1.1]}},{"type":"Feature","geometry":{"type":"Point","coordinates":[14.161725,40.85607]},"properties":{"line":"633","mode":"bus","color":"#0059a9","colorDark":"#00294f","band":2,"off":[-3.4,1.1]}},{"type":"Feature","geometry":{"type":"Point","coordinates":[14.161725,40.85607]},"properties":{"line":"N6","mode":"bus","color":"#0059a9","colorDark":"#00294f","band":2,"off":[0,1.1]}},{"type":"Feature","geometry":{"type":"Point","coordinates":[14.161725,40.85607]},"properties":{"line":"S3A","mode":"bus","color":"#0059a9","colorDark":"#00294f","band":2,"off":[3.4,1.1]}},{"type":"Feature","geometry":{"type":"Point","coordinates":[14.161725,40.85607]},"properties":{"line":"S4","mode":"bus","color":"#0059a9","colorDark":"#00294f","band":2,"off":[6.8,1.1]}},{"type":"Feature","geometry":{"type":"Point","coordinates":[14.161725,40.85607]},"properties":{"line":"S4A","mode":"bus","color":"#0059a9","colorDark":"#00294f","band":2,"off":[-1.7,3.1]}},{"type":"Feature","geometry":{"type":"Point","coordinates":[14.161725,40.85607]},"properties":{"line":"S5","mode":"bus","color":"#0059a9","colorDark":"#00294f","band":2,"off":[1.7,3.1]}},{"type":"Feature","geometry":{"type":"Point","coordinates":[14.219865,40.830643]},"properties":{"name":"Piedigrotta","band":2,"modes":"bus","arr":["612"],"off":[0,-0.8]}},{"type":"Feature","geometry":{"type":"Point","coordinates":[14.219865,40.830643]},"properties":{"line":"612","mode":"bus","color":"#0059a9","colorDark":"#00294f","band":2,"off":[0,1.1]}},{"type":"Feature","geometry":{"type":"Point","coordinates":[14.193352,40.796733]},"properties":{"name":"Marechiaro","band":2,"modes":"bus","arr":["622"],"off":[0,-0.8]}},{"type":"Feature","geometry":{"type":"Point","coordinates":[14.193352,40.796733]},"properties":{"line":"622","mode":"bus","color":"#0059a9","colorDark":"#00294f","band":2,"off":[0,1.1]}},{"type":"Feature","geometry":{"type":"Point","coordinates":[14.263976,40.867492]},"properties":{"name":"De Marco","band":2,"modes":"bus","arr":["654"],"off":[0,-0.8]}},{"type":"Feature","geometry":{"type":"Point","coordinates":[14.263976,40.867492]},"properties":{"line":"654","mode":"bus","color":"#0059a9","colorDark":"#00294f","band":2,"off":[0,1.1]}},{"type":"Feature","geometry":{"type":"Point","coordinates":[14.24985,40.8353]},"properties":{"name":"Acton ASC1","band":2,"modes":"bus","arr":["ACTON"],"off":[0,-0.8]}},{"type":"Feature","geometry":{"type":"Point","coordinates":[14.24985,40.8353]},"properties":{"name":"Acton ASC","band":2,"modes":"bus","arr":["ACTON"],"off":[0,-1.9]}},{"type":"Feature","geometry":{"type":"Point","coordinates":[14.24985,40.8353]},"properties":{"line":"ACTON","mode":"bus","color":"#0059a9","colorDark":"#00294f","band":2,"off":[0,1.1]}},{"type":"Feature","geometry":{"type":"Point","coordinates":[14.283087,40.876689]},"properties":{"name":"Aeroporto","band":2,"modes":"bus","arr":["ALIB"],"off":[0,-0.8]}},{"type":"Feature","geometry":{"type":"Point","coordinates":[14.283087,40.876689]},"properties":{"line":"ALIB","mode":"bus","color":"#0059a9","colorDark":"#00294f","band":2,"off":[0,1.1]}},{"type":"Feature","geometry":{"type":"Point","coordinates":[14.257808,40.83849]},"properties":{"name":"Beverello - Angioino","band":2,"modes":"bus","arr":["ALIB"],"off":[0,-0.8]}},{"type":"Feature","geometry":{"type":"Point","coordinates":[14.257808,40.83849]},"properties":{"line":"ALIB","mode":"bus","color":"#0059a9","colorDark":"#00294f","band":2,"off":[0,1.1]}},{"type":"Feature","geometry":{"type":"Point","coordinates":[14.191941,40.806477]},"properties":{"name":"Padula - Manzoni","band":2,"modes":"bus","arr":["C1","C1E"],"off":[0,-0.8]}},{"type":"Feature","geometry":{"type":"Point","coordinates":[14.191941,40.806477]},"properties":{"line":"C1","mode":"bus","color":"#0059a9","colorDark":"#00294f","band":2,"off":[-1.7,1.1]}},{"type":"Feature","geometry":{"type":"Point","coordinates":[14.191941,40.806477]},"properties":{"line":"C1E","mode":"bus","color":"#0059a9","colorDark":"#00294f","band":2,"off":[1.7,1.1]}},{"type":"Feature","geometry":{"type":"Point","coordinates":[14.169307,40.816978]},"properties":{"name":"Piazza Salvemini","band":2,"modes":"bus","arr":["C3"],"off":[0,-0.8]}},{"type":"Feature","geometry":{"type":"Point","coordinates":[14.169307,40.816978]},"properties":{"line":"C3","mode":"bus","color":"#0059a9","colorDark":"#00294f","band":2,"off":[0,1.1]}},{"type":"Feature","geometry":{"type":"Point","coordinates":[14.219983,40.825782]},"properties":{"name":"Mergellina","band":2,"modes":"bus,metro","arr":["C16","C21","F4"],"off":[0,-0.8]}},{"type":"Feature","geometry":{"type":"Point","coordinates":[14.219983,40.825782]},"properties":{"name":"Capolinea Mergellina","band":2,"modes":"bus,metro","arr":["C16","C21","F4"],"off":[0,-1.9]}},{"type":"Feature","geometry":{"type":"Point","coordinates":[14.219983,40.825782]},"properties":{"line":"C16","mode":"bus","color":"#0059a9","colorDark":"#00294f","band":2,"off":[-3.4,1.1]}},{"type":"Feature","geometry":{"type":"Point","coordinates":[14.219983,40.825782]},"properties":{"line":"C21","mode":"bus","color":"#0059a9","colorDark":"#00294f","band":2,"off":[0,1.1]}},{"type":"Feature","geometry":{"type":"Point","coordinates":[14.219983,40.825782]},"properties":{"line":"F4","mode":"tram","color":"#F89329","colorDark":"#885117","band":2,"metro":1,"off":[3.4,1.1]}},{"type":"Feature","geometry":{"type":"Point","coordinates":[14.231608,40.844005]},"properties":{"name":"Vanvitelli","band":2,"modes":"bus","arr":["C36","NAVF2"],"off":[0,-0.8]}},{"type":"Feature","geometry":{"type":"Point","coordinates":[14.231608,40.844005]},"properties":{"line":"C36","mode":"bus","color":"#0059a9","colorDark":"#00294f","band":2,"off":[-1.7,1.1]}},{"type":"Feature","geometry":{"type":"Point","coordinates":[14.231608,40.844005]},"properties":{"line":"NAVF2","mode":"bus","color":"#0059a9","colorDark":"#00294f","band":2,"off":[1.7,1.1]}},{"type":"Feature","geometry":{"type":"Point","coordinates":[14.209011,40.844095]},"properties":{"name":"San Domenico","band":2,"modes":"bus","arr":["C36"],"off":[0,-0.8]}},{"type":"Feature","geometry":{"type":"Point","coordinates":[14.209011,40.844095]},"properties":{"line":"C36","mode":"bus","color":"#0059a9","colorDark":"#00294f","band":2,"off":[0,1.1]}},{"type":"Feature","geometry":{"type":"Point","coordinates":[14.240162,40.844318]},"properties":{"name":"San Martino-Certosa","band":2,"modes":"bus","arr":["C37"],"off":[0,-0.8]}},{"type":"Feature","geometry":{"type":"Point","coordinates":[14.240162,40.844318]},"properties":{"line":"C37","mode":"bus","color":"#0059a9","colorDark":"#00294f","band":2,"off":[0,1.1]}},{"type":"Feature","geometry":{"type":"Point","coordinates":[14.253622,40.854859]},"properties":{"name":"Piazza Cavour","band":2,"modes":"bus","arr":["C52"],"off":[0,-0.8]}},{"type":"Feature","geometry":{"type":"Point","coordinates":[14.253622,40.854859]},"properties":{"line":"C52","mode":"bus","color":"#0059a9","colorDark":"#00294f","band":2,"off":[0,1.1]}},{"type":"Feature","geometry":{"type":"Point","coordinates":[14.246851,40.861503]},"properties":{"name":"San Gennaro dei Poveri","band":2,"modes":"bus","arr":["C52"],"off":[0,-0.8]}},{"type":"Feature","geometry":{"type":"Point","coordinates":[14.246851,40.861503]},"properties":{"line":"C52","mode":"bus","color":"#0059a9","colorDark":"#00294f","band":2,"off":[0,1.1]}},{"type":"Feature","geometry":{"type":"Point","coordinates":[14.24702,40.874131]},"properties":{"name":"Lieti","band":2,"modes":"bus","arr":["C65"],"off":[0,-0.8]}},{"type":"Feature","geometry":{"type":"Point","coordinates":[14.24702,40.874131]},"properties":{"line":"C65","mode":"bus","color":"#0059a9","colorDark":"#00294f","band":2,"off":[0,1.1]}},{"type":"Feature","geometry":{"type":"Point","coordinates":[14.204061,40.872917]},"properties":{"name":"Camaldoli Hospital","band":2,"modes":"bus","arr":["C76"],"off":[0,-0.8]}},{"type":"Feature","geometry":{"type":"Point","coordinates":[14.204061,40.872917]},"properties":{"line":"C76","mode":"bus","color":"#0059a9","colorDark":"#00294f","band":2,"off":[0,1.1]}},{"type":"Feature","geometry":{"type":"Point","coordinates":[14.264324,40.899297]},"properties":{"name":"Rione dei Fiori","band":2,"modes":"bus","arr":["C78"],"off":[0,-0.8]}},{"type":"Feature","geometry":{"type":"Point","coordinates":[14.264324,40.899297]},"properties":{"line":"C78","mode":"bus","color":"#0059a9","colorDark":"#00294f","band":2,"off":[0,1.1]}},{"type":"Feature","geometry":{"type":"Point","coordinates":[14.295025,40.86679]},"properties":{"name":"Miraglia - Parise","band":2,"modes":"bus","arr":["C90"],"off":[0,-0.8]}},{"type":"Feature","geometry":{"type":"Point","coordinates":[14.295025,40.86679]},"properties":{"line":"C90","mode":"bus","color":"#0059a9","colorDark":"#00294f","band":2,"off":[0,1.1]}},{"type":"Feature","geometry":{"type":"Point","coordinates":[14.264381,40.900899]},"properties":{"name":"La Certosa di Parma","band":2,"modes":"bus","arr":["C90"],"off":[0,-0.8]}},{"type":"Feature","geometry":{"type":"Point","coordinates":[14.264381,40.900899]},"properties":{"line":"C90","mode":"bus","color":"#0059a9","colorDark":"#00294f","band":2,"off":[0,1.1]}},{"type":"Feature","geometry":{"type":"Point","coordinates":[14.244747,40.83567]},"properties":{"name":"Chiaia ASC1","band":2,"modes":"bus","arr":["CHIAIA"],"off":[0,-0.8]}},{"type":"Feature","geometry":{"type":"Point","coordinates":[14.244747,40.83567]},"properties":{"name":"Chiaia ASC","band":2,"modes":"bus","arr":["CHIAIA"],"off":[0,-1.9]}},{"type":"Feature","geometry":{"type":"Point","coordinates":[14.244747,40.83567]},"properties":{"line":"CHIAIA","mode":"bus","color":"#0059a9","colorDark":"#00294f","band":2,"off":[0,1.1]}},{"type":"Feature","geometry":{"type":"Point","coordinates":[14.249136,40.837416]},"properties":{"name":"Trieste e Trento","band":2,"modes":"bus","arr":["E6","R2"],"off":[0,-0.8]}},{"type":"Feature","geometry":{"type":"Point","coordinates":[14.249136,40.837416]},"properties":{"name":"San Carlo - Trieste e Trento","band":2,"modes":"bus","arr":["E6","R2"],"off":[0,-1.9]}},{"type":"Feature","geometry":{"type":"Point","coordinates":[14.249136,40.837416]},"properties":{"line":"E6","mode":"bus","color":"#0059a9","colorDark":"#00294f","band":2,"off":[-1.7,1.1]}},{"type":"Feature","geometry":{"type":"Point","coordinates":[14.249136,40.837416]},"properties":{"line":"R2","mode":"bus","color":"#0059a9","colorDark":"#00294f","band":2,"off":[1.7,1.1]}},{"type":"Feature","geometry":{"type":"Point","coordinates":[14.242068,40.834218]},"properties":{"name":"Piazza dei Martiri","band":2,"modes":"bus","arr":["E6"],"off":[0,-0.8]}},{"type":"Feature","geometry":{"type":"Point","coordinates":[14.242068,40.834218]},"properties":{"line":"E6","mode":"bus","color":"#0059a9","colorDark":"#00294f","band":2,"off":[0,1.1]}},{"type":"Feature","geometry":{"type":"Point","coordinates":[14.248536,40.830434]},"properties":{"name":"Echia ASC1","band":2,"modes":"bus","arr":["ECHIA"],"off":[0,-0.8]}},{"type":"Feature","geometry":{"type":"Point","coordinates":[14.248536,40.830434]},"properties":{"name":"Echia ASC","band":2,"modes":"bus","arr":["ECHIA"],"off":[0,-1.9]}},{"type":"Feature","geometry":{"type":"Point","coordinates":[14.248536,40.830434]},"properties":{"line":"ECHIA","mode":"bus","color":"#0059a9","colorDark":"#00294f","band":2,"off":[0,1.1]}},{"type":"Feature","geometry":{"type":"Point","coordinates":[14.180116,40.84959]},"properties":{"name":"Padula - Montagna Spaccata","band":2,"modes":"bus","arr":["R6","S3","S4B"],"off":[0,-0.8]}},{"type":"Feature","geometry":{"type":"Point","coordinates":[14.180116,40.84959]},"properties":{"line":"R6","mode":"bus","color":"#0059a9","colorDark":"#00294f","band":2,"off":[-3.4,1.1]}},{"type":"Feature","geometry":{"type":"Point","coordinates":[14.180116,40.84959]},"properties":{"line":"S3","mode":"bus","color":"#0059a9","colorDark":"#00294f","band":2,"off":[0,1.1]}},{"type":"Feature","geometry":{"type":"Point","coordinates":[14.180116,40.84959]},"properties":{"line":"S4B","mode":"bus","color":"#0059a9","colorDark":"#00294f","band":2,"off":[3.4,1.1]}},{"type":"Feature","geometry":{"type":"Point","coordinates":[14.221394,40.864367]},"properties":{"name":"Pansini","band":2,"modes":"bus","arr":["NL1"],"off":[0,-0.8]}},{"type":"Feature","geometry":{"type":"Point","coordinates":[14.221394,40.864367]},"properties":{"line":"NL1","mode":"bus","color":"#0059a9","colorDark":"#00294f","band":2,"off":[0,1.1]}},{"type":"Feature","geometry":{"type":"Point","coordinates":[14.159559,40.817116]},"properties":{"name":"Bagnoli - la Pietra","band":2,"modes":"bus","arr":["R7"],"off":[0,-0.8]}},{"type":"Feature","geometry":{"type":"Point","coordinates":[14.159559,40.817116]},"properties":{"line":"R7","mode":"bus","color":"#0059a9","colorDark":"#00294f","band":2,"off":[0,1.1]}},{"type":"Feature","geometry":{"type":"Point","coordinates":[14.248496,40.859361]},"properties":{"name":"Sanità ASC1","band":2,"modes":"bus","arr":["SANITA"],"off":[0,-0.8]}},{"type":"Feature","geometry":{"type":"Point","coordinates":[14.248496,40.859361]},"properties":{"name":"Sanità ASC","band":2,"modes":"bus","arr":["SANITA"],"off":[0,-1.9]}},{"type":"Feature","geometry":{"type":"Point","coordinates":[14.248496,40.859361]},"properties":{"line":"SANITA","mode":"bus","color":"#0059a9","colorDark":"#00294f","band":2,"off":[0,1.1]}},{"type":"Feature","geometry":{"type":"Point","coordinates":[14.245026,40.849092]},"properties":{"name":"Venta ASC1","band":2,"modes":"bus","arr":["VENTA"],"off":[0,-0.8]}},{"type":"Feature","geometry":{"type":"Point","coordinates":[14.245026,40.849092]},"properties":{"name":"Venta ASC","band":2,"modes":"bus","arr":["VENTA"],"off":[0,-1.9]}},{"type":"Feature","geometry":{"type":"Point","coordinates":[14.245026,40.849092]},"properties":{"line":"VENTA","mode":"bus","color":"#0059a9","colorDark":"#00294f","band":2,"off":[0,1.1]}},{"type":"Feature","geometry":{"type":"Point","coordinates":[14.290798,40.866496]},"properties":{"name":"Poggioreale","band":2,"modes":"tram","arr":["412","421"],"off":[0,-0.8]}},{"type":"Feature","geometry":{"type":"Point","coordinates":[14.290798,40.866496]},"properties":{"line":"412","mode":"tram","color":"#d6212b","colorDark":"#7c1116","band":2,"off":[-1.7,1.1]}},{"type":"Feature","geometry":{"type":"Point","coordinates":[14.290798,40.866496]},"properties":{"line":"421","mode":"tram","color":"#d6212b","colorDark":"#7c1116","band":2,"off":[1.7,1.1]}},{"type":"Feature","geometry":{"type":"Point","coordinates":[14.307029,40.831996]},"properties":{"name":"San Giovanni - Barra","band":2,"modes":"metro","arr":["L2"],"off":[0,-0.8]}},{"type":"Feature","geometry":{"type":"Point","coordinates":[14.307029,40.831996]},"properties":{"line":"L2","mode":"tram","color":"#4E78BA","colorDark":"#2b4266","band":2,"metro":1,"off":[0,1.1]}},{"type":"Feature","geometry":{"type":"Point","coordinates":[14.125587,40.827971]},"properties":{"name":"Pozzuoli","band":2,"modes":"metro","arr":["L2"],"off":[0,-0.8]}},{"type":"Feature","geometry":{"type":"Point","coordinates":[14.125587,40.827971]},"properties":{"line":"L2","mode":"tram","color":"#4E78BA","colorDark":"#2b4266","band":2,"metro":1,"off":[0,1.1]}},{"type":"Feature","geometry":{"type":"Point","coordinates":[14.234698,40.83812]},"properties":{"name":"Parco Margherita","band":2,"modes":"metro","arr":["F1"],"off":[0,-0.8]}},{"type":"Feature","geometry":{"type":"Point","coordinates":[14.234698,40.83812]},"properties":{"line":"F1","mode":"tram","color":"#F89329","colorDark":"#885117","band":2,"metro":1,"off":[0,1.1]}},{"type":"Feature","geometry":{"type":"Point","coordinates":[14.232023,40.842323]},"properties":{"name":"Cimarosa","band":2,"modes":"metro","arr":["F1"],"off":[0,-0.8]}},{"type":"Feature","geometry":{"type":"Point","coordinates":[14.232023,40.842323]},"properties":{"line":"F1","mode":"tram","color":"#F89329","colorDark":"#885117","band":2,"metro":1,"off":[0,1.1]}},{"type":"Feature","geometry":{"type":"Point","coordinates":[14.247618,40.838959]},"properties":{"name":"Augusteo","band":2,"modes":"metro","arr":["F3"],"off":[0,-0.8]}},{"type":"Feature","geometry":{"type":"Point","coordinates":[14.247618,40.838959]},"properties":{"line":"F3","mode":"tram","color":"#F89329","colorDark":"#885117","band":2,"metro":1,"off":[0,1.1]}},{"type":"Feature","geometry":{"type":"Point","coordinates":[14.233815,40.842465]},"properties":{"name":"P. Fuga","band":2,"modes":"metro","arr":["F3"],"off":[0,-0.8]}},{"type":"Feature","geometry":{"type":"Point","coordinates":[14.233815,40.842465]},"properties":{"line":"F3","mode":"tram","color":"#F89329","colorDark":"#885117","band":2,"metro":1,"off":[0,1.1]}},{"type":"Feature","geometry":{"type":"Point","coordinates":[14.212908,40.825879]},"properties":{"name":"Manzoni","band":2,"modes":"metro","arr":["F4"],"off":[0,-0.8]}},{"type":"Feature","geometry":{"type":"Point","coordinates":[14.212908,40.825879]},"properties":{"line":"F4","mode":"tram","color":"#F89329","colorDark":"#885117","band":2,"metro":1,"off":[0,1.1]}},{"type":"Feature","geometry":{"type":"Point","coordinates":[14.249295,40.879123]},"properties":{"name":"Porta Miano","band":3,"modes":"bus","arr":["3M"],"off":[0,-0.8]}},{"type":"Feature","geometry":{"type":"Point","coordinates":[14.249295,40.879123]},"properties":{"line":"3M","mode":"bus","color":"#0059a9","colorDark":"#00294f","band":3,"off":[0,1.1]}},{"type":"Feature","geometry":{"type":"Point","coordinates":[14.248676,40.866983]},"properties":{"name":"Capodimonte","band":3,"modes":"bus","arr":["C67"],"off":[0,-0.8]}},{"type":"Feature","geometry":{"type":"Point","coordinates":[14.248676,40.866983]},"properties":{"line":"C67","mode":"bus","color":"#0059a9","colorDark":"#00294f","band":3,"off":[0,1.1]}},{"type":"Feature","geometry":{"type":"Point","coordinates":[14.249728,40.848533]},"properties":{"name":"Dante - M1","band":3,"modes":"bus","arr":["178","C63"],"off":[0,-0.8]}},{"type":"Feature","geometry":{"type":"Point","coordinates":[14.249728,40.848533]},"properties":{"line":"178","mode":"bus","color":"#0059a9","colorDark":"#00294f","band":3,"off":[-1.7,1.1]}},{"type":"Feature","geometry":{"type":"Point","coordinates":[14.249728,40.848533]},"properties":{"line":"C63","mode":"bus","color":"#0059a9","colorDark":"#00294f","band":3,"off":[1.7,1.1]}},{"type":"Feature","geometry":{"type":"Point","coordinates":[14.251608,40.852472]},"properties":{"name":"Costantinopoli","band":3,"modes":"bus","arr":["201BR","C56"],"off":[0,-0.8]}},{"type":"Feature","geometry":{"type":"Point","coordinates":[14.251608,40.852472]},"properties":{"line":"201BR","mode":"bus","color":"#0059a9","colorDark":"#00294f","band":3,"off":[-1.7,1.1]}},{"type":"Feature","geometry":{"type":"Point","coordinates":[14.251608,40.852472]},"properties":{"line":"C56","mode":"bus","color":"#0059a9","colorDark":"#00294f","band":3,"off":[1.7,1.1]}},{"type":"Feature","geometry":{"type":"Point","coordinates":[14.250238,40.85296]},"properties":{"name":"Museo Nazionale","band":3,"modes":"bus","arr":["3M"],"off":[0,-0.8]}},{"type":"Feature","geometry":{"type":"Point","coordinates":[14.250238,40.85296]},"properties":{"line":"3M","mode":"bus","color":"#0059a9","colorDark":"#00294f","band":3,"off":[0,1.1]}},{"type":"Feature","geometry":{"type":"Point","coordinates":[14.336304,40.811086]},"properties":{"name":"Gianturco","band":3,"modes":"bus","arr":["5","158","176","177"],"off":[0,-0.8]}},{"type":"Feature","geometry":{"type":"Point","coordinates":[14.336304,40.811086]},"properties":{"line":"5","mode":"bus","color":"#0059a9","colorDark":"#00294f","band":3,"off":[-5.1,1.1]}},{"type":"Feature","geometry":{"type":"Point","coordinates":[14.336304,40.811086]},"properties":{"line":"158","mode":"bus","color":"#0059a9","colorDark":"#00294f","band":3,"off":[-1.7,1.1]}},{"type":"Feature","geometry":{"type":"Point","coordinates":[14.336304,40.811086]},"properties":{"line":"176","mode":"bus","color":"#0059a9","colorDark":"#00294f","band":3,"off":[1.7,1.1]}},{"type":"Feature","geometry":{"type":"Point","coordinates":[14.336304,40.811086]},"properties":{"line":"177","mode":"bus","color":"#0059a9","colorDark":"#00294f","band":3,"off":[5.1,1.1]}},{"type":"Feature","geometry":{"type":"Point","coordinates":[14.382844,40.819969]},"properties":{"name":"Vesuvio","band":3,"modes":"bus","arr":["5"],"off":[0,-0.8]}},{"type":"Feature","geometry":{"type":"Point","coordinates":[14.382844,40.819969]},"properties":{"line":"5","mode":"bus","color":"#0059a9","colorDark":"#00294f","band":3,"off":[0,1.1]}},{"type":"Feature","geometry":{"type":"Point","coordinates":[14.28064,40.846234]},"properties":{"name":"Volta - Brin","band":3,"modes":"bus","arr":["116","154","156","173A","175","194","196","196BR","455","460","472","475","N1","N3","N5","R2"],"off":[0,-0.8]}},{"type":"Feature","geometry":{"type":"Point","coordinates":[14.28064,40.846234]},"properties":{"name":"Brin - Attestamento","band":3,"modes":"bus","arr":["116","154","156","173A","175","194","196","196BR","455","460","472","475","N1","N3","N5","R2"],"off":[0,-1.9]}},{"type":"Feature","geometry":{"type":"Point","coordinates":[14.28064,40.846234]},"properties":{"name":"Brin","band":3,"modes":"bus","arr":["116","154","156","173A","175","194","196","196BR","455","460","472","475","N1","N3","N5","R2"],"off":[0,-4.1]}},{"type":"Feature","geometry":{"type":"Point","coordinates":[14.28064,40.846234]},"properties":{"line":"116","mode":"bus","color":"#0059a9","colorDark":"#00294f","band":3,"off":[-6.8,1.1]}},{"type":"Feature","geometry":{"type":"Point","coordinates":[14.28064,40.846234]},"properties":{"line":"154","mode":"bus","color":"#0059a9","colorDark":"#00294f","band":3,"off":[-3.4,1.1]}},{"type":"Feature","geometry":{"type":"Point","coordinates":[14.28064,40.846234]},"properties":{"line":"156","mode":"bus","color":"#0059a9","colorDark":"#00294f","band":3,"off":[0,1.1]}},{"type":"Feature","geometry":{"type":"Point","coordinates":[14.28064,40.846234]},"properties":{"line":"173A","mode":"bus","color":"#0059a9","colorDark":"#00294f","band":3,"off":[3.4,1.1]}},{"type":"Feature","geometry":{"type":"Point","coordinates":[14.28064,40.846234]},"properties":{"line":"175","mode":"bus","color":"#0059a9","colorDark":"#00294f","band":3,"off":[6.8,1.1]}},{"type":"Feature","geometry":{"type":"Point","coordinates":[14.28064,40.846234]},"properties":{"line":"194","mode":"bus","color":"#0059a9","colorDark":"#00294f","band":3,"off":[-6.8,3.1]}},{"type":"Feature","geometry":{"type":"Point","coordinates":[14.28064,40.846234]},"properties":{"line":"196","mode":"bus","color":"#0059a9","colorDark":"#00294f","band":3,"off":[-3.4,3.1]}},{"type":"Feature","geometry":{"type":"Point","coordinates":[14.28064,40.846234]},"properties":{"line":"196BR","mode":"bus","color":"#0059a9","colorDark":"#00294f","band":3,"off":[0,3.1]}},{"type":"Feature","geometry":{"type":"Point","coordinates":[14.28064,40.846234]},"properties":{"line":"455","mode":"bus","color":"#0059a9","colorDark":"#00294f","band":3,"off":[3.4,3.1]}},{"type":"Feature","geometry":{"type":"Point","coordinates":[14.28064,40.846234]},"properties":{"line":"460","mode":"bus","color":"#0059a9","colorDark":"#00294f","band":3,"off":[6.8,3.1]}},{"type":"Feature","geometry":{"type":"Point","coordinates":[14.28064,40.846234]},"properties":{"line":"472","mode":"bus","color":"#0059a9","colorDark":"#00294f","band":3,"off":[-6.8,5.1]}},{"type":"Feature","geometry":{"type":"Point","coordinates":[14.28064,40.846234]},"properties":{"line":"475","mode":"bus","color":"#0059a9","colorDark":"#00294f","band":3,"off":[-3.4,5.1]}},{"type":"Feature","geometry":{"type":"Point","coordinates":[14.28064,40.846234]},"properties":{"line":"N1","mode":"bus","color":"#0059a9","colorDark":"#00294f","band":3,"off":[0,5.1]}},{"type":"Feature","geometry":{"type":"Point","coordinates":[14.28064,40.846234]},"properties":{"line":"N3","mode":"bus","color":"#0059a9","colorDark":"#00294f","band":3,"off":[3.4,5.1]}},{"type":"Feature","geometry":{"type":"Point","coordinates":[14.28064,40.846234]},"properties":{"line":"N5","mode":"bus","color":"#0059a9","colorDark":"#00294f","band":3,"off":[6.8,5.1]}},{"type":"Feature","geometry":{"type":"Point","coordinates":[14.28064,40.846234]},"properties":{"line":"R2","mode":"bus","color":"#0059a9","colorDark":"#00294f","band":3,"off":[0,7.1]}},{"type":"Feature","geometry":{"type":"Point","coordinates":[14.268683,40.849171]},"properties":{"name":"Garibaldi - Circumvesuviana","band":3,"modes":"bus","arr":["195"],"off":[0,-0.8]}},{"type":"Feature","geometry":{"type":"Point","coordinates":[14.268683,40.849171]},"properties":{"line":"195","mode":"bus","color":"#0059a9","colorDark":"#00294f","band":3,"off":[0,1.1]}},{"type":"Feature","geometry":{"type":"Point","coordinates":[14.360188,40.860414]},"properties":{"name":"Riccardi - Piazza della Libertà","band":3,"modes":"bus","arr":["472"],"off":[0,-0.8]}},{"type":"Feature","geometry":{"type":"Point","coordinates":[14.360188,40.860414]},"properties":{"line":"472","mode":"bus","color":"#0059a9","colorDark":"#00294f","band":3,"off":[0,1.1]}},{"type":"Feature","geometry":{"type":"Point","coordinates":[14.354613,40.869862]},"properties":{"name":"Serao - Attestamento","band":3,"modes":"bus","arr":["116","158"],"off":[0,-0.8]}},{"type":"Feature","geometry":{"type":"Point","coordinates":[14.354613,40.869862]},"properties":{"line":"116","mode":"bus","color":"#0059a9","colorDark":"#00294f","band":3,"off":[-1.7,1.1]}},{"type":"Feature","geometry":{"type":"Point","coordinates":[14.354613,40.869862]},"properties":{"line":"158","mode":"bus","color":"#0059a9","colorDark":"#00294f","band":3,"off":[1.7,1.1]}},{"type":"Feature","geometry":{"type":"Point","coordinates":[14.251295,40.83374]},"properties":{"name":"Cesario Console - Plebiscito","band":3,"modes":"bus","arr":["128"],"off":[0,-0.8]}},{"type":"Feature","geometry":{"type":"Point","coordinates":[14.251295,40.83374]},"properties":{"line":"128","mode":"bus","color":"#0059a9","colorDark":"#00294f","band":3,"off":[0,1.1]}},{"type":"Feature","geometry":{"type":"Point","coordinates":[14.241496,40.832401]},"properties":{"name":"Vittoria - Villa Comunale","band":3,"modes":"bus","arr":["154","R7"],"off":[0,-0.8]}},{"type":"Feature","geometry":{"type":"Point","coordinates":[14.241496,40.832401]},"properties":{"name":"Vittoria","band":3,"modes":"bus","arr":["154","R7"],"off":[0,-3]}},{"type":"Feature","geometry":{"type":"Point","coordinates":[14.241496,40.832401]},"properties":{"line":"154","mode":"bus","color":"#0059a9","colorDark":"#00294f","band":3,"off":[-1.7,1.1]}},{"type":"Feature","geometry":{"type":"Point","coordinates":[14.241496,40.832401]},"properties":{"line":"R7","mode":"bus","color":"#0059a9","colorDark":"#00294f","band":3,"off":[1.7,1.1]}},{"type":"Feature","geometry":{"type":"Point","coordinates":[14.227417,40.843529]},"properties":{"name":"Scarlatti","band":3,"modes":"bus","arr":["128","132","181","C31"],"off":[0,-0.8]}},{"type":"Feature","geometry":{"type":"Point","coordinates":[14.227417,40.843529]},"properties":{"line":"128","mode":"bus","color":"#0059a9","colorDark":"#00294f","band":3,"off":[-5.1,1.1]}},{"type":"Feature","geometry":{"type":"Point","coordinates":[14.227417,40.843529]},"properties":{"line":"132","mode":"bus","color":"#0059a9","colorDark":"#00294f","band":3,"off":[-1.7,1.1]}},{"type":"Feature","geometry":{"type":"Point","coordinates":[14.227417,40.843529]},"properties":{"line":"181","mode":"bus","color":"#0059a9","colorDark":"#00294f","band":3,"off":[1.7,1.1]}},{"type":"Feature","geometry":{"type":"Point","coordinates":[14.227417,40.843529]},"properties":{"line":"C31","mode":"bus","color":"#0059a9","colorDark":"#00294f","band":3,"off":[5.1,1.1]}},{"type":"Feature","geometry":{"type":"Point","coordinates":[14.271416,40.852979]},"properties":{"name":"Garibaldi - Attestamento","band":3,"modes":"bus","arr":["130","151","C56","R5"],"off":[0,-0.8]}},{"type":"Feature","geometry":{"type":"Point","coordinates":[14.271416,40.852979]},"properties":{"line":"130","mode":"bus","color":"#0059a9","colorDark":"#00294f","band":3,"off":[-5.1,1.1]}},{"type":"Feature","geometry":{"type":"Point","coordinates":[14.271416,40.852979]},"properties":{"line":"151","mode":"bus","color":"#0059a9","colorDark":"#00294f","band":3,"off":[-1.7,1.1]}},{"type":"Feature","geometry":{"type":"Point","coordinates":[14.271416,40.852979]},"properties":{"line":"C56","mode":"bus","color":"#0059a9","colorDark":"#00294f","band":3,"off":[1.7,1.1]}},{"type":"Feature","geometry":{"type":"Point","coordinates":[14.271416,40.852979]},"properties":{"line":"R5","mode":"bus","color":"#0059a9","colorDark":"#00294f","band":3,"off":[5.1,1.1]}},{"type":"Feature","geometry":{"type":"Point","coordinates":[14.269107,40.852337]},"properties":{"name":"Garibaldi","band":3,"modes":"bus","arr":["169"],"off":[0,-0.8]}},{"type":"Feature","geometry":{"type":"Point","coordinates":[14.269107,40.852337]},"properties":{"line":"169","mode":"bus","color":"#0059a9","colorDark":"#00294f","band":3,"off":[0,1.1]}},{"type":"Feature","geometry":{"type":"Point","coordinates":[14.267766,40.854031]},"properties":{"name":"Garibaldi - Principe Umberto","band":3,"modes":"bus","arr":["460"],"off":[0,-0.8]}},{"type":"Feature","geometry":{"type":"Point","coordinates":[14.267766,40.854031]},"properties":{"line":"460","mode":"bus","color":"#0059a9","colorDark":"#00294f","band":3,"off":[0,1.1]}},{"type":"Feature","geometry":{"type":"Point","coordinates":[14.222808,40.846091]},"properties":{"name":"Acitillo","band":3,"modes":"bus","arr":["130"],"off":[0,-0.8]}},{"type":"Feature","geometry":{"type":"Point","coordinates":[14.222808,40.846091]},"properties":{"line":"130","mode":"bus","color":"#0059a9","colorDark":"#00294f","band":3,"off":[0,1.1]}},{"type":"Feature","geometry":{"type":"Point","coordinates":[14.225673,40.843384]},"properties":{"name":"Cilea","band":3,"modes":"bus","arr":["C37"],"off":[0,-0.8]}},{"type":"Feature","geometry":{"type":"Point","coordinates":[14.225673,40.843384]},"properties":{"line":"C37","mode":"bus","color":"#0059a9","colorDark":"#00294f","band":3,"off":[0,1.1]}},{"type":"Feature","geometry":{"type":"Point","coordinates":[14.272615,40.857827]},"properties":{"name":"Nazionale","band":3,"modes":"bus,tram","arr":["191","422"],"off":[0,-0.8]}},{"type":"Feature","geometry":{"type":"Point","coordinates":[14.272615,40.857827]},"properties":{"name":"Casanova - Nazionale","band":3,"modes":"bus,tram","arr":["191","422"],"off":[0,-1.9]}},{"type":"Feature","geometry":{"type":"Point","coordinates":[14.272615,40.857827]},"properties":{"line":"191","mode":"bus","color":"#0059a9","colorDark":"#00294f","band":3,"off":[-1.7,1.1]}},{"type":"Feature","geometry":{"type":"Point","coordinates":[14.272615,40.857827]},"properties":{"line":"422","mode":"tram","color":"#d6212b","colorDark":"#7c1116","band":3,"off":[1.7,1.1]}},{"type":"Feature","geometry":{"type":"Point","coordinates":[14.204473,40.839596]},"properties":{"name":"Largo Giustiniano","band":3,"modes":"bus","arr":["132","S3A"],"off":[0,-0.8]}},{"type":"Feature","geometry":{"type":"Point","coordinates":[14.204473,40.839596]},"properties":{"line":"132","mode":"bus","color":"#0059a9","colorDark":"#00294f","band":3,"off":[-1.7,1.1]}},{"type":"Feature","geometry":{"type":"Point","coordinates":[14.204473,40.839596]},"properties":{"line":"S3A","mode":"bus","color":"#0059a9","colorDark":"#00294f","band":3,"off":[1.7,1.1]}},{"type":"Feature","geometry":{"type":"Point","coordinates":[14.199944,40.842333]},"properties":{"name":"Adriano - Poste","band":3,"modes":"bus","arr":["618"],"off":[0,-0.8]}},{"type":"Feature","geometry":{"type":"Point","coordinates":[14.199944,40.842333]},"properties":{"line":"618","mode":"bus","color":"#0059a9","colorDark":"#00294f","band":3,"off":[0,1.1]}},{"type":"Feature","geometry":{"type":"Point","coordinates":[14.22523,40.845985]},"properties":{"name":"Quattro Giornate - Stadio Collana","band":3,"modes":"bus","arr":["N3","S2"],"off":[0,-0.8]}},{"type":"Feature","geometry":{"type":"Point","coordinates":[14.22523,40.845985]},"properties":{"line":"N3","mode":"bus","color":"#0059a9","colorDark":"#00294f","band":3,"off":[-1.7,1.1]}},{"type":"Feature","geometry":{"type":"Point","coordinates":[14.22523,40.845985]},"properties":{"line":"S2","mode":"bus","color":"#0059a9","colorDark":"#00294f","band":3,"off":[1.7,1.1]}},{"type":"Feature","geometry":{"type":"Point","coordinates":[14.225067,40.847247]},"properties":{"name":"Gemito-Rossini","band":3,"modes":"bus","arr":["633","S5"],"off":[0,-0.8]}},{"type":"Feature","geometry":{"type":"Point","coordinates":[14.225067,40.847247]},"properties":{"line":"633","mode":"bus","color":"#0059a9","colorDark":"#00294f","band":3,"off":[-1.7,1.1]}},{"type":"Feature","geometry":{"type":"Point","coordinates":[14.225067,40.847247]},"properties":{"line":"S5","mode":"bus","color":"#0059a9","colorDark":"#00294f","band":3,"off":[1.7,1.1]}},{"type":"Feature","geometry":{"type":"Point","coordinates":[14.227384,40.868208]},"properties":{"name":"Ospedale Cardarelli","band":3,"modes":"bus","arr":["139","143","144","144A","144B","165","165Q","C76"],"off":[0,-0.8]}},{"type":"Feature","geometry":{"type":"Point","coordinates":[14.227384,40.868208]},"properties":{"line":"139","mode":"bus","color":"#0059a9","colorDark":"#00294f","band":3,"off":[-6.8,1.1]}},{"type":"Feature","geometry":{"type":"Point","coordinates":[14.227384,40.868208]},"properties":{"line":"143","mode":"bus","color":"#0059a9","colorDark":"#00294f","band":3,"off":[-3.4,1.1]}},{"type":"Feature","geometry":{"type":"Point","coordinates":[14.227384,40.868208]},"properties":{"line":"144","mode":"bus","color":"#0059a9","colorDark":"#00294f","band":3,"off":[0,1.1]}},{"type":"Feature","geometry":{"type":"Point","coordinates":[14.227384,40.868208]},"properties":{"line":"144A","mode":"bus","color":"#0059a9","colorDark":"#00294f","band":3,"off":[3.4,1.1]}},{"type":"Feature","geometry":{"type":"Point","coordinates":[14.227384,40.868208]},"properties":{"line":"144B","mode":"bus","color":"#0059a9","colorDark":"#00294f","band":3,"off":[6.8,1.1]}},{"type":"Feature","geometry":{"type":"Point","coordinates":[14.227384,40.868208]},"properties":{"line":"165","mode":"bus","color":"#0059a9","colorDark":"#00294f","band":3,"off":[-3.4,3.1]}},{"type":"Feature","geometry":{"type":"Point","coordinates":[14.227384,40.868208]},"properties":{"line":"165Q","mode":"bus","color":"#0059a9","colorDark":"#00294f","band":3,"off":[0,3.1]}},{"type":"Feature","geometry":{"type":"Point","coordinates":[14.227384,40.868208]},"properties":{"line":"C76","mode":"bus","color":"#0059a9","colorDark":"#00294f","band":3,"off":[3.4,3.1]}},{"type":"Feature","geometry":{"type":"Point","coordinates":[14.250961,40.843323]},"properties":{"name":"Battisti","band":3,"modes":"bus","arr":["NAVF2"],"off":[0,-0.8]}},{"type":"Feature","geometry":{"type":"Point","coordinates":[14.250961,40.843323]},"properties":{"line":"NAVF2","mode":"bus","color":"#0059a9","colorDark":"#00294f","band":3,"off":[0,1.1]}},{"type":"Feature","geometry":{"type":"Point","coordinates":[14.251754,40.844195]},"properties":{"name":"Monteoliveto - Federico II - Architettura","band":3,"modes":"bus","arr":["139","168","182","184"],"off":[0,-0.8]}},{"type":"Feature","geometry":{"type":"Point","coordinates":[14.251754,40.844195]},"properties":{"line":"139","mode":"bus","color":"#0059a9","colorDark":"#00294f","band":3,"off":[-5.1,1.1]}},{"type":"Feature","geometry":{"type":"Point","coordinates":[14.251754,40.844195]},"properties":{"line":"168","mode":"bus","color":"#0059a9","colorDark":"#00294f","band":3,"off":[-1.7,1.1]}},{"type":"Feature","geometry":{"type":"Point","coordinates":[14.251754,40.844195]},"properties":{"line":"182","mode":"bus","color":"#0059a9","colorDark":"#00294f","band":3,"off":[1.7,1.1]}},{"type":"Feature","geometry":{"type":"Point","coordinates":[14.251754,40.844195]},"properties":{"line":"184","mode":"bus","color":"#0059a9","colorDark":"#00294f","band":3,"off":[5.1,1.1]}},{"type":"Feature","geometry":{"type":"Point","coordinates":[14.249913,40.84683]},"properties":{"name":"Sant'Anna dei Lombardi","band":3,"modes":"bus","arr":["584"],"off":[0,-0.8]}},{"type":"Feature","geometry":{"type":"Point","coordinates":[14.249913,40.84683]},"properties":{"line":"584","mode":"bus","color":"#0059a9","colorDark":"#00294f","band":3,"off":[0,1.1]}},{"type":"Feature","geometry":{"type":"Point","coordinates":[14.234832,40.850453]},"properties":{"name":"Via Suarez","band":3,"modes":"bus","arr":["147","C44"],"off":[0,-0.8]}},{"type":"Feature","geometry":{"type":"Point","coordinates":[14.234832,40.850453]},"properties":{"name":"Suarez-Immacolata","band":3,"modes":"bus","arr":["147","C44"],"off":[0,-1.9]}},{"type":"Feature","geometry":{"type":"Point","coordinates":[14.234832,40.850453]},"properties":{"line":"147","mode":"bus","color":"#0059a9","colorDark":"#00294f","band":3,"off":[-1.7,1.1]}},{"type":"Feature","geometry":{"type":"Point","coordinates":[14.234832,40.850453]},"properties":{"line":"C44","mode":"bus","color":"#0059a9","colorDark":"#00294f","band":3,"off":[1.7,1.1]}},{"type":"Feature","geometry":{"type":"Point","coordinates":[14.226832,40.865925]},"properties":{"name":"Cardarelli - Ospedale Cardarelli","band":3,"modes":"bus","arr":["N7"],"off":[0,-0.8]}},{"type":"Feature","geometry":{"type":"Point","coordinates":[14.226832,40.865925]},"properties":{"line":"N7","mode":"bus","color":"#0059a9","colorDark":"#00294f","band":3,"off":[0,1.1]}},{"type":"Feature","geometry":{"type":"Point","coordinates":[14.185556,40.804231]},"properties":{"name":"Posillipo Capo - Attestamento","band":3,"modes":"bus","arr":["140","622","C21","C31"],"off":[0,-0.8]}},{"type":"Feature","geometry":{"type":"Point","coordinates":[14.185556,40.804231]},"properties":{"line":"140","mode":"bus","color":"#0059a9","colorDark":"#00294f","band":3,"off":[-5.1,1.1]}},{"type":"Feature","geometry":{"type":"Point","coordinates":[14.185556,40.804231]},"properties":{"line":"622","mode":"bus","color":"#0059a9","colorDark":"#00294f","band":3,"off":[-1.7,1.1]}},{"type":"Feature","geometry":{"type":"Point","coordinates":[14.185556,40.804231]},"properties":{"line":"C21","mode":"bus","color":"#0059a9","colorDark":"#00294f","band":3,"off":[1.7,1.1]}},{"type":"Feature","geometry":{"type":"Point","coordinates":[14.185556,40.804231]},"properties":{"line":"C31","mode":"bus","color":"#0059a9","colorDark":"#00294f","band":3,"off":[5.1,1.1]}},{"type":"Feature","geometry":{"type":"Point","coordinates":[14.249746,40.83324]},"properties":{"name":"Santa Lucia - Plebiscito","band":3,"modes":"bus","arr":["140"],"off":[0,-0.8]}},{"type":"Feature","geometry":{"type":"Point","coordinates":[14.249746,40.83324]},"properties":{"line":"140","mode":"bus","color":"#0059a9","colorDark":"#00294f","band":3,"off":[0,1.1]}},{"type":"Feature","geometry":{"type":"Point","coordinates":[14.177259,40.894377]},"properties":{"name":"Marano Quarto","band":3,"modes":"bus","arr":["143"],"off":[0,-0.8]}},{"type":"Feature","geometry":{"type":"Point","coordinates":[14.177259,40.894377]},"properties":{"line":"143","mode":"bus","color":"#0059a9","colorDark":"#00294f","band":3,"off":[0,1.1]}},{"type":"Feature","geometry":{"type":"Point","coordinates":[14.172073,40.873382]},"properties":{"name":"Romano-Marano Pianura","band":3,"modes":"bus","arr":["144"],"off":[0,-0.8]}},{"type":"Feature","geometry":{"type":"Point","coordinates":[14.172073,40.873382]},"properties":{"line":"144","mode":"bus","color":"#0059a9","colorDark":"#00294f","band":3,"off":[0,1.1]}},{"type":"Feature","geometry":{"type":"Point","coordinates":[14.191806,40.860911]},"properties":{"name":"Dell'Eremo-Parco Pubblico","band":3,"modes":"bus","arr":["144A","144B","C44"],"off":[0,-0.8]}},{"type":"Feature","geometry":{"type":"Point","coordinates":[14.191806,40.860911]},"properties":{"line":"144A","mode":"bus","color":"#0059a9","colorDark":"#00294f","band":3,"off":[-3.4,1.1]}},{"type":"Feature","geometry":{"type":"Point","coordinates":[14.191806,40.860911]},"properties":{"line":"144B","mode":"bus","color":"#0059a9","colorDark":"#00294f","band":3,"off":[0,1.1]}},{"type":"Feature","geometry":{"type":"Point","coordinates":[14.191806,40.860911]},"properties":{"line":"C44","mode":"bus","color":"#0059a9","colorDark":"#00294f","band":3,"off":[3.4,1.1]}},{"type":"Feature","geometry":{"type":"Point","coordinates":[14.235909,40.852897]},"properties":{"name":"Caracciolo Poggio","band":3,"modes":"bus","arr":["C16"],"off":[0,-0.8]}},{"type":"Feature","geometry":{"type":"Point","coordinates":[14.235909,40.852897]},"properties":{"line":"C16","mode":"bus","color":"#0059a9","colorDark":"#00294f","band":3,"off":[0,1.1]}},{"type":"Feature","geometry":{"type":"Point","coordinates":[14.265733,40.865697]},"properties":{"name":"Tanucci","band":3,"modes":"bus","arr":["147","201BR","202","302","663","C63"],"off":[0,-0.8]}},{"type":"Feature","geometry":{"type":"Point","coordinates":[14.265733,40.865697]},"properties":{"name":"Giovan Battista Vico","band":3,"modes":"bus","arr":["147","201BR","202","302","663","C63"],"off":[0,-1.9]}},{"type":"Feature","geometry":{"type":"Point","coordinates":[14.265733,40.865697]},"properties":{"name":"Deposito Carlo III","band":3,"modes":"bus","arr":["147","201BR","202","302","663","C63"],"off":[0,-4.1]}},{"type":"Feature","geometry":{"type":"Point","coordinates":[14.265733,40.865697]},"properties":{"line":"147","mode":"bus","color":"#0059a9","colorDark":"#00294f","band":3,"off":[-6.8,1.1]}},{"type":"Feature","geometry":{"type":"Point","coordinates":[14.265733,40.865697]},"properties":{"line":"201BR","mode":"bus","color":"#0059a9","colorDark":"#00294f","band":3,"off":[-3.4,1.1]}},{"type":"Feature","geometry":{"type":"Point","coordinates":[14.265733,40.865697]},"properties":{"line":"202","mode":"bus","color":"#149a3f","colorDark":"#0a5121","band":3,"off":[0,1.1]}},{"type":"Feature","geometry":{"type":"Point","coordinates":[14.265733,40.865697]},"properties":{"line":"302","mode":"bus","color":"#0059a9","colorDark":"#00294f","band":3,"off":[3.4,1.1]}},{"type":"Feature","geometry":{"type":"Point","coordinates":[14.265733,40.865697]},"properties":{"line":"663","mode":"bus","color":"#0059a9","colorDark":"#00294f","band":3,"off":[6.8,1.1]}},{"type":"Feature","geometry":{"type":"Point","coordinates":[14.265733,40.865697]},"properties":{"line":"C63","mode":"bus","color":"#0059a9","colorDark":"#00294f","band":3,"off":[0,3.1]}},{"type":"Feature","geometry":{"type":"Point","coordinates":[14.229678,40.849294]},"properties":{"name":"Tino da Camaino-Giardini Ruoppolo","band":3,"modes":"bus","arr":["C42"],"off":[0,-0.8]}},{"type":"Feature","geometry":{"type":"Point","coordinates":[14.229678,40.849294]},"properties":{"line":"C42","mode":"bus","color":"#0059a9","colorDark":"#00294f","band":3,"off":[0,1.1]}},{"type":"Feature","geometry":{"type":"Point","coordinates":[14.195101,40.82349]},"properties":{"name":"Giulio Cesare - Tecchio","band":3,"modes":"bus","arr":["151","N1"],"off":[0,-0.8]}},{"type":"Feature","geometry":{"type":"Point","coordinates":[14.195101,40.82349]},"properties":{"line":"151","mode":"bus","color":"#0059a9","colorDark":"#00294f","band":3,"off":[-1.7,1.1]}},{"type":"Feature","geometry":{"type":"Point","coordinates":[14.195101,40.82349]},"properties":{"line":"N1","mode":"bus","color":"#0059a9","colorDark":"#00294f","band":3,"off":[1.7,1.1]}},{"type":"Feature","geometry":{"type":"Point","coordinates":[14.338924,40.831719]},"properties":{"name":"Troisi","band":3,"modes":"bus","arr":["156"],"off":[0,-0.8]}},{"type":"Feature","geometry":{"type":"Point","coordinates":[14.338924,40.831719]},"properties":{"line":"156","mode":"bus","color":"#0059a9","colorDark":"#00294f","band":3,"off":[0,1.1]}},{"type":"Feature","geometry":{"type":"Point","coordinates":[14.231237,40.879984]},"properties":{"name":"Frullone - M1","band":3,"modes":"bus","arr":["162","167","168","663","C78"],"off":[0,-0.8]}},{"type":"Feature","geometry":{"type":"Point","coordinates":[14.231237,40.879984]},"properties":{"line":"162","mode":"bus","color":"#0059a9","colorDark":"#00294f","band":3,"off":[-6.8,1.1]}},{"type":"Feature","geometry":{"type":"Point","coordinates":[14.231237,40.879984]},"properties":{"line":"167","mode":"bus","color":"#0059a9","colorDark":"#00294f","band":3,"off":[-3.4,1.1]}},{"type":"Feature","geometry":{"type":"Point","coordinates":[14.231237,40.879984]},"properties":{"line":"168","mode":"bus","color":"#0059a9","colorDark":"#00294f","band":3,"off":[0,1.1]}},{"type":"Feature","geometry":{"type":"Point","coordinates":[14.231237,40.879984]},"properties":{"line":"663","mode":"bus","color":"#0059a9","colorDark":"#00294f","band":3,"off":[3.4,1.1]}},{"type":"Feature","geometry":{"type":"Point","coordinates":[14.231237,40.879984]},"properties":{"line":"C78","mode":"bus","color":"#0059a9","colorDark":"#00294f","band":3,"off":[6.8,1.1]}},{"type":"Feature","geometry":{"type":"Point","coordinates":[14.21734,40.926503]},"properties":{"name":"Colonne Signorelli-Metronordest","band":3,"modes":"bus","arr":["162","460"],"off":[0,-0.8]}},{"type":"Feature","geometry":{"type":"Point","coordinates":[14.21734,40.926503]},"properties":{"line":"162","mode":"bus","color":"#0059a9","colorDark":"#00294f","band":3,"off":[-1.7,1.1]}},{"type":"Feature","geometry":{"type":"Point","coordinates":[14.21734,40.926503]},"properties":{"line":"460","mode":"bus","color":"#0059a9","colorDark":"#00294f","band":3,"off":[1.7,1.1]}},{"type":"Feature","geometry":{"type":"Point","coordinates":[14.201095,40.924251]},"properties":{"name":"Maristi","band":3,"modes":"bus","arr":["167"],"off":[0,-0.8]}},{"type":"Feature","geometry":{"type":"Point","coordinates":[14.201095,40.924251]},"properties":{"line":"167","mode":"bus","color":"#0059a9","colorDark":"#00294f","band":3,"off":[0,1.1]}},{"type":"Feature","geometry":{"type":"Point","coordinates":[14.124372,40.902577]},"properties":{"name":"Castel Belvedere 303","band":3,"modes":"bus","arr":["165"],"off":[0,-0.8]}},{"type":"Feature","geometry":{"type":"Point","coordinates":[14.124372,40.902577]},"properties":{"line":"165","mode":"bus","color":"#0059a9","colorDark":"#00294f","band":3,"off":[0,1.1]}},{"type":"Feature","geometry":{"type":"Point","coordinates":[14.139179,40.916111]},"properties":{"name":"Di Vittorio - Piazza Apicella","band":3,"modes":"bus","arr":["165Q"],"off":[0,-0.8]}},{"type":"Feature","geometry":{"type":"Point","coordinates":[14.139179,40.916111]},"properties":{"line":"165Q","mode":"bus","color":"#0059a9","colorDark":"#00294f","band":3,"off":[0,1.1]}},{"type":"Feature","geometry":{"type":"Point","coordinates":[14.350877,40.909922]},"properties":{"name":"Don Luigi Puglisi - Traversa IV Pigna","band":3,"modes":"bus","arr":["169","169P"],"off":[0,-0.8]}},{"type":"Feature","geometry":{"type":"Point","coordinates":[14.350877,40.909922]},"properties":{"line":"169","mode":"bus","color":"#0059a9","colorDark":"#00294f","band":3,"off":[-1.7,1.1]}},{"type":"Feature","geometry":{"type":"Point","coordinates":[14.350877,40.909922]},"properties":{"line":"169P","mode":"bus","color":"#0059a9","colorDark":"#00294f","band":3,"off":[1.7,1.1]}},{"type":"Feature","geometry":{"type":"Point","coordinates":[14.28798,40.945317]},"properties":{"name":"Circumvallazione Ovest - IACP (Virtuale)","band":3,"modes":"bus","arr":["169P"],"off":[0,-0.8]}},{"type":"Feature","geometry":{"type":"Point","coordinates":[14.28798,40.945317]},"properties":{"line":"169P","mode":"bus","color":"#0059a9","colorDark":"#00294f","band":3,"off":[0,1.1]}},{"type":"Feature","geometry":{"type":"Point","coordinates":[14.329059,40.858116]},"properties":{"name":"Argine - Stazionamento","band":3,"modes":"bus","arr":["173","173A","191","195"],"off":[0,-0.8]}},{"type":"Feature","geometry":{"type":"Point","coordinates":[14.329059,40.858116]},"properties":{"line":"173","mode":"bus","color":"#0059a9","colorDark":"#00294f","band":3,"off":[-5.1,1.1]}},{"type":"Feature","geometry":{"type":"Point","coordinates":[14.329059,40.858116]},"properties":{"line":"173A","mode":"bus","color":"#0059a9","colorDark":"#00294f","band":3,"off":[-1.7,1.1]}},{"type":"Feature","geometry":{"type":"Point","coordinates":[14.329059,40.858116]},"properties":{"line":"191","mode":"bus","color":"#0059a9","colorDark":"#00294f","band":3,"off":[1.7,1.1]}},{"type":"Feature","geometry":{"type":"Point","coordinates":[14.329059,40.858116]},"properties":{"line":"195","mode":"bus","color":"#0059a9","colorDark":"#00294f","band":3,"off":[5.1,1.1]}},{"type":"Feature","geometry":{"type":"Point","coordinates":[14.349164,40.872903]},"properties":{"name":"Petrarca","band":3,"modes":"bus","arr":["173"],"off":[0,-0.8]}},{"type":"Feature","geometry":{"type":"Point","coordinates":[14.349164,40.872903]},"properties":{"line":"173","mode":"bus","color":"#0059a9","colorDark":"#00294f","band":3,"off":[0,1.1]}},{"type":"Feature","geometry":{"type":"Point","coordinates":[14.318976,40.844794]},"properties":{"name":"Chiaromonte - Day Hospital","band":3,"modes":"bus","arr":["194"],"off":[0,-0.8]}},{"type":"Feature","geometry":{"type":"Point","coordinates":[14.318976,40.844794]},"properties":{"line":"194","mode":"bus","color":"#0059a9","colorDark":"#00294f","band":3,"off":[0,1.1]}},{"type":"Feature","geometry":{"type":"Point","coordinates":[14.386312,40.861118]},"properties":{"name":"Cavour - Istituto Case Popolari","band":3,"modes":"bus","arr":["175","475"],"off":[0,-0.8]}},{"type":"Feature","geometry":{"type":"Point","coordinates":[14.386312,40.861118]},"properties":{"line":"175","mode":"bus","color":"#0059a9","colorDark":"#00294f","band":3,"off":[-1.7,1.1]}},{"type":"Feature","geometry":{"type":"Point","coordinates":[14.386312,40.861118]},"properties":{"line":"475","mode":"bus","color":"#0059a9","colorDark":"#00294f","band":3,"off":[1.7,1.1]}},{"type":"Feature","geometry":{"type":"Point","coordinates":[14.370194,40.844068]},"properties":{"name":"Roma - Belvedere","band":3,"modes":"bus","arr":["177"],"off":[0,-0.8]}},{"type":"Feature","geometry":{"type":"Point","coordinates":[14.370194,40.844068]},"properties":{"line":"177","mode":"bus","color":"#0059a9","colorDark":"#00294f","band":3,"off":[0,1.1]}},{"type":"Feature","geometry":{"type":"Point","coordinates":[14.373258,40.825272]},"properties":{"name":"Cook","band":3,"modes":"bus","arr":["176"],"off":[0,-0.8]}},{"type":"Feature","geometry":{"type":"Point","coordinates":[14.373258,40.825272]},"properties":{"line":"176","mode":"bus","color":"#0059a9","colorDark":"#00294f","band":3,"off":[0,1.1]}},{"type":"Feature","geometry":{"type":"Point","coordinates":[14.237632,40.892804]},"properties":{"name":"Tafuri - Plebiscito","band":3,"modes":"bus","arr":["178"],"off":[0,-0.8]}},{"type":"Feature","geometry":{"type":"Point","coordinates":[14.237632,40.892804]},"properties":{"line":"178","mode":"bus","color":"#0059a9","colorDark":"#00294f","band":3,"off":[0,1.1]}},{"type":"Feature","geometry":{"type":"Point","coordinates":[14.194399,40.822741]},"properties":{"name":"Piazzale Tecchio","band":3,"modes":"bus","arr":["180","181","502","618","C1","C1E","C3","N6","N7","R6","S1","S2"],"off":[0,-0.8]}},{"type":"Feature","geometry":{"type":"Point","coordinates":[14.194399,40.822741]},"properties":{"line":"180","mode":"bus","color":"#0059a9","colorDark":"#00294f","band":3,"off":[-6.8,1.1]}},{"type":"Feature","geometry":{"type":"Point","coordinates":[14.194399,40.822741]},"properties":{"line":"181","mode":"bus","color":"#0059a9","colorDark":"#00294f","band":3,"off":[-3.4,1.1]}},{"type":"Feature","geometry":{"type":"Point","coordinates":[14.194399,40.822741]},"properties":{"line":"502","mode":"bus","color":"#0059a9","colorDark":"#00294f","band":3,"off":[0,1.1]}},{"type":"Feature","geometry":{"type":"Point","coordinates":[14.194399,40.822741]},"properties":{"line":"618","mode":"bus","color":"#0059a9","colorDark":"#00294f","band":3,"off":[3.4,1.1]}},{"type":"Feature","geometry":{"type":"Point","coordinates":[14.194399,40.822741]},"properties":{"line":"C1","mode":"bus","color":"#0059a9","colorDark":"#00294f","band":3,"off":[6.8,1.1]}},{"type":"Feature","geometry":{"type":"Point","coordinates":[14.194399,40.822741]},"properties":{"line":"C1E","mode":"bus","color":"#0059a9","colorDark":"#00294f","band":3,"off":[-6.8,3.1]}},{"type":"Feature","geometry":{"type":"Point","coordinates":[14.194399,40.822741]},"properties":{"line":"C3","mode":"bus","color":"#0059a9","colorDark":"#00294f","band":3,"off":[-3.4,3.1]}},{"type":"Feature","geometry":{"type":"Point","coordinates":[14.194399,40.822741]},"properties":{"line":"N6","mode":"bus","color":"#0059a9","colorDark":"#00294f","band":3,"off":[0,3.1]}},{"type":"Feature","geometry":{"type":"Point","coordinates":[14.194399,40.822741]},"properties":{"line":"N7","mode":"bus","color":"#0059a9","colorDark":"#00294f","band":3,"off":[3.4,3.1]}},{"type":"Feature","geometry":{"type":"Point","coordinates":[14.194399,40.822741]},"properties":{"line":"R6","mode":"bus","color":"#0059a9","colorDark":"#00294f","band":3,"off":[6.8,3.1]}},{"type":"Feature","geometry":{"type":"Point","coordinates":[14.194399,40.822741]},"properties":{"line":"S1","mode":"bus","color":"#0059a9","colorDark":"#00294f","band":3,"off":[-1.7,5.1]}},{"type":"Feature","geometry":{"type":"Point","coordinates":[14.194399,40.822741]},"properties":{"line":"S2","mode":"bus","color":"#0059a9","colorDark":"#00294f","band":3,"off":[1.7,5.1]}},{"type":"Feature","geometry":{"type":"Point","coordinates":[14.240693,40.892615]},"properties":{"name":"Zuccarini - M1 - Piscinola","band":3,"modes":"bus,metro","arr":["180","C67","L1","NL1","R5"],"off":[0,-0.8]}},{"type":"Feature","geometry":{"type":"Point","coordinates":[14.240693,40.892615]},"properties":{"name":"Piscinola","band":3,"modes":"bus,metro","arr":["180","C67","L1","NL1","R5"],"off":[0,-3]}},{"type":"Feature","geometry":{"type":"Point","coordinates":[14.240693,40.892615]},"properties":{"line":"180","mode":"bus","color":"#0059a9","colorDark":"#00294f","band":3,"off":[-6.8,1.1]}},{"type":"Feature","geometry":{"type":"Point","coordinates":[14.240693,40.892615]},"properties":{"line":"C67","mode":"bus","color":"#0059a9","colorDark":"#00294f","band":3,"off":[-3.4,1.1]}},{"type":"Feature","geometry":{"type":"Point","coordinates":[14.240693,40.892615]},"properties":{"line":"L1","mode":"tram","color":"#F8E414","colorDark":"#887d0b","band":3,"metro":1,"off":[0,1.1]}},{"type":"Feature","geometry":{"type":"Point","coordinates":[14.240693,40.892615]},"properties":{"line":"NL1","mode":"bus","color":"#0059a9","colorDark":"#00294f","band":3,"off":[3.4,1.1]}},{"type":"Feature","geometry":{"type":"Point","coordinates":[14.240693,40.892615]},"properties":{"line":"R5","mode":"bus","color":"#0059a9","colorDark":"#00294f","band":3,"off":[6.8,1.1]}},{"type":"Feature","geometry":{"type":"Point","coordinates":[14.234425,40.903567]},"properties":{"name":"Della Resistenza","band":3,"modes":"bus","arr":["N5"],"off":[0,-0.8]}},{"type":"Feature","geometry":{"type":"Point","coordinates":[14.234425,40.903567]},"properties":{"line":"N5","mode":"bus","color":"#0059a9","colorDark":"#00294f","band":3,"off":[0,1.1]}},{"type":"Feature","geometry":{"type":"Point","coordinates":[14.285209,40.874673]},"properties":{"name":"Ruffo di Calabria - Carbone","band":3,"modes":"bus","arr":["C68"],"off":[0,-0.8]}},{"type":"Feature","geometry":{"type":"Point","coordinates":[14.285209,40.874673]},"properties":{"line":"C68","mode":"bus","color":"#0059a9","colorDark":"#00294f","band":3,"off":[0,1.1]}},{"type":"Feature","geometry":{"type":"Point","coordinates":[14.187775,40.839519]},"properties":{"name":"Cintia - Monte Sant'Angelo","band":3,"modes":"bus","arr":["S1"],"off":[0,-0.8]}},{"type":"Feature","geometry":{"type":"Point","coordinates":[14.187775,40.839519]},"properties":{"line":"S1","mode":"bus","color":"#0059a9","colorDark":"#00294f","band":3,"off":[0,1.1]}},{"type":"Feature","geometry":{"type":"Point","coordinates":[14.207397,40.835174]},"properties":{"name":"Caravaggio","band":3,"modes":"bus","arr":["S3"],"off":[0,-0.8]}},{"type":"Feature","geometry":{"type":"Point","coordinates":[14.207397,40.835174]},"properties":{"line":"S3","mode":"bus","color":"#0059a9","colorDark":"#00294f","band":3,"off":[0,1.1]}},{"type":"Feature","geometry":{"type":"Point","coordinates":[14.315213,40.879489]},"properties":{"name":"Deposito Via Puglie","band":3,"modes":"bus","arr":["182"],"off":[0,-0.8]}},{"type":"Feature","geometry":{"type":"Point","coordinates":[14.315213,40.879489]},"properties":{"line":"182","mode":"bus","color":"#0059a9","colorDark":"#00294f","band":3,"off":[0,1.1]}},{"type":"Feature","geometry":{"type":"Point","coordinates":[14.268062,40.889852]},"properties":{"name":"Delle Galassie Stazionamento","band":3,"modes":"bus","arr":["184"],"off":[0,-0.8]}},{"type":"Feature","geometry":{"type":"Point","coordinates":[14.268062,40.889852]},"properties":{"line":"184","mode":"bus","color":"#0059a9","colorDark":"#00294f","band":3,"off":[0,1.1]}},{"type":"Feature","geometry":{"type":"Point","coordinates":[14.265179,40.861818]},"properties":{"name":"Carlo III","band":3,"modes":"bus","arr":["185","654","C68"],"off":[0,-0.8]}},{"type":"Feature","geometry":{"type":"Point","coordinates":[14.265179,40.861818]},"properties":{"line":"185","mode":"bus","color":"#0059a9","colorDark":"#00294f","band":3,"off":[-3.4,1.1]}},{"type":"Feature","geometry":{"type":"Point","coordinates":[14.265179,40.861818]},"properties":{"line":"654","mode":"bus","color":"#0059a9","colorDark":"#00294f","band":3,"off":[0,1.1]}},{"type":"Feature","geometry":{"type":"Point","coordinates":[14.265179,40.861818]},"properties":{"line":"C68","mode":"bus","color":"#0059a9","colorDark":"#00294f","band":3,"off":[3.4,1.1]}},{"type":"Feature","geometry":{"type":"Point","coordinates":[14.260203,40.884031]},"properties":{"name":"Zanotti Bianco","band":3,"modes":"bus","arr":["185"],"off":[0,-0.8]}},{"type":"Feature","geometry":{"type":"Point","coordinates":[14.260203,40.884031]},"properties":{"line":"185","mode":"bus","color":"#0059a9","colorDark":"#00294f","band":3,"off":[0,1.1]}},{"type":"Feature","geometry":{"type":"Point","coordinates":[14.342063,40.86881]},"properties":{"name":"Callas","band":3,"modes":"bus","arr":["196"],"off":[0,-0.8]}},{"type":"Feature","geometry":{"type":"Point","coordinates":[14.342063,40.86881]},"properties":{"line":"196","mode":"bus","color":"#0059a9","colorDark":"#00294f","band":3,"off":[0,1.1]}},{"type":"Feature","geometry":{"type":"Point","coordinates":[14.312408,40.8513]},"properties":{"name":"Argine - Hitachi","band":3,"modes":"bus","arr":["196BR"],"off":[0,-0.8]}},{"type":"Feature","geometry":{"type":"Point","coordinates":[14.312408,40.8513]},"properties":{"line":"196BR","mode":"bus","color":"#0059a9","colorDark":"#00294f","band":3,"off":[0,1.1]}},{"type":"Feature","geometry":{"type":"Point","coordinates":[14.266974,40.862802]},"properties":{"name":"Carlo III","band":3,"modes":"bus","arr":["201"],"off":[0,-0.8]}},{"type":"Feature","geometry":{"type":"Point","coordinates":[14.266974,40.862802]},"properties":{"line":"201","mode":"bus","color":"#149a3f","colorDark":"#0a5121","band":3,"off":[0,1.1]}},{"type":"Feature","geometry":{"type":"Point","coordinates":[14.254704,40.843516]},"properties":{"name":"Sanfelice - Bovio","band":3,"modes":"bus","arr":["302"],"off":[0,-0.8]}},{"type":"Feature","geometry":{"type":"Point","coordinates":[14.254704,40.843516]},"properties":{"line":"302","mode":"bus","color":"#0059a9","colorDark":"#00294f","band":3,"off":[0,1.1]}},{"type":"Feature","geometry":{"type":"Point","coordinates":[14.252317,40.840771]},"properties":{"name":"Medina - Municipio","band":3,"modes":"bus","arr":["201","202","204","302"],"off":[0,-0.8]}},{"type":"Feature","geometry":{"type":"Point","coordinates":[14.252317,40.840771]},"properties":{"line":"201","mode":"bus","color":"#149a3f","colorDark":"#0a5121","band":3,"off":[-5.1,1.1]}},{"type":"Feature","geometry":{"type":"Point","coordinates":[14.252317,40.840771]},"properties":{"line":"202","mode":"bus","color":"#149a3f","colorDark":"#0a5121","band":3,"off":[-1.7,1.1]}},{"type":"Feature","geometry":{"type":"Point","coordinates":[14.252317,40.840771]},"properties":{"line":"204","mode":"bus","color":"#149a3f","colorDark":"#0a5121","band":3,"off":[1.7,1.1]}},{"type":"Feature","geometry":{"type":"Point","coordinates":[14.252317,40.840771]},"properties":{"line":"302","mode":"bus","color":"#0059a9","colorDark":"#00294f","band":3,"off":[5.1,1.1]}},{"type":"Feature","geometry":{"type":"Point","coordinates":[14.266166,40.871436]},"properties":{"name":"Nicolini","band":3,"modes":"bus","arr":["201BR","254"],"off":[0,-0.8]}},{"type":"Feature","geometry":{"type":"Point","coordinates":[14.266166,40.871436]},"properties":{"line":"201BR","mode":"bus","color":"#0059a9","colorDark":"#00294f","band":3,"off":[-1.7,1.1]}},{"type":"Feature","geometry":{"type":"Point","coordinates":[14.266166,40.871436]},"properties":{"line":"254","mode":"bus","color":"#149a3f","colorDark":"#0a5121","band":3,"off":[1.7,1.1]}},{"type":"Feature","geometry":{"type":"Point","coordinates":[14.226795,40.864969]},"properties":{"name":"Cardarelli-Ospedale","band":3,"modes":"bus","arr":["204"],"off":[0,-0.8]}},{"type":"Feature","geometry":{"type":"Point","coordinates":[14.226795,40.864969]},"properties":{"line":"204","mode":"bus","color":"#149a3f","colorDark":"#0a5121","band":3,"off":[0,1.1]}},{"type":"Feature","geometry":{"type":"Point","coordinates":[14.348398,40.820259]},"properties":{"name":"Piazza Poli","band":3,"modes":"bus","arr":["254"],"off":[0,-0.8]}},{"type":"Feature","geometry":{"type":"Point","coordinates":[14.348398,40.820259]},"properties":{"line":"254","mode":"bus","color":"#149a3f","colorDark":"#0a5121","band":3,"off":[0,1.1]}},{"type":"Feature","geometry":{"type":"Point","coordinates":[14.305469,40.834122]},"properties":{"name":"San Giovanni a Teduccio - Deposito A.N.M.","band":3,"modes":"tram,bus","arr":["412","421","421A","422"],"off":[0,-0.8]}},{"type":"Feature","geometry":{"type":"Point","coordinates":[14.305469,40.834122]},"properties":{"line":"412","mode":"tram","color":"#d6212b","colorDark":"#7c1116","band":3,"off":[-5.1,1.1]}},{"type":"Feature","geometry":{"type":"Point","coordinates":[14.305469,40.834122]},"properties":{"line":"421","mode":"tram","color":"#d6212b","colorDark":"#7c1116","band":3,"off":[-1.7,1.1]}},{"type":"Feature","geometry":{"type":"Point","coordinates":[14.305469,40.834122]},"properties":{"line":"421A","mode":"bus","color":"#0059a9","colorDark":"#00294f","band":3,"off":[1.7,1.1]}},{"type":"Feature","geometry":{"type":"Point","coordinates":[14.305469,40.834122]},"properties":{"line":"422","mode":"tram","color":"#d6212b","colorDark":"#7c1116","band":3,"off":[5.1,1.1]}},{"type":"Feature","geometry":{"type":"Point","coordinates":[14.255467,40.839697]},"properties":{"name":"Colombo-Porto (Capolinea Linea 1-4)","band":3,"modes":"bus","arr":["421A"],"off":[0,-0.8]}},{"type":"Feature","geometry":{"type":"Point","coordinates":[14.255467,40.839697]},"properties":{"line":"421A","mode":"bus","color":"#0059a9","colorDark":"#00294f","band":3,"off":[0,1.1]}},{"type":"Feature","geometry":{"type":"Point","coordinates":[14.431073,40.760728]},"properties":{"name":"Palazzone","band":3,"modes":"bus","arr":["455"],"off":[0,-0.8]}},{"type":"Feature","geometry":{"type":"Point","coordinates":[14.431073,40.760728]},"properties":{"line":"455","mode":"bus","color":"#0059a9","colorDark":"#00294f","band":3,"off":[0,1.1]}},{"type":"Feature","geometry":{"type":"Point","coordinates":[14.15273,40.830526]},"properties":{"name":"Pisciarelli - Tribunale","band":3,"modes":"bus","arr":["502"],"off":[0,-0.8]}},{"type":"Feature","geometry":{"type":"Point","coordinates":[14.15273,40.830526]},"properties":{"line":"502","mode":"bus","color":"#0059a9","colorDark":"#00294f","band":3,"off":[0,1.1]}},{"type":"Feature","geometry":{"type":"Point","coordinates":[14.178669,40.819084]},"properties":{"name":"Kennedy - ITIS Righi","band":3,"modes":"bus","arr":["S4","S4A","S4B"],"off":[0,-0.8]}},{"type":"Feature","geometry":{"type":"Point","coordinates":[14.178669,40.819084]},"properties":{"line":"S4","mode":"bus","color":"#0059a9","colorDark":"#00294f","band":3,"off":[-3.4,1.1]}},{"type":"Feature","geometry":{"type":"Point","coordinates":[14.178669,40.819084]},"properties":{"line":"S4A","mode":"bus","color":"#0059a9","colorDark":"#00294f","band":3,"off":[0,1.1]}},{"type":"Feature","geometry":{"type":"Point","coordinates":[14.178669,40.819084]},"properties":{"line":"S4B","mode":"bus","color":"#0059a9","colorDark":"#00294f","band":3,"off":[3.4,1.1]}},{"type":"Feature","geometry":{"type":"Point","coordinates":[14.212394,40.868415]},"properties":{"name":"Ruggieri - Ospedale Monaldi","band":3,"modes":"bus","arr":["572","C42"],"off":[0,-0.8]}},{"type":"Feature","geometry":{"type":"Point","coordinates":[14.212394,40.868415]},"properties":{"line":"572","mode":"bus","color":"#0059a9","colorDark":"#00294f","band":3,"off":[-1.7,1.1]}},{"type":"Feature","geometry":{"type":"Point","coordinates":[14.212394,40.868415]},"properties":{"line":"C42","mode":"bus","color":"#0059a9","colorDark":"#00294f","band":3,"off":[1.7,1.1]}},{"type":"Feature","geometry":{"type":"Point","coordinates":[14.22806,40.894102]},"properties":{"name":"Corso Campano 116","band":3,"modes":"bus","arr":["572"],"off":[0,-0.8]}},{"type":"Feature","geometry":{"type":"Point","coordinates":[14.22806,40.894102]},"properties":{"line":"572","mode":"bus","color":"#0059a9","colorDark":"#00294f","band":3,"off":[0,1.1]}},{"type":"Feature","geometry":{"type":"Point","coordinates":[14.295093,40.872147]},"properties":{"name":"S.Maria del Pianto-Stazionamento","band":3,"modes":"bus","arr":["584"],"off":[0,-0.8]}},{"type":"Feature","geometry":{"type":"Point","coordinates":[14.295093,40.872147]},"properties":{"line":"584","mode":"bus","color":"#0059a9","colorDark":"#00294f","band":3,"off":[0,1.1]}},{"type":"Feature","geometry":{"type":"Point","coordinates":[14.161138,40.85632]},"properties":{"name":"Picasso Ex Area Mercatale","band":3,"modes":"bus","arr":["612","633","S4","S4A","S5"],"off":[0,-0.8]}},{"type":"Feature","geometry":{"type":"Point","coordinates":[14.161138,40.85632]},"properties":{"line":"612","mode":"bus","color":"#0059a9","colorDark":"#00294f","band":3,"off":[-6.8,1.1]}},{"type":"Feature","geometry":{"type":"Point","coordinates":[14.161138,40.85632]},"properties":{"line":"633","mode":"bus","color":"#0059a9","colorDark":"#00294f","band":3,"off":[-3.4,1.1]}},{"type":"Feature","geometry":{"type":"Point","coordinates":[14.161138,40.85632]},"properties":{"line":"S4","mode":"bus","color":"#0059a9","colorDark":"#00294f","band":3,"off":[0,1.1]}},{"type":"Feature","geometry":{"type":"Point","coordinates":[14.161138,40.85632]},"properties":{"line":"S4A","mode":"bus","color":"#0059a9","colorDark":"#00294f","band":3,"off":[3.4,1.1]}},{"type":"Feature","geometry":{"type":"Point","coordinates":[14.161138,40.85632]},"properties":{"line":"S5","mode":"bus","color":"#0059a9","colorDark":"#00294f","band":3,"off":[6.8,1.1]}},{"type":"Feature","geometry":{"type":"Point","coordinates":[14.163658,40.856658]},"properties":{"name":"Modigliani","band":3,"modes":"bus","arr":["S3A"],"off":[0,-0.8]}},{"type":"Feature","geometry":{"type":"Point","coordinates":[14.163658,40.856658]},"properties":{"line":"S3A","mode":"bus","color":"#0059a9","colorDark":"#00294f","band":3,"off":[0,1.1]}},{"type":"Feature","geometry":{"type":"Point","coordinates":[14.16038,40.855231]},"properties":{"name":"Montagna Spaccata","band":3,"modes":"bus","arr":["N6"],"off":[0,-0.8]}},{"type":"Feature","geometry":{"type":"Point","coordinates":[14.16038,40.855231]},"properties":{"line":"N6","mode":"bus","color":"#0059a9","colorDark":"#00294f","band":3,"off":[0,1.1]}},{"type":"Feature","geometry":{"type":"Point","coordinates":[14.219865,40.830643]},"properties":{"name":"Piedigrotta","band":3,"modes":"bus","arr":["612"],"off":[0,-0.8]}},{"type":"Feature","geometry":{"type":"Point","coordinates":[14.219865,40.830643]},"properties":{"line":"612","mode":"bus","color":"#0059a9","colorDark":"#00294f","band":3,"off":[0,1.1]}},{"type":"Feature","geometry":{"type":"Point","coordinates":[14.193352,40.796733]},"properties":{"name":"Marechiaro","band":3,"modes":"bus","arr":["622"],"off":[0,-0.8]}},{"type":"Feature","geometry":{"type":"Point","coordinates":[14.193352,40.796733]},"properties":{"line":"622","mode":"bus","color":"#0059a9","colorDark":"#00294f","band":3,"off":[0,1.1]}},{"type":"Feature","geometry":{"type":"Point","coordinates":[14.263976,40.867429]},"properties":{"name":"De Marco","band":3,"modes":"bus","arr":["654"],"off":[0,-0.8]}},{"type":"Feature","geometry":{"type":"Point","coordinates":[14.263976,40.867429]},"properties":{"line":"654","mode":"bus","color":"#0059a9","colorDark":"#00294f","band":3,"off":[0,1.1]}},{"type":"Feature","geometry":{"type":"Point","coordinates":[14.24985,40.8353]},"properties":{"name":"Acton ASC1","band":3,"modes":"bus","arr":["ACTON"],"off":[0,-0.8]}},{"type":"Feature","geometry":{"type":"Point","coordinates":[14.24985,40.8353]},"properties":{"name":"Acton ASC","band":3,"modes":"bus","arr":["ACTON"],"off":[0,-1.9]}},{"type":"Feature","geometry":{"type":"Point","coordinates":[14.24985,40.8353]},"properties":{"line":"ACTON","mode":"bus","color":"#0059a9","colorDark":"#00294f","band":3,"off":[0,1.1]}},{"type":"Feature","geometry":{"type":"Point","coordinates":[14.283087,40.876689]},"properties":{"name":"Aeroporto","band":3,"modes":"bus","arr":["ALIB"],"off":[0,-0.8]}},{"type":"Feature","geometry":{"type":"Point","coordinates":[14.283087,40.876689]},"properties":{"line":"ALIB","mode":"bus","color":"#0059a9","colorDark":"#00294f","band":3,"off":[0,1.1]}},{"type":"Feature","geometry":{"type":"Point","coordinates":[14.257808,40.83849]},"properties":{"name":"Beverello - Angioino","band":3,"modes":"bus","arr":["ALIB"],"off":[0,-0.8]}},{"type":"Feature","geometry":{"type":"Point","coordinates":[14.257808,40.83849]},"properties":{"line":"ALIB","mode":"bus","color":"#0059a9","colorDark":"#00294f","band":3,"off":[0,1.1]}},{"type":"Feature","geometry":{"type":"Point","coordinates":[14.191941,40.806477]},"properties":{"name":"Padula - Manzoni","band":3,"modes":"bus","arr":["C1","C1E"],"off":[0,-0.8]}},{"type":"Feature","geometry":{"type":"Point","coordinates":[14.191941,40.806477]},"properties":{"line":"C1","mode":"bus","color":"#0059a9","colorDark":"#00294f","band":3,"off":[-1.7,1.1]}},{"type":"Feature","geometry":{"type":"Point","coordinates":[14.191941,40.806477]},"properties":{"line":"C1E","mode":"bus","color":"#0059a9","colorDark":"#00294f","band":3,"off":[1.7,1.1]}},{"type":"Feature","geometry":{"type":"Point","coordinates":[14.169307,40.816978]},"properties":{"name":"Piazza Salvemini","band":3,"modes":"bus","arr":["C3"],"off":[0,-0.8]}},{"type":"Feature","geometry":{"type":"Point","coordinates":[14.169307,40.816978]},"properties":{"line":"C3","mode":"bus","color":"#0059a9","colorDark":"#00294f","band":3,"off":[0,1.1]}},{"type":"Feature","geometry":{"type":"Point","coordinates":[14.220553,40.825219]},"properties":{"name":"Capolinea Mergellina","band":3,"modes":"bus","arr":["C16","C21"],"off":[0,-0.8]}},{"type":"Feature","geometry":{"type":"Point","coordinates":[14.220553,40.825219]},"properties":{"line":"C16","mode":"bus","color":"#0059a9","colorDark":"#00294f","band":3,"off":[-1.7,1.1]}},{"type":"Feature","geometry":{"type":"Point","coordinates":[14.220553,40.825219]},"properties":{"line":"C21","mode":"bus","color":"#0059a9","colorDark":"#00294f","band":3,"off":[1.7,1.1]}},{"type":"Feature","geometry":{"type":"Point","coordinates":[14.231608,40.844005]},"properties":{"name":"Vanvitelli","band":3,"modes":"bus","arr":["C36","NAVF2"],"off":[0,-0.8]}},{"type":"Feature","geometry":{"type":"Point","coordinates":[14.231608,40.844005]},"properties":{"line":"C36","mode":"bus","color":"#0059a9","colorDark":"#00294f","band":3,"off":[-1.7,1.1]}},{"type":"Feature","geometry":{"type":"Point","coordinates":[14.231608,40.844005]},"properties":{"line":"NAVF2","mode":"bus","color":"#0059a9","colorDark":"#00294f","band":3,"off":[1.7,1.1]}},{"type":"Feature","geometry":{"type":"Point","coordinates":[14.209011,40.844095]},"properties":{"name":"San Domenico","band":3,"modes":"bus","arr":["C36"],"off":[0,-0.8]}},{"type":"Feature","geometry":{"type":"Point","coordinates":[14.209011,40.844095]},"properties":{"line":"C36","mode":"bus","color":"#0059a9","colorDark":"#00294f","band":3,"off":[0,1.1]}},{"type":"Feature","geometry":{"type":"Point","coordinates":[14.240162,40.844318]},"properties":{"name":"San Martino-Certosa","band":3,"modes":"bus","arr":["C37"],"off":[0,-0.8]}},{"type":"Feature","geometry":{"type":"Point","coordinates":[14.240162,40.844318]},"properties":{"line":"C37","mode":"bus","color":"#0059a9","colorDark":"#00294f","band":3,"off":[0,1.1]}},{"type":"Feature","geometry":{"type":"Point","coordinates":[14.253622,40.854859]},"properties":{"name":"Piazza Cavour","band":3,"modes":"bus","arr":["C52"],"off":[0,-0.8]}},{"type":"Feature","geometry":{"type":"Point","coordinates":[14.253622,40.854859]},"properties":{"line":"C52","mode":"bus","color":"#0059a9","colorDark":"#00294f","band":3,"off":[0,1.1]}},{"type":"Feature","geometry":{"type":"Point","coordinates":[14.246851,40.861503]},"properties":{"name":"San Gennaro dei Poveri","band":3,"modes":"bus","arr":["C52"],"off":[0,-0.8]}},{"type":"Feature","geometry":{"type":"Point","coordinates":[14.246851,40.861503]},"properties":{"line":"C52","mode":"bus","color":"#0059a9","colorDark":"#00294f","band":3,"off":[0,1.1]}},{"type":"Feature","geometry":{"type":"Point","coordinates":[14.228515,40.869347]},"properties":{"name":"S.Gatto - M1 Colli Aminei","band":3,"modes":"bus","arr":["C65"],"off":[0,-0.8]}},{"type":"Feature","geometry":{"type":"Point","coordinates":[14.228515,40.869347]},"properties":{"line":"C65","mode":"bus","color":"#0059a9","colorDark":"#00294f","band":3,"off":[0,1.1]}},{"type":"Feature","geometry":{"type":"Point","coordinates":[14.24702,40.874131]},"properties":{"name":"Lieti","band":3,"modes":"bus","arr":["C65"],"off":[0,-0.8]}},{"type":"Feature","geometry":{"type":"Point","coordinates":[14.24702,40.874131]},"properties":{"line":"C65","mode":"bus","color":"#0059a9","colorDark":"#00294f","band":3,"off":[0,1.1]}},{"type":"Feature","geometry":{"type":"Point","coordinates":[14.204061,40.872917]},"properties":{"name":"Camaldoli Hospital","band":3,"modes":"bus","arr":["C76"],"off":[0,-0.8]}},{"type":"Feature","geometry":{"type":"Point","coordinates":[14.204061,40.872917]},"properties":{"line":"C76","mode":"bus","color":"#0059a9","colorDark":"#00294f","band":3,"off":[0,1.1]}},{"type":"Feature","geometry":{"type":"Point","coordinates":[14.264324,40.899297]},"properties":{"name":"Rione dei Fiori","band":3,"modes":"bus","arr":["C78"],"off":[0,-0.8]}},{"type":"Feature","geometry":{"type":"Point","coordinates":[14.264324,40.899297]},"properties":{"line":"C78","mode":"bus","color":"#0059a9","colorDark":"#00294f","band":3,"off":[0,1.1]}},{"type":"Feature","geometry":{"type":"Point","coordinates":[14.295025,40.86679]},"properties":{"name":"Miraglia - Parise","band":3,"modes":"bus","arr":["C90"],"off":[0,-0.8]}},{"type":"Feature","geometry":{"type":"Point","coordinates":[14.295025,40.86679]},"properties":{"line":"C90","mode":"bus","color":"#0059a9","colorDark":"#00294f","band":3,"off":[0,1.1]}},{"type":"Feature","geometry":{"type":"Point","coordinates":[14.264381,40.900899]},"properties":{"name":"La Certosa di Parma","band":3,"modes":"bus","arr":["C90"],"off":[0,-0.8]}},{"type":"Feature","geometry":{"type":"Point","coordinates":[14.264381,40.900899]},"properties":{"line":"C90","mode":"bus","color":"#0059a9","colorDark":"#00294f","band":3,"off":[0,1.1]}},{"type":"Feature","geometry":{"type":"Point","coordinates":[14.244747,40.83567]},"properties":{"name":"Chiaia ASC1","band":3,"modes":"bus","arr":["CHIAIA"],"off":[0,-0.8]}},{"type":"Feature","geometry":{"type":"Point","coordinates":[14.244747,40.83567]},"properties":{"name":"Chiaia ASC","band":3,"modes":"bus","arr":["CHIAIA"],"off":[0,-1.9]}},{"type":"Feature","geometry":{"type":"Point","coordinates":[14.244747,40.83567]},"properties":{"line":"CHIAIA","mode":"bus","color":"#0059a9","colorDark":"#00294f","band":3,"off":[0,1.1]}},{"type":"Feature","geometry":{"type":"Point","coordinates":[14.248871,40.837072]},"properties":{"name":"Trieste e Trento","band":3,"modes":"bus","arr":["E6"],"off":[0,-0.8]}},{"type":"Feature","geometry":{"type":"Point","coordinates":[14.248871,40.837072]},"properties":{"line":"E6","mode":"bus","color":"#0059a9","colorDark":"#00294f","band":3,"off":[0,1.1]}},{"type":"Feature","geometry":{"type":"Point","coordinates":[14.242068,40.834218]},"properties":{"name":"Piazza dei Martiri","band":3,"modes":"bus","arr":["E6"],"off":[0,-0.8]}},{"type":"Feature","geometry":{"type":"Point","coordinates":[14.242068,40.834218]},"properties":{"line":"E6","mode":"bus","color":"#0059a9","colorDark":"#00294f","band":3,"off":[0,1.1]}},{"type":"Feature","geometry":{"type":"Point","coordinates":[14.248536,40.830434]},"properties":{"name":"Echia ASC1","band":3,"modes":"bus","arr":["ECHIA"],"off":[0,-0.8]}},{"type":"Feature","geometry":{"type":"Point","coordinates":[14.248536,40.830434]},"properties":{"name":"Echia ASC","band":3,"modes":"bus","arr":["ECHIA"],"off":[0,-1.9]}},{"type":"Feature","geometry":{"type":"Point","coordinates":[14.248536,40.830434]},"properties":{"line":"ECHIA","mode":"bus","color":"#0059a9","colorDark":"#00294f","band":3,"off":[0,1.1]}},{"type":"Feature","geometry":{"type":"Point","coordinates":[14.2494,40.837759]},"properties":{"name":"San Carlo - Trieste e Trento","band":3,"modes":"bus","arr":["R2"],"off":[0,-0.8]}},{"type":"Feature","geometry":{"type":"Point","coordinates":[14.2494,40.837759]},"properties":{"line":"R2","mode":"bus","color":"#0059a9","colorDark":"#00294f","band":3,"off":[0,1.1]}},{"type":"Feature","geometry":{"type":"Point","coordinates":[14.180116,40.84959]},"properties":{"name":"Padula - Montagna Spaccata","band":3,"modes":"bus","arr":["R6","S3","S4B"],"off":[0,-0.8]}},{"type":"Feature","geometry":{"type":"Point","coordinates":[14.180116,40.84959]},"properties":{"line":"R6","mode":"bus","color":"#0059a9","colorDark":"#00294f","band":3,"off":[-3.4,1.1]}},{"type":"Feature","geometry":{"type":"Point","coordinates":[14.180116,40.84959]},"properties":{"line":"S3","mode":"bus","color":"#0059a9","colorDark":"#00294f","band":3,"off":[0,1.1]}},{"type":"Feature","geometry":{"type":"Point","coordinates":[14.180116,40.84959]},"properties":{"line":"S4B","mode":"bus","color":"#0059a9","colorDark":"#00294f","band":3,"off":[3.4,1.1]}},{"type":"Feature","geometry":{"type":"Point","coordinates":[14.221394,40.864367]},"properties":{"name":"Pansini","band":3,"modes":"bus","arr":["NL1"],"off":[0,-0.8]}},{"type":"Feature","geometry":{"type":"Point","coordinates":[14.221394,40.864367]},"properties":{"line":"NL1","mode":"bus","color":"#0059a9","colorDark":"#00294f","band":3,"off":[0,1.1]}},{"type":"Feature","geometry":{"type":"Point","coordinates":[14.159559,40.817116]},"properties":{"name":"Bagnoli - la Pietra","band":3,"modes":"bus","arr":["R7"],"off":[0,-0.8]}},{"type":"Feature","geometry":{"type":"Point","coordinates":[14.159559,40.817116]},"properties":{"line":"R7","mode":"bus","color":"#0059a9","colorDark":"#00294f","band":3,"off":[0,1.1]}},{"type":"Feature","geometry":{"type":"Point","coordinates":[14.248496,40.859361]},"properties":{"name":"Sanità ASC1","band":3,"modes":"bus","arr":["SANITA"],"off":[0,-0.8]}},{"type":"Feature","geometry":{"type":"Point","coordinates":[14.248496,40.859361]},"properties":{"name":"Sanità ASC","band":3,"modes":"bus","arr":["SANITA"],"off":[0,-1.9]}},{"type":"Feature","geometry":{"type":"Point","coordinates":[14.248496,40.859361]},"properties":{"line":"SANITA","mode":"bus","color":"#0059a9","colorDark":"#00294f","band":3,"off":[0,1.1]}},{"type":"Feature","geometry":{"type":"Point","coordinates":[14.245026,40.849092]},"properties":{"name":"Venta ASC1","band":3,"modes":"bus","arr":["VENTA"],"off":[0,-0.8]}},{"type":"Feature","geometry":{"type":"Point","coordinates":[14.245026,40.849092]},"properties":{"name":"Venta ASC","band":3,"modes":"bus","arr":["VENTA"],"off":[0,-1.9]}},{"type":"Feature","geometry":{"type":"Point","coordinates":[14.245026,40.849092]},"properties":{"line":"VENTA","mode":"bus","color":"#0059a9","colorDark":"#00294f","band":3,"off":[0,1.1]}},{"type":"Feature","geometry":{"type":"Point","coordinates":[14.290798,40.866496]},"properties":{"name":"Poggioreale","band":3,"modes":"tram","arr":["412","421"],"off":[0,-0.8]}},{"type":"Feature","geometry":{"type":"Point","coordinates":[14.290798,40.866496]},"properties":{"line":"412","mode":"tram","color":"#d6212b","colorDark":"#7c1116","band":3,"off":[-1.7,1.1]}},{"type":"Feature","geometry":{"type":"Point","coordinates":[14.290798,40.866496]},"properties":{"line":"421","mode":"tram","color":"#d6212b","colorDark":"#7c1116","band":3,"off":[1.7,1.1]}},{"type":"Feature","geometry":{"type":"Point","coordinates":[14.253241,40.839669]},"properties":{"name":"Municipio","band":3,"modes":"metro","arr":["L6"],"off":[0,-0.8]}},{"type":"Feature","geometry":{"type":"Point","coordinates":[14.253241,40.839669]},"properties":{"line":"L6","mode":"tram","color":"#179ED6","colorDark":"#0d5776","band":3,"metro":1,"off":[0,1.1]}},{"type":"Feature","geometry":{"type":"Point","coordinates":[14.193665,40.824284]},"properties":{"name":"Mostra","band":3,"modes":"metro","arr":["L6"],"off":[0,-0.8]}},{"type":"Feature","geometry":{"type":"Point","coordinates":[14.193665,40.824284]},"properties":{"line":"L6","mode":"tram","color":"#179ED6","colorDark":"#0d5776","band":3,"metro":1,"off":[0,1.1]}},{"type":"Feature","geometry":{"type":"Point","coordinates":[14.307029,40.831996]},"properties":{"name":"San Giovanni - Barra","band":3,"modes":"metro","arr":["L2"],"off":[0,-0.8]}},{"type":"Feature","geometry":{"type":"Point","coordinates":[14.307029,40.831996]},"properties":{"line":"L2","mode":"tram","color":"#4E78BA","colorDark":"#2b4266","band":3,"metro":1,"off":[0,1.1]}},{"type":"Feature","geometry":{"type":"Point","coordinates":[14.125587,40.827971]},"properties":{"name":"Pozzuoli","band":3,"modes":"metro","arr":["L2"],"off":[0,-0.8]}},{"type":"Feature","geometry":{"type":"Point","coordinates":[14.125587,40.827971]},"properties":{"line":"L2","mode":"tram","color":"#4E78BA","colorDark":"#2b4266","band":3,"metro":1,"off":[0,1.1]}},{"type":"Feature","geometry":{"type":"Point","coordinates":[14.234698,40.83812]},"properties":{"name":"Parco Margherita","band":3,"modes":"metro","arr":["F1"],"off":[0,-0.8]}},{"type":"Feature","geometry":{"type":"Point","coordinates":[14.234698,40.83812]},"properties":{"line":"F1","mode":"tram","color":"#F89329","colorDark":"#885117","band":3,"metro":1,"off":[0,1.1]}},{"type":"Feature","geometry":{"type":"Point","coordinates":[14.232023,40.842323]},"properties":{"name":"Cimarosa","band":3,"modes":"metro","arr":["F1"],"off":[0,-0.8]}},{"type":"Feature","geometry":{"type":"Point","coordinates":[14.232023,40.842323]},"properties":{"line":"F1","mode":"tram","color":"#F89329","colorDark":"#885117","band":3,"metro":1,"off":[0,1.1]}},{"type":"Feature","geometry":{"type":"Point","coordinates":[14.247618,40.838959]},"properties":{"name":"Augusteo","band":3,"modes":"metro","arr":["F3"],"off":[0,-0.8]}},{"type":"Feature","geometry":{"type":"Point","coordinates":[14.247618,40.838959]},"properties":{"line":"F3","mode":"tram","color":"#F89329","colorDark":"#885117","band":3,"metro":1,"off":[0,1.1]}},{"type":"Feature","geometry":{"type":"Point","coordinates":[14.233815,40.842465]},"properties":{"name":"P. Fuga","band":3,"modes":"metro","arr":["F3"],"off":[0,-0.8]}},{"type":"Feature","geometry":{"type":"Point","coordinates":[14.233815,40.842465]},"properties":{"line":"F3","mode":"tram","color":"#F89329","colorDark":"#885117","band":3,"metro":1,"off":[0,1.1]}},{"type":"Feature","geometry":{"type":"Point","coordinates":[14.219413,40.826345]},"properties":{"name":"Mergellina","band":3,"modes":"metro","arr":["F4"],"off":[0,-0.8]}},{"type":"Feature","geometry":{"type":"Point","coordinates":[14.219413,40.826345]},"properties":{"line":"F4","mode":"tram","color":"#F89329","colorDark":"#885117","band":3,"metro":1,"off":[0,1.1]}},{"type":"Feature","geometry":{"type":"Point","coordinates":[14.212908,40.825879]},"properties":{"name":"Manzoni","band":3,"modes":"metro","arr":["F4"],"off":[0,-0.8]}},{"type":"Feature","geometry":{"type":"Point","coordinates":[14.212908,40.825879]},"properties":{"line":"F4","mode":"tram","color":"#F89329","colorDark":"#885117","band":3,"metro":1,"off":[0,1.1]}},{"type":"Feature","geometry":{"type":"Point","coordinates":[14.249295,40.879123]},"properties":{"name":"Porta Miano","band":4,"modes":"bus","arr":["3M"],"off":[0,-0.8]}},{"type":"Feature","geometry":{"type":"Point","coordinates":[14.249295,40.879123]},"properties":{"line":"3M","mode":"bus","color":"#0059a9","colorDark":"#00294f","band":4,"off":[0,1.1]}},{"type":"Feature","geometry":{"type":"Point","coordinates":[14.248676,40.866983]},"properties":{"name":"Capodimonte","band":4,"modes":"bus","arr":["C67"],"off":[0,-0.8]}},{"type":"Feature","geometry":{"type":"Point","coordinates":[14.248676,40.866983]},"properties":{"line":"C67","mode":"bus","color":"#0059a9","colorDark":"#00294f","band":4,"off":[0,1.1]}},{"type":"Feature","geometry":{"type":"Point","coordinates":[14.249728,40.848533]},"properties":{"name":"Dante - M1","band":4,"modes":"bus","arr":["178","C63"],"off":[0,-0.8]}},{"type":"Feature","geometry":{"type":"Point","coordinates":[14.249728,40.848533]},"properties":{"line":"178","mode":"bus","color":"#0059a9","colorDark":"#00294f","band":4,"off":[-1.7,1.1]}},{"type":"Feature","geometry":{"type":"Point","coordinates":[14.249728,40.848533]},"properties":{"line":"C63","mode":"bus","color":"#0059a9","colorDark":"#00294f","band":4,"off":[1.7,1.1]}},{"type":"Feature","geometry":{"type":"Point","coordinates":[14.251608,40.852472]},"properties":{"name":"Costantinopoli","band":4,"modes":"bus","arr":["201BR","C56"],"off":[0,-0.8]}},{"type":"Feature","geometry":{"type":"Point","coordinates":[14.251608,40.852472]},"properties":{"line":"201BR","mode":"bus","color":"#0059a9","colorDark":"#00294f","band":4,"off":[-1.7,1.1]}},{"type":"Feature","geometry":{"type":"Point","coordinates":[14.251608,40.852472]},"properties":{"line":"C56","mode":"bus","color":"#0059a9","colorDark":"#00294f","band":4,"off":[1.7,1.1]}},{"type":"Feature","geometry":{"type":"Point","coordinates":[14.250238,40.85296]},"properties":{"name":"Museo Nazionale","band":4,"modes":"bus","arr":["3M"],"off":[0,-0.8]}},{"type":"Feature","geometry":{"type":"Point","coordinates":[14.250238,40.85296]},"properties":{"line":"3M","mode":"bus","color":"#0059a9","colorDark":"#00294f","band":4,"off":[0,1.1]}},{"type":"Feature","geometry":{"type":"Point","coordinates":[14.336304,40.811086]},"properties":{"name":"Gianturco","band":4,"modes":"bus","arr":["5","158","176","177"],"off":[0,-0.8]}},{"type":"Feature","geometry":{"type":"Point","coordinates":[14.336304,40.811086]},"properties":{"line":"5","mode":"bus","color":"#0059a9","colorDark":"#00294f","band":4,"off":[-5.1,1.1]}},{"type":"Feature","geometry":{"type":"Point","coordinates":[14.336304,40.811086]},"properties":{"line":"158","mode":"bus","color":"#0059a9","colorDark":"#00294f","band":4,"off":[-1.7,1.1]}},{"type":"Feature","geometry":{"type":"Point","coordinates":[14.336304,40.811086]},"properties":{"line":"176","mode":"bus","color":"#0059a9","colorDark":"#00294f","band":4,"off":[1.7,1.1]}},{"type":"Feature","geometry":{"type":"Point","coordinates":[14.336304,40.811086]},"properties":{"line":"177","mode":"bus","color":"#0059a9","colorDark":"#00294f","band":4,"off":[5.1,1.1]}},{"type":"Feature","geometry":{"type":"Point","coordinates":[14.382844,40.819969]},"properties":{"name":"Vesuvio","band":4,"modes":"bus","arr":["5"],"off":[0,-0.8]}},{"type":"Feature","geometry":{"type":"Point","coordinates":[14.382844,40.819969]},"properties":{"line":"5","mode":"bus","color":"#0059a9","colorDark":"#00294f","band":4,"off":[0,1.1]}},{"type":"Feature","geometry":{"type":"Point","coordinates":[14.280479,40.846656]},"properties":{"name":"Brin - Attestamento","band":4,"modes":"bus","arr":["116","154","173A","175","194","196","196BR","455","460","472","475","N1","N3","N5"],"off":[0,-0.8]}},{"type":"Feature","geometry":{"type":"Point","coordinates":[14.280479,40.846656]},"properties":{"line":"116","mode":"bus","color":"#0059a9","colorDark":"#00294f","band":4,"off":[-6.8,1.1]}},{"type":"Feature","geometry":{"type":"Point","coordinates":[14.280479,40.846656]},"properties":{"line":"154","mode":"bus","color":"#0059a9","colorDark":"#00294f","band":4,"off":[-3.4,1.1]}},{"type":"Feature","geometry":{"type":"Point","coordinates":[14.280479,40.846656]},"properties":{"line":"173A","mode":"bus","color":"#0059a9","colorDark":"#00294f","band":4,"off":[0,1.1]}},{"type":"Feature","geometry":{"type":"Point","coordinates":[14.280479,40.846656]},"properties":{"line":"175","mode":"bus","color":"#0059a9","colorDark":"#00294f","band":4,"off":[3.4,1.1]}},{"type":"Feature","geometry":{"type":"Point","coordinates":[14.280479,40.846656]},"properties":{"line":"194","mode":"bus","color":"#0059a9","colorDark":"#00294f","band":4,"off":[6.8,1.1]}},{"type":"Feature","geometry":{"type":"Point","coordinates":[14.280479,40.846656]},"properties":{"line":"196","mode":"bus","color":"#0059a9","colorDark":"#00294f","band":4,"off":[-6.8,3.1]}},{"type":"Feature","geometry":{"type":"Point","coordinates":[14.280479,40.846656]},"properties":{"line":"196BR","mode":"bus","color":"#0059a9","colorDark":"#00294f","band":4,"off":[-3.4,3.1]}},{"type":"Feature","geometry":{"type":"Point","coordinates":[14.280479,40.846656]},"properties":{"line":"455","mode":"bus","color":"#0059a9","colorDark":"#00294f","band":4,"off":[0,3.1]}},{"type":"Feature","geometry":{"type":"Point","coordinates":[14.280479,40.846656]},"properties":{"line":"460","mode":"bus","color":"#0059a9","colorDark":"#00294f","band":4,"off":[3.4,3.1]}},{"type":"Feature","geometry":{"type":"Point","coordinates":[14.280479,40.846656]},"properties":{"line":"472","mode":"bus","color":"#0059a9","colorDark":"#00294f","band":4,"off":[6.8,3.1]}},{"type":"Feature","geometry":{"type":"Point","coordinates":[14.280479,40.846656]},"properties":{"line":"475","mode":"bus","color":"#0059a9","colorDark":"#00294f","band":4,"off":[-5.1,5.1]}},{"type":"Feature","geometry":{"type":"Point","coordinates":[14.280479,40.846656]},"properties":{"line":"N1","mode":"bus","color":"#0059a9","colorDark":"#00294f","band":4,"off":[-1.7,5.1]}},{"type":"Feature","geometry":{"type":"Point","coordinates":[14.280479,40.846656]},"properties":{"line":"N3","mode":"bus","color":"#0059a9","colorDark":"#00294f","band":4,"off":[1.7,5.1]}},{"type":"Feature","geometry":{"type":"Point","coordinates":[14.280479,40.846656]},"properties":{"line":"N5","mode":"bus","color":"#0059a9","colorDark":"#00294f","band":4,"off":[5.1,5.1]}},{"type":"Feature","geometry":{"type":"Point","coordinates":[14.268683,40.849171]},"properties":{"name":"Garibaldi - Circumvesuviana","band":4,"modes":"bus","arr":["195"],"off":[0,-0.8]}},{"type":"Feature","geometry":{"type":"Point","coordinates":[14.268683,40.849171]},"properties":{"line":"195","mode":"bus","color":"#0059a9","colorDark":"#00294f","band":4,"off":[0,1.1]}},{"type":"Feature","geometry":{"type":"Point","coordinates":[14.360188,40.860414]},"properties":{"name":"Riccardi - Piazza della Libertà","band":4,"modes":"bus","arr":["472"],"off":[0,-0.8]}},{"type":"Feature","geometry":{"type":"Point","coordinates":[14.360188,40.860414]},"properties":{"line":"472","mode":"bus","color":"#0059a9","colorDark":"#00294f","band":4,"off":[0,1.1]}},{"type":"Feature","geometry":{"type":"Point","coordinates":[14.354613,40.869862]},"properties":{"name":"Serao - Attestamento","band":4,"modes":"bus","arr":["116","158"],"off":[0,-0.8]}},{"type":"Feature","geometry":{"type":"Point","coordinates":[14.354613,40.869862]},"properties":{"line":"116","mode":"bus","color":"#0059a9","colorDark":"#00294f","band":4,"off":[-1.7,1.1]}},{"type":"Feature","geometry":{"type":"Point","coordinates":[14.354613,40.869862]},"properties":{"line":"158","mode":"bus","color":"#0059a9","colorDark":"#00294f","band":4,"off":[1.7,1.1]}},{"type":"Feature","geometry":{"type":"Point","coordinates":[14.251295,40.83374]},"properties":{"name":"Cesario Console - Plebiscito","band":4,"modes":"bus","arr":["128"],"off":[0,-0.8]}},{"type":"Feature","geometry":{"type":"Point","coordinates":[14.251295,40.83374]},"properties":{"line":"128","mode":"bus","color":"#0059a9","colorDark":"#00294f","band":4,"off":[0,1.1]}},{"type":"Feature","geometry":{"type":"Point","coordinates":[14.241304,40.832293]},"properties":{"name":"Vittoria","band":4,"modes":"bus","arr":["R7"],"off":[0,-0.8]}},{"type":"Feature","geometry":{"type":"Point","coordinates":[14.241304,40.832293]},"properties":{"line":"R7","mode":"bus","color":"#0059a9","colorDark":"#00294f","band":4,"off":[0,1.1]}},{"type":"Feature","geometry":{"type":"Point","coordinates":[14.227417,40.843529]},"properties":{"name":"Scarlatti","band":4,"modes":"bus","arr":["128","132","181","C31"],"off":[0,-0.8]}},{"type":"Feature","geometry":{"type":"Point","coordinates":[14.227417,40.843529]},"properties":{"line":"128","mode":"bus","color":"#0059a9","colorDark":"#00294f","band":4,"off":[-5.1,1.1]}},{"type":"Feature","geometry":{"type":"Point","coordinates":[14.227417,40.843529]},"properties":{"line":"132","mode":"bus","color":"#0059a9","colorDark":"#00294f","band":4,"off":[-1.7,1.1]}},{"type":"Feature","geometry":{"type":"Point","coordinates":[14.227417,40.843529]},"properties":{"line":"181","mode":"bus","color":"#0059a9","colorDark":"#00294f","band":4,"off":[1.7,1.1]}},{"type":"Feature","geometry":{"type":"Point","coordinates":[14.227417,40.843529]},"properties":{"line":"C31","mode":"bus","color":"#0059a9","colorDark":"#00294f","band":4,"off":[5.1,1.1]}},{"type":"Feature","geometry":{"type":"Point","coordinates":[14.241688,40.832508]},"properties":{"name":"Vittoria - Villa Comunale","band":4,"modes":"bus","arr":["154"],"off":[0,-0.8]}},{"type":"Feature","geometry":{"type":"Point","coordinates":[14.241688,40.832508]},"properties":{"line":"154","mode":"bus","color":"#0059a9","colorDark":"#00294f","band":4,"off":[0,1.1]}},{"type":"Feature","geometry":{"type":"Point","coordinates":[14.271416,40.852979]},"properties":{"name":"Garibaldi - Attestamento","band":4,"modes":"bus","arr":["130","151","C56","R5"],"off":[0,-0.8]}},{"type":"Feature","geometry":{"type":"Point","coordinates":[14.271416,40.852979]},"properties":{"line":"130","mode":"bus","color":"#0059a9","colorDark":"#00294f","band":4,"off":[-5.1,1.1]}},{"type":"Feature","geometry":{"type":"Point","coordinates":[14.271416,40.852979]},"properties":{"line":"151","mode":"bus","color":"#0059a9","colorDark":"#00294f","band":4,"off":[-1.7,1.1]}},{"type":"Feature","geometry":{"type":"Point","coordinates":[14.271416,40.852979]},"properties":{"line":"C56","mode":"bus","color":"#0059a9","colorDark":"#00294f","band":4,"off":[1.7,1.1]}},{"type":"Feature","geometry":{"type":"Point","coordinates":[14.271416,40.852979]},"properties":{"line":"R5","mode":"bus","color":"#0059a9","colorDark":"#00294f","band":4,"off":[5.1,1.1]}},{"type":"Feature","geometry":{"type":"Point","coordinates":[14.269107,40.852337]},"properties":{"name":"Garibaldi","band":4,"modes":"bus","arr":["169"],"off":[0,-0.8]}},{"type":"Feature","geometry":{"type":"Point","coordinates":[14.269107,40.852337]},"properties":{"line":"169","mode":"bus","color":"#0059a9","colorDark":"#00294f","band":4,"off":[0,1.1]}},{"type":"Feature","geometry":{"type":"Point","coordinates":[14.267766,40.854031]},"properties":{"name":"Garibaldi - Principe Umberto","band":4,"modes":"bus","arr":["460"],"off":[0,-0.8]}},{"type":"Feature","geometry":{"type":"Point","coordinates":[14.267766,40.854031]},"properties":{"line":"460","mode":"bus","color":"#0059a9","colorDark":"#00294f","band":4,"off":[0,1.1]}},{"type":"Feature","geometry":{"type":"Point","coordinates":[14.222808,40.846091]},"properties":{"name":"Acitillo","band":4,"modes":"bus","arr":["130"],"off":[0,-0.8]}},{"type":"Feature","geometry":{"type":"Point","coordinates":[14.222808,40.846091]},"properties":{"line":"130","mode":"bus","color":"#0059a9","colorDark":"#00294f","band":4,"off":[0,1.1]}},{"type":"Feature","geometry":{"type":"Point","coordinates":[14.225673,40.843384]},"properties":{"name":"Cilea","band":4,"modes":"bus","arr":["C37"],"off":[0,-0.8]}},{"type":"Feature","geometry":{"type":"Point","coordinates":[14.225673,40.843384]},"properties":{"line":"C37","mode":"bus","color":"#0059a9","colorDark":"#00294f","band":4,"off":[0,1.1]}},{"type":"Feature","geometry":{"type":"Point","coordinates":[14.27237,40.857683]},"properties":{"name":"Casanova - Nazionale","band":4,"modes":"bus","arr":["191"],"off":[0,-0.8]}},{"type":"Feature","geometry":{"type":"Point","coordinates":[14.27237,40.857683]},"properties":{"line":"191","mode":"bus","color":"#0059a9","colorDark":"#00294f","band":4,"off":[0,1.1]}},{"type":"Feature","geometry":{"type":"Point","coordinates":[14.204473,40.839596]},"properties":{"name":"Largo Giustiniano","band":4,"modes":"bus","arr":["132","S3A"],"off":[0,-0.8]}},{"type":"Feature","geometry":{"type":"Point","coordinates":[14.204473,40.839596]},"properties":{"line":"132","mode":"bus","color":"#0059a9","colorDark":"#00294f","band":4,"off":[-1.7,1.1]}},{"type":"Feature","geometry":{"type":"Point","coordinates":[14.204473,40.839596]},"properties":{"line":"S3A","mode":"bus","color":"#0059a9","colorDark":"#00294f","band":4,"off":[1.7,1.1]}},{"type":"Feature","geometry":{"type":"Point","coordinates":[14.199944,40.842333]},"properties":{"name":"Adriano - Poste","band":4,"modes":"bus","arr":["618"],"off":[0,-0.8]}},{"type":"Feature","geometry":{"type":"Point","coordinates":[14.199944,40.842333]},"properties":{"line":"618","mode":"bus","color":"#0059a9","colorDark":"#00294f","band":4,"off":[0,1.1]}},{"type":"Feature","geometry":{"type":"Point","coordinates":[14.22523,40.845985]},"properties":{"name":"Quattro Giornate - Stadio Collana","band":4,"modes":"bus","arr":["N3","S2"],"off":[0,-0.8]}},{"type":"Feature","geometry":{"type":"Point","coordinates":[14.22523,40.845985]},"properties":{"line":"N3","mode":"bus","color":"#0059a9","colorDark":"#00294f","band":4,"off":[-1.7,1.1]}},{"type":"Feature","geometry":{"type":"Point","coordinates":[14.22523,40.845985]},"properties":{"line":"S2","mode":"bus","color":"#0059a9","colorDark":"#00294f","band":4,"off":[1.7,1.1]}},{"type":"Feature","geometry":{"type":"Point","coordinates":[14.225067,40.847247]},"properties":{"name":"Gemito-Rossini","band":4,"modes":"bus","arr":["633","S5"],"off":[0,-0.8]}},{"type":"Feature","geometry":{"type":"Point","coordinates":[14.225067,40.847247]},"properties":{"line":"633","mode":"bus","color":"#0059a9","colorDark":"#00294f","band":4,"off":[-1.7,1.1]}},{"type":"Feature","geometry":{"type":"Point","coordinates":[14.225067,40.847247]},"properties":{"line":"S5","mode":"bus","color":"#0059a9","colorDark":"#00294f","band":4,"off":[1.7,1.1]}},{"type":"Feature","geometry":{"type":"Point","coordinates":[14.227384,40.868208]},"properties":{"name":"Ospedale Cardarelli","band":4,"modes":"bus","arr":["139","143","144","144A","144B","165","165Q","C76"],"off":[0,-0.8]}},{"type":"Feature","geometry":{"type":"Point","coordinates":[14.227384,40.868208]},"properties":{"line":"139","mode":"bus","color":"#0059a9","colorDark":"#00294f","band":4,"off":[-6.8,1.1]}},{"type":"Feature","geometry":{"type":"Point","coordinates":[14.227384,40.868208]},"properties":{"line":"143","mode":"bus","color":"#0059a9","colorDark":"#00294f","band":4,"off":[-3.4,1.1]}},{"type":"Feature","geometry":{"type":"Point","coordinates":[14.227384,40.868208]},"properties":{"line":"144","mode":"bus","color":"#0059a9","colorDark":"#00294f","band":4,"off":[0,1.1]}},{"type":"Feature","geometry":{"type":"Point","coordinates":[14.227384,40.868208]},"properties":{"line":"144A","mode":"bus","color":"#0059a9","colorDark":"#00294f","band":4,"off":[3.4,1.1]}},{"type":"Feature","geometry":{"type":"Point","coordinates":[14.227384,40.868208]},"properties":{"line":"144B","mode":"bus","color":"#0059a9","colorDark":"#00294f","band":4,"off":[6.8,1.1]}},{"type":"Feature","geometry":{"type":"Point","coordinates":[14.227384,40.868208]},"properties":{"line":"165","mode":"bus","color":"#0059a9","colorDark":"#00294f","band":4,"off":[-3.4,3.1]}},{"type":"Feature","geometry":{"type":"Point","coordinates":[14.227384,40.868208]},"properties":{"line":"165Q","mode":"bus","color":"#0059a9","colorDark":"#00294f","band":4,"off":[0,3.1]}},{"type":"Feature","geometry":{"type":"Point","coordinates":[14.227384,40.868208]},"properties":{"line":"C76","mode":"bus","color":"#0059a9","colorDark":"#00294f","band":4,"off":[3.4,3.1]}},{"type":"Feature","geometry":{"type":"Point","coordinates":[14.250961,40.843323]},"properties":{"name":"Battisti","band":4,"modes":"bus","arr":["NAVF2"],"off":[0,-0.8]}},{"type":"Feature","geometry":{"type":"Point","coordinates":[14.250961,40.843323]},"properties":{"line":"NAVF2","mode":"bus","color":"#0059a9","colorDark":"#00294f","band":4,"off":[0,1.1]}},{"type":"Feature","geometry":{"type":"Point","coordinates":[14.251754,40.844195]},"properties":{"name":"Monteoliveto - Federico II - Architettura","band":4,"modes":"bus","arr":["139","168","182","184"],"off":[0,-0.8]}},{"type":"Feature","geometry":{"type":"Point","coordinates":[14.251754,40.844195]},"properties":{"line":"139","mode":"bus","color":"#0059a9","colorDark":"#00294f","band":4,"off":[-5.1,1.1]}},{"type":"Feature","geometry":{"type":"Point","coordinates":[14.251754,40.844195]},"properties":{"line":"168","mode":"bus","color":"#0059a9","colorDark":"#00294f","band":4,"off":[-1.7,1.1]}},{"type":"Feature","geometry":{"type":"Point","coordinates":[14.251754,40.844195]},"properties":{"line":"182","mode":"bus","color":"#0059a9","colorDark":"#00294f","band":4,"off":[1.7,1.1]}},{"type":"Feature","geometry":{"type":"Point","coordinates":[14.251754,40.844195]},"properties":{"line":"184","mode":"bus","color":"#0059a9","colorDark":"#00294f","band":4,"off":[5.1,1.1]}},{"type":"Feature","geometry":{"type":"Point","coordinates":[14.249913,40.84683]},"properties":{"name":"Sant'Anna dei Lombardi","band":4,"modes":"bus","arr":["584"],"off":[0,-0.8]}},{"type":"Feature","geometry":{"type":"Point","coordinates":[14.249913,40.84683]},"properties":{"line":"584","mode":"bus","color":"#0059a9","colorDark":"#00294f","band":4,"off":[0,1.1]}},{"type":"Feature","geometry":{"type":"Point","coordinates":[14.234832,40.850453]},"properties":{"name":"Via Suarez","band":4,"modes":"bus","arr":["147","C44"],"off":[0,-0.8]}},{"type":"Feature","geometry":{"type":"Point","coordinates":[14.234832,40.850453]},"properties":{"name":"Suarez-Immacolata","band":4,"modes":"bus","arr":["147","C44"],"off":[0,-1.9]}},{"type":"Feature","geometry":{"type":"Point","coordinates":[14.234832,40.850453]},"properties":{"line":"147","mode":"bus","color":"#0059a9","colorDark":"#00294f","band":4,"off":[-1.7,1.1]}},{"type":"Feature","geometry":{"type":"Point","coordinates":[14.234832,40.850453]},"properties":{"line":"C44","mode":"bus","color":"#0059a9","colorDark":"#00294f","band":4,"off":[1.7,1.1]}},{"type":"Feature","geometry":{"type":"Point","coordinates":[14.226832,40.865925]},"properties":{"name":"Cardarelli - Ospedale Cardarelli","band":4,"modes":"bus","arr":["N7"],"off":[0,-0.8]}},{"type":"Feature","geometry":{"type":"Point","coordinates":[14.226832,40.865925]},"properties":{"line":"N7","mode":"bus","color":"#0059a9","colorDark":"#00294f","band":4,"off":[0,1.1]}},{"type":"Feature","geometry":{"type":"Point","coordinates":[14.185556,40.804231]},"properties":{"name":"Posillipo Capo - Attestamento","band":4,"modes":"bus","arr":["140","622","C21","C31"],"off":[0,-0.8]}},{"type":"Feature","geometry":{"type":"Point","coordinates":[14.185556,40.804231]},"properties":{"line":"140","mode":"bus","color":"#0059a9","colorDark":"#00294f","band":4,"off":[-5.1,1.1]}},{"type":"Feature","geometry":{"type":"Point","coordinates":[14.185556,40.804231]},"properties":{"line":"622","mode":"bus","color":"#0059a9","colorDark":"#00294f","band":4,"off":[-1.7,1.1]}},{"type":"Feature","geometry":{"type":"Point","coordinates":[14.185556,40.804231]},"properties":{"line":"C21","mode":"bus","color":"#0059a9","colorDark":"#00294f","band":4,"off":[1.7,1.1]}},{"type":"Feature","geometry":{"type":"Point","coordinates":[14.185556,40.804231]},"properties":{"line":"C31","mode":"bus","color":"#0059a9","colorDark":"#00294f","band":4,"off":[5.1,1.1]}},{"type":"Feature","geometry":{"type":"Point","coordinates":[14.249746,40.83324]},"properties":{"name":"Santa Lucia - Plebiscito","band":4,"modes":"bus","arr":["140"],"off":[0,-0.8]}},{"type":"Feature","geometry":{"type":"Point","coordinates":[14.249746,40.83324]},"properties":{"line":"140","mode":"bus","color":"#0059a9","colorDark":"#00294f","band":4,"off":[0,1.1]}},{"type":"Feature","geometry":{"type":"Point","coordinates":[14.177259,40.894377]},"properties":{"name":"Marano Quarto","band":4,"modes":"bus","arr":["143"],"off":[0,-0.8]}},{"type":"Feature","geometry":{"type":"Point","coordinates":[14.177259,40.894377]},"properties":{"line":"143","mode":"bus","color":"#0059a9","colorDark":"#00294f","band":4,"off":[0,1.1]}},{"type":"Feature","geometry":{"type":"Point","coordinates":[14.172073,40.873382]},"properties":{"name":"Romano-Marano Pianura","band":4,"modes":"bus","arr":["144"],"off":[0,-0.8]}},{"type":"Feature","geometry":{"type":"Point","coordinates":[14.172073,40.873382]},"properties":{"line":"144","mode":"bus","color":"#0059a9","colorDark":"#00294f","band":4,"off":[0,1.1]}},{"type":"Feature","geometry":{"type":"Point","coordinates":[14.191806,40.860911]},"properties":{"name":"Dell'Eremo-Parco Pubblico","band":4,"modes":"bus","arr":["144A","144B","C44"],"off":[0,-0.8]}},{"type":"Feature","geometry":{"type":"Point","coordinates":[14.191806,40.860911]},"properties":{"line":"144A","mode":"bus","color":"#0059a9","colorDark":"#00294f","band":4,"off":[-3.4,1.1]}},{"type":"Feature","geometry":{"type":"Point","coordinates":[14.191806,40.860911]},"properties":{"line":"144B","mode":"bus","color":"#0059a9","colorDark":"#00294f","band":4,"off":[0,1.1]}},{"type":"Feature","geometry":{"type":"Point","coordinates":[14.191806,40.860911]},"properties":{"line":"C44","mode":"bus","color":"#0059a9","colorDark":"#00294f","band":4,"off":[3.4,1.1]}},{"type":"Feature","geometry":{"type":"Point","coordinates":[14.235909,40.852897]},"properties":{"name":"Caracciolo Poggio","band":4,"modes":"bus","arr":["C16"],"off":[0,-0.8]}},{"type":"Feature","geometry":{"type":"Point","coordinates":[14.235909,40.852897]},"properties":{"line":"C16","mode":"bus","color":"#0059a9","colorDark":"#00294f","band":4,"off":[0,1.1]}},{"type":"Feature","geometry":{"type":"Point","coordinates":[14.266008,40.865521]},"properties":{"name":"Tanucci","band":4,"modes":"bus","arr":["147","201BR","302"],"off":[0,-0.8]}},{"type":"Feature","geometry":{"type":"Point","coordinates":[14.266008,40.865521]},"properties":{"name":"Deposito Carlo III","band":4,"modes":"bus","arr":["147","201BR","302"],"off":[0,-1.9]}},{"type":"Feature","geometry":{"type":"Point","coordinates":[14.266008,40.865521]},"properties":{"line":"147","mode":"bus","color":"#0059a9","colorDark":"#00294f","band":4,"off":[-3.4,1.1]}},{"type":"Feature","geometry":{"type":"Point","coordinates":[14.266008,40.865521]},"properties":{"line":"201BR","mode":"bus","color":"#0059a9","colorDark":"#00294f","band":4,"off":[0,1.1]}},{"type":"Feature","geometry":{"type":"Point","coordinates":[14.266008,40.865521]},"properties":{"line":"302","mode":"bus","color":"#0059a9","colorDark":"#00294f","band":4,"off":[3.4,1.1]}},{"type":"Feature","geometry":{"type":"Point","coordinates":[14.229678,40.849294]},"properties":{"name":"Tino da Camaino-Giardini Ruoppolo","band":4,"modes":"bus","arr":["C42"],"off":[0,-0.8]}},{"type":"Feature","geometry":{"type":"Point","coordinates":[14.229678,40.849294]},"properties":{"line":"C42","mode":"bus","color":"#0059a9","colorDark":"#00294f","band":4,"off":[0,1.1]}},{"type":"Feature","geometry":{"type":"Point","coordinates":[14.195101,40.82349]},"properties":{"name":"Giulio Cesare - Tecchio","band":4,"modes":"bus","arr":["151","N1"],"off":[0,-0.8]}},{"type":"Feature","geometry":{"type":"Point","coordinates":[14.195101,40.82349]},"properties":{"line":"151","mode":"bus","color":"#0059a9","colorDark":"#00294f","band":4,"off":[-1.7,1.1]}},{"type":"Feature","geometry":{"type":"Point","coordinates":[14.195101,40.82349]},"properties":{"line":"N1","mode":"bus","color":"#0059a9","colorDark":"#00294f","band":4,"off":[1.7,1.1]}},{"type":"Feature","geometry":{"type":"Point","coordinates":[14.338924,40.831719]},"properties":{"name":"Troisi","band":4,"modes":"bus","arr":["156"],"off":[0,-0.8]}},{"type":"Feature","geometry":{"type":"Point","coordinates":[14.338924,40.831719]},"properties":{"line":"156","mode":"bus","color":"#0059a9","colorDark":"#00294f","band":4,"off":[0,1.1]}},{"type":"Feature","geometry":{"type":"Point","coordinates":[14.281068,40.846283]},"properties":{"name":"Brin","band":4,"modes":"bus","arr":["156"],"off":[0,-0.8]}},{"type":"Feature","geometry":{"type":"Point","coordinates":[14.281068,40.846283]},"properties":{"line":"156","mode":"bus","color":"#0059a9","colorDark":"#00294f","band":4,"off":[0,1.1]}},{"type":"Feature","geometry":{"type":"Point","coordinates":[14.231237,40.879984]},"properties":{"name":"Frullone - M1","band":4,"modes":"bus","arr":["162","167","168","663","C78"],"off":[0,-0.8]}},{"type":"Feature","geometry":{"type":"Point","coordinates":[14.231237,40.879984]},"properties":{"line":"162","mode":"bus","color":"#0059a9","colorDark":"#00294f","band":4,"off":[-6.8,1.1]}},{"type":"Feature","geometry":{"type":"Point","coordinates":[14.231237,40.879984]},"properties":{"line":"167","mode":"bus","color":"#0059a9","colorDark":"#00294f","band":4,"off":[-3.4,1.1]}},{"type":"Feature","geometry":{"type":"Point","coordinates":[14.231237,40.879984]},"properties":{"line":"168","mode":"bus","color":"#0059a9","colorDark":"#00294f","band":4,"off":[0,1.1]}},{"type":"Feature","geometry":{"type":"Point","coordinates":[14.231237,40.879984]},"properties":{"line":"663","mode":"bus","color":"#0059a9","colorDark":"#00294f","band":4,"off":[3.4,1.1]}},{"type":"Feature","geometry":{"type":"Point","coordinates":[14.231237,40.879984]},"properties":{"line":"C78","mode":"bus","color":"#0059a9","colorDark":"#00294f","band":4,"off":[6.8,1.1]}},{"type":"Feature","geometry":{"type":"Point","coordinates":[14.21734,40.926503]},"properties":{"name":"Colonne Signorelli-Metronordest","band":4,"modes":"bus","arr":["162","460"],"off":[0,-0.8]}},{"type":"Feature","geometry":{"type":"Point","coordinates":[14.21734,40.926503]},"properties":{"line":"162","mode":"bus","color":"#0059a9","colorDark":"#00294f","band":4,"off":[-1.7,1.1]}},{"type":"Feature","geometry":{"type":"Point","coordinates":[14.21734,40.926503]},"properties":{"line":"460","mode":"bus","color":"#0059a9","colorDark":"#00294f","band":4,"off":[1.7,1.1]}},{"type":"Feature","geometry":{"type":"Point","coordinates":[14.201095,40.924251]},"properties":{"name":"Maristi","band":4,"modes":"bus","arr":["167"],"off":[0,-0.8]}},{"type":"Feature","geometry":{"type":"Point","coordinates":[14.201095,40.924251]},"properties":{"line":"167","mode":"bus","color":"#0059a9","colorDark":"#00294f","band":4,"off":[0,1.1]}},{"type":"Feature","geometry":{"type":"Point","coordinates":[14.124372,40.902577]},"properties":{"name":"Castel Belvedere 303","band":4,"modes":"bus","arr":["165"],"off":[0,-0.8]}},{"type":"Feature","geometry":{"type":"Point","coordinates":[14.124372,40.902577]},"properties":{"line":"165","mode":"bus","color":"#0059a9","colorDark":"#00294f","band":4,"off":[0,1.1]}},{"type":"Feature","geometry":{"type":"Point","coordinates":[14.139179,40.916111]},"properties":{"name":"Di Vittorio - Piazza Apicella","band":4,"modes":"bus","arr":["165Q"],"off":[0,-0.8]}},{"type":"Feature","geometry":{"type":"Point","coordinates":[14.139179,40.916111]},"properties":{"line":"165Q","mode":"bus","color":"#0059a9","colorDark":"#00294f","band":4,"off":[0,1.1]}},{"type":"Feature","geometry":{"type":"Point","coordinates":[14.350877,40.909922]},"properties":{"name":"Don Luigi Puglisi - Traversa IV Pigna","band":4,"modes":"bus","arr":["169","169P"],"off":[0,-0.8]}},{"type":"Feature","geometry":{"type":"Point","coordinates":[14.350877,40.909922]},"properties":{"line":"169","mode":"bus","color":"#0059a9","colorDark":"#00294f","band":4,"off":[-1.7,1.1]}},{"type":"Feature","geometry":{"type":"Point","coordinates":[14.350877,40.909922]},"properties":{"line":"169P","mode":"bus","color":"#0059a9","colorDark":"#00294f","band":4,"off":[1.7,1.1]}},{"type":"Feature","geometry":{"type":"Point","coordinates":[14.28798,40.945317]},"properties":{"name":"Circumvallazione Ovest - IACP (Virtuale)","band":4,"modes":"bus","arr":["169P"],"off":[0,-0.8]}},{"type":"Feature","geometry":{"type":"Point","coordinates":[14.28798,40.945317]},"properties":{"line":"169P","mode":"bus","color":"#0059a9","colorDark":"#00294f","band":4,"off":[0,1.1]}},{"type":"Feature","geometry":{"type":"Point","coordinates":[14.329059,40.858116]},"properties":{"name":"Argine - Stazionamento","band":4,"modes":"bus","arr":["173","173A","191","195"],"off":[0,-0.8]}},{"type":"Feature","geometry":{"type":"Point","coordinates":[14.329059,40.858116]},"properties":{"line":"173","mode":"bus","color":"#0059a9","colorDark":"#00294f","band":4,"off":[-5.1,1.1]}},{"type":"Feature","geometry":{"type":"Point","coordinates":[14.329059,40.858116]},"properties":{"line":"173A","mode":"bus","color":"#0059a9","colorDark":"#00294f","band":4,"off":[-1.7,1.1]}},{"type":"Feature","geometry":{"type":"Point","coordinates":[14.329059,40.858116]},"properties":{"line":"191","mode":"bus","color":"#0059a9","colorDark":"#00294f","band":4,"off":[1.7,1.1]}},{"type":"Feature","geometry":{"type":"Point","coordinates":[14.329059,40.858116]},"properties":{"line":"195","mode":"bus","color":"#0059a9","colorDark":"#00294f","band":4,"off":[5.1,1.1]}},{"type":"Feature","geometry":{"type":"Point","coordinates":[14.349164,40.872903]},"properties":{"name":"Petrarca","band":4,"modes":"bus","arr":["173"],"off":[0,-0.8]}},{"type":"Feature","geometry":{"type":"Point","coordinates":[14.349164,40.872903]},"properties":{"line":"173","mode":"bus","color":"#0059a9","colorDark":"#00294f","band":4,"off":[0,1.1]}},{"type":"Feature","geometry":{"type":"Point","coordinates":[14.318976,40.844794]},"properties":{"name":"Chiaromonte - Day Hospital","band":4,"modes":"bus","arr":["194"],"off":[0,-0.8]}},{"type":"Feature","geometry":{"type":"Point","coordinates":[14.318976,40.844794]},"properties":{"line":"194","mode":"bus","color":"#0059a9","colorDark":"#00294f","band":4,"off":[0,1.1]}},{"type":"Feature","geometry":{"type":"Point","coordinates":[14.386312,40.861118]},"properties":{"name":"Cavour - Istituto Case Popolari","band":4,"modes":"bus","arr":["175","475"],"off":[0,-0.8]}},{"type":"Feature","geometry":{"type":"Point","coordinates":[14.386312,40.861118]},"properties":{"line":"175","mode":"bus","color":"#0059a9","colorDark":"#00294f","band":4,"off":[-1.7,1.1]}},{"type":"Feature","geometry":{"type":"Point","coordinates":[14.386312,40.861118]},"properties":{"line":"475","mode":"bus","color":"#0059a9","colorDark":"#00294f","band":4,"off":[1.7,1.1]}},{"type":"Feature","geometry":{"type":"Point","coordinates":[14.370194,40.844068]},"properties":{"name":"Roma - Belvedere","band":4,"modes":"bus","arr":["177"],"off":[0,-0.8]}},{"type":"Feature","geometry":{"type":"Point","coordinates":[14.370194,40.844068]},"properties":{"line":"177","mode":"bus","color":"#0059a9","colorDark":"#00294f","band":4,"off":[0,1.1]}},{"type":"Feature","geometry":{"type":"Point","coordinates":[14.373258,40.825272]},"properties":{"name":"Cook","band":4,"modes":"bus","arr":["176"],"off":[0,-0.8]}},{"type":"Feature","geometry":{"type":"Point","coordinates":[14.373258,40.825272]},"properties":{"line":"176","mode":"bus","color":"#0059a9","colorDark":"#00294f","band":4,"off":[0,1.1]}},{"type":"Feature","geometry":{"type":"Point","coordinates":[14.237632,40.892804]},"properties":{"name":"Tafuri - Plebiscito","band":4,"modes":"bus","arr":["178"],"off":[0,-0.8]}},{"type":"Feature","geometry":{"type":"Point","coordinates":[14.237632,40.892804]},"properties":{"line":"178","mode":"bus","color":"#0059a9","colorDark":"#00294f","band":4,"off":[0,1.1]}},{"type":"Feature","geometry":{"type":"Point","coordinates":[14.194399,40.822741]},"properties":{"name":"Piazzale Tecchio","band":4,"modes":"bus","arr":["180","181","502","618","C1","C1E","C3","N6","N7","R6","S1","S2"],"off":[0,-0.8]}},{"type":"Feature","geometry":{"type":"Point","coordinates":[14.194399,40.822741]},"properties":{"line":"180","mode":"bus","color":"#0059a9","colorDark":"#00294f","band":4,"off":[-6.8,1.1]}},{"type":"Feature","geometry":{"type":"Point","coordinates":[14.194399,40.822741]},"properties":{"line":"181","mode":"bus","color":"#0059a9","colorDark":"#00294f","band":4,"off":[-3.4,1.1]}},{"type":"Feature","geometry":{"type":"Point","coordinates":[14.194399,40.822741]},"properties":{"line":"502","mode":"bus","color":"#0059a9","colorDark":"#00294f","band":4,"off":[0,1.1]}},{"type":"Feature","geometry":{"type":"Point","coordinates":[14.194399,40.822741]},"properties":{"line":"618","mode":"bus","color":"#0059a9","colorDark":"#00294f","band":4,"off":[3.4,1.1]}},{"type":"Feature","geometry":{"type":"Point","coordinates":[14.194399,40.822741]},"properties":{"line":"C1","mode":"bus","color":"#0059a9","colorDark":"#00294f","band":4,"off":[6.8,1.1]}},{"type":"Feature","geometry":{"type":"Point","coordinates":[14.194399,40.822741]},"properties":{"line":"C1E","mode":"bus","color":"#0059a9","colorDark":"#00294f","band":4,"off":[-6.8,3.1]}},{"type":"Feature","geometry":{"type":"Point","coordinates":[14.194399,40.822741]},"properties":{"line":"C3","mode":"bus","color":"#0059a9","colorDark":"#00294f","band":4,"off":[-3.4,3.1]}},{"type":"Feature","geometry":{"type":"Point","coordinates":[14.194399,40.822741]},"properties":{"line":"N6","mode":"bus","color":"#0059a9","colorDark":"#00294f","band":4,"off":[0,3.1]}},{"type":"Feature","geometry":{"type":"Point","coordinates":[14.194399,40.822741]},"properties":{"line":"N7","mode":"bus","color":"#0059a9","colorDark":"#00294f","band":4,"off":[3.4,3.1]}},{"type":"Feature","geometry":{"type":"Point","coordinates":[14.194399,40.822741]},"properties":{"line":"R6","mode":"bus","color":"#0059a9","colorDark":"#00294f","band":4,"off":[6.8,3.1]}},{"type":"Feature","geometry":{"type":"Point","coordinates":[14.194399,40.822741]},"properties":{"line":"S1","mode":"bus","color":"#0059a9","colorDark":"#00294f","band":4,"off":[-1.7,5.1]}},{"type":"Feature","geometry":{"type":"Point","coordinates":[14.194399,40.822741]},"properties":{"line":"S2","mode":"bus","color":"#0059a9","colorDark":"#00294f","band":4,"off":[1.7,5.1]}},{"type":"Feature","geometry":{"type":"Point","coordinates":[14.241196,40.892454]},"properties":{"name":"Zuccarini - M1 - Piscinola","band":4,"modes":"bus","arr":["180","C67","NL1","R5"],"off":[0,-0.8]}},{"type":"Feature","geometry":{"type":"Point","coordinates":[14.241196,40.892454]},"properties":{"line":"180","mode":"bus","color":"#0059a9","colorDark":"#00294f","band":4,"off":[-5.1,1.1]}},{"type":"Feature","geometry":{"type":"Point","coordinates":[14.241196,40.892454]},"properties":{"line":"C67","mode":"bus","color":"#0059a9","colorDark":"#00294f","band":4,"off":[-1.7,1.1]}},{"type":"Feature","geometry":{"type":"Point","coordinates":[14.241196,40.892454]},"properties":{"line":"NL1","mode":"bus","color":"#0059a9","colorDark":"#00294f","band":4,"off":[1.7,1.1]}},{"type":"Feature","geometry":{"type":"Point","coordinates":[14.241196,40.892454]},"properties":{"line":"R5","mode":"bus","color":"#0059a9","colorDark":"#00294f","band":4,"off":[5.1,1.1]}},{"type":"Feature","geometry":{"type":"Point","coordinates":[14.234425,40.903567]},"properties":{"name":"Della Resistenza","band":4,"modes":"bus","arr":["N5"],"off":[0,-0.8]}},{"type":"Feature","geometry":{"type":"Point","coordinates":[14.234425,40.903567]},"properties":{"line":"N5","mode":"bus","color":"#0059a9","colorDark":"#00294f","band":4,"off":[0,1.1]}},{"type":"Feature","geometry":{"type":"Point","coordinates":[14.285209,40.874673]},"properties":{"name":"Ruffo di Calabria - Carbone","band":4,"modes":"bus","arr":["C68"],"off":[0,-0.8]}},{"type":"Feature","geometry":{"type":"Point","coordinates":[14.285209,40.874673]},"properties":{"line":"C68","mode":"bus","color":"#0059a9","colorDark":"#00294f","band":4,"off":[0,1.1]}},{"type":"Feature","geometry":{"type":"Point","coordinates":[14.187775,40.839519]},"properties":{"name":"Cintia - Monte Sant'Angelo","band":4,"modes":"bus","arr":["S1"],"off":[0,-0.8]}},{"type":"Feature","geometry":{"type":"Point","coordinates":[14.187775,40.839519]},"properties":{"line":"S1","mode":"bus","color":"#0059a9","colorDark":"#00294f","band":4,"off":[0,1.1]}},{"type":"Feature","geometry":{"type":"Point","coordinates":[14.207397,40.835174]},"properties":{"name":"Caravaggio","band":4,"modes":"bus","arr":["S3"],"off":[0,-0.8]}},{"type":"Feature","geometry":{"type":"Point","coordinates":[14.207397,40.835174]},"properties":{"line":"S3","mode":"bus","color":"#0059a9","colorDark":"#00294f","band":4,"off":[0,1.1]}},{"type":"Feature","geometry":{"type":"Point","coordinates":[14.315213,40.879489]},"properties":{"name":"Deposito Via Puglie","band":4,"modes":"bus","arr":["182"],"off":[0,-0.8]}},{"type":"Feature","geometry":{"type":"Point","coordinates":[14.315213,40.879489]},"properties":{"line":"182","mode":"bus","color":"#0059a9","colorDark":"#00294f","band":4,"off":[0,1.1]}},{"type":"Feature","geometry":{"type":"Point","coordinates":[14.268062,40.889852]},"properties":{"name":"Delle Galassie Stazionamento","band":4,"modes":"bus","arr":["184"],"off":[0,-0.8]}},{"type":"Feature","geometry":{"type":"Point","coordinates":[14.268062,40.889852]},"properties":{"line":"184","mode":"bus","color":"#0059a9","colorDark":"#00294f","band":4,"off":[0,1.1]}},{"type":"Feature","geometry":{"type":"Point","coordinates":[14.265179,40.861818]},"properties":{"name":"Carlo III","band":4,"modes":"bus","arr":["185","654","C68"],"off":[0,-0.8]}},{"type":"Feature","geometry":{"type":"Point","coordinates":[14.265179,40.861818]},"properties":{"line":"185","mode":"bus","color":"#0059a9","colorDark":"#00294f","band":4,"off":[-3.4,1.1]}},{"type":"Feature","geometry":{"type":"Point","coordinates":[14.265179,40.861818]},"properties":{"line":"654","mode":"bus","color":"#0059a9","colorDark":"#00294f","band":4,"off":[0,1.1]}},{"type":"Feature","geometry":{"type":"Point","coordinates":[14.265179,40.861818]},"properties":{"line":"C68","mode":"bus","color":"#0059a9","colorDark":"#00294f","band":4,"off":[3.4,1.1]}},{"type":"Feature","geometry":{"type":"Point","coordinates":[14.260203,40.884031]},"properties":{"name":"Zanotti Bianco","band":4,"modes":"bus","arr":["185"],"off":[0,-0.8]}},{"type":"Feature","geometry":{"type":"Point","coordinates":[14.260203,40.884031]},"properties":{"line":"185","mode":"bus","color":"#0059a9","colorDark":"#00294f","band":4,"off":[0,1.1]}},{"type":"Feature","geometry":{"type":"Point","coordinates":[14.342063,40.86881]},"properties":{"name":"Callas","band":4,"modes":"bus","arr":["196"],"off":[0,-0.8]}},{"type":"Feature","geometry":{"type":"Point","coordinates":[14.342063,40.86881]},"properties":{"line":"196","mode":"bus","color":"#0059a9","colorDark":"#00294f","band":4,"off":[0,1.1]}},{"type":"Feature","geometry":{"type":"Point","coordinates":[14.312408,40.8513]},"properties":{"name":"Argine - Hitachi","band":4,"modes":"bus","arr":["196BR"],"off":[0,-0.8]}},{"type":"Feature","geometry":{"type":"Point","coordinates":[14.312408,40.8513]},"properties":{"line":"196BR","mode":"bus","color":"#0059a9","colorDark":"#00294f","band":4,"off":[0,1.1]}},{"type":"Feature","geometry":{"type":"Point","coordinates":[14.266974,40.862802]},"properties":{"name":"Carlo III","band":4,"modes":"bus","arr":["201"],"off":[0,-0.8]}},{"type":"Feature","geometry":{"type":"Point","coordinates":[14.266974,40.862802]},"properties":{"line":"201","mode":"bus","color":"#149a3f","colorDark":"#0a5121","band":4,"off":[0,1.1]}},{"type":"Feature","geometry":{"type":"Point","coordinates":[14.254704,40.843516]},"properties":{"name":"Sanfelice - Bovio","band":4,"modes":"bus","arr":["302"],"off":[0,-0.8]}},{"type":"Feature","geometry":{"type":"Point","coordinates":[14.254704,40.843516]},"properties":{"line":"302","mode":"bus","color":"#0059a9","colorDark":"#00294f","band":4,"off":[0,1.1]}},{"type":"Feature","geometry":{"type":"Point","coordinates":[14.252317,40.840771]},"properties":{"name":"Medina - Municipio","band":4,"modes":"bus","arr":["201","202","204","302"],"off":[0,-0.8]}},{"type":"Feature","geometry":{"type":"Point","coordinates":[14.252317,40.840771]},"properties":{"line":"201","mode":"bus","color":"#149a3f","colorDark":"#0a5121","band":4,"off":[-5.1,1.1]}},{"type":"Feature","geometry":{"type":"Point","coordinates":[14.252317,40.840771]},"properties":{"line":"202","mode":"bus","color":"#149a3f","colorDark":"#0a5121","band":4,"off":[-1.7,1.1]}},{"type":"Feature","geometry":{"type":"Point","coordinates":[14.252317,40.840771]},"properties":{"line":"204","mode":"bus","color":"#149a3f","colorDark":"#0a5121","band":4,"off":[1.7,1.1]}},{"type":"Feature","geometry":{"type":"Point","coordinates":[14.252317,40.840771]},"properties":{"line":"302","mode":"bus","color":"#0059a9","colorDark":"#00294f","band":4,"off":[5.1,1.1]}},{"type":"Feature","geometry":{"type":"Point","coordinates":[14.266166,40.871436]},"properties":{"name":"Nicolini","band":4,"modes":"bus","arr":["201BR","254"],"off":[0,-0.8]}},{"type":"Feature","geometry":{"type":"Point","coordinates":[14.266166,40.871436]},"properties":{"line":"201BR","mode":"bus","color":"#0059a9","colorDark":"#00294f","band":4,"off":[-1.7,1.1]}},{"type":"Feature","geometry":{"type":"Point","coordinates":[14.266166,40.871436]},"properties":{"line":"254","mode":"bus","color":"#149a3f","colorDark":"#0a5121","band":4,"off":[1.7,1.1]}},{"type":"Feature","geometry":{"type":"Point","coordinates":[14.265183,40.86605]},"properties":{"name":"Giovan Battista Vico","band":4,"modes":"bus","arr":["202","663","C63"],"off":[0,-0.8]}},{"type":"Feature","geometry":{"type":"Point","coordinates":[14.265183,40.86605]},"properties":{"line":"202","mode":"bus","color":"#149a3f","colorDark":"#0a5121","band":4,"off":[-3.4,1.1]}},{"type":"Feature","geometry":{"type":"Point","coordinates":[14.265183,40.86605]},"properties":{"line":"663","mode":"bus","color":"#0059a9","colorDark":"#00294f","band":4,"off":[0,1.1]}},{"type":"Feature","geometry":{"type":"Point","coordinates":[14.265183,40.86605]},"properties":{"line":"C63","mode":"bus","color":"#0059a9","colorDark":"#00294f","band":4,"off":[3.4,1.1]}},{"type":"Feature","geometry":{"type":"Point","coordinates":[14.226795,40.864969]},"properties":{"name":"Cardarelli-Ospedale","band":4,"modes":"bus","arr":["204"],"off":[0,-0.8]}},{"type":"Feature","geometry":{"type":"Point","coordinates":[14.226795,40.864969]},"properties":{"line":"204","mode":"bus","color":"#149a3f","colorDark":"#0a5121","band":4,"off":[0,1.1]}},{"type":"Feature","geometry":{"type":"Point","coordinates":[14.348398,40.820259]},"properties":{"name":"Piazza Poli","band":4,"modes":"bus","arr":["254"],"off":[0,-0.8]}},{"type":"Feature","geometry":{"type":"Point","coordinates":[14.348398,40.820259]},"properties":{"line":"254","mode":"bus","color":"#149a3f","colorDark":"#0a5121","band":4,"off":[0,1.1]}},{"type":"Feature","geometry":{"type":"Point","coordinates":[14.305469,40.834122]},"properties":{"name":"San Giovanni a Teduccio - Deposito A.N.M.","band":4,"modes":"tram,bus","arr":["412","421","421A","422"],"off":[0,-0.8]}},{"type":"Feature","geometry":{"type":"Point","coordinates":[14.305469,40.834122]},"properties":{"line":"412","mode":"tram","color":"#d6212b","colorDark":"#7c1116","band":4,"off":[-5.1,1.1]}},{"type":"Feature","geometry":{"type":"Point","coordinates":[14.305469,40.834122]},"properties":{"line":"421","mode":"tram","color":"#d6212b","colorDark":"#7c1116","band":4,"off":[-1.7,1.1]}},{"type":"Feature","geometry":{"type":"Point","coordinates":[14.305469,40.834122]},"properties":{"line":"421A","mode":"bus","color":"#0059a9","colorDark":"#00294f","band":4,"off":[1.7,1.1]}},{"type":"Feature","geometry":{"type":"Point","coordinates":[14.305469,40.834122]},"properties":{"line":"422","mode":"tram","color":"#d6212b","colorDark":"#7c1116","band":4,"off":[5.1,1.1]}},{"type":"Feature","geometry":{"type":"Point","coordinates":[14.255467,40.839697]},"properties":{"name":"Colombo-Porto (Capolinea Linea 1-4)","band":4,"modes":"bus","arr":["421A"],"off":[0,-0.8]}},{"type":"Feature","geometry":{"type":"Point","coordinates":[14.255467,40.839697]},"properties":{"line":"421A","mode":"bus","color":"#0059a9","colorDark":"#00294f","band":4,"off":[0,1.1]}},{"type":"Feature","geometry":{"type":"Point","coordinates":[14.431073,40.760728]},"properties":{"name":"Palazzone","band":4,"modes":"bus","arr":["455"],"off":[0,-0.8]}},{"type":"Feature","geometry":{"type":"Point","coordinates":[14.431073,40.760728]},"properties":{"line":"455","mode":"bus","color":"#0059a9","colorDark":"#00294f","band":4,"off":[0,1.1]}},{"type":"Feature","geometry":{"type":"Point","coordinates":[14.15273,40.830526]},"properties":{"name":"Pisciarelli - Tribunale","band":4,"modes":"bus","arr":["502"],"off":[0,-0.8]}},{"type":"Feature","geometry":{"type":"Point","coordinates":[14.15273,40.830526]},"properties":{"line":"502","mode":"bus","color":"#0059a9","colorDark":"#00294f","band":4,"off":[0,1.1]}},{"type":"Feature","geometry":{"type":"Point","coordinates":[14.178669,40.819084]},"properties":{"name":"Kennedy - ITIS Righi","band":4,"modes":"bus","arr":["S4","S4A","S4B"],"off":[0,-0.8]}},{"type":"Feature","geometry":{"type":"Point","coordinates":[14.178669,40.819084]},"properties":{"line":"S4","mode":"bus","color":"#0059a9","colorDark":"#00294f","band":4,"off":[-3.4,1.1]}},{"type":"Feature","geometry":{"type":"Point","coordinates":[14.178669,40.819084]},"properties":{"line":"S4A","mode":"bus","color":"#0059a9","colorDark":"#00294f","band":4,"off":[0,1.1]}},{"type":"Feature","geometry":{"type":"Point","coordinates":[14.178669,40.819084]},"properties":{"line":"S4B","mode":"bus","color":"#0059a9","colorDark":"#00294f","band":4,"off":[3.4,1.1]}},{"type":"Feature","geometry":{"type":"Point","coordinates":[14.212394,40.868415]},"properties":{"name":"Ruggieri - Ospedale Monaldi","band":4,"modes":"bus","arr":["572","C42"],"off":[0,-0.8]}},{"type":"Feature","geometry":{"type":"Point","coordinates":[14.212394,40.868415]},"properties":{"line":"572","mode":"bus","color":"#0059a9","colorDark":"#00294f","band":4,"off":[-1.7,1.1]}},{"type":"Feature","geometry":{"type":"Point","coordinates":[14.212394,40.868415]},"properties":{"line":"C42","mode":"bus","color":"#0059a9","colorDark":"#00294f","band":4,"off":[1.7,1.1]}},{"type":"Feature","geometry":{"type":"Point","coordinates":[14.22806,40.894102]},"properties":{"name":"Corso Campano 116","band":4,"modes":"bus","arr":["572"],"off":[0,-0.8]}},{"type":"Feature","geometry":{"type":"Point","coordinates":[14.22806,40.894102]},"properties":{"line":"572","mode":"bus","color":"#0059a9","colorDark":"#00294f","band":4,"off":[0,1.1]}},{"type":"Feature","geometry":{"type":"Point","coordinates":[14.295093,40.872147]},"properties":{"name":"S.Maria del Pianto-Stazionamento","band":4,"modes":"bus","arr":["584"],"off":[0,-0.8]}},{"type":"Feature","geometry":{"type":"Point","coordinates":[14.295093,40.872147]},"properties":{"line":"584","mode":"bus","color":"#0059a9","colorDark":"#00294f","band":4,"off":[0,1.1]}},{"type":"Feature","geometry":{"type":"Point","coordinates":[14.161138,40.85632]},"properties":{"name":"Picasso Ex Area Mercatale","band":4,"modes":"bus","arr":["612","633","S4","S4A","S5"],"off":[0,-0.8]}},{"type":"Feature","geometry":{"type":"Point","coordinates":[14.161138,40.85632]},"properties":{"line":"612","mode":"bus","color":"#0059a9","colorDark":"#00294f","band":4,"off":[-6.8,1.1]}},{"type":"Feature","geometry":{"type":"Point","coordinates":[14.161138,40.85632]},"properties":{"line":"633","mode":"bus","color":"#0059a9","colorDark":"#00294f","band":4,"off":[-3.4,1.1]}},{"type":"Feature","geometry":{"type":"Point","coordinates":[14.161138,40.85632]},"properties":{"line":"S4","mode":"bus","color":"#0059a9","colorDark":"#00294f","band":4,"off":[0,1.1]}},{"type":"Feature","geometry":{"type":"Point","coordinates":[14.161138,40.85632]},"properties":{"line":"S4A","mode":"bus","color":"#0059a9","colorDark":"#00294f","band":4,"off":[3.4,1.1]}},{"type":"Feature","geometry":{"type":"Point","coordinates":[14.161138,40.85632]},"properties":{"line":"S5","mode":"bus","color":"#0059a9","colorDark":"#00294f","band":4,"off":[6.8,1.1]}},{"type":"Feature","geometry":{"type":"Point","coordinates":[14.163658,40.856658]},"properties":{"name":"Modigliani","band":4,"modes":"bus","arr":["S3A"],"off":[0,-0.8]}},{"type":"Feature","geometry":{"type":"Point","coordinates":[14.163658,40.856658]},"properties":{"line":"S3A","mode":"bus","color":"#0059a9","colorDark":"#00294f","band":4,"off":[0,1.1]}},{"type":"Feature","geometry":{"type":"Point","coordinates":[14.16038,40.855231]},"properties":{"name":"Montagna Spaccata","band":4,"modes":"bus","arr":["N6"],"off":[0,-0.8]}},{"type":"Feature","geometry":{"type":"Point","coordinates":[14.16038,40.855231]},"properties":{"line":"N6","mode":"bus","color":"#0059a9","colorDark":"#00294f","band":4,"off":[0,1.1]}},{"type":"Feature","geometry":{"type":"Point","coordinates":[14.219865,40.830643]},"properties":{"name":"Piedigrotta","band":4,"modes":"bus","arr":["612"],"off":[0,-0.8]}},{"type":"Feature","geometry":{"type":"Point","coordinates":[14.219865,40.830643]},"properties":{"line":"612","mode":"bus","color":"#0059a9","colorDark":"#00294f","band":4,"off":[0,1.1]}},{"type":"Feature","geometry":{"type":"Point","coordinates":[14.193352,40.796733]},"properties":{"name":"Marechiaro","band":4,"modes":"bus","arr":["622"],"off":[0,-0.8]}},{"type":"Feature","geometry":{"type":"Point","coordinates":[14.193352,40.796733]},"properties":{"line":"622","mode":"bus","color":"#0059a9","colorDark":"#00294f","band":4,"off":[0,1.1]}},{"type":"Feature","geometry":{"type":"Point","coordinates":[14.263976,40.867429]},"properties":{"name":"De Marco","band":4,"modes":"bus","arr":["654"],"off":[0,-0.8]}},{"type":"Feature","geometry":{"type":"Point","coordinates":[14.263976,40.867429]},"properties":{"line":"654","mode":"bus","color":"#0059a9","colorDark":"#00294f","band":4,"off":[0,1.1]}},{"type":"Feature","geometry":{"type":"Point","coordinates":[14.24985,40.8353]},"properties":{"name":"Acton ASC1","band":4,"modes":"bus","arr":["ACTON"],"off":[0,-0.8]}},{"type":"Feature","geometry":{"type":"Point","coordinates":[14.24985,40.8353]},"properties":{"name":"Acton ASC","band":4,"modes":"bus","arr":["ACTON"],"off":[0,-1.9]}},{"type":"Feature","geometry":{"type":"Point","coordinates":[14.24985,40.8353]},"properties":{"line":"ACTON","mode":"bus","color":"#0059a9","colorDark":"#00294f","band":4,"off":[0,1.1]}},{"type":"Feature","geometry":{"type":"Point","coordinates":[14.283087,40.876689]},"properties":{"name":"Aeroporto","band":4,"modes":"bus","arr":["ALIB"],"off":[0,-0.8]}},{"type":"Feature","geometry":{"type":"Point","coordinates":[14.283087,40.876689]},"properties":{"line":"ALIB","mode":"bus","color":"#0059a9","colorDark":"#00294f","band":4,"off":[0,1.1]}},{"type":"Feature","geometry":{"type":"Point","coordinates":[14.257808,40.83849]},"properties":{"name":"Beverello - Angioino","band":4,"modes":"bus","arr":["ALIB"],"off":[0,-0.8]}},{"type":"Feature","geometry":{"type":"Point","coordinates":[14.257808,40.83849]},"properties":{"line":"ALIB","mode":"bus","color":"#0059a9","colorDark":"#00294f","band":4,"off":[0,1.1]}},{"type":"Feature","geometry":{"type":"Point","coordinates":[14.191941,40.806477]},"properties":{"name":"Padula - Manzoni","band":4,"modes":"bus","arr":["C1","C1E"],"off":[0,-0.8]}},{"type":"Feature","geometry":{"type":"Point","coordinates":[14.191941,40.806477]},"properties":{"line":"C1","mode":"bus","color":"#0059a9","colorDark":"#00294f","band":4,"off":[-1.7,1.1]}},{"type":"Feature","geometry":{"type":"Point","coordinates":[14.191941,40.806477]},"properties":{"line":"C1E","mode":"bus","color":"#0059a9","colorDark":"#00294f","band":4,"off":[1.7,1.1]}},{"type":"Feature","geometry":{"type":"Point","coordinates":[14.169307,40.816978]},"properties":{"name":"Piazza Salvemini","band":4,"modes":"bus","arr":["C3"],"off":[0,-0.8]}},{"type":"Feature","geometry":{"type":"Point","coordinates":[14.169307,40.816978]},"properties":{"line":"C3","mode":"bus","color":"#0059a9","colorDark":"#00294f","band":4,"off":[0,1.1]}},{"type":"Feature","geometry":{"type":"Point","coordinates":[14.220553,40.825219]},"properties":{"name":"Capolinea Mergellina","band":4,"modes":"bus","arr":["C16","C21"],"off":[0,-0.8]}},{"type":"Feature","geometry":{"type":"Point","coordinates":[14.220553,40.825219]},"properties":{"line":"C16","mode":"bus","color":"#0059a9","colorDark":"#00294f","band":4,"off":[-1.7,1.1]}},{"type":"Feature","geometry":{"type":"Point","coordinates":[14.220553,40.825219]},"properties":{"line":"C21","mode":"bus","color":"#0059a9","colorDark":"#00294f","band":4,"off":[1.7,1.1]}},{"type":"Feature","geometry":{"type":"Point","coordinates":[14.231608,40.844005]},"properties":{"name":"Vanvitelli","band":4,"modes":"bus","arr":["C36","NAVF2"],"off":[0,-0.8]}},{"type":"Feature","geometry":{"type":"Point","coordinates":[14.231608,40.844005]},"properties":{"line":"C36","mode":"bus","color":"#0059a9","colorDark":"#00294f","band":4,"off":[-1.7,1.1]}},{"type":"Feature","geometry":{"type":"Point","coordinates":[14.231608,40.844005]},"properties":{"line":"NAVF2","mode":"bus","color":"#0059a9","colorDark":"#00294f","band":4,"off":[1.7,1.1]}},{"type":"Feature","geometry":{"type":"Point","coordinates":[14.209011,40.844095]},"properties":{"name":"San Domenico","band":4,"modes":"bus","arr":["C36"],"off":[0,-0.8]}},{"type":"Feature","geometry":{"type":"Point","coordinates":[14.209011,40.844095]},"properties":{"line":"C36","mode":"bus","color":"#0059a9","colorDark":"#00294f","band":4,"off":[0,1.1]}},{"type":"Feature","geometry":{"type":"Point","coordinates":[14.240162,40.844318]},"properties":{"name":"San Martino-Certosa","band":4,"modes":"bus","arr":["C37"],"off":[0,-0.8]}},{"type":"Feature","geometry":{"type":"Point","coordinates":[14.240162,40.844318]},"properties":{"line":"C37","mode":"bus","color":"#0059a9","colorDark":"#00294f","band":4,"off":[0,1.1]}},{"type":"Feature","geometry":{"type":"Point","coordinates":[14.253622,40.854859]},"properties":{"name":"Piazza Cavour","band":4,"modes":"bus","arr":["C52"],"off":[0,-0.8]}},{"type":"Feature","geometry":{"type":"Point","coordinates":[14.253622,40.854859]},"properties":{"line":"C52","mode":"bus","color":"#0059a9","colorDark":"#00294f","band":4,"off":[0,1.1]}},{"type":"Feature","geometry":{"type":"Point","coordinates":[14.246851,40.861503]},"properties":{"name":"San Gennaro dei Poveri","band":4,"modes":"bus","arr":["C52"],"off":[0,-0.8]}},{"type":"Feature","geometry":{"type":"Point","coordinates":[14.246851,40.861503]},"properties":{"line":"C52","mode":"bus","color":"#0059a9","colorDark":"#00294f","band":4,"off":[0,1.1]}},{"type":"Feature","geometry":{"type":"Point","coordinates":[14.228515,40.869347]},"properties":{"name":"S.Gatto - M1 Colli Aminei","band":4,"modes":"bus","arr":["C65"],"off":[0,-0.8]}},{"type":"Feature","geometry":{"type":"Point","coordinates":[14.228515,40.869347]},"properties":{"line":"C65","mode":"bus","color":"#0059a9","colorDark":"#00294f","band":4,"off":[0,1.1]}},{"type":"Feature","geometry":{"type":"Point","coordinates":[14.24702,40.874131]},"properties":{"name":"Lieti","band":4,"modes":"bus","arr":["C65"],"off":[0,-0.8]}},{"type":"Feature","geometry":{"type":"Point","coordinates":[14.24702,40.874131]},"properties":{"line":"C65","mode":"bus","color":"#0059a9","colorDark":"#00294f","band":4,"off":[0,1.1]}},{"type":"Feature","geometry":{"type":"Point","coordinates":[14.204061,40.872917]},"properties":{"name":"Camaldoli Hospital","band":4,"modes":"bus","arr":["C76"],"off":[0,-0.8]}},{"type":"Feature","geometry":{"type":"Point","coordinates":[14.204061,40.872917]},"properties":{"line":"C76","mode":"bus","color":"#0059a9","colorDark":"#00294f","band":4,"off":[0,1.1]}},{"type":"Feature","geometry":{"type":"Point","coordinates":[14.264324,40.899297]},"properties":{"name":"Rione dei Fiori","band":4,"modes":"bus","arr":["C78"],"off":[0,-0.8]}},{"type":"Feature","geometry":{"type":"Point","coordinates":[14.264324,40.899297]},"properties":{"line":"C78","mode":"bus","color":"#0059a9","colorDark":"#00294f","band":4,"off":[0,1.1]}},{"type":"Feature","geometry":{"type":"Point","coordinates":[14.295025,40.86679]},"properties":{"name":"Miraglia - Parise","band":4,"modes":"bus","arr":["C90"],"off":[0,-0.8]}},{"type":"Feature","geometry":{"type":"Point","coordinates":[14.295025,40.86679]},"properties":{"line":"C90","mode":"bus","color":"#0059a9","colorDark":"#00294f","band":4,"off":[0,1.1]}},{"type":"Feature","geometry":{"type":"Point","coordinates":[14.264381,40.900899]},"properties":{"name":"La Certosa di Parma","band":4,"modes":"bus","arr":["C90"],"off":[0,-0.8]}},{"type":"Feature","geometry":{"type":"Point","coordinates":[14.264381,40.900899]},"properties":{"line":"C90","mode":"bus","color":"#0059a9","colorDark":"#00294f","band":4,"off":[0,1.1]}},{"type":"Feature","geometry":{"type":"Point","coordinates":[14.244696,40.835764]},"properties":{"name":"Chiaia ASC","band":4,"modes":"bus","arr":["CHIAIA"],"off":[0,-0.8]}},{"type":"Feature","geometry":{"type":"Point","coordinates":[14.244696,40.835764]},"properties":{"line":"CHIAIA","mode":"bus","color":"#0059a9","colorDark":"#00294f","band":4,"off":[0,1.1]}},{"type":"Feature","geometry":{"type":"Point","coordinates":[14.244799,40.835576]},"properties":{"name":"Chiaia ASC1","band":4,"modes":"bus","arr":["CHIAIA"],"off":[0,-0.8]}},{"type":"Feature","geometry":{"type":"Point","coordinates":[14.244799,40.835576]},"properties":{"line":"CHIAIA","mode":"bus","color":"#0059a9","colorDark":"#00294f","band":4,"off":[0,1.1]}},{"type":"Feature","geometry":{"type":"Point","coordinates":[14.248871,40.837072]},"properties":{"name":"Trieste e Trento","band":4,"modes":"bus","arr":["E6"],"off":[0,-0.8]}},{"type":"Feature","geometry":{"type":"Point","coordinates":[14.248871,40.837072]},"properties":{"line":"E6","mode":"bus","color":"#0059a9","colorDark":"#00294f","band":4,"off":[0,1.1]}},{"type":"Feature","geometry":{"type":"Point","coordinates":[14.242068,40.834218]},"properties":{"name":"Piazza dei Martiri","band":4,"modes":"bus","arr":["E6"],"off":[0,-0.8]}},{"type":"Feature","geometry":{"type":"Point","coordinates":[14.242068,40.834218]},"properties":{"line":"E6","mode":"bus","color":"#0059a9","colorDark":"#00294f","band":4,"off":[0,1.1]}},{"type":"Feature","geometry":{"type":"Point","coordinates":[14.248536,40.830434]},"properties":{"name":"Echia ASC1","band":4,"modes":"bus","arr":["ECHIA"],"off":[0,-0.8]}},{"type":"Feature","geometry":{"type":"Point","coordinates":[14.248536,40.830434]},"properties":{"name":"Echia ASC","band":4,"modes":"bus","arr":["ECHIA"],"off":[0,-1.9]}},{"type":"Feature","geometry":{"type":"Point","coordinates":[14.248536,40.830434]},"properties":{"line":"ECHIA","mode":"bus","color":"#0059a9","colorDark":"#00294f","band":4,"off":[0,1.1]}},{"type":"Feature","geometry":{"type":"Point","coordinates":[14.2494,40.837759]},"properties":{"name":"San Carlo - Trieste e Trento","band":4,"modes":"bus","arr":["R2"],"off":[0,-0.8]}},{"type":"Feature","geometry":{"type":"Point","coordinates":[14.2494,40.837759]},"properties":{"line":"R2","mode":"bus","color":"#0059a9","colorDark":"#00294f","band":4,"off":[0,1.1]}},{"type":"Feature","geometry":{"type":"Point","coordinates":[14.180116,40.84959]},"properties":{"name":"Padula - Montagna Spaccata","band":4,"modes":"bus","arr":["R6","S3","S4B"],"off":[0,-0.8]}},{"type":"Feature","geometry":{"type":"Point","coordinates":[14.180116,40.84959]},"properties":{"line":"R6","mode":"bus","color":"#0059a9","colorDark":"#00294f","band":4,"off":[-3.4,1.1]}},{"type":"Feature","geometry":{"type":"Point","coordinates":[14.180116,40.84959]},"properties":{"line":"S3","mode":"bus","color":"#0059a9","colorDark":"#00294f","band":4,"off":[0,1.1]}},{"type":"Feature","geometry":{"type":"Point","coordinates":[14.180116,40.84959]},"properties":{"line":"S4B","mode":"bus","color":"#0059a9","colorDark":"#00294f","band":4,"off":[3.4,1.1]}},{"type":"Feature","geometry":{"type":"Point","coordinates":[14.221394,40.864367]},"properties":{"name":"Pansini","band":4,"modes":"bus","arr":["NL1"],"off":[0,-0.8]}},{"type":"Feature","geometry":{"type":"Point","coordinates":[14.221394,40.864367]},"properties":{"line":"NL1","mode":"bus","color":"#0059a9","colorDark":"#00294f","band":4,"off":[0,1.1]}},{"type":"Feature","geometry":{"type":"Point","coordinates":[14.280374,40.845764]},"properties":{"name":"Volta - Brin","band":4,"modes":"bus","arr":["R2"],"off":[0,-0.8]}},{"type":"Feature","geometry":{"type":"Point","coordinates":[14.280374,40.845764]},"properties":{"line":"R2","mode":"bus","color":"#0059a9","colorDark":"#00294f","band":4,"off":[0,1.1]}},{"type":"Feature","geometry":{"type":"Point","coordinates":[14.159559,40.817116]},"properties":{"name":"Bagnoli - la Pietra","band":4,"modes":"bus","arr":["R7"],"off":[0,-0.8]}},{"type":"Feature","geometry":{"type":"Point","coordinates":[14.159559,40.817116]},"properties":{"line":"R7","mode":"bus","color":"#0059a9","colorDark":"#00294f","band":4,"off":[0,1.1]}},{"type":"Feature","geometry":{"type":"Point","coordinates":[14.248496,40.859361]},"properties":{"name":"Sanità ASC1","band":4,"modes":"bus","arr":["SANITA"],"off":[0,-0.8]}},{"type":"Feature","geometry":{"type":"Point","coordinates":[14.248496,40.859361]},"properties":{"name":"Sanità ASC","band":4,"modes":"bus","arr":["SANITA"],"off":[0,-1.9]}},{"type":"Feature","geometry":{"type":"Point","coordinates":[14.248496,40.859361]},"properties":{"line":"SANITA","mode":"bus","color":"#0059a9","colorDark":"#00294f","band":4,"off":[0,1.1]}},{"type":"Feature","geometry":{"type":"Point","coordinates":[14.244686,40.849097]},"properties":{"name":"Venta ASC","band":4,"modes":"bus","arr":["VENTA"],"off":[0,-0.8]}},{"type":"Feature","geometry":{"type":"Point","coordinates":[14.244686,40.849097]},"properties":{"line":"VENTA","mode":"bus","color":"#0059a9","colorDark":"#00294f","band":4,"off":[0,1.1]}},{"type":"Feature","geometry":{"type":"Point","coordinates":[14.245366,40.849087]},"properties":{"name":"Venta ASC1","band":4,"modes":"bus","arr":["VENTA"],"off":[0,-0.8]}},{"type":"Feature","geometry":{"type":"Point","coordinates":[14.245366,40.849087]},"properties":{"line":"VENTA","mode":"bus","color":"#0059a9","colorDark":"#00294f","band":4,"off":[0,1.1]}},{"type":"Feature","geometry":{"type":"Point","coordinates":[14.290798,40.866496]},"properties":{"name":"Poggioreale","band":4,"modes":"tram","arr":["412","421"],"off":[0,-0.8]}},{"type":"Feature","geometry":{"type":"Point","coordinates":[14.290798,40.866496]},"properties":{"line":"412","mode":"tram","color":"#d6212b","colorDark":"#7c1116","band":4,"off":[-1.7,1.1]}},{"type":"Feature","geometry":{"type":"Point","coordinates":[14.290798,40.866496]},"properties":{"line":"421","mode":"tram","color":"#d6212b","colorDark":"#7c1116","band":4,"off":[1.7,1.1]}},{"type":"Feature","geometry":{"type":"Point","coordinates":[14.27286,40.857971]},"properties":{"name":"Nazionale","band":4,"modes":"tram","arr":["422"],"off":[0,-0.8]}},{"type":"Feature","geometry":{"type":"Point","coordinates":[14.27286,40.857971]},"properties":{"line":"422","mode":"tram","color":"#d6212b","colorDark":"#7c1116","band":4,"off":[0,1.1]}},{"type":"Feature","geometry":{"type":"Point","coordinates":[14.240191,40.892776]},"properties":{"name":"Piscinola","band":4,"modes":"metro","arr":["L1"],"off":[0,-0.8]}},{"type":"Feature","geometry":{"type":"Point","coordinates":[14.240191,40.892776]},"properties":{"line":"L1","mode":"tram","color":"#F8E414","colorDark":"#887d0b","band":4,"metro":1,"off":[0,1.1]}},{"type":"Feature","geometry":{"type":"Point","coordinates":[14.253241,40.839669]},"properties":{"name":"Municipio","band":4,"modes":"metro","arr":["L6"],"off":[0,-0.8]}},{"type":"Feature","geometry":{"type":"Point","coordinates":[14.253241,40.839669]},"properties":{"line":"L6","mode":"tram","color":"#179ED6","colorDark":"#0d5776","band":4,"metro":1,"off":[0,1.1]}},{"type":"Feature","geometry":{"type":"Point","coordinates":[14.193665,40.824284]},"properties":{"name":"Mostra","band":4,"modes":"metro","arr":["L6"],"off":[0,-0.8]}},{"type":"Feature","geometry":{"type":"Point","coordinates":[14.193665,40.824284]},"properties":{"line":"L6","mode":"tram","color":"#179ED6","colorDark":"#0d5776","band":4,"metro":1,"off":[0,1.1]}},{"type":"Feature","geometry":{"type":"Point","coordinates":[14.307029,40.831996]},"properties":{"name":"San Giovanni - Barra","band":4,"modes":"metro","arr":["L2"],"off":[0,-0.8]}},{"type":"Feature","geometry":{"type":"Point","coordinates":[14.307029,40.831996]},"properties":{"line":"L2","mode":"tram","color":"#4E78BA","colorDark":"#2b4266","band":4,"metro":1,"off":[0,1.1]}},{"type":"Feature","geometry":{"type":"Point","coordinates":[14.125587,40.827971]},"properties":{"name":"Pozzuoli","band":4,"modes":"metro","arr":["L2"],"off":[0,-0.8]}},{"type":"Feature","geometry":{"type":"Point","coordinates":[14.125587,40.827971]},"properties":{"line":"L2","mode":"tram","color":"#4E78BA","colorDark":"#2b4266","band":4,"metro":1,"off":[0,1.1]}},{"type":"Feature","geometry":{"type":"Point","coordinates":[14.234698,40.83812]},"properties":{"name":"Parco Margherita","band":4,"modes":"metro","arr":["F1"],"off":[0,-0.8]}},{"type":"Feature","geometry":{"type":"Point","coordinates":[14.234698,40.83812]},"properties":{"line":"F1","mode":"tram","color":"#F89329","colorDark":"#885117","band":4,"metro":1,"off":[0,1.1]}},{"type":"Feature","geometry":{"type":"Point","coordinates":[14.232023,40.842323]},"properties":{"name":"Cimarosa","band":4,"modes":"metro","arr":["F1"],"off":[0,-0.8]}},{"type":"Feature","geometry":{"type":"Point","coordinates":[14.232023,40.842323]},"properties":{"line":"F1","mode":"tram","color":"#F89329","colorDark":"#885117","band":4,"metro":1,"off":[0,1.1]}},{"type":"Feature","geometry":{"type":"Point","coordinates":[14.247618,40.838959]},"properties":{"name":"Augusteo","band":4,"modes":"metro","arr":["F3"],"off":[0,-0.8]}},{"type":"Feature","geometry":{"type":"Point","coordinates":[14.247618,40.838959]},"properties":{"line":"F3","mode":"tram","color":"#F89329","colorDark":"#885117","band":4,"metro":1,"off":[0,1.1]}},{"type":"Feature","geometry":{"type":"Point","coordinates":[14.233815,40.842465]},"properties":{"name":"P. Fuga","band":4,"modes":"metro","arr":["F3"],"off":[0,-0.8]}},{"type":"Feature","geometry":{"type":"Point","coordinates":[14.233815,40.842465]},"properties":{"line":"F3","mode":"tram","color":"#F89329","colorDark":"#885117","band":4,"metro":1,"off":[0,1.1]}},{"type":"Feature","geometry":{"type":"Point","coordinates":[14.219413,40.826345]},"properties":{"name":"Mergellina","band":4,"modes":"metro","arr":["F4"],"off":[0,-0.8]}},{"type":"Feature","geometry":{"type":"Point","coordinates":[14.219413,40.826345]},"properties":{"line":"F4","mode":"tram","color":"#F89329","colorDark":"#885117","band":4,"metro":1,"off":[0,1.1]}},{"type":"Feature","geometry":{"type":"Point","coordinates":[14.212908,40.825879]},"properties":{"name":"Manzoni","band":4,"modes":"metro","arr":["F4"],"off":[0,-0.8]}},{"type":"Feature","geometry":{"type":"Point","coordinates":[14.212908,40.825879]},"properties":{"line":"F4","mode":"tram","color":"#F89329","colorDark":"#885117","band":4,"metro":1,"off":[0,1.1]}}]}