{"type":"FeatureCollection","features":[{"type":"Feature","geometry":{"type":"Point","coordinates":[14.249344,40.8792]},"properties":{"lines":"3M","color":"#0059a9","mode":"bus","arr":["3M"],"angle":87}},{"type":"Feature","geometry":{"type":"Point","coordinates":[14.248723,40.877017]},"properties":{"lines":"3M, 178, C67","color":"#0059a9","mode":"bus","arr":["3M","178","C67"],"angle":-88.5}},{"type":"Feature","geometry":{"type":"Point","coordinates":[14.248649,40.875663]},"properties":{"lines":"3M, 178, C67","color":"#0059a9","mode":"bus","arr":["3M","178","C67"],"angle":-85.6,"extra":1,"ei":0}},{"type":"Feature","geometry":{"type":"Point","coordinates":[14.249073,40.885886]},"properties":{"lines":"178, C67","color":"#0059a9","mode":"bus","arr":["178","C67"],"angle":-66.1,"mi":1}},{"type":"Feature","geometry":{"type":"Point","coordinates":[14.249362,40.881214]},"properties":{"lines":"178, C67","color":"#0059a9","mode":"bus","arr":["178","C67"],"angle":-47.4}},{"type":"Feature","geometry":{"type":"Point","coordinates":[14.250071,40.887479]},"properties":{"lines":"178, C67","color":"#0059a9","mode":"bus","arr":["178","C67"],"angle":-64.3,"extra":1,"ei":0}},{"type":"Feature","geometry":{"type":"Point","coordinates":[14.248981,40.883966]},"properties":{"lines":"178, C67","color":"#0059a9","mode":"bus","arr":["178","C67"],"angle":-78.5,"extra":1,"ei":1}},{"type":"Feature","geometry":{"type":"Point","coordinates":[14.248518,40.874514]},"properties":{"lines":"3M, 168, 178, 460, 663, C67","color":"#0059a9","mode":"bus","arr":["3M","168","178","460","663","C67"],"angle":-89.4}},{"type":"Feature","geometry":{"type":"Point","coordinates":[14.249948,40.870843]},"properties":{"lines":"3M, 168, 178, 460, 663, C65, C67","color":"#0059a9","mode":"bus","arr":["3M","168","178","460","663","C65","C67"],"angle":78.2}},{"type":"Feature","geometry":{"type":"Point","coordinates":[14.248869,40.873404]},"properties":{"lines":"3M, 168, 178, 460, 663, C65, C67","color":"#0059a9","mode":"bus","arr":["3M","168","178","460","663","C65","C67"],"angle":69.3,"extra":1,"ei":0}},{"type":"Feature","geometry":{"type":"Point","coordinates":[14.249493,40.867985]},"properties":{"lines":"3M, 168, 178, 460, 663, C65, C67","color":"#0059a9","mode":"bus","arr":["3M","168","178","460","663","C65","C67"],"angle":-71.5,"extra":1,"ei":1}},{"type":"Feature","geometry":{"type":"Point","coordinates":[14.249047,40.866805]},"properties":{"lines":"3M, 168, 178, 204, 460, 663, C67","color":"#0059a9","mode":"bus","arr":["3M","168","178","204","460","663","C67"],"tLines":"204","ntLines":"3M, 168, 178, 460, 663, C67","angle":-87.8,"side":-1}},{"type":"Feature","geometry":{"type":"Point","coordinates":[14.247442,40.866096]},"properties":{"lines":"3M, 168, 178, 204, 460, C63, C67","color":"#0059a9","mode":"bus","arr":["3M","168","178","204","460","C63","C67"],"tLines":"204","ntLines":"3M, 168, 178, 460, C63, C67","angle":-64.1}},{"type":"Feature","geometry":{"type":"Point","coordinates":[14.248505,40.86719]},"properties":{"lines":"3M, 168, 178, 204, 460, C63, C67","color":"#0059a9","mode":"bus","arr":["3M","168","178","204","460","C63","C67"],"tLines":"204","ntLines":"3M, 168, 178, 460, C63, C67","angle":43.7,"extra":1,"ei":0}},{"type":"Feature","geometry":{"type":"Point","coordinates":[14.248584,40.865316]},"properties":{"lines":"3M, 168, 178, 204, 460, C63, C67","color":"#0059a9","mode":"bus","arr":["3M","168","178","204","460","C63","C67"],"tLines":"204","ntLines":"3M, 168, 178, 460, C63, C67","angle":-34.7,"mi":1}},{"type":"Feature","geometry":{"type":"Point","coordinates":[14.248426,40.862621]},"properties":{"lines":"3M, 168, 178, 204, 460, C63","color":"#0059a9","mode":"bus","arr":["3M","168","178","204","460","C63"],"tLines":"204","ntLines":"3M, 168, 178, 460, C63","angle":-89.8,"mi":1}},{"type":"Feature","geometry":{"type":"Point","coordinates":[14.248433,40.864318]},"properties":{"lines":"3M, 168, 178, 204, 460, C63","color":"#0059a9","mode":"bus","arr":["3M","168","178","204","460","C63"],"tLines":"204","ntLines":"3M, 168, 178, 460, C63","angle":-89.8,"extra":1,"ei":0}},{"type":"Feature","geometry":{"type":"Point","coordinates":[14.248438,40.860541]},"properties":{"lines":"3M, 168, 178, 204, 460, C63","color":"#0059a9","mode":"bus","arr":["3M","168","178","204","460","C63"],"tLines":"204","ntLines":"3M, 168, 178, 460, C63","angle":89.9,"extra":1,"ei":1}},{"type":"Feature","geometry":{"type":"Point","coordinates":[14.248423,40.859469]},"properties":{"lines":"3M, 168, 178, 204, 460, C63","color":"#0059a9","mode":"bus","arr":["3M","168","178","204","460","C63"],"tLines":"204","ntLines":"3M, 168, 178, 460, C63","angle":-88.9}},{"type":"Feature","geometry":{"type":"Point","coordinates":[14.248389,40.856187]},"properties":{"lines":"3M, 168, 178, 204, 460, C63","color":"#0059a9","mode":"bus","arr":["3M","168","178","204","460","C63"],"tLines":"204","ntLines":"3M, 168, 178, 460, C63","angle":89.9,"mi":2}},{"type":"Feature","geometry":{"type":"Point","coordinates":[14.248406,40.858013]},"properties":{"lines":"3M, 168, 178, 204, 460, C63","color":"#0059a9","mode":"bus","arr":["3M","168","178","204","460","C63"],"tLines":"204","ntLines":"3M, 168, 178, 460, C63","angle":-89.9,"extra":1,"ei":0}},{"type":"Feature","geometry":{"type":"Point","coordinates":[14.249013,40.854316]},"properties":{"lines":"3M, 168, 178, 204, 460, C63","color":"#0059a9","mode":"bus","arr":["3M","168","178","204","460","C63"],"tLines":"204","ntLines":"3M, 168, 178, 460, C63","angle":65.7,"extra":1,"ei":1}},{"type":"Feature","geometry":{"type":"Point","coordinates":[14.249577,40.853207]},"properties":{"lines":"3M, 139, 147, 168, 178, 204, 460, C63, N3, NAVF2","color":"#0059a9","mode":"bus","arr":["3M","139","147","168","178","204","460","C63","N3","NAVF2"],"tLines":"204","ntLines":"3M, 139, 147, 168, 178, 460, C63, N3, NAVF2","angle":69.9}},{"type":"Feature","geometry":{"type":"Point","coordinates":[14.249845,40.852386]},"properties":{"lines":"3M, 139, 147, 168, 178, 182, 184, 201, 201BR, 204, 460, 584, C56, C63, N3, NAVF2","color":"#0059a9","mode":"bus","arr":["3M","139","147","168","178","182","184","201","201BR","204","460","584","C56","C63","N3","NAVF2"],"tLines":"201, 204","ntLines":"3M, 139, 147, 168, 178, 182, 184, 201BR, 460, 584, C56, C63, N3, NAVF2","angle":81.4,"mi":1}},{"type":"Feature","geometry":{"type":"Point","coordinates":[14.249982,40.851502]},"properties":{"lines":"3M, 139, 147, 168, 178, 182, 184, 201, 204, 460, 584, C56, C63, N3, NAVF2","color":"#0059a9","mode":"bus","arr":["3M","139","147","168","178","182","184","201","204","460","584","C56","C63","N3","NAVF2"],"tLines":"201, 204","ntLines":"3M, 139, 147, 168, 178, 182, 184, 460, 584, C56, C63, N3, NAVF2","angle":85.5}},{"type":"Feature","geometry":{"type":"Point","coordinates":[14.250055,40.850599]},"properties":{"lines":"3M, 139, 168, 178, 182, 184, 201, 204, 460, 584, C63, N3, NAVF2","color":"#0059a9","mode":"bus","arr":["3M","139","168","178","182","184","201","204","460","584","C63","N3","NAVF2"],"tLines":"201, 204","ntLines":"3M, 139, 168, 178, 182, 184, 460, 584, C63, N3, NAVF2","angle":-89.6,"mi":1}},{"type":"Feature","geometry":{"type":"Point","coordinates":[14.249877,40.849262]},"properties":{"lines":"3M, 139, 168, 178, 182, 184, 201, 204, 460, 584, C63, N3, NAVF2","color":"#0059a9","mode":"bus","arr":["3M","139","168","178","182","184","201","204","460","584","C63","N3","NAVF2"],"tLines":"201, 204","ntLines":"3M, 139, 168, 178, 182, 184, 460, 584, C63, N3, NAVF2","angle":-83.2}},{"type":"Feature","geometry":{"type":"Point","coordinates":[14.249528,40.847933]},"properties":{"lines":"3M, 139, 168, 178, 182, 184, 201, 204, 460, 584, C63, N3, NAVF2","color":"#0059a9","mode":"bus","arr":["3M","139","168","178","182","184","201","204","460","584","C63","N3","NAVF2"],"tLines":"201, 204","ntLines":"3M, 139, 168, 178, 182, 184, 460, 584, C63, N3, NAVF2","angle":-82.9,"mi":2}},{"type":"Feature","geometry":{"type":"Point","coordinates":[14.250794,40.851979]},"properties":{"lines":"3M, 139, 168, 178, 182, 184, 201, 201BR, 204, 460, 584, C63, N3, NAVF2","color":"#0059a9","mode":"bus","arr":["3M","139","168","178","182","184","201","201BR","204","460","584","C63","N3","NAVF2"],"tLines":"201, 204","ntLines":"3M, 139, 168, 178, 182, 184, 201BR, 460, 584, C63, N3, NAVF2","angle":-5.3}},{"type":"Feature","geometry":{"type":"Point","coordinates":[14.251713,40.85161]},"properties":{"lines":"147, C56","color":"#0059a9","mode":"bus","arr":["147","C56"],"angle":84.6}},{"type":"Feature","geometry":{"type":"Point","coordinates":[14.251592,40.852595]},"properties":{"lines":"3M, 139, 147, 168, 178, 182, 184, 201, 201BR, 204, 460, 584, C56, C63, N3, NAVF2","color":"#0059a9","mode":"bus","arr":["3M","139","147","168","178","182","184","201","201BR","204","460","584","C56","C63","N3","NAVF2"],"tLines":"201, 204","ntLines":"3M, 139, 147, 168, 178, 182, 184, 201BR, 460, 584, C56, C63, N3, NAVF2","angle":84.8,"mi":2}},{"type":"Feature","geometry":{"type":"Point","coordinates":[14.250539,40.853027]},"properties":{"lines":"3M, 139, 147, 168, 178, 182, 184, 201, 201BR, 204, 460, 584, C56, C63, N3, NAVF2","color":"#0059a9","mode":"bus","arr":["3M","139","147","168","178","182","184","201","201BR","204","460","584","C56","C63","N3","NAVF2"],"tLines":"201, 204","ntLines":"3M, 139, 147, 168, 178, 182, 184, 201BR, 460, 584, C56, C63, N3, NAVF2","angle":-16.9}},{"type":"Feature","geometry":{"type":"Point","coordinates":[14.336453,40.810639]},"properties":{"lines":"5, 158, 176, 177","color":"#0059a9","mode":"bus","arr":["5","158","176","177"],"angle":77.9}},{"type":"Feature","geometry":{"type":"Point","coordinates":[14.342873,40.831408]},"properties":{"lines":"158","color":"#0059a9","mode":"bus","arr":["158"],"angle":69.4,"mi":8}},{"type":"Feature","geometry":{"type":"Point","coordinates":[14.335933,40.812815]},"properties":{"lines":"5, 176, 177","color":"#0059a9","mode":"bus","arr":["5","176","177"],"angle":85.3,"mi":1}},{"type":"Feature","geometry":{"type":"Point","coordinates":[14.336302,40.813741]},"properties":{"lines":"5, 176, 177","color":"#0059a9","mode":"bus","arr":["5","176","177"],"angle":-55.8}},{"type":"Feature","geometry":{"type":"Point","coordinates":[14.337194,40.814216]},"properties":{"lines":"5, 158, 176, 177, 254, 455","color":"#0059a9","mode":"bus","arr":["5","158","176","177","254","455"],"tLines":"254","ntLines":"5, 158, 176, 177, 455","angle":7.4}},{"type":"Feature","geometry":{"type":"Point","coordinates":[14.337792,40.811972]},"properties":{"lines":"5, 158, 176, 177, 455","color":"#0059a9","mode":"bus","arr":["5","158","176","177","455"],"angle":-66}},{"type":"Feature","geometry":{"type":"Point","coordinates":[14.336672,40.808978]},"properties":{"lines":"5, 176, 177, 455","color":"#0059a9","mode":"bus","arr":["5","176","177","455"],"angle":57.8,"mi":1}},{"type":"Feature","geometry":{"type":"Point","coordinates":[14.340421,40.806282]},"properties":{"lines":"5, 176, 177, 455","color":"#0059a9","mode":"bus","arr":["5","176","177","455"],"angle":48.6}},{"type":"Feature","geometry":{"type":"Point","coordinates":[14.338633,40.807855]},"properties":{"lines":"5, 176, 177, 455","color":"#0059a9","mode":"bus","arr":["5","176","177","455"],"angle":49,"extra":1,"ei":0}},{"type":"Feature","geometry":{"type":"Point","coordinates":[14.341898,40.804997]},"properties":{"lines":"5, 176, 177, 455","color":"#0059a9","mode":"bus","arr":["5","176","177","455"],"angle":49.6,"extra":1,"ei":1}},{"type":"Feature","geometry":{"type":"Point","coordinates":[14.346302,40.802083]},"properties":{"lines":"5, 176, 177, 455","color":"#0059a9","mode":"bus","arr":["5","176","177","455"],"angle":38,"mi":2}},{"type":"Feature","geometry":{"type":"Point","coordinates":[14.344032,40.803429]},"properties":{"lines":"5, 176, 177, 455","color":"#0059a9","mode":"bus","arr":["5","176","177","455"],"angle":39.7,"extra":1,"ei":0}},{"type":"Feature","geometry":{"type":"Point","coordinates":[14.347965,40.801102]},"properties":{"lines":"5, 176, 177, 455","color":"#0059a9","mode":"bus","arr":["5","176","177","455"],"angle":38,"extra":1,"ei":1}},{"type":"Feature","geometry":{"type":"Point","coordinates":[14.352761,40.79668]},"properties":{"lines":"455","color":"#0059a9","mode":"bus","arr":["455"],"angle":49.4,"mi":7}},{"type":"Feature","geometry":{"type":"Point","coordinates":[14.35584,40.794475]},"properties":{"lines":"455","color":"#0059a9","mode":"bus","arr":["455"],"angle":43.3,"extra":1,"ei":0}},{"type":"Feature","geometry":{"type":"Point","coordinates":[14.354009,40.795758]},"properties":{"lines":"455","color":"#0059a9","mode":"bus","arr":["455"],"angle":42.7,"extra":1,"ei":1}},{"type":"Feature","geometry":{"type":"Point","coordinates":[14.350741,40.798599]},"properties":{"lines":"455","color":"#0059a9","mode":"bus","arr":["455"],"angle":56.5,"extra":1,"ei":2}},{"type":"Feature","geometry":{"type":"Point","coordinates":[14.351192,40.801228]},"properties":{"lines":"5, 176, 177","color":"#0059a9","mode":"bus","arr":["5","176","177"],"angle":-39.5,"mi":11}},{"type":"Feature","geometry":{"type":"Point","coordinates":[14.352338,40.802055]},"properties":{"lines":"5, 176, 177","color":"#0059a9","mode":"bus","arr":["5","176","177"],"angle":-47.1,"extra":1,"ei":0}},{"type":"Feature","geometry":{"type":"Point","coordinates":[14.352259,40.802837]},"properties":{"lines":"5, 176, 177","color":"#0059a9","mode":"bus","arr":["5","176","177"],"angle":52.9,"mi":8}},{"type":"Feature","geometry":{"type":"Point","coordinates":[14.353187,40.803722]},"properties":{"lines":"5, 176, 177","color":"#0059a9","mode":"bus","arr":["5","176","177"],"angle":-13.5,"mi":6}},{"type":"Feature","geometry":{"type":"Point","coordinates":[14.355952,40.80672]},"properties":{"lines":"5, 176, 177","color":"#0059a9","mode":"bus","arr":["5","176","177"],"angle":-65.1,"mi":4}},{"type":"Feature","geometry":{"type":"Point","coordinates":[14.355054,40.805216]},"properties":{"lines":"5, 176, 177","color":"#0059a9","mode":"bus","arr":["5","176","177"],"angle":-65.8,"extra":1,"ei":0}},{"type":"Feature","geometry":{"type":"Point","coordinates":[14.357171,40.808636]},"properties":{"lines":"5, 176, 177","color":"#0059a9","mode":"bus","arr":["5","176","177"],"angle":-63.5,"extra":1,"ei":1}},{"type":"Feature","geometry":{"type":"Point","coordinates":[14.354257,40.807061]},"properties":{"lines":"5, 176, 177","color":"#0059a9","mode":"bus","arr":["5","176","177"],"angle":51.7,"mi":3}},{"type":"Feature","geometry":{"type":"Point","coordinates":[14.353011,40.807987]},"properties":{"lines":"5, 176, 177","color":"#0059a9","mode":"bus","arr":["5","176","177"],"angle":55,"extra":1,"ei":0}},{"type":"Feature","geometry":{"type":"Point","coordinates":[14.353301,40.808287]},"properties":{"lines":"5, 176, 177","color":"#0059a9","mode":"bus","arr":["5","176","177"],"angle":-32.9,"mi":2}},{"type":"Feature","geometry":{"type":"Point","coordinates":[14.356488,40.809723]},"properties":{"lines":"5, 176, 177","color":"#0059a9","mode":"bus","arr":["5","176","177"],"angle":-49.7}},{"type":"Feature","geometry":{"type":"Point","coordinates":[14.354907,40.808048]},"properties":{"lines":"5, 176, 177","color":"#0059a9","mode":"bus","arr":["5","176","177"],"angle":49,"extra":1,"ei":0}},{"type":"Feature","geometry":{"type":"Point","coordinates":[14.356529,40.80822]},"properties":{"lines":"5, 176, 177","color":"#0059a9","mode":"bus","arr":["5","176","177"],"angle":79.4,"extra":1,"ei":1,"side":-1}},{"type":"Feature","geometry":{"type":"Point","coordinates":[14.357928,40.811439]},"properties":{"lines":"5, 176, 177","color":"#0059a9","mode":"bus","arr":["5","176","177"],"angle":82.4,"extra":1,"ei":2}},{"type":"Feature","geometry":{"type":"Point","coordinates":[14.356533,40.812984]},"properties":{"lines":"5, 176, 177","color":"#0059a9","mode":"bus","arr":["5","176","177"],"angle":54.9,"extra":1,"ei":3}},{"type":"Feature","geometry":{"type":"Point","coordinates":[14.356136,40.814265]},"properties":{"lines":"5, 176, 177","color":"#0059a9","mode":"bus","arr":["5","176","177"],"angle":89,"mi":5}},{"type":"Feature","geometry":{"type":"Point","coordinates":[14.358114,40.815921]},"properties":{"lines":"5, 176, 177","color":"#0059a9","mode":"bus","arr":["5","176","177"],"angle":-20.5,"mi":7}},{"type":"Feature","geometry":{"type":"Point","coordinates":[14.360231,40.816661]},"properties":{"lines":"5, 176, 177","color":"#0059a9","mode":"bus","arr":["5","176","177"],"angle":-24.5,"mi":10}},{"type":"Feature","geometry":{"type":"Point","coordinates":[14.362526,40.817547]},"properties":{"lines":"5, 176, 177","color":"#0059a9","mode":"bus","arr":["5","176","177"],"angle":-14.8,"extra":1,"ei":0}},{"type":"Feature","geometry":{"type":"Point","coordinates":[14.361096,40.81801]},"properties":{"lines":"5, 176, 177","color":"#0059a9","mode":"bus","arr":["5","176","177"],"angle":-31.7,"extra":1,"ei":1}},{"type":"Feature","geometry":{"type":"Point","coordinates":[14.369271,40.807012]},"properties":{"lines":"5","color":"#0059a9","mode":"bus","arr":["5"],"angle":64.2}},{"type":"Feature","geometry":{"type":"Point","coordinates":[14.364449,40.817714]},"properties":{"lines":"5","color":"#0059a9","mode":"bus","arr":["5"],"angle":31.3,"extra":1,"ei":0}},{"type":"Feature","geometry":{"type":"Point","coordinates":[14.365977,40.816297]},"properties":{"lines":"5","color":"#0059a9","mode":"bus","arr":["5"],"angle":71,"extra":1,"ei":1}},{"type":"Feature","geometry":{"type":"Point","coordinates":[14.366724,40.814495]},"properties":{"lines":"5","color":"#0059a9","mode":"bus","arr":["5"],"angle":72.8,"extra":1,"ei":2}},{"type":"Feature","geometry":{"type":"Point","coordinates":[14.367462,40.812691]},"properties":{"lines":"5","color":"#0059a9","mode":"bus","arr":["5"],"angle":72.9,"extra":1,"ei":3}},{"type":"Feature","geometry":{"type":"Point","coordinates":[14.368228,40.810894]},"properties":{"lines":"5","color":"#0059a9","mode":"bus","arr":["5"],"angle":74.4,"extra":1,"ei":4}},{"type":"Feature","geometry":{"type":"Point","coordinates":[14.368477,40.809022]},"properties":{"lines":"5","color":"#0059a9","mode":"bus","arr":["5"],"angle":87.6,"extra":1,"ei":5}},{"type":"Feature","geometry":{"type":"Point","coordinates":[14.370128,40.805494]},"properties":{"lines":"5","color":"#0059a9","mode":"bus","arr":["5"],"angle":69.9,"extra":1,"ei":6}},{"type":"Feature","geometry":{"type":"Point","coordinates":[14.370893,40.8037]},"properties":{"lines":"5","color":"#0059a9","mode":"bus","arr":["5"],"angle":74.9,"extra":1,"ei":7}},{"type":"Feature","geometry":{"type":"Point","coordinates":[14.371766,40.801948]},"properties":{"lines":"5","color":"#0059a9","mode":"bus","arr":["5"],"angle":53.8,"extra":1,"ei":8}},{"type":"Feature","geometry":{"type":"Point","coordinates":[14.37322,40.800415]},"properties":{"lines":"5","color":"#0059a9","mode":"bus","arr":["5"],"angle":58.2,"extra":1,"ei":9}},{"type":"Feature","geometry":{"type":"Point","coordinates":[14.374824,40.79898]},"properties":{"lines":"5","color":"#0059a9","mode":"bus","arr":["5"],"angle":51.9,"extra":1,"ei":10}},{"type":"Feature","geometry":{"type":"Point","coordinates":[14.376225,40.79742]},"properties":{"lines":"5","color":"#0059a9","mode":"bus","arr":["5"],"angle":58.2,"extra":1,"ei":11}},{"type":"Feature","geometry":{"type":"Point","coordinates":[14.378891,40.798941]},"properties":{"lines":"5","color":"#0059a9","mode":"bus","arr":["5"],"angle":74.3}},{"type":"Feature","geometry":{"type":"Point","coordinates":[14.378502,40.796946]},"properties":{"lines":"5","color":"#0059a9","mode":"bus","arr":["5"],"angle":-54.3,"extra":1,"ei":0}},{"type":"Feature","geometry":{"type":"Point","coordinates":[14.378289,40.800562]},"properties":{"lines":"5","color":"#0059a9","mode":"bus","arr":["5"],"angle":74.1,"extra":1,"ei":1}},{"type":"Feature","geometry":{"type":"Point","coordinates":[14.379584,40.811706]},"properties":{"lines":"5","color":"#0059a9","mode":"bus","arr":["5"],"angle":-71.1}},{"type":"Feature","geometry":{"type":"Point","coordinates":[14.377289,40.802719]},"properties":{"lines":"5","color":"#0059a9","mode":"bus","arr":["5"],"angle":55.3,"extra":1,"ei":0}},{"type":"Feature","geometry":{"type":"Point","coordinates":[14.377268,40.804509]},"properties":{"lines":"5","color":"#0059a9","mode":"bus","arr":["5"],"angle":-77.1,"extra":1,"ei":1}},{"type":"Feature","geometry":{"type":"Point","coordinates":[14.377285,40.80635]},"properties":{"lines":"5","color":"#0059a9","mode":"bus","arr":["5"],"angle":73.9,"extra":1,"ei":2}},{"type":"Feature","geometry":{"type":"Point","coordinates":[14.377095,40.808223]},"properties":{"lines":"5","color":"#0059a9","mode":"bus","arr":["5"],"angle":89.9,"extra":1,"ei":3}},{"type":"Feature","geometry":{"type":"Point","coordinates":[14.377954,40.80993]},"properties":{"lines":"5","color":"#0059a9","mode":"bus","arr":["5"],"angle":-55.4,"extra":1,"ei":4}},{"type":"Feature","geometry":{"type":"Point","coordinates":[14.380991,40.812661]},"properties":{"lines":"5","color":"#0059a9","mode":"bus","arr":["5"],"angle":2.4,"extra":1,"ei":5}},{"type":"Feature","geometry":{"type":"Point","coordinates":[14.383388,40.812798]},"properties":{"lines":"5","color":"#0059a9","mode":"bus","arr":["5"],"angle":-43.9,"extra":1,"ei":6}},{"type":"Feature","geometry":{"type":"Point","coordinates":[14.383484,40.814599]},"properties":{"lines":"5","color":"#0059a9","mode":"bus","arr":["5"],"angle":81.6,"extra":1,"ei":7}},{"type":"Feature","geometry":{"type":"Point","coordinates":[14.383134,40.816469]},"properties":{"lines":"5","color":"#0059a9","mode":"bus","arr":["5"],"angle":82.2,"extra":1,"ei":8}},{"type":"Feature","geometry":{"type":"Point","coordinates":[14.382841,40.818344]},"properties":{"lines":"5","color":"#0059a9","mode":"bus","arr":["5"],"angle":87.3,"extra":1,"ei":9}},{"type":"Feature","geometry":{"type":"Point","coordinates":[14.362932,40.818375]},"properties":{"lines":"5, 177","color":"#0059a9","mode":"bus","arr":["5","177"],"angle":30.3}},{"type":"Feature","geometry":{"type":"Point","coordinates":[14.357765,40.816299]},"properties":{"lines":"5, 176, 177","color":"#0059a9","mode":"bus","arr":["5","176","177"],"angle":71.2,"mi":9}},{"type":"Feature","geometry":{"type":"Point","coordinates":[14.356973,40.809397]},"properties":{"lines":"5, 176, 177","color":"#0059a9","mode":"bus","arr":["5","176","177"],"angle":43.8,"mi":1}},{"type":"Feature","geometry":{"type":"Point","coordinates":[14.350092,40.80208]},"properties":{"lines":"5","color":"#0059a9","mode":"bus","arr":["5"],"angle":-46.3}},{"type":"Feature","geometry":{"type":"Point","coordinates":[14.337267,40.80936]},"properties":{"lines":"5","color":"#0059a9","mode":"bus","arr":["5"],"angle":58.1}},{"type":"Feature","geometry":{"type":"Point","coordinates":[14.279861,40.846396]},"properties":{"lines":"116, 154, 173A, 175, 194, 196, 196BR, 472, 475, N1, N3, N5","color":"#0059a9","mode":"bus","arr":["116","154","173A","175","194","196","196BR","472","475","N1","N3","N5"],"angle":-35}},{"type":"Feature","geometry":{"type":"Point","coordinates":[14.280845,40.846811]},"properties":{"lines":"116, 154, 173A, 175, 194, 196, 196BR, 455, 460, 472, 475, N1, N3, N5","color":"#0059a9","mode":"bus","arr":["116","154","173A","175","194","196","196BR","455","460","472","475","N1","N3","N5"],"angle":-29.3}},{"type":"Feature","geometry":{"type":"Point","coordinates":[14.280976,40.84608]},"properties":{"lines":"116, 154, 156, 173A, 175, 194, 196, 455, 460, 472, 475, N1, N3, N5, R2","color":"#0059a9","mode":"bus","arr":["116","154","156","173A","175","194","196","455","460","472","475","N1","N3","N5","R2"],"angle":-71.7}},{"type":"Feature","geometry":{"type":"Point","coordinates":[14.281229,40.846688]},"properties":{"lines":"116, 154, 173A, 175, 194, 196, 455, 460, 472, 475, N1, N3, N5, R2","color":"#0059a9","mode":"bus","arr":["116","154","173A","175","194","196","455","460","472","475","N1","N3","N5","R2"],"angle":-83.3}},{"type":"Feature","geometry":{"type":"Point","coordinates":[14.271021,40.852465]},"properties":{"lines":"116, 175, 195, 196, 455, 460, 472, 475, N1, N3, R2","color":"#0059a9","mode":"bus","arr":["116","175","195","196","455","460","472","475","N1","N3","R2"],"angle":-4.1,"mi":1}},{"type":"Feature","geometry":{"type":"Point","coordinates":[14.269039,40.852264]},"properties":{"lines":"116, 151, 175, 195, 196, 455, 460, 472, 475, N1, N3, R2","color":"#0059a9","mode":"bus","arr":["116","151","175","195","196","455","460","472","475","N1","N3","R2"],"angle":-7.6,"side":-1}},{"type":"Feature","geometry":{"type":"Point","coordinates":[14.272003,40.851272]},"properties":{"lines":"116, 175, 195, 196, 455, 460, 472, 475, N1, N3, R2","color":"#0059a9","mode":"bus","arr":["116","175","195","196","455","460","472","475","N1","N3","R2"],"angle":63.4,"side":-1}},{"type":"Feature","geometry":{"type":"Point","coordinates":[14.272758,40.850599]},"properties":{"lines":"116, 175, 195, 196, 472, 475, N1, N3, R2","color":"#0059a9","mode":"bus","arr":["116","175","195","196","472","475","N1","N3","R2"],"angle":43.3,"side":-1}},{"type":"Feature","geometry":{"type":"Point","coordinates":[14.275416,40.85049]},"properties":{"lines":"116, 156, 175, 196, 196BR, 472, 475, N1, N3, R2","color":"#0059a9","mode":"bus","arr":["116","156","175","196","196BR","472","475","N1","N3","R2"],"angle":3.7}},{"type":"Feature","geometry":{"type":"Point","coordinates":[14.27699,40.850413]},"properties":{"lines":"116, 156, 175, 196, 196BR, 472, 475, N1, N3, R2","color":"#0059a9","mode":"bus","arr":["116","156","175","196","196BR","472","475","N1","N3","R2"],"angle":5.2,"extra":1,"ei":0}},{"type":"Feature","geometry":{"type":"Point","coordinates":[14.280385,40.849593]},"properties":{"lines":"116, 156, 196, 196BR, 472, 475, N1, N3, R2","color":"#0059a9","mode":"bus","arr":["116","156","196","196BR","472","475","N1","N3","R2"],"angle":18.9}},{"type":"Feature","geometry":{"type":"Point","coordinates":[14.282061,40.849308]},"properties":{"lines":"116, 156, 196, 196BR, 472, 475, N1, N3, R2","color":"#0059a9","mode":"bus","arr":["116","156","196","196BR","472","475","N1","N3","R2"],"angle":-3.6,"extra":1,"ei":0}},{"type":"Feature","geometry":{"type":"Point","coordinates":[14.293118,40.848717]},"properties":{"lines":"116, 156, 196, 196BR, 475","color":"#0059a9","mode":"bus","arr":["116","156","196","196BR","475"],"angle":23.6,"mi":1}},{"type":"Feature","geometry":{"type":"Point","coordinates":[14.286237,40.849737]},"properties":{"lines":"116, 156, 196, 196BR, 475","color":"#0059a9","mode":"bus","arr":["116","156","196","196BR","475"],"angle":-7.8}},{"type":"Feature","geometry":{"type":"Point","coordinates":[14.284536,40.849557]},"properties":{"lines":"116, 156, 196, 196BR, 475","color":"#0059a9","mode":"bus","arr":["116","156","196","196BR","475"],"angle":-7.7,"extra":1,"ei":0}},{"type":"Feature","geometry":{"type":"Point","coordinates":[14.290612,40.849353]},"properties":{"lines":"116, 156, 196, 196BR, 475","color":"#0059a9","mode":"bus","arr":["116","156","196","196BR","475"],"angle":17.9,"extra":1,"ei":0}},{"type":"Feature","geometry":{"type":"Point","coordinates":[14.295265,40.848005]},"properties":{"lines":"116, 156, 196, 196BR, 475","color":"#0059a9","mode":"bus","arr":["116","156","196","196BR","475"],"angle":23.7,"extra":1,"ei":1}},{"type":"Feature","geometry":{"type":"Point","coordinates":[14.298606,40.846743]},"properties":{"lines":"116, 196, 196BR, 475","color":"#0059a9","mode":"bus","arr":["116","196","196BR","475"],"angle":24.3,"side":-1}},{"type":"Feature","geometry":{"type":"Point","coordinates":[14.296629,40.847432]},"properties":{"lines":"116, 196, 196BR, 475","color":"#0059a9","mode":"bus","arr":["116","196","196BR","475"],"angle":24.2,"extra":1,"ei":0,"side":-1}},{"type":"Feature","geometry":{"type":"Point","coordinates":[14.300845,40.845585]},"properties":{"lines":"116, 196, 196BR, 475","color":"#0059a9","mode":"bus","arr":["116","196","196BR","475"],"angle":46.3,"extra":1,"ei":1,"side":-1}},{"type":"Feature","geometry":{"type":"Point","coordinates":[14.302141,40.845402]},"properties":{"lines":"116, 196, 196BR, 475","color":"#0059a9","mode":"bus","arr":["116","196","196BR","475"],"angle":0.5,"side":-1,"mi":1}},{"type":"Feature","geometry":{"type":"Point","coordinates":[14.30215,40.844609]},"properties":{"lines":"116, 195","color":"#0059a9","mode":"bus","arr":["116","195"],"angle":-43.4}},{"type":"Feature","geometry":{"type":"Point","coordinates":[14.302,40.84345]},"properties":{"lines":"116, 195, 472","color":"#0059a9","mode":"bus","arr":["116","195","472"],"angle":37.6}},{"type":"Feature","geometry":{"type":"Point","coordinates":[14.302962,40.84242]},"properties":{"lines":"116, 195, 472","color":"#0059a9","mode":"bus","arr":["116","195","472"],"angle":74.9,"mi":1}},{"type":"Feature","geometry":{"type":"Point","coordinates":[14.303894,40.841962]},"properties":{"lines":"116, 472","color":"#0059a9","mode":"bus","arr":["116","472"],"angle":-61.9,"mi":1}},{"type":"Feature","geometry":{"type":"Point","coordinates":[14.304364,40.842311]},"properties":{"lines":"116, 472","color":"#0059a9","mode":"bus","arr":["116","472"],"angle":2.8}},{"type":"Feature","geometry":{"type":"Point","coordinates":[14.305695,40.843001]},"properties":{"lines":"116, 472","color":"#0059a9","mode":"bus","arr":["116","472"],"angle":-41,"mi":2}},{"type":"Feature","geometry":{"type":"Point","coordinates":[14.307902,40.843338]},"properties":{"lines":"116","color":"#0059a9","mode":"bus","arr":["116"],"angle":24.8,"mi":2}},{"type":"Feature","geometry":{"type":"Point","coordinates":[14.310682,40.843675]},"properties":{"lines":"116","color":"#0059a9","mode":"bus","arr":["116"],"angle":-28.1}},{"type":"Feature","geometry":{"type":"Point","coordinates":[14.312233,40.845067]},"properties":{"lines":"116","color":"#0059a9","mode":"bus","arr":["116"],"angle":-86.5,"mi":1}},{"type":"Feature","geometry":{"type":"Point","coordinates":[14.30958,40.844863]},"properties":{"lines":"116, 475","color":"#0059a9","mode":"bus","arr":["116","475"],"angle":-30.4}},{"type":"Feature","geometry":{"type":"Point","coordinates":[14.314811,40.846168]},"properties":{"lines":"116, 475","color":"#0059a9","mode":"bus","arr":["116","475"],"angle":-8.1,"mi":1}},{"type":"Feature","geometry":{"type":"Point","coordinates":[14.311076,40.845646]},"properties":{"lines":"116, 475","color":"#0059a9","mode":"bus","arr":["116","475"],"angle":-27.5,"extra":1,"ei":0}},{"type":"Feature","geometry":{"type":"Point","coordinates":[14.324065,40.848535]},"properties":{"lines":"116, 195, 472","color":"#0059a9","mode":"bus","arr":["116","195","472"],"angle":-29}},{"type":"Feature","geometry":{"type":"Point","coordinates":[14.329649,40.85056]},"properties":{"lines":"116, 195, 472","color":"#0059a9","mode":"bus","arr":["116","195","472"],"angle":-20.8,"extra":1,"ei":0}},{"type":"Feature","geometry":{"type":"Point","coordinates":[14.327347,40.849829]},"properties":{"lines":"116, 195, 472","color":"#0059a9","mode":"bus","arr":["116","195","472"],"angle":-25.1,"extra":1,"ei":1}},{"type":"Feature","geometry":{"type":"Point","coordinates":[14.32083,40.847065]},"properties":{"lines":"116, 195, 472","color":"#0059a9","mode":"bus","arr":["116","195","472"],"angle":-17.6,"extra":1,"ei":2}},{"type":"Feature","geometry":{"type":"Point","coordinates":[14.318391,40.846665]},"properties":{"lines":"116, 195, 472","color":"#0059a9","mode":"bus","arr":["116","195","472"],"angle":-10.2,"extra":1,"ei":3}},{"type":"Feature","geometry":{"type":"Point","coordinates":[14.331506,40.8511]},"properties":{"lines":"116, 195, 472","color":"#0059a9","mode":"bus","arr":["116","195","472"],"angle":-20.9,"mi":1}},{"type":"Feature","geometry":{"type":"Point","coordinates":[14.33509,40.848403]},"properties":{"lines":"116, 158, 195, 472","color":"#0059a9","mode":"bus","arr":["116","158","195","472"],"angle":35.9,"mi":1}},{"type":"Feature","geometry":{"type":"Point","coordinates":[14.332766,40.850325]},"properties":{"lines":"116, 158, 195, 472","color":"#0059a9","mode":"bus","arr":["116","158","195","472"],"angle":65.8,"mi":2}},{"type":"Feature","geometry":{"type":"Point","coordinates":[14.333669,40.84922]},"properties":{"lines":"195","color":"#0059a9","mode":"bus","arr":["195"],"angle":41.1,"mi":4}},{"type":"Feature","geometry":{"type":"Point","coordinates":[14.336101,40.847853]},"properties":{"lines":"195","color":"#0059a9","mode":"bus","arr":["195"],"angle":36.2,"mi":2}},{"type":"Feature","geometry":{"type":"Point","coordinates":[14.333579,40.849068]},"properties":{"lines":"116, 158, 195, 472","color":"#0059a9","mode":"bus","arr":["116","158","195","472"],"angle":45.3,"side":-1}},{"type":"Feature","geometry":{"type":"Point","coordinates":[14.336775,40.847556]},"properties":{"lines":"116, 158, 173A, 195, 472","color":"#0059a9","mode":"bus","arr":["116","158","173A","195","472"],"angle":-13.9,"side":-1}},{"type":"Feature","geometry":{"type":"Point","coordinates":[14.342644,40.849204]},"properties":{"lines":"116, 158, 173A, 195, 472","color":"#0059a9","mode":"bus","arr":["116","158","173A","195","472"],"angle":-24.3,"side":-1,"mi":1}},{"type":"Feature","geometry":{"type":"Point","coordinates":[14.33864,40.848154]},"properties":{"lines":"116, 158, 173A, 195, 472","color":"#0059a9","mode":"bus","arr":["116","158","173A","195","472"],"angle":-21.3,"extra":1,"ei":0,"side":-1}},{"type":"Feature","geometry":{"type":"Point","coordinates":[14.341011,40.84874]},"properties":{"lines":"116, 158, 173A, 195, 472","color":"#0059a9","mode":"bus","arr":["116","158","173A","195","472"],"angle":-16.9,"extra":1,"ei":1,"side":-1}},{"type":"Feature","geometry":{"type":"Point","coordinates":[14.3456,40.850218]},"properties":{"lines":"116, 158, 173A, 195, 472","color":"#0059a9","mode":"bus","arr":["116","158","173A","195","472"],"angle":-25.2,"extra":1,"ei":2,"side":-1}},{"type":"Feature","geometry":{"type":"Point","coordinates":[14.34588,40.850447]},"properties":{"lines":"116, 158, 173, 173A, 175, 195, 472","color":"#0059a9","mode":"bus","arr":["116","158","173","173A","175","195","472"],"angle":-24.7}},{"type":"Feature","geometry":{"type":"Point","coordinates":[14.34418,40.849859]},"properties":{"lines":"116, 158, 173, 173A, 175, 195, 472","color":"#0059a9","mode":"bus","arr":["116","158","173","173A","175","195","472"],"angle":-24.1,"extra":1,"ei":0}},{"type":"Feature","geometry":{"type":"Point","coordinates":[14.338188,40.848155]},"properties":{"lines":"173A, 175, 195","color":"#0059a9","mode":"bus","arr":["173A","175","195"],"angle":-21.6}},{"type":"Feature","geometry":{"type":"Point","coordinates":[14.343327,40.849646]},"properties":{"lines":"173A, 175, 195","color":"#0059a9","mode":"bus","arr":["173A","175","195"],"angle":-16.3,"mi":1}},{"type":"Feature","geometry":{"type":"Point","coordinates":[14.343334,40.850839]},"properties":{"lines":"116, 158, 173, 173A, 472","color":"#0059a9","mode":"bus","arr":["116","158","173","173A","472"],"angle":70.6}},{"type":"Feature","geometry":{"type":"Point","coordinates":[14.342672,40.852238]},"properties":{"lines":"116, 158, 173, 173A, 195, 472","color":"#0059a9","mode":"bus","arr":["116","158","173","173A","195","472"],"angle":67.9,"mi":1}},{"type":"Feature","geometry":{"type":"Point","coordinates":[14.341585,40.852295]},"properties":{"lines":"116, 158, 173, 173A, 195, 472","color":"#0059a9","mode":"bus","arr":["116","158","173","173A","195","472"],"angle":-20.6}},{"type":"Feature","geometry":{"type":"Point","coordinates":[14.340221,40.852774]},"properties":{"lines":"116, 158, 173, 173A, 195, 472","color":"#0059a9","mode":"bus","arr":["116","158","173","173A","195","472"],"angle":66.7,"mi":2}},{"type":"Feature","geometry":{"type":"Point","coordinates":[14.344851,40.855169]},"properties":{"lines":"116, 158, 472","color":"#0059a9","mode":"bus","arr":["116","158","472"],"angle":-23,"mi":5}},{"type":"Feature","geometry":{"type":"Point","coordinates":[14.341171,40.853991]},"properties":{"lines":"116, 158, 472","color":"#0059a9","mode":"bus","arr":["116","158","472"],"angle":-23.1,"extra":1,"ei":0}},{"type":"Feature","geometry":{"type":"Point","coordinates":[14.348095,40.856147]},"properties":{"lines":"116, 158, 472","color":"#0059a9","mode":"bus","arr":["116","158","472"],"angle":-19,"extra":1,"ei":1}},{"type":"Feature","geometry":{"type":"Point","coordinates":[14.355451,40.857972]},"properties":{"lines":"116, 158, 472","color":"#0059a9","mode":"bus","arr":["116","158","472"],"angle":-25.5,"mi":3}},{"type":"Feature","geometry":{"type":"Point","coordinates":[14.350943,40.856858]},"properties":{"lines":"116, 158, 472","color":"#0059a9","mode":"bus","arr":["116","158","472"],"angle":-18.5,"extra":1,"ei":0}},{"type":"Feature","geometry":{"type":"Point","coordinates":[14.353318,40.85744]},"properties":{"lines":"116, 158, 472","color":"#0059a9","mode":"bus","arr":["116","158","472"],"angle":-18.1,"extra":1,"ei":1}},{"type":"Feature","geometry":{"type":"Point","coordinates":[14.35769,40.859167]},"properties":{"lines":"116, 158, 472","color":"#0059a9","mode":"bus","arr":["116","158","472"],"angle":-33.7,"extra":1,"ei":2}},{"type":"Feature","geometry":{"type":"Point","coordinates":[14.359775,40.860205]},"properties":{"lines":"116, 158, 472","color":"#0059a9","mode":"bus","arr":["116","158","472"],"angle":-33.5,"extra":1,"ei":3}},{"type":"Feature","geometry":{"type":"Point","coordinates":[14.355725,40.863765]},"properties":{"lines":"116, 158, 472","color":"#0059a9","mode":"bus","arr":["116","158","472"],"angle":42.8}},{"type":"Feature","geometry":{"type":"Point","coordinates":[14.35947,40.861151]},"properties":{"lines":"116, 158, 472","color":"#0059a9","mode":"bus","arr":["116","158","472"],"angle":42.7,"extra":1,"ei":0}},{"type":"Feature","geometry":{"type":"Point","coordinates":[14.357638,40.862434]},"properties":{"lines":"116, 158, 472","color":"#0059a9","mode":"bus","arr":["116","158","472"],"angle":42.2,"extra":1,"ei":1}},{"type":"Feature","geometry":{"type":"Point","coordinates":[14.354151,40.865108]},"properties":{"lines":"116, 158, 472","color":"#0059a9","mode":"bus","arr":["116","158","472"],"angle":59.2,"extra":1,"ei":2}},{"type":"Feature","geometry":{"type":"Point","coordinates":[14.352896,40.86674]},"properties":{"lines":"116, 158, 472","color":"#0059a9","mode":"bus","arr":["116","158","472"],"angle":60.7,"extra":1,"ei":3}},{"type":"Feature","geometry":{"type":"Point","coordinates":[14.356804,40.867168]},"properties":{"lines":"116, 158, 472","color":"#0059a9","mode":"bus","arr":["116","158","472"],"angle":-1.2,"mi":1}},{"type":"Feature","geometry":{"type":"Point","coordinates":[14.353583,40.867831]},"properties":{"lines":"116, 158, 472","color":"#0059a9","mode":"bus","arr":["116","158","472"],"angle":-5.6,"extra":1,"ei":0,"side":-1}},{"type":"Feature","geometry":{"type":"Point","coordinates":[14.355124,40.868291]},"properties":{"lines":"116, 158, 472","color":"#0059a9","mode":"bus","arr":["116","158","472"],"angle":-83.9,"extra":1,"ei":1,"side":-1}},{"type":"Feature","geometry":{"type":"Point","coordinates":[14.355472,40.869536]},"properties":{"lines":"116, 158, 472","color":"#0059a9","mode":"bus","arr":["116","158","472"],"angle":-48.9,"side":-1,"mi":2}},{"type":"Feature","geometry":{"type":"Point","coordinates":[14.35508,40.870048]},"properties":{"lines":"116, 158, 472","color":"#0059a9","mode":"bus","arr":["116","158","472"],"angle":-26.9,"mi":4}},{"type":"Feature","geometry":{"type":"Point","coordinates":[14.352907,40.86913]},"properties":{"lines":"472","color":"#0059a9","mode":"bus","arr":["472"],"angle":-21.8,"mi":5}},{"type":"Feature","geometry":{"type":"Point","coordinates":[14.354704,40.869255]},"properties":{"lines":"116, 158","color":"#0059a9","mode":"bus","arr":["116","158"],"angle":19.6,"side":-1,"mi":2}},{"type":"Feature","geometry":{"type":"Point","coordinates":[14.350965,40.867702]},"properties":{"lines":"116, 158","color":"#0059a9","mode":"bus","arr":["116","158"],"angle":-8.1}},{"type":"Feature","geometry":{"type":"Point","coordinates":[14.353861,40.868024]},"properties":{"lines":"116, 158","color":"#0059a9","mode":"bus","arr":["116","158"],"angle":-11.4,"extra":1,"ei":0}},{"type":"Feature","geometry":{"type":"Point","coordinates":[14.348946,40.86739]},"properties":{"lines":"116, 158","color":"#0059a9","mode":"bus","arr":["116","158"],"angle":-19.1,"extra":1,"ei":1}},{"type":"Feature","geometry":{"type":"Point","coordinates":[14.347051,40.866586]},"properties":{"lines":"116, 158","color":"#0059a9","mode":"bus","arr":["116","158"],"angle":-30.3,"side":-1,"mi":1}},{"type":"Feature","geometry":{"type":"Point","coordinates":[14.343774,40.865326]},"properties":{"lines":"116, 158","color":"#0059a9","mode":"bus","arr":["116","158"],"angle":-30.1,"extra":1,"ei":0}},{"type":"Feature","geometry":{"type":"Point","coordinates":[14.345612,40.865941]},"properties":{"lines":"116, 158","color":"#0059a9","mode":"bus","arr":["116","158"],"angle":-30.5,"extra":1,"ei":0,"side":-1}},{"type":"Feature","geometry":{"type":"Point","coordinates":[14.350115,40.867504]},"properties":{"lines":"116, 158","color":"#0059a9","mode":"bus","arr":["116","158"],"angle":-9.4,"extra":1,"ei":1,"side":-1}},{"type":"Feature","geometry":{"type":"Point","coordinates":[14.343188,40.865076]},"properties":{"lines":"116, 158, 191","color":"#0059a9","mode":"bus","arr":["116","158","191"],"angle":-30.7}},{"type":"Feature","geometry":{"type":"Point","coordinates":[14.335897,40.852429]},"properties":{"lines":"116, 158","color":"#0059a9","mode":"bus","arr":["116","158"],"angle":-24}},{"type":"Feature","geometry":{"type":"Point","coordinates":[14.338442,40.853191]},"properties":{"lines":"116, 158","color":"#0059a9","mode":"bus","arr":["116","158"],"angle":-19.4,"extra":1,"ei":0}},{"type":"Feature","geometry":{"type":"Point","coordinates":[14.333812,40.851782]},"properties":{"lines":"116, 158","color":"#0059a9","mode":"bus","arr":["116","158"],"angle":-22.3,"extra":1,"ei":1}},{"type":"Feature","geometry":{"type":"Point","coordinates":[14.305373,40.844722]},"properties":{"lines":"116, 156, 195, 475","color":"#0059a9","mode":"bus","arr":["116","156","195","475"],"angle":39.7}},{"type":"Feature","geometry":{"type":"Point","coordinates":[14.303786,40.845383]},"properties":{"lines":"116, 156, 195, 475","color":"#0059a9","mode":"bus","arr":["116","156","195","475"],"angle":19.1,"extra":1,"ei":0}},{"type":"Feature","geometry":{"type":"Point","coordinates":[14.301987,40.845497]},"properties":{"lines":"116, 156, 475","color":"#0059a9","mode":"bus","arr":["116","156","475"],"angle":1,"mi":1}},{"type":"Feature","geometry":{"type":"Point","coordinates":[14.300861,40.84583]},"properties":{"lines":"116, 156, 475","color":"#0059a9","mode":"bus","arr":["116","156","475"],"angle":53.6}},{"type":"Feature","geometry":{"type":"Point","coordinates":[14.315189,40.852593]},"properties":{"lines":"196, 196BR, 472","color":"#0059a9","mode":"bus","arr":["196","196BR","472"],"angle":-30.4,"mi":2}},{"type":"Feature","geometry":{"type":"Point","coordinates":[14.306896,40.848908]},"properties":{"lines":"196, 196BR, 472","color":"#0059a9","mode":"bus","arr":["196","196BR","472"],"angle":-30,"mi":1}},{"type":"Feature","geometry":{"type":"Point","coordinates":[14.312885,40.851531]},"properties":{"lines":"196, 196BR, 472","color":"#0059a9","mode":"bus","arr":["196","196BR","472"],"angle":-32.6,"extra":1,"ei":0}},{"type":"Feature","geometry":{"type":"Point","coordinates":[14.317162,40.853478]},"properties":{"lines":"196, 196BR, 472","color":"#0059a9","mode":"bus","arr":["196","196BR","472"],"angle":-30.9,"extra":1,"ei":1}},{"type":"Feature","geometry":{"type":"Point","coordinates":[14.308722,40.849717]},"properties":{"lines":"196, 196BR, 472","color":"#0059a9","mode":"bus","arr":["196","196BR","472"],"angle":-30.4,"extra":1,"ei":0}},{"type":"Feature","geometry":{"type":"Point","coordinates":[14.304414,40.847807]},"properties":{"lines":"196, 196BR, 472","color":"#0059a9","mode":"bus","arr":["196","196BR","472"],"angle":-31.4,"extra":1,"ei":1}},{"type":"Feature","geometry":{"type":"Point","coordinates":[14.310008,40.850177]},"properties":{"lines":"196, 196BR","color":"#0059a9","mode":"bus","arr":["196","196BR"],"angle":-20.9,"side":-1}},{"type":"Feature","geometry":{"type":"Point","coordinates":[14.302477,40.846914]},"properties":{"lines":"196, 196BR","color":"#0059a9","mode":"bus","arr":["196","196BR"],"angle":-31.2,"mi":1}},{"type":"Feature","geometry":{"type":"Point","coordinates":[14.304365,40.846111]},"properties":{"lines":"196, 196BR","color":"#0059a9","mode":"bus","arr":["196","196BR"],"angle":-62.7,"extra":1,"ei":0}},{"type":"Feature","geometry":{"type":"Point","coordinates":[14.304712,40.847795]},"properties":{"lines":"196, 196BR","color":"#0059a9","mode":"bus","arr":["196","196BR"],"angle":-38,"extra":1,"ei":1,"side":-1}},{"type":"Feature","geometry":{"type":"Point","coordinates":[14.306828,40.848793]},"properties":{"lines":"196, 196BR","color":"#0059a9","mode":"bus","arr":["196","196BR"],"angle":-30.2,"extra":1,"ei":2,"side":-1}},{"type":"Feature","geometry":{"type":"Point","coordinates":[14.313288,40.851638]},"properties":{"lines":"196, 196BR","color":"#0059a9","mode":"bus","arr":["196","196BR"],"angle":-32.7,"extra":1,"ei":3,"side":-1}},{"type":"Feature","geometry":{"type":"Point","coordinates":[14.315425,40.852614]},"properties":{"lines":"196, 196BR","color":"#0059a9","mode":"bus","arr":["196","196BR"],"angle":-30.8,"extra":1,"ei":4,"side":-1}},{"type":"Feature","geometry":{"type":"Point","coordinates":[14.317572,40.853579]},"properties":{"lines":"196, 196BR","color":"#0059a9","mode":"bus","arr":["196","196BR"],"angle":-30.7,"extra":1,"ei":5,"side":-1}},{"type":"Feature","geometry":{"type":"Point","coordinates":[14.298687,40.846863]},"properties":{"lines":"116, 156, 196BR, 475","color":"#0059a9","mode":"bus","arr":["116","156","196BR","475"],"angle":23.4}},{"type":"Feature","geometry":{"type":"Point","coordinates":[14.297254,40.84731]},"properties":{"lines":"116, 156, 196BR, 475","color":"#0059a9","mode":"bus","arr":["116","156","196BR","475"],"angle":25.2,"extra":1,"ei":0}},{"type":"Feature","geometry":{"type":"Point","coordinates":[14.277311,40.84693]},"properties":{"lines":"116, 156, 175, 195, 196, 196BR","color":"#0059a9","mode":"bus","arr":["116","156","175","195","196","196BR"],"angle":-68.5}},{"type":"Feature","geometry":{"type":"Point","coordinates":[14.275326,40.848642]},"properties":{"lines":"116, 156, 175, 195, 196, 196BR, 455, 460, 472, ALIB, N1, N3, N5, R2","color":"#0059a9","mode":"bus","arr":["116","156","175","195","196","196BR","455","460","472","ALIB","N1","N3","N5","R2"],"angle":45.3}},{"type":"Feature","geometry":{"type":"Point","coordinates":[14.274223,40.849493]},"properties":{"lines":"116, 156, 175, 195, 196, 196BR, 455, 460, 472, ALIB, N1, N3, N5, R2","color":"#0059a9","mode":"bus","arr":["116","156","175","195","196","196BR","455","460","472","ALIB","N1","N3","N5","R2"],"angle":45.8,"extra":1,"ei":0}},{"type":"Feature","geometry":{"type":"Point","coordinates":[14.27752,40.846941]},"properties":{"lines":"455, 460, 472, ALIB, N1, N3, N5, R2","color":"#0059a9","mode":"bus","arr":["455","460","472","ALIB","N1","N3","N5","R2"],"angle":44}},{"type":"Feature","geometry":{"type":"Point","coordinates":[14.277482,40.845904]},"properties":{"lines":"116, 154, 156, 175, 196, 196BR","color":"#0059a9","mode":"bus","arr":["116","154","156","175","196","196BR"],"angle":-74.2}},{"type":"Feature","geometry":{"type":"Point","coordinates":[14.280028,40.844731]},"properties":{"lines":"116, 154, 156, 175, 196, 196BR","color":"#0059a9","mode":"bus","arr":["116","154","156","175","196","196BR"],"angle":19.3,"mi":1}},{"type":"Feature","geometry":{"type":"Point","coordinates":[14.278497,40.845137]},"properties":{"lines":"116, 154, 156, 175, 196, 196BR","color":"#0059a9","mode":"bus","arr":["116","154","156","175","196","196BR"],"angle":19.4,"extra":1,"ei":0}},{"type":"Feature","geometry":{"type":"Point","coordinates":[14.251136,40.833911]},"properties":{"lines":"128, 140, 154, N1","color":"#0059a9","mode":"bus","arr":["128","140","154","N1"],"angle":54.8,"side":-1}},{"type":"Feature","geometry":{"type":"Point","coordinates":[14.248959,40.832574]},"properties":{"lines":"128, 140, 154, E6, N1","color":"#0059a9","mode":"bus","arr":["128","140","154","E6","N1"],"angle":-64.8,"mi":2}},{"type":"Feature","geometry":{"type":"Point","coordinates":[14.250044,40.833472]},"properties":{"lines":"128, 140, 154, E6, N1","color":"#0059a9","mode":"bus","arr":["128","140","154","E6","N1"],"angle":-45.7,"extra":1,"ei":0}},{"type":"Feature","geometry":{"type":"Point","coordinates":[14.24914,40.830424]},"properties":{"lines":"128, E6","color":"#0059a9","mode":"bus","arr":["128","E6"],"angle":0.7}},{"type":"Feature","geometry":{"type":"Point","coordinates":[14.250108,40.832157]},"properties":{"lines":"128, E6","color":"#0059a9","mode":"bus","arr":["128","E6"],"angle":-67.7,"mi":1}},{"type":"Feature","geometry":{"type":"Point","coordinates":[14.251495,40.833526]},"properties":{"lines":"128, 140, 154, E6, N1","color":"#0059a9","mode":"bus","arr":["128","140","154","E6","N1"],"angle":54.6}},{"type":"Feature","geometry":{"type":"Point","coordinates":[14.251138,40.83432]},"properties":{"lines":"128, 140, 154, E6, N1","color":"#0059a9","mode":"bus","arr":["128","140","154","E6","N1"],"angle":52.3,"mi":1}},{"type":"Feature","geometry":{"type":"Point","coordinates":[14.246817,40.833679]},"properties":{"lines":"128, 140, 151, 154, E6, N1","color":"#0059a9","mode":"bus","arr":["128","140","151","154","E6","N1"],"angle":-34.8}},{"type":"Feature","geometry":{"type":"Point","coordinates":[14.249026,40.834842]},"properties":{"lines":"128, 140, 151, 154, E6, N1","color":"#0059a9","mode":"bus","arr":["128","140","151","154","E6","N1"],"angle":-34.8,"extra":1,"ei":0}},{"type":"Feature","geometry":{"type":"Point","coordinates":[14.244928,40.832684]},"properties":{"lines":"128, 140, 151, 154, E6, N1","color":"#0059a9","mode":"bus","arr":["128","140","151","154","E6","N1"],"angle":-34.8,"extra":1,"ei":1}},{"type":"Feature","geometry":{"type":"Point","coordinates":[14.243313,40.832568]},"properties":{"lines":"128, 140, 151, 154, E6, N1","color":"#0059a9","mode":"bus","arr":["128","140","151","154","E6","N1"],"angle":56,"mi":1}},{"type":"Feature","geometry":{"type":"Point","coordinates":[14.242465,40.832993]},"properties":{"lines":"128, 140, 151, 154, N1","color":"#0059a9","mode":"bus","arr":["128","140","151","154","N1"],"angle":6.3,"mi":1}},{"type":"Feature","geometry":{"type":"Point","coordinates":[14.241688,40.83252]},"properties":{"lines":"128, 140, 151, 154, N1, R7","color":"#0059a9","mode":"bus","arr":["128","140","151","154","N1","R7"],"angle":84.2}},{"type":"Feature","geometry":{"type":"Point","coordinates":[14.241403,40.832282]},"properties":{"lines":"128, 140, 151, N1, R7","color":"#0059a9","mode":"bus","arr":["128","140","151","N1","R7"],"angle":1.9,"mi":2}},{"type":"Feature","geometry":{"type":"Point","coordinates":[14.241073,40.83262]},"properties":{"lines":"128, 140, 151, N1, R7","color":"#0059a9","mode":"bus","arr":["128","140","151","N1","R7"],"angle":-85.4,"mi":1}},{"type":"Feature","geometry":{"type":"Point","coordinates":[14.238461,40.833259]},"properties":{"lines":"128, 140, 151, N1, R7","color":"#0059a9","mode":"bus","arr":["128","140","151","N1","R7"],"angle":5.5}},{"type":"Feature","geometry":{"type":"Point","coordinates":[14.235881,40.833645]},"properties":{"lines":"128, 140, 151, N1, R7","color":"#0059a9","mode":"bus","arr":["128","140","151","N1","R7"],"angle":-84.7,"mi":3}},{"type":"Feature","geometry":{"type":"Point","coordinates":[14.236355,40.833887]},"properties":{"lines":"128","color":"#0059a9","mode":"bus","arr":["128"],"angle":0.1,"mi":5}},{"type":"Feature","geometry":{"type":"Point","coordinates":[14.23687,40.835249]},"properties":{"lines":"128","color":"#0059a9","mode":"bus","arr":["128"],"angle":-88.7,"mi":4}},{"type":"Feature","geometry":{"type":"Point","coordinates":[14.236353,40.836619]},"properties":{"lines":"128","color":"#0059a9","mode":"bus","arr":["128"],"angle":2.2,"mi":3}},{"type":"Feature","geometry":{"type":"Point","coordinates":[14.234916,40.836708]},"properties":{"lines":"128","color":"#0059a9","mode":"bus","arr":["128"],"angle":9.3,"mi":1}},{"type":"Feature","geometry":{"type":"Point","coordinates":[14.234044,40.836839]},"properties":{"lines":"128","color":"#0059a9","mode":"bus","arr":["128"],"angle":-32.1}},{"type":"Feature","geometry":{"type":"Point","coordinates":[14.229799,40.836054]},"properties":{"lines":"128","color":"#0059a9","mode":"bus","arr":["128"],"angle":-22.1,"mi":2}},{"type":"Feature","geometry":{"type":"Point","coordinates":[14.232473,40.836875]},"properties":{"lines":"128","color":"#0059a9","mode":"bus","arr":["128"],"angle":-22.2,"extra":1,"ei":0}},{"type":"Feature","geometry":{"type":"Point","coordinates":[14.227793,40.835591]},"properties":{"lines":"128","color":"#0059a9","mode":"bus","arr":["128"],"angle":-8.5,"extra":1,"ei":1}},{"type":"Feature","geometry":{"type":"Point","coordinates":[14.222805,40.835302]},"properties":{"lines":"128","color":"#0059a9","mode":"bus","arr":["128"],"angle":-4,"mi":7}},{"type":"Feature","geometry":{"type":"Point","coordinates":[14.224528,40.835393]},"properties":{"lines":"128","color":"#0059a9","mode":"bus","arr":["128"],"angle":-4,"extra":1,"ei":0}},{"type":"Feature","geometry":{"type":"Point","coordinates":[14.221104,40.83564]},"properties":{"lines":"128, C16","color":"#0059a9","mode":"bus","arr":["128","C16"],"angle":88.9,"mi":2}},{"type":"Feature","geometry":{"type":"Point","coordinates":[14.226842,40.836312]},"properties":{"lines":"128, C16","color":"#0059a9","mode":"bus","arr":["128","C16"],"angle":5.9,"mi":3}},{"type":"Feature","geometry":{"type":"Point","coordinates":[14.221204,40.83618]},"properties":{"lines":"128, C16","color":"#0059a9","mode":"bus","arr":["128","C16"],"angle":-43.2,"mi":1}},{"type":"Feature","geometry":{"type":"Point","coordinates":[14.22339,40.837127]},"properties":{"lines":"128, C16","color":"#0059a9","mode":"bus","arr":["128","C16"],"angle":-12.4}},{"type":"Feature","geometry":{"type":"Point","coordinates":[14.223954,40.838344]},"properties":{"lines":"128, NAVF2","color":"#0059a9","mode":"bus","arr":["128","NAVF2"],"angle":51.4}},{"type":"Feature","geometry":{"type":"Point","coordinates":[14.228282,40.83671]},"properties":{"lines":"128, NAVF2","color":"#0059a9","mode":"bus","arr":["128","NAVF2"],"angle":-1.4,"extra":1,"ei":0}},{"type":"Feature","geometry":{"type":"Point","coordinates":[14.226528,40.83759]},"properties":{"lines":"128, NAVF2","color":"#0059a9","mode":"bus","arr":["128","NAVF2"],"angle":-44.9,"extra":1,"ei":1}},{"type":"Feature","geometry":{"type":"Point","coordinates":[14.220593,40.838358]},"properties":{"lines":"128, NAVF2","color":"#0059a9","mode":"bus","arr":["128","NAVF2"],"angle":-44.5,"extra":1,"ei":2}},{"type":"Feature","geometry":{"type":"Point","coordinates":[14.218823,40.837898]},"properties":{"lines":"128, NAVF2","color":"#0059a9","mode":"bus","arr":["128","NAVF2"],"angle":-55,"extra":1,"ei":3}},{"type":"Feature","geometry":{"type":"Point","coordinates":[14.22865,40.840185]},"properties":{"lines":"128, NAVF2","color":"#0059a9","mode":"bus","arr":["128","NAVF2"],"angle":-4.6,"mi":2}},{"type":"Feature","geometry":{"type":"Point","coordinates":[14.221627,40.839198]},"properties":{"lines":"128, NAVF2","color":"#0059a9","mode":"bus","arr":["128","NAVF2"],"angle":7.1,"mi":3}},{"type":"Feature","geometry":{"type":"Point","coordinates":[14.22442,40.840096]},"properties":{"lines":"128, NAVF2","color":"#0059a9","mode":"bus","arr":["128","NAVF2"],"angle":24,"extra":1,"ei":0}},{"type":"Feature","geometry":{"type":"Point","coordinates":[14.218326,40.838104]},"properties":{"lines":"128, NAVF2","color":"#0059a9","mode":"bus","arr":["128","NAVF2"],"angle":-49.8,"extra":1,"ei":1}},{"type":"Feature","geometry":{"type":"Point","coordinates":[14.227134,40.83976]},"properties":{"lines":"128, NAVF2","color":"#0059a9","mode":"bus","arr":["128","NAVF2"],"angle":-4.3,"extra":1,"ei":0}},{"type":"Feature","geometry":{"type":"Point","coordinates":[14.226101,40.842201]},"properties":{"lines":"128, NAVF2","color":"#0059a9","mode":"bus","arr":["128","NAVF2"],"angle":77.3,"extra":1,"ei":1}},{"type":"Feature","geometry":{"type":"Point","coordinates":[14.227437,40.841441]},"properties":{"lines":"128, NAVF2","color":"#0059a9","mode":"bus","arr":["128","NAVF2"],"angle":78.6,"mi":1}},{"type":"Feature","geometry":{"type":"Point","coordinates":[14.227748,40.842542]},"properties":{"lines":"128, 130, 132, 181, C31, C36, C37, NAVF2","color":"#0059a9","mode":"bus","arr":["128","130","132","181","C31","C36","C37","NAVF2"],"angle":-3.5}},{"type":"Feature","geometry":{"type":"Point","coordinates":[14.230181,40.842609]},"properties":{"lines":"130, C36, C37, NAVF2","color":"#0059a9","mode":"bus","arr":["130","C36","C37","NAVF2"],"angle":-1.9,"mi":1}},{"type":"Feature","geometry":{"type":"Point","coordinates":[14.22826,40.843079]},"properties":{"lines":"128, 132, 181, C31","color":"#0059a9","mode":"bus","arr":["128","132","181","C31"],"angle":84.1}},{"type":"Feature","geometry":{"type":"Point","coordinates":[14.227558,40.84354]},"properties":{"lines":"128, 132, 181, C31","color":"#0059a9","mode":"bus","arr":["128","132","181","C31"],"angle":-6.4,"mi":1}},{"type":"Feature","geometry":{"type":"Point","coordinates":[14.226398,40.843217]},"properties":{"lines":"128","color":"#0059a9","mode":"bus","arr":["128"],"angle":-35,"side":-1,"mi":8}},{"type":"Feature","geometry":{"type":"Point","coordinates":[14.22092,40.833502]},"properties":{"lines":"C16","color":"#0059a9","mode":"bus","arr":["C16"],"angle":-83.1,"mi":1}},{"type":"Feature","geometry":{"type":"Point","coordinates":[14.219131,40.834774]},"properties":{"lines":"C16","color":"#0059a9","mode":"bus","arr":["C16"],"angle":85.3,"extra":1,"ei":0}},{"type":"Feature","geometry":{"type":"Point","coordinates":[14.219622,40.832298]},"properties":{"lines":"C16","color":"#0059a9","mode":"bus","arr":["C16"],"angle":-89.4,"extra":1,"ei":1}},{"type":"Feature","geometry":{"type":"Point","coordinates":[14.238308,40.833189]},"properties":{"lines":"128","color":"#0059a9","mode":"bus","arr":["128"],"angle":6.2,"side":-1,"mi":6}},{"type":"Feature","geometry":{"type":"Point","coordinates":[14.2428,40.83214]},"properties":{"lines":"128, 140, 151, 154, N1","color":"#0059a9","mode":"bus","arr":["128","140","151","154","N1"],"angle":7.4}},{"type":"Feature","geometry":{"type":"Point","coordinates":[14.245732,40.830491]},"properties":{"lines":"128, 140, 154, N1","color":"#0059a9","mode":"bus","arr":["128","140","154","N1"],"angle":1.2,"mi":1}},{"type":"Feature","geometry":{"type":"Point","coordinates":[14.244493,40.831267]},"properties":{"lines":"128, 140, 154, N1","color":"#0059a9","mode":"bus","arr":["128","140","154","N1"],"angle":55.6,"extra":1,"ei":0}},{"type":"Feature","geometry":{"type":"Point","coordinates":[14.271277,40.852973]},"properties":{"lines":"130, 151, 169, ALIB, C56, R2, R5","color":"#0059a9","mode":"bus","arr":["130","151","169","ALIB","C56","R2","R5"],"angle":-83.7}},{"type":"Feature","geometry":{"type":"Point","coordinates":[14.270631,40.853123]},"properties":{"lines":"130, 151, 169, ALIB, C56, R2, R5","color":"#0059a9","mode":"bus","arr":["130","151","169","ALIB","C56","R2","R5"],"angle":-7.6,"mi":1}},{"type":"Feature","geometry":{"type":"Point","coordinates":[14.269059,40.852333]},"properties":{"lines":"130, 151, 169, ALIB, C56, R2","color":"#0059a9","mode":"bus","arr":["130","151","169","ALIB","C56","R2"],"angle":-7.6}},{"type":"Feature","geometry":{"type":"Point","coordinates":[14.273608,40.857759]},"properties":{"lines":"130, 169, ALIB","color":"#0059a9","mode":"bus","arr":["130","169","ALIB"],"angle":-7.3}},{"type":"Feature","geometry":{"type":"Point","coordinates":[14.272888,40.858675]},"properties":{"lines":"130, 169, 191, ALIB","color":"#0059a9","mode":"bus","arr":["130","169","191","ALIB"],"angle":-41.9,"mi":1}},{"type":"Feature","geometry":{"type":"Point","coordinates":[14.274527,40.858084]},"properties":{"lines":"130, 169, 191, ALIB","color":"#0059a9","mode":"bus","arr":["130","169","191","ALIB"],"angle":-72}},{"type":"Feature","geometry":{"type":"Point","coordinates":[14.284861,40.859124]},"properties":{"lines":"130","color":"#0059a9","mode":"bus","arr":["130"],"angle":83.5,"mi":6}},{"type":"Feature","geometry":{"type":"Point","coordinates":[14.284513,40.862342]},"properties":{"lines":"130","color":"#0059a9","mode":"bus","arr":["130"],"angle":-81.5,"mi":7}},{"type":"Feature","geometry":{"type":"Point","coordinates":[14.276953,40.857371]},"properties":{"lines":"130","color":"#0059a9","mode":"bus","arr":["130"],"angle":82.5,"mi":2}},{"type":"Feature","geometry":{"type":"Point","coordinates":[14.219881,40.85346]},"properties":{"lines":"130","color":"#0059a9","mode":"bus","arr":["130"],"angle":-44.1,"mi":1}},{"type":"Feature","geometry":{"type":"Point","coordinates":[14.277033,40.856509]},"properties":{"lines":"130","color":"#0059a9","mode":"bus","arr":["130"],"angle":52.4,"side":-1,"mi":4}},{"type":"Feature","geometry":{"type":"Point","coordinates":[14.281208,40.857091]},"properties":{"lines":"130","color":"#0059a9","mode":"bus","arr":["130"],"angle":-7.6}},{"type":"Feature","geometry":{"type":"Point","coordinates":[14.283159,40.85688]},"properties":{"lines":"130","color":"#0059a9","mode":"bus","arr":["130"],"angle":-7.6,"mi":3}},{"type":"Feature","geometry":{"type":"Point","coordinates":[14.278922,40.856865]},"properties":{"lines":"130","color":"#0059a9","mode":"bus","arr":["130"],"angle":-7.7,"extra":1,"ei":0}},{"type":"Feature","geometry":{"type":"Point","coordinates":[14.284769,40.857043]},"properties":{"lines":"130","color":"#0059a9","mode":"bus","arr":["130"],"angle":-9.6,"extra":1,"ei":0}},{"type":"Feature","geometry":{"type":"Point","coordinates":[14.276724,40.858905]},"properties":{"lines":"130","color":"#0059a9","mode":"bus","arr":["130"],"angle":82.9,"mi":1}},{"type":"Feature","geometry":{"type":"Point","coordinates":[14.276287,40.861475]},"properties":{"lines":"130, ALIB","color":"#0059a9","mode":"bus","arr":["130","ALIB"],"angle":82.7,"mi":3}},{"type":"Feature","geometry":{"type":"Point","coordinates":[14.275464,40.865439]},"properties":{"lines":"130, ALIB","color":"#0059a9","mode":"bus","arr":["130","ALIB"],"angle":82.2}},{"type":"Feature","geometry":{"type":"Point","coordinates":[14.27573,40.864013]},"properties":{"lines":"130, ALIB","color":"#0059a9","mode":"bus","arr":["130","ALIB"],"angle":81.7,"extra":1,"ei":0}},{"type":"Feature","geometry":{"type":"Point","coordinates":[14.275029,40.867753]},"properties":{"lines":"130, ALIB","color":"#0059a9","mode":"bus","arr":["130","ALIB"],"angle":82.2,"extra":1,"ei":1}},{"type":"Feature","geometry":{"type":"Point","coordinates":[14.272826,40.870181]},"properties":{"lines":"130","color":"#0059a9","mode":"bus","arr":["130"],"angle":-26.4}},{"type":"Feature","geometry":{"type":"Point","coordinates":[14.274856,40.868736]},"properties":{"lines":"130","color":"#0059a9","mode":"bus","arr":["130"],"angle":82.9,"extra":1,"ei":0}},{"type":"Feature","geometry":{"type":"Point","coordinates":[14.271482,40.869561]},"properties":{"lines":"130","color":"#0059a9","mode":"bus","arr":["130"],"angle":-22.1,"extra":1,"ei":1}},{"type":"Feature","geometry":{"type":"Point","coordinates":[14.269044,40.869173]},"properties":{"lines":"130","color":"#0059a9","mode":"bus","arr":["130"],"angle":-13.2,"extra":1,"ei":2}},{"type":"Feature","geometry":{"type":"Point","coordinates":[14.243476,40.866297]},"properties":{"lines":"130, 180","color":"#0059a9","mode":"bus","arr":["130","180"],"angle":-42.4,"mi":2}},{"type":"Feature","geometry":{"type":"Point","coordinates":[14.267237,40.868946]},"properties":{"lines":"130, 180","color":"#0059a9","mode":"bus","arr":["130","180"],"angle":-7.7,"extra":1,"ei":0}},{"type":"Feature","geometry":{"type":"Point","coordinates":[14.264757,40.868747]},"properties":{"lines":"130, 180","color":"#0059a9","mode":"bus","arr":["130","180"],"angle":1,"extra":1,"ei":1}},{"type":"Feature","geometry":{"type":"Point","coordinates":[14.262296,40.869032]},"properties":{"lines":"130, 180","color":"#0059a9","mode":"bus","arr":["130","180"],"angle":14.9,"extra":1,"ei":2}},{"type":"Feature","geometry":{"type":"Point","coordinates":[14.259875,40.86949]},"properties":{"lines":"130, 180","color":"#0059a9","mode":"bus","arr":["130","180"],"angle":8.4,"extra":1,"ei":3}},{"type":"Feature","geometry":{"type":"Point","coordinates":[14.257407,40.869332]},"properties":{"lines":"130, 180","color":"#0059a9","mode":"bus","arr":["130","180"],"angle":-12.7,"extra":1,"ei":4}},{"type":"Feature","geometry":{"type":"Point","coordinates":[14.25497,40.869452]},"properties":{"lines":"130, 180","color":"#0059a9","mode":"bus","arr":["130","180"],"angle":18.8,"extra":1,"ei":5}},{"type":"Feature","geometry":{"type":"Point","coordinates":[14.252564,40.869902]},"properties":{"lines":"130, 180","color":"#0059a9","mode":"bus","arr":["130","180"],"angle":-1.6,"extra":1,"ei":6}},{"type":"Feature","geometry":{"type":"Point","coordinates":[14.25027,40.869225]},"properties":{"lines":"130, 180","color":"#0059a9","mode":"bus","arr":["130","180"],"angle":-28.5,"extra":1,"ei":7}},{"type":"Feature","geometry":{"type":"Point","coordinates":[14.247945,40.868552]},"properties":{"lines":"130, 180","color":"#0059a9","mode":"bus","arr":["130","180"],"angle":-17.1,"extra":1,"ei":8}},{"type":"Feature","geometry":{"type":"Point","coordinates":[14.245724,40.867718]},"properties":{"lines":"130, 180","color":"#0059a9","mode":"bus","arr":["130","180"],"angle":-38,"extra":1,"ei":9}},{"type":"Feature","geometry":{"type":"Point","coordinates":[14.241946,40.865251]},"properties":{"lines":"130, 180","color":"#0059a9","mode":"bus","arr":["130","180"],"angle":-38.1,"extra":1,"ei":10}},{"type":"Feature","geometry":{"type":"Point","coordinates":[14.239785,40.864309]},"properties":{"lines":"130, 180","color":"#0059a9","mode":"bus","arr":["130","180"],"angle":-28,"extra":1,"ei":11}},{"type":"Feature","geometry":{"type":"Point","coordinates":[14.237582,40.863422]},"properties":{"lines":"130, 180","color":"#0059a9","mode":"bus","arr":["130","180"],"angle":-28,"extra":1,"ei":12}},{"type":"Feature","geometry":{"type":"Point","coordinates":[14.235362,40.862559]},"properties":{"lines":"130, 180","color":"#0059a9","mode":"bus","arr":["130","180"],"angle":-24.6,"extra":1,"ei":13}},{"type":"Feature","geometry":{"type":"Point","coordinates":[14.233097,40.861764]},"properties":{"lines":"130, 180","color":"#0059a9","mode":"bus","arr":["130","180"],"angle":-27,"extra":1,"ei":14}},{"type":"Feature","geometry":{"type":"Point","coordinates":[14.230888,40.860884]},"properties":{"lines":"130, 180","color":"#0059a9","mode":"bus","arr":["130","180"],"angle":-27.8,"extra":1,"ei":15}},{"type":"Feature","geometry":{"type":"Point","coordinates":[14.22867,40.860018]},"properties":{"lines":"130, 180","color":"#0059a9","mode":"bus","arr":["130","180"],"angle":-27.2,"extra":1,"ei":16}},{"type":"Feature","geometry":{"type":"Point","coordinates":[14.226453,40.859149]},"properties":{"lines":"130, 180","color":"#0059a9","mode":"bus","arr":["130","180"],"angle":-28.5,"extra":1,"ei":17}},{"type":"Feature","geometry":{"type":"Point","coordinates":[14.224263,40.858243]},"properties":{"lines":"130, 180","color":"#0059a9","mode":"bus","arr":["130","180"],"angle":-28.7,"extra":1,"ei":18}},{"type":"Feature","geometry":{"type":"Point","coordinates":[14.22212,40.85728]},"properties":{"lines":"130, 180","color":"#0059a9","mode":"bus","arr":["130","180"],"angle":-37.9,"extra":1,"ei":19}},{"type":"Feature","geometry":{"type":"Point","coordinates":[14.219768,40.85629]},"properties":{"lines":"130","color":"#0059a9","mode":"bus","arr":["130"],"angle":13.9,"mi":3}},{"type":"Feature","geometry":{"type":"Point","coordinates":[14.220367,40.85423]},"properties":{"lines":"130","color":"#0059a9","mode":"bus","arr":["130"],"angle":-72.8,"extra":1,"ei":0}},{"type":"Feature","geometry":{"type":"Point","coordinates":[14.219015,40.853157]},"properties":{"lines":"130","color":"#0059a9","mode":"bus","arr":["130"],"angle":30.2,"mi":2}},{"type":"Feature","geometry":{"type":"Point","coordinates":[14.220383,40.854084]},"properties":{"lines":"130","color":"#0059a9","mode":"bus","arr":["130"],"angle":-80.8,"side":-1}},{"type":"Feature","geometry":{"type":"Point","coordinates":[14.219156,40.852407]},"properties":{"lines":"130, C42","color":"#0059a9","mode":"bus","arr":["130","C42"],"angle":33.3}},{"type":"Feature","geometry":{"type":"Point","coordinates":[14.223063,40.850669]},"properties":{"lines":"130, 132, C42, S5","color":"#0059a9","mode":"bus","arr":["130","132","C42","S5"],"angle":60.8}},{"type":"Feature","geometry":{"type":"Point","coordinates":[14.225763,40.850188]},"properties":{"lines":"C42, N3, N7","color":"#0059a9","mode":"bus","arr":["C42","N3","N7"],"angle":11,"mi":1}},{"type":"Feature","geometry":{"type":"Point","coordinates":[14.225111,40.849311]},"properties":{"lines":"130, 132, N3, N7, S5","color":"#0059a9","mode":"bus","arr":["130","132","N3","N7","S5"],"angle":-88.7,"mi":1}},{"type":"Feature","geometry":{"type":"Point","coordinates":[14.22508,40.848166]},"properties":{"lines":"130, 132, N3, N7, S5","color":"#0059a9","mode":"bus","arr":["130","132","N3","N7","S5"],"angle":-89.2}},{"type":"Feature","geometry":{"type":"Point","coordinates":[14.224698,40.847663]},"properties":{"lines":"130, 132, N3, N7","color":"#0059a9","mode":"bus","arr":["130","132","N3","N7"],"angle":-5.4}},{"type":"Feature","geometry":{"type":"Point","coordinates":[14.22373,40.847671]},"properties":{"lines":"130, 132, 633, N3, N7, S2","color":"#0059a9","mode":"bus","arr":["130","132","633","N3","N7","S2"],"angle":1}},{"type":"Feature","geometry":{"type":"Point","coordinates":[14.222797,40.846481]},"properties":{"lines":"130, 132, 633, N3, N7","color":"#0059a9","mode":"bus","arr":["130","132","633","N3","N7"],"angle":-89.3}},{"type":"Feature","geometry":{"type":"Point","coordinates":[14.223941,40.845252]},"properties":{"lines":"130, 132, 633, N3, N7, S2, S5","color":"#0059a9","mode":"bus","arr":["130","132","633","N3","N7","S2","S5"],"angle":0.6}},{"type":"Feature","geometry":{"type":"Point","coordinates":[14.225005,40.844794]},"properties":{"lines":"130, 132, 633, N7","color":"#0059a9","mode":"bus","arr":["130","132","633","N7"],"angle":-88.4}},{"type":"Feature","geometry":{"type":"Point","coordinates":[14.224981,40.843836]},"properties":{"lines":"130, 132, 633, C36, C37, N7","color":"#0059a9","mode":"bus","arr":["130","132","633","C36","C37","N7"],"angle":-89.1}},{"type":"Feature","geometry":{"type":"Point","coordinates":[14.226017,40.843413]},"properties":{"lines":"130, 132, 181, C31, C36, C37","color":"#0059a9","mode":"bus","arr":["130","132","181","C31","C36","C37"],"angle":-6.4}},{"type":"Feature","geometry":{"type":"Point","coordinates":[14.227044,40.843]},"properties":{"lines":"130, 132, 181, C31, C36, C37","color":"#0059a9","mode":"bus","arr":["130","132","181","C31","C36","C37"],"angle":79.2,"mi":1}},{"type":"Feature","geometry":{"type":"Point","coordinates":[14.231613,40.844812]},"properties":{"lines":"130, C36, C37, NAVF2","color":"#0059a9","mode":"bus","arr":["130","C36","C37","NAVF2"],"angle":83.8,"mi":2}},{"type":"Feature","geometry":{"type":"Point","coordinates":[14.231865,40.843188]},"properties":{"lines":"130, C36, C37, NAVF2","color":"#0059a9","mode":"bus","arr":["130","C36","C37","NAVF2"],"angle":84.3}},{"type":"Feature","geometry":{"type":"Point","coordinates":[14.233029,40.843991]},"properties":{"lines":"C37","color":"#0059a9","mode":"bus","arr":["C37"],"angle":-6.5,"mi":4}},{"type":"Feature","geometry":{"type":"Point","coordinates":[14.231399,40.846449]},"properties":{"lines":"130","color":"#0059a9","mode":"bus","arr":["130"],"angle":84.3,"mi":6}},{"type":"Feature","geometry":{"type":"Point","coordinates":[14.231042,40.848886]},"properties":{"lines":"130, C44","color":"#0059a9","mode":"bus","arr":["130","C44"],"angle":84}},{"type":"Feature","geometry":{"type":"Point","coordinates":[14.230563,40.85218]},"properties":{"lines":"130, 139, 147, C44, N3, N7","color":"#0059a9","mode":"bus","arr":["130","139","147","C44","N3","N7"],"angle":84.3}},{"type":"Feature","geometry":{"type":"Point","coordinates":[14.232339,40.853693]},"properties":{"lines":"130, 147, N3","color":"#0059a9","mode":"bus","arr":["130","147","N3"],"angle":2.5}},{"type":"Feature","geometry":{"type":"Point","coordinates":[14.233979,40.85401]},"properties":{"lines":"130, 147, N3","color":"#0059a9","mode":"bus","arr":["130","147","N3"],"angle":-45,"extra":1,"ei":0}},{"type":"Feature","geometry":{"type":"Point","coordinates":[14.233807,40.854255]},"properties":{"lines":"130","color":"#0059a9","mode":"bus","arr":["130"],"angle":56.8,"mi":2}},{"type":"Feature","geometry":{"type":"Point","coordinates":[14.232705,40.856667]},"properties":{"lines":"130","color":"#0059a9","mode":"bus","arr":["130"],"angle":78}},{"type":"Feature","geometry":{"type":"Point","coordinates":[14.233635,40.855049]},"properties":{"lines":"130","color":"#0059a9","mode":"bus","arr":["130"],"angle":83.2,"side":-1,"mi":1}},{"type":"Feature","geometry":{"type":"Point","coordinates":[14.234043,40.859337]},"properties":{"lines":"130","color":"#0059a9","mode":"bus","arr":["130"],"angle":69.8,"mi":3}},{"type":"Feature","geometry":{"type":"Point","coordinates":[14.23463,40.861818]},"properties":{"lines":"130","color":"#0059a9","mode":"bus","arr":["130"],"angle":-25.2,"mi":4}},{"type":"Feature","geometry":{"type":"Point","coordinates":[14.23612,40.862674]},"properties":{"lines":"130","color":"#0059a9","mode":"bus","arr":["130"],"angle":-33.7,"side":-1,"mi":5}},{"type":"Feature","geometry":{"type":"Point","coordinates":[14.240098,40.86422]},"properties":{"lines":"130, 180","color":"#0059a9","mode":"bus","arr":["130","180"],"angle":-22.3,"side":-1,"mi":4}},{"type":"Feature","geometry":{"type":"Point","coordinates":[14.241273,40.864646]},"properties":{"lines":"130, 180","color":"#0059a9","mode":"bus","arr":["130","180"],"angle":-30.2,"side":-1,"mi":1}},{"type":"Feature","geometry":{"type":"Point","coordinates":[14.242849,40.865514]},"properties":{"lines":"130, 180","color":"#0059a9","mode":"bus","arr":["130","180"],"angle":-36,"side":-1}},{"type":"Feature","geometry":{"type":"Point","coordinates":[14.244034,40.866288]},"properties":{"lines":"130, 180","color":"#0059a9","mode":"bus","arr":["130","180"],"angle":-50.3,"mi":3}},{"type":"Feature","geometry":{"type":"Point","coordinates":[14.270959,40.869107]},"properties":{"lines":"130","color":"#0059a9","mode":"bus","arr":["130"],"angle":-9.5,"side":-1,"mi":2}},{"type":"Feature","geometry":{"type":"Point","coordinates":[14.273967,40.869985]},"properties":{"lines":"130","color":"#0059a9","mode":"bus","arr":["130"],"angle":53,"side":-1,"mi":1}},{"type":"Feature","geometry":{"type":"Point","coordinates":[14.274855,40.868291]},"properties":{"lines":"130, ALIB","color":"#0059a9","mode":"bus","arr":["130","ALIB"],"angle":84.1,"side":-1,"mi":2}},{"type":"Feature","geometry":{"type":"Point","coordinates":[14.275376,40.865516]},"properties":{"lines":"130, ALIB","color":"#0059a9","mode":"bus","arr":["130","ALIB"],"angle":81.6,"side":-1,"mi":1}},{"type":"Feature","geometry":{"type":"Point","coordinates":[14.275121,40.866831]},"properties":{"lines":"130, ALIB","color":"#0059a9","mode":"bus","arr":["130","ALIB"],"angle":81.8,"extra":1,"ei":0,"side":-1}},{"type":"Feature","geometry":{"type":"Point","coordinates":[14.276314,40.860087]},"properties":{"lines":"130","color":"#0059a9","mode":"bus","arr":["130"],"angle":82.7,"side":-1,"mi":5}},{"type":"Feature","geometry":{"type":"Point","coordinates":[14.275915,40.862371]},"properties":{"lines":"130","color":"#0059a9","mode":"bus","arr":["130"],"angle":81.3,"extra":1,"ei":0,"side":-1}},{"type":"Feature","geometry":{"type":"Point","coordinates":[14.276556,40.858625]},"properties":{"lines":"130","color":"#0059a9","mode":"bus","arr":["130"],"angle":82.6,"extra":1,"ei":1,"side":-1}},{"type":"Feature","geometry":{"type":"Point","coordinates":[14.279252,40.856483]},"properties":{"lines":"130, 191","color":"#0059a9","mode":"bus","arr":["130","191"],"angle":-7.6}},{"type":"Feature","geometry":{"type":"Point","coordinates":[14.274119,40.858852]},"properties":{"lines":"130, 169, 191","color":"#0059a9","mode":"bus","arr":["130","169","191"],"angle":17.1}},{"type":"Feature","geometry":{"type":"Point","coordinates":[14.271157,40.855638]},"properties":{"lines":"130, 169, 191, ALIB, N5, R5","color":"#0059a9","mode":"bus","arr":["130","169","191","ALIB","N5","R5"],"angle":82.9,"side":-1}},{"type":"Feature","geometry":{"type":"Point","coordinates":[14.271497,40.853753]},"properties":{"lines":"130, 151, 169, ALIB, C56, R5","color":"#0059a9","mode":"bus","arr":["130","151","169","ALIB","C56","R5"],"angle":82.3,"side":-1}},{"type":"Feature","geometry":{"type":"Point","coordinates":[14.204224,40.839469]},"properties":{"lines":"132, S3A","color":"#0059a9","mode":"bus","arr":["132","S3A"],"angle":12.7,"mi":1}},{"type":"Feature","geometry":{"type":"Point","coordinates":[14.204113,40.839834]},"properties":{"lines":"132, 612, 618, N6, S3, S3A","color":"#0059a9","mode":"bus","arr":["132","612","618","N6","S3","S3A"],"angle":-7.2,"mi":1}},{"type":"Feature","geometry":{"type":"Point","coordinates":[14.201538,40.83939]},"properties":{"lines":"132, 612, 618, N6, S3, S3A","color":"#0059a9","mode":"bus","arr":["132","612","618","N6","S3","S3A"],"angle":-11.6,"mi":2}},{"type":"Feature","geometry":{"type":"Point","coordinates":[14.203463,40.839757]},"properties":{"lines":"132, 612, 618, N6, S3, S3A","color":"#0059a9","mode":"bus","arr":["132","612","618","N6","S3","S3A"],"angle":-11.6}},{"type":"Feature","geometry":{"type":"Point","coordinates":[14.203218,40.83965]},"properties":{"lines":"132, S3A","color":"#0059a9","mode":"bus","arr":["132","S3A"],"angle":-11.6,"side":-1}},{"type":"Feature","geometry":{"type":"Point","coordinates":[14.198961,40.839881]},"properties":{"lines":"132, S3A","color":"#0059a9","mode":"bus","arr":["132","S3A"],"angle":24.3,"mi":2}},{"type":"Feature","geometry":{"type":"Point","coordinates":[14.200031,40.839514]},"properties":{"lines":"132, 618, S3A","color":"#0059a9","mode":"bus","arr":["132","618","S3A"],"angle":23.4}},{"type":"Feature","geometry":{"type":"Point","coordinates":[14.200403,40.840777]},"properties":{"lines":"132, 618","color":"#0059a9","mode":"bus","arr":["132","618"],"angle":-61,"mi":1}},{"type":"Feature","geometry":{"type":"Point","coordinates":[14.199822,40.842374]},"properties":{"lines":"132, 618","color":"#0059a9","mode":"bus","arr":["132","618"],"angle":23.1}},{"type":"Feature","geometry":{"type":"Point","coordinates":[14.198788,40.84421]},"properties":{"lines":"132","color":"#0059a9","mode":"bus","arr":["132"],"angle":-77.4,"mi":3}},{"type":"Feature","geometry":{"type":"Point","coordinates":[14.198394,40.842958]},"properties":{"lines":"132","color":"#0059a9","mode":"bus","arr":["132"],"angle":-76.3,"extra":1,"ei":0}},{"type":"Feature","geometry":{"type":"Point","coordinates":[14.200529,40.845462]},"properties":{"lines":"132","color":"#0059a9","mode":"bus","arr":["132"],"angle":14.1,"mi":2}},{"type":"Feature","geometry":{"type":"Point","coordinates":[14.204778,40.844643]},"properties":{"lines":"132, 612, 618, 633, N6, S3","color":"#0059a9","mode":"bus","arr":["132","612","618","633","N6","S3"],"angle":14}},{"type":"Feature","geometry":{"type":"Point","coordinates":[14.203067,40.844971]},"properties":{"lines":"132, 612, 618, 633, N6, S3","color":"#0059a9","mode":"bus","arr":["132","612","618","633","N6","S3"],"angle":14.4,"extra":1,"ei":0}},{"type":"Feature","geometry":{"type":"Point","coordinates":[14.207997,40.844574]},"properties":{"lines":"132","color":"#0059a9","mode":"bus","arr":["132"],"angle":-6.2}},{"type":"Feature","geometry":{"type":"Point","coordinates":[14.208113,40.844814]},"properties":{"lines":"132","color":"#0059a9","mode":"bus","arr":["132"],"angle":-70.1,"mi":1}},{"type":"Feature","geometry":{"type":"Point","coordinates":[14.213368,40.846731]},"properties":{"lines":"132","color":"#0059a9","mode":"bus","arr":["132"],"angle":-1.9,"mi":4}},{"type":"Feature","geometry":{"type":"Point","coordinates":[14.214468,40.849105]},"properties":{"lines":"132","color":"#0059a9","mode":"bus","arr":["132"],"angle":64.1,"mi":6}},{"type":"Feature","geometry":{"type":"Point","coordinates":[14.209084,40.845597]},"properties":{"lines":"132","color":"#0059a9","mode":"bus","arr":["132"],"angle":-10.6,"extra":1,"ei":0}},{"type":"Feature","geometry":{"type":"Point","coordinates":[14.211348,40.846312]},"properties":{"lines":"132","color":"#0059a9","mode":"bus","arr":["132"],"angle":-1.5,"extra":1,"ei":1}},{"type":"Feature","geometry":{"type":"Point","coordinates":[14.214863,40.847385]},"properties":{"lines":"132","color":"#0059a9","mode":"bus","arr":["132"],"angle":82.8,"extra":1,"ei":2}},{"type":"Feature","geometry":{"type":"Point","coordinates":[14.216429,40.849313]},"properties":{"lines":"132, S2","color":"#0059a9","mode":"bus","arr":["132","S2"],"angle":-52.4}},{"type":"Feature","geometry":{"type":"Point","coordinates":[14.219398,40.849311]},"properties":{"lines":"132, S5","color":"#0059a9","mode":"bus","arr":["132","S5"],"angle":-14.2}},{"type":"Feature","geometry":{"type":"Point","coordinates":[14.217596,40.849277]},"properties":{"lines":"132, S5","color":"#0059a9","mode":"bus","arr":["132","S5"],"angle":60.3,"extra":1,"ei":0}},{"type":"Feature","geometry":{"type":"Point","coordinates":[14.22122,40.851103]},"properties":{"lines":"132, S5","color":"#0059a9","mode":"bus","arr":["132","S5"],"angle":-57.7,"extra":1,"ei":1,"side":-1}},{"type":"Feature","geometry":{"type":"Point","coordinates":[14.225021,40.845547]},"properties":{"lines":"132, 633, N3, N7, S2, S5","color":"#0059a9","mode":"bus","arr":["132","633","N3","N7","S2","S5"],"angle":-88.1}},{"type":"Feature","geometry":{"type":"Point","coordinates":[14.225439,40.846575]},"properties":{"lines":"132, 633, N3, N7, S2, S5","color":"#0059a9","mode":"bus","arr":["132","633","N3","N7","S2","S5"],"angle":-87.5,"mi":1}},{"type":"Feature","geometry":{"type":"Point","coordinates":[14.204797,40.844655]},"properties":{"lines":"132, 612, 633, N6, S3A","color":"#0059a9","mode":"bus","arr":["132","612","633","N6","S3A"],"angle":14.1}},{"type":"Feature","geometry":{"type":"Point","coordinates":[14.206526,40.844343]},"properties":{"lines":"132, 612, 633, N6, S3A","color":"#0059a9","mode":"bus","arr":["132","612","633","N6","S3A"],"angle":13.4,"extra":1,"ei":0}},{"type":"Feature","geometry":{"type":"Point","coordinates":[14.196596,40.84622]},"properties":{"lines":"612, 618, 633, N6, S3, S3A","color":"#0059a9","mode":"bus","arr":["612","618","633","N6","S3","S3A"],"angle":14.1}},{"type":"Feature","geometry":{"type":"Point","coordinates":[14.200655,40.845454]},"properties":{"lines":"612, 618, 633, N6, S3, S3A","color":"#0059a9","mode":"bus","arr":["612","618","633","N6","S3","S3A"],"angle":14.2,"extra":1,"ei":0}},{"type":"Feature","geometry":{"type":"Point","coordinates":[14.198233,40.845909]},"properties":{"lines":"612, 618, 633, N6, S3, S3A","color":"#0059a9","mode":"bus","arr":["612","618","633","N6","S3","S3A"],"angle":14.1,"extra":1,"ei":1}},{"type":"Feature","geometry":{"type":"Point","coordinates":[14.193432,40.846927]},"properties":{"lines":"612, 618, 633, N6, S3, S3A","color":"#0059a9","mode":"bus","arr":["612","618","633","N6","S3","S3A"],"angle":22.1,"extra":1,"ei":2}},{"type":"Feature","geometry":{"type":"Point","coordinates":[14.198896,40.841292]},"properties":{"lines":"132","color":"#0059a9","mode":"bus","arr":["132"],"angle":-69.4,"mi":5}},{"type":"Feature","geometry":{"type":"Point","coordinates":[14.227379,40.868195]},"properties":{"lines":"139, 143, 144, 144A, 144B, 165, 165Q, C76","color":"#0059a9","mode":"bus","arr":["139","143","144","144A","144B","165","165Q","C76"],"angle":-76.3}},{"type":"Feature","geometry":{"type":"Point","coordinates":[14.226991,40.866455]},"properties":{"lines":"139, 143, 144, 144A, 144B, 165, 165Q, C76","color":"#0059a9","mode":"bus","arr":["139","143","144","144A","144B","165","165Q","C76"],"angle":-75.4,"mi":1}},{"type":"Feature","geometry":{"type":"Point","coordinates":[14.226518,40.865134]},"properties":{"lines":"139, 143, 144, 144A, 144B, 165, 165Q, C76","color":"#0059a9","mode":"bus","arr":["139","143","144","144A","144B","165","165Q","C76"],"angle":-74,"extra":1,"ei":0}},{"type":"Feature","geometry":{"type":"Point","coordinates":[14.226254,40.864446]},"properties":{"lines":"139, 143, 144, 144A, 144B, 165, 165Q, 204, C76, NL1","color":"#0059a9","mode":"bus","arr":["139","143","144","144A","144B","165","165Q","204","C76","NL1"],"tLines":"204","ntLines":"139, 143, 144, 144A, 144B, 165, 165Q, C76, NL1","angle":-73.8}},{"type":"Feature","geometry":{"type":"Point","coordinates":[14.227415,40.867428]},"properties":{"lines":"139, 143, 144, 144A, 144B, 165, 165Q, 204, C44, C76, N3, N7, NL1","color":"#0059a9","mode":"bus","arr":["139","143","144","144A","144B","165","165Q","204","C44","C76","N3","N7","NL1"],"tLines":"204","ntLines":"139, 143, 144, 144A, 144B, 165, 165Q, C44, C76, N3, N7, NL1","angle":-72.9,"side":-1,"mi":1}},{"type":"Feature","geometry":{"type":"Point","coordinates":[14.225803,40.863329]},"properties":{"lines":"139, 143, 144, 144A, 144B, 165, 165Q, 204, C44, C76, N3, N7, NL1","color":"#0059a9","mode":"bus","arr":["139","143","144","144A","144B","165","165Q","204","C44","C76","N3","N7","NL1"],"tLines":"204","ntLines":"139, 143, 144, 144A, 144B, 165, 165Q, C44, C76, N3, N7, NL1","angle":-72.5,"mi":2}},{"type":"Feature","geometry":{"type":"Point","coordinates":[14.229421,40.860482]},"properties":{"lines":"139, N3, N7","color":"#0059a9","mode":"bus","arr":["139","N3","N7"],"angle":36.5,"mi":2}},{"type":"Feature","geometry":{"type":"Point","coordinates":[14.23016,40.858252]},"properties":{"lines":"139, N3, N7","color":"#0059a9","mode":"bus","arr":["139","N3","N7"],"angle":-68.4,"extra":1,"ei":0}},{"type":"Feature","geometry":{"type":"Point","coordinates":[14.226547,40.862134]},"properties":{"lines":"139, N3, N7","color":"#0059a9","mode":"bus","arr":["139","N3","N7"],"angle":41.3,"extra":1,"ei":1}},{"type":"Feature","geometry":{"type":"Point","coordinates":[14.229519,40.855289]},"properties":{"lines":"139, N3, N7","color":"#0059a9","mode":"bus","arr":["139","N3","N7"],"angle":27.4}},{"type":"Feature","geometry":{"type":"Point","coordinates":[14.231455,40.856782]},"properties":{"lines":"139, N3, N7","color":"#0059a9","mode":"bus","arr":["139","N3","N7"],"angle":43.4,"extra":1,"ei":0}},{"type":"Feature","geometry":{"type":"Point","coordinates":[14.229536,40.853859]},"properties":{"lines":"139, N3, N7","color":"#0059a9","mode":"bus","arr":["139","N3","N7"],"angle":57.2,"mi":1}},{"type":"Feature","geometry":{"type":"Point","coordinates":[14.229747,40.85332]},"properties":{"lines":"139, 147, C44","color":"#0059a9","mode":"bus","arr":["139","147","C44"],"angle":-77.2,"mi":2}},{"type":"Feature","geometry":{"type":"Point","coordinates":[14.229869,40.852609]},"properties":{"lines":"139, 147","color":"#0059a9","mode":"bus","arr":["139","147"],"angle":84.3,"mi":1}},{"type":"Feature","geometry":{"type":"Point","coordinates":[14.230247,40.852174]},"properties":{"lines":"139, 147","color":"#0059a9","mode":"bus","arr":["139","147"],"angle":-5.4}},{"type":"Feature","geometry":{"type":"Point","coordinates":[14.232244,40.850686]},"properties":{"lines":"139, 147, C44","color":"#0059a9","mode":"bus","arr":["139","147","C44"],"angle":-6.2}},{"type":"Feature","geometry":{"type":"Point","coordinates":[14.234979,40.850412]},"properties":{"lines":"139, 147, C44","color":"#0059a9","mode":"bus","arr":["139","147","C44"],"angle":20.6,"mi":1}},{"type":"Feature","geometry":{"type":"Point","coordinates":[14.236638,40.849378]},"properties":{"lines":"139","color":"#0059a9","mode":"bus","arr":["139"],"angle":87.5,"side":-1}},{"type":"Feature","geometry":{"type":"Point","coordinates":[14.238924,40.850943]},"properties":{"lines":"139","color":"#0059a9","mode":"bus","arr":["139"],"angle":82.1,"extra":1,"ei":0}},{"type":"Feature","geometry":{"type":"Point","coordinates":[14.238824,40.849193]},"properties":{"lines":"139","color":"#0059a9","mode":"bus","arr":["139"],"angle":73.8,"extra":1,"ei":1}},{"type":"Feature","geometry":{"type":"Point","coordinates":[14.240738,40.851811]},"properties":{"lines":"139, 147, C16, N3","color":"#0059a9","mode":"bus","arr":["139","147","C16","N3"],"angle":13.2}},{"type":"Feature","geometry":{"type":"Point","coordinates":[14.242652,40.851569]},"properties":{"lines":"139, 147, N3","color":"#0059a9","mode":"bus","arr":["139","147","N3"],"angle":-28.6}},{"type":"Feature","geometry":{"type":"Point","coordinates":[14.244034,40.852451]},"properties":{"lines":"139, 147, C16, N3, NAVF2","color":"#0059a9","mode":"bus","arr":["139","147","C16","N3","NAVF2"],"angle":-39.8}},{"type":"Feature","geometry":{"type":"Point","coordinates":[14.247065,40.854132]},"properties":{"lines":"139, 147, N3, NAVF2","color":"#0059a9","mode":"bus","arr":["139","147","N3","NAVF2"],"angle":2.1}},{"type":"Feature","geometry":{"type":"Point","coordinates":[14.249283,40.845991]},"properties":{"lines":"139, 168, 182, 184, 201, 204, 460, 584, N3, NAVF2","color":"#0059a9","mode":"bus","arr":["139","168","182","184","201","204","460","584","N3","NAVF2"],"tLines":"201, 204","ntLines":"139, 168, 182, 184, 460, 584, N3, NAVF2","angle":-84.4,"mi":4}},{"type":"Feature","geometry":{"type":"Point","coordinates":[14.249094,40.844451]},"properties":{"lines":"139, 168, 182, 184, 201, 204, 460, 584, N3, NAVF2","color":"#0059a9","mode":"bus","arr":["139","168","182","184","201","204","460","584","N3","NAVF2"],"tLines":"201, 204","ntLines":"139, 168, 182, 184, 460, 584, N3, NAVF2","angle":-85.5,"mi":2}},{"type":"Feature","geometry":{"type":"Point","coordinates":[14.249878,40.843802]},"properties":{"lines":"139, 168, 182, 184, 201, 204, 460, 584, N3, NAVF2","color":"#0059a9","mode":"bus","arr":["139","168","182","184","201","204","460","584","N3","NAVF2"],"tLines":"201, 204","ntLines":"139, 168, 182, 184, 460, 584, N3, NAVF2","angle":33.4}},{"type":"Feature","geometry":{"type":"Point","coordinates":[14.251097,40.843235]},"properties":{"lines":"139, 168, 182, 184, 201, 204, 460, 584, N3, NAVF2","color":"#0059a9","mode":"bus","arr":["139","168","182","184","201","204","460","584","N3","NAVF2"],"tLines":"201, 204","ntLines":"139, 168, 182, 184, 460, 584, N3, NAVF2","angle":57.3,"mi":3}},{"type":"Feature","geometry":{"type":"Point","coordinates":[14.251898,40.843017]},"properties":{"lines":"139, 168, 182, 184, 201, 204, 460, 584, N3, NAVF2","color":"#0059a9","mode":"bus","arr":["139","168","182","184","201","204","460","584","N3","NAVF2"],"tLines":"201, 204","ntLines":"139, 168, 182, 184, 460, 584, N3, NAVF2","angle":-11.7,"mi":5}},{"type":"Feature","geometry":{"type":"Point","coordinates":[14.251631,40.844357]},"properties":{"lines":"139, 168, 182, 184, 201, 204, 460, 584, N3, NAVF2","color":"#0059a9","mode":"bus","arr":["139","168","182","184","201","204","460","584","N3","NAVF2"],"tLines":"201, 204","ntLines":"139, 168, 182, 184, 460, 584, N3, NAVF2","angle":60.2,"mi":1}},{"type":"Feature","geometry":{"type":"Point","coordinates":[14.250237,40.846403]},"properties":{"lines":"139, 168, 182, 184, 201, 204, 460, 584, N3, NAVF2","color":"#0059a9","mode":"bus","arr":["139","168","182","184","201","204","460","584","N3","NAVF2"],"tLines":"201, 204","ntLines":"139, 168, 182, 184, 460, 584, N3, NAVF2","angle":60.4,"mi":6}},{"type":"Feature","geometry":{"type":"Point","coordinates":[14.253372,40.854411]},"properties":{"lines":"147, 182, 184, 201, 201BR, 584, C56","color":"#0059a9","mode":"bus","arr":["147","182","184","201","201BR","584","C56"],"tLines":"201","ntLines":"147, 182, 184, 201BR, 584, C56","angle":-37.6,"mi":2}},{"type":"Feature","geometry":{"type":"Point","coordinates":[14.226874,40.864389]},"properties":{"lines":"139, 143, 144, 144A, 144B, 165, 165Q, C44, C76, N3, N7","color":"#0059a9","mode":"bus","arr":["139","143","144","144A","144B","165","165Q","C44","C76","N3","N7"],"angle":-69.8}},{"type":"Feature","geometry":{"type":"Point","coordinates":[14.227004,40.865533]},"properties":{"lines":"139, 143, 144, 144A, 144B, 165, 165Q, C44, C76, N3, N7","color":"#0059a9","mode":"bus","arr":["139","143","144","144A","144B","165","165Q","C44","C76","N3","N7"],"angle":17.8,"mi":1}},{"type":"Feature","geometry":{"type":"Point","coordinates":[14.226879,40.866049]},"properties":{"lines":"139, 143, 144, 144A, 144B, 165, 165Q, 204, C44, C76, N3, N7, NL1","color":"#0059a9","mode":"bus","arr":["139","143","144","144A","144B","165","165Q","204","C44","C76","N3","N7","NL1"],"tLines":"204","ntLines":"139, 143, 144, 144A, 144B, 165, 165Q, C44, C76, N3, N7, NL1","angle":-73.8}},{"type":"Feature","geometry":{"type":"Point","coordinates":[14.18751,40.802577]},"properties":{"lines":"140, 622, C1, C1E, C21, C31","color":"#0059a9","mode":"bus","arr":["140","622","C1","C1E","C21","C31"],"angle":47.1}},{"type":"Feature","geometry":{"type":"Point","coordinates":[14.186224,40.803624]},"properties":{"lines":"140, 622, C1, C1E, C21, C31","color":"#0059a9","mode":"bus","arr":["140","622","C1","C1E","C21","C31"],"angle":45.7,"extra":1,"ei":0}},{"type":"Feature","geometry":{"type":"Point","coordinates":[14.190041,40.801313]},"properties":{"lines":"140, 622, C1, C1E, C21, C31","color":"#0059a9","mode":"bus","arr":["140","622","C1","C1E","C21","C31"],"angle":14.3,"extra":1,"ei":1}},{"type":"Feature","geometry":{"type":"Point","coordinates":[14.192748,40.80182]},"properties":{"lines":"140","color":"#0059a9","mode":"bus","arr":["140"],"angle":-33.1}},{"type":"Feature","geometry":{"type":"Point","coordinates":[14.206187,40.811815]},"properties":{"lines":"140","color":"#0059a9","mode":"bus","arr":["140"],"angle":-26.6}},{"type":"Feature","geometry":{"type":"Point","coordinates":[14.196232,40.802758]},"properties":{"lines":"140","color":"#0059a9","mode":"bus","arr":["140"],"angle":-35.8,"extra":1,"ei":0}},{"type":"Feature","geometry":{"type":"Point","coordinates":[14.198336,40.803765]},"properties":{"lines":"140","color":"#0059a9","mode":"bus","arr":["140"],"angle":-11.2,"extra":1,"ei":1}},{"type":"Feature","geometry":{"type":"Point","coordinates":[14.200407,40.803122]},"properties":{"lines":"140","color":"#0059a9","mode":"bus","arr":["140"],"angle":-26.9,"extra":1,"ei":2}},{"type":"Feature","geometry":{"type":"Point","coordinates":[14.202374,40.804274]},"properties":{"lines":"140","color":"#0059a9","mode":"bus","arr":["140"],"angle":-41.7,"extra":1,"ei":3}},{"type":"Feature","geometry":{"type":"Point","coordinates":[14.203654,40.805852]},"properties":{"lines":"140","color":"#0059a9","mode":"bus","arr":["140"],"angle":-64.3,"extra":1,"ei":4}},{"type":"Feature","geometry":{"type":"Point","coordinates":[14.204156,40.807595]},"properties":{"lines":"140","color":"#0059a9","mode":"bus","arr":["140"],"angle":-59.9,"extra":1,"ei":5}},{"type":"Feature","geometry":{"type":"Point","coordinates":[14.204144,40.809288]},"properties":{"lines":"140","color":"#0059a9","mode":"bus","arr":["140"],"angle":-72.7,"extra":1,"ei":6}},{"type":"Feature","geometry":{"type":"Point","coordinates":[14.205528,40.81074]},"properties":{"lines":"140","color":"#0059a9","mode":"bus","arr":["140"],"angle":-81,"extra":1,"ei":7}},{"type":"Feature","geometry":{"type":"Point","coordinates":[14.20745,40.813908]},"properties":{"lines":"140","color":"#0059a9","mode":"bus","arr":["140"],"angle":-59.1,"extra":1,"ei":8}},{"type":"Feature","geometry":{"type":"Point","coordinates":[14.209447,40.814933]},"properties":{"lines":"140","color":"#0059a9","mode":"bus","arr":["140"],"angle":-58.8,"extra":1,"ei":9}},{"type":"Feature","geometry":{"type":"Point","coordinates":[14.21044,40.81658]},"properties":{"lines":"140","color":"#0059a9","mode":"bus","arr":["140"],"angle":-48.8,"extra":1,"ei":10}},{"type":"Feature","geometry":{"type":"Point","coordinates":[14.211842,40.818116]},"properties":{"lines":"140","color":"#0059a9","mode":"bus","arr":["140"],"angle":-68.5,"extra":1,"ei":11}},{"type":"Feature","geometry":{"type":"Point","coordinates":[14.213409,40.819472]},"properties":{"lines":"140","color":"#0059a9","mode":"bus","arr":["140"],"angle":-58,"extra":1,"ei":12}},{"type":"Feature","geometry":{"type":"Point","coordinates":[14.214258,40.82124]},"properties":{"lines":"140","color":"#0059a9","mode":"bus","arr":["140"],"angle":-58.8,"extra":1,"ei":13}},{"type":"Feature","geometry":{"type":"Point","coordinates":[14.216244,40.822372]},"properties":{"lines":"140","color":"#0059a9","mode":"bus","arr":["140"],"angle":-36.1,"extra":1,"ei":14}},{"type":"Feature","geometry":{"type":"Point","coordinates":[14.220758,40.824493]},"properties":{"lines":"140","color":"#0059a9","mode":"bus","arr":["140"],"angle":-47.8,"mi":1}},{"type":"Feature","geometry":{"type":"Point","coordinates":[14.219224,40.823422]},"properties":{"lines":"140","color":"#0059a9","mode":"bus","arr":["140"],"angle":-21.4,"extra":1,"ei":0,"side":-1}},{"type":"Feature","geometry":{"type":"Point","coordinates":[14.220301,40.826419]},"properties":{"lines":"140","color":"#0059a9","mode":"bus","arr":["140"],"angle":84.9,"extra":1,"ei":1}},{"type":"Feature","geometry":{"type":"Point","coordinates":[14.220595,40.827531]},"properties":{"lines":"612","color":"#0059a9","mode":"bus","arr":["612"],"angle":-50.8,"mi":5}},{"type":"Feature","geometry":{"type":"Point","coordinates":[14.219832,40.827925]},"properties":{"lines":"140, 612, C16, C21","color":"#0059a9","mode":"bus","arr":["140","612","C16","C21"],"angle":88}},{"type":"Feature","geometry":{"type":"Point","coordinates":[14.220348,40.828544]},"properties":{"lines":"140, 151, 612, N1, R7","color":"#0059a9","mode":"bus","arr":["140","151","612","N1","R7"],"angle":17.5}},{"type":"Feature","geometry":{"type":"Point","coordinates":[14.220838,40.828269]},"properties":{"lines":"140, 151, 612, N1, R7","color":"#0059a9","mode":"bus","arr":["140","151","612","N1","R7"],"angle":58.2,"mi":1}},{"type":"Feature","geometry":{"type":"Point","coordinates":[14.223647,40.829705]},"properties":{"lines":"140, 151, N1, R7","color":"#0059a9","mode":"bus","arr":["140","151","N1","R7"],"angle":-37.2,"mi":5}},{"type":"Feature","geometry":{"type":"Point","coordinates":[14.238233,40.831867]},"properties":{"lines":"140, 151, N1, R7","color":"#0059a9","mode":"bus","arr":["140","151","N1","R7"],"angle":6.9,"mi":4}},{"type":"Feature","geometry":{"type":"Point","coordinates":[14.221876,40.828584]},"properties":{"lines":"140, 151, N1, R7","color":"#0059a9","mode":"bus","arr":["140","151","N1","R7"],"angle":-43.8,"extra":1,"ei":0}},{"type":"Feature","geometry":{"type":"Point","coordinates":[14.225908,40.830792]},"properties":{"lines":"140, 151, N1, R7","color":"#0059a9","mode":"bus","arr":["140","151","N1","R7"],"angle":-29.1,"extra":1,"ei":1}},{"type":"Feature","geometry":{"type":"Point","coordinates":[14.226649,40.831408]},"properties":{"lines":"140, 151, N1, R7","color":"#0059a9","mode":"bus","arr":["140","151","N1","R7"],"angle":74.3,"mi":3}},{"type":"Feature","geometry":{"type":"Point","coordinates":[14.231121,40.83262]},"properties":{"lines":"140, 151, N1, R7","color":"#0059a9","mode":"bus","arr":["140","151","N1","R7"],"angle":-2}},{"type":"Feature","geometry":{"type":"Point","coordinates":[14.227643,40.832164]},"properties":{"lines":"140, 151, N1, R7","color":"#0059a9","mode":"bus","arr":["140","151","N1","R7"],"angle":-17.4,"extra":1,"ei":0}},{"type":"Feature","geometry":{"type":"Point","coordinates":[14.234995,40.832148]},"properties":{"lines":"140, 151, N1, R7","color":"#0059a9","mode":"bus","arr":["140","151","N1","R7"],"angle":7.2,"extra":1,"ei":1}},{"type":"Feature","geometry":{"type":"Point","coordinates":[14.240981,40.831847]},"properties":{"lines":"140, 151, N1, R7","color":"#0059a9","mode":"bus","arr":["140","151","N1","R7"],"angle":-72.5,"mi":7}},{"type":"Feature","geometry":{"type":"Point","coordinates":[14.222783,40.831172]},"properties":{"lines":"140, 151, N1, R7","color":"#0059a9","mode":"bus","arr":["140","151","N1","R7"],"angle":-33,"mi":6}},{"type":"Feature","geometry":{"type":"Point","coordinates":[14.225098,40.832143]},"properties":{"lines":"140, 151, N1, R7","color":"#0059a9","mode":"bus","arr":["140","151","N1","R7"],"angle":-17,"extra":1,"ei":0}},{"type":"Feature","geometry":{"type":"Point","coordinates":[14.220833,40.830199]},"properties":{"lines":"140, 151, N1, R7","color":"#0059a9","mode":"bus","arr":["140","151","N1","R7"],"angle":-36.2,"extra":1,"ei":1}},{"type":"Feature","geometry":{"type":"Point","coordinates":[14.230719,40.833554]},"properties":{"lines":"140, 151, N1, R7","color":"#0059a9","mode":"bus","arr":["140","151","N1","R7"],"angle":-6.4,"mi":1}},{"type":"Feature","geometry":{"type":"Point","coordinates":[14.234399,40.833567]},"properties":{"lines":"140, 151, N1, R7","color":"#0059a9","mode":"bus","arr":["140","151","N1","R7"],"angle":5.7,"extra":1,"ei":0,"side":-1}},{"type":"Feature","geometry":{"type":"Point","coordinates":[14.227089,40.832716]},"properties":{"lines":"140, 151, N1, R7","color":"#0059a9","mode":"bus","arr":["140","151","N1","R7"],"angle":-17.7,"extra":1,"ei":1}},{"type":"Feature","geometry":{"type":"Point","coordinates":[14.234691,40.833839]},"properties":{"lines":"140, 151, N1, R7","color":"#0059a9","mode":"bus","arr":["140","151","N1","R7"],"angle":0.1,"mi":2}},{"type":"Feature","geometry":{"type":"Point","coordinates":[14.219723,40.829155]},"properties":{"lines":"140, C16","color":"#0059a9","mode":"bus","arr":["140","C16"],"angle":84.4}},{"type":"Feature","geometry":{"type":"Point","coordinates":[14.219937,40.825644]},"properties":{"lines":"140, C16, C21","color":"#0059a9","mode":"bus","arr":["140","C16","C21"],"angle":64.4,"side":-1,"mi":1}},{"type":"Feature","geometry":{"type":"Point","coordinates":[14.219736,40.828417]},"properties":{"lines":"140, C16, C21","color":"#0059a9","mode":"bus","arr":["140","C16","C21"],"angle":89,"side":-1,"mi":2}},{"type":"Feature","geometry":{"type":"Point","coordinates":[14.219787,40.827416]},"properties":{"lines":"C21","color":"#0059a9","mode":"bus","arr":["C21"],"angle":87.8,"side":-1}},{"type":"Feature","geometry":{"type":"Point","coordinates":[14.219875,40.826784]},"properties":{"lines":"140, C16, C21","color":"#0059a9","mode":"bus","arr":["140","C16","C21"],"angle":90}},{"type":"Feature","geometry":{"type":"Point","coordinates":[14.219598,40.823791]},"properties":{"lines":"140","color":"#0059a9","mode":"bus","arr":["140"],"angle":-40.3}},{"type":"Feature","geometry":{"type":"Point","coordinates":[14.225182,40.868694]},"properties":{"lines":"143, 144, 144A, 144B, 165, 165Q, 204, C44, C76, N3, N7, NL1","color":"#0059a9","mode":"bus","arr":["143","144","144A","144B","165","165Q","204","C44","C76","N3","N7","NL1"],"tLines":"204","ntLines":"143, 144, 144A, 144B, 165, 165Q, C44, C76, N3, N7, NL1","angle":3,"mi":3}},{"type":"Feature","geometry":{"type":"Point","coordinates":[14.222452,40.86727]},"properties":{"lines":"143, 144, 144A, 144B, 165, 165Q, 204, C44, C76, N3, N7, NL1","color":"#0059a9","mode":"bus","arr":["143","144","144A","144B","165","165Q","204","C44","C76","N3","N7","NL1"],"tLines":"204","ntLines":"143, 144, 144A, 144B, 165, 165Q, C44, C76, N3, N7, NL1","angle":-75.2}},{"type":"Feature","geometry":{"type":"Point","coordinates":[14.221313,40.864614]},"properties":{"lines":"143, 144, 144A, 144B, C44, C76","color":"#0059a9","mode":"bus","arr":["143","144","144A","144B","C44","C76"],"angle":-54}},{"type":"Feature","geometry":{"type":"Point","coordinates":[14.219748,40.864054]},"properties":{"lines":"143, 144, 144A, 144B, C44, C76","color":"#0059a9","mode":"bus","arr":["143","144","144A","144B","C44","C76"],"angle":-20.8,"extra":1,"ei":0,"side":-1}},{"type":"Feature","geometry":{"type":"Point","coordinates":[14.216266,40.866169]},"properties":{"lines":"143, C42, C44","color":"#0059a9","mode":"bus","arr":["143","C42","C44"],"angle":40.7}},{"type":"Feature","geometry":{"type":"Point","coordinates":[14.21833,40.864715]},"properties":{"lines":"143, C42, C44","color":"#0059a9","mode":"bus","arr":["143","C42","C44"],"angle":53,"extra":1,"ei":0}},{"type":"Feature","geometry":{"type":"Point","coordinates":[14.214629,40.867235]},"properties":{"lines":"143, C42, C44","color":"#0059a9","mode":"bus","arr":["143","C42","C44"],"angle":40.1,"extra":1,"ei":1}},{"type":"Feature","geometry":{"type":"Point","coordinates":[14.206204,40.868213]},"properties":{"lines":"143, C44, C76","color":"#0059a9","mode":"bus","arr":["143","C44","C76"],"angle":12.3}},{"type":"Feature","geometry":{"type":"Point","coordinates":[14.202113,40.867194]},"properties":{"lines":"143, C44, C76","color":"#0059a9","mode":"bus","arr":["143","C44","C76"],"angle":3.7,"extra":1,"ei":0}},{"type":"Feature","geometry":{"type":"Point","coordinates":[14.204191,40.868054]},"properties":{"lines":"143, C44, C76","color":"#0059a9","mode":"bus","arr":["143","C44","C76"],"angle":-43.8,"extra":1,"ei":1}},{"type":"Feature","geometry":{"type":"Point","coordinates":[14.208954,40.868299]},"properties":{"lines":"143, C44, C76","color":"#0059a9","mode":"bus","arr":["143","C44","C76"],"angle":2.4,"extra":1,"ei":2}},{"type":"Feature","geometry":{"type":"Point","coordinates":[14.211449,40.868221]},"properties":{"lines":"143, C44, C76","color":"#0059a9","mode":"bus","arr":["143","C44","C76"],"angle":2.4,"extra":1,"ei":3,"side":-1}},{"type":"Feature","geometry":{"type":"Point","coordinates":[14.212506,40.868177]},"properties":{"lines":"143, 572, C42, C44, C76","color":"#0059a9","mode":"bus","arr":["143","572","C42","C44","C76"],"angle":5.2,"side":-1}},{"type":"Feature","geometry":{"type":"Point","coordinates":[14.196495,40.868151]},"properties":{"lines":"143, C44","color":"#0059a9","mode":"bus","arr":["143","C44"],"angle":-3.3}},{"type":"Feature","geometry":{"type":"Point","coordinates":[14.192762,40.868375]},"properties":{"lines":"143, C44","color":"#0059a9","mode":"bus","arr":["143","C44"],"angle":7.5,"extra":1,"ei":0}},{"type":"Feature","geometry":{"type":"Point","coordinates":[14.199847,40.867972]},"properties":{"lines":"143, C44","color":"#0059a9","mode":"bus","arr":["143","C44"],"angle":48.2,"extra":1,"ei":1}},{"type":"Feature","geometry":{"type":"Point","coordinates":[14.189796,40.86947]},"properties":{"lines":"143, 144, 144A, 144B, C44","color":"#0059a9","mode":"bus","arr":["143","144","144A","144B","C44"],"angle":39.6,"mi":3}},{"type":"Feature","geometry":{"type":"Point","coordinates":[14.188717,40.870417]},"properties":{"lines":"143, 144, 144A, 144B, C44","color":"#0059a9","mode":"bus","arr":["143","144","144A","144B","C44"],"angle":48.9,"extra":1,"ei":0}},{"type":"Feature","geometry":{"type":"Point","coordinates":[14.187042,40.873314]},"properties":{"lines":"143, 144, 144A, 144B","color":"#0059a9","mode":"bus","arr":["143","144","144A","144B"],"angle":76.8,"mi":2}},{"type":"Feature","geometry":{"type":"Point","coordinates":[14.187736,40.87144]},"properties":{"lines":"143, 144, 144A, 144B","color":"#0059a9","mode":"bus","arr":["143","144","144A","144B"],"angle":63.3,"extra":1,"ei":0}},{"type":"Feature","geometry":{"type":"Point","coordinates":[14.186571,40.875101]},"properties":{"lines":"143, 144, 144A, 144B","color":"#0059a9","mode":"bus","arr":["143","144","144A","144B"],"angle":70.5,"extra":1,"ei":1}},{"type":"Feature","geometry":{"type":"Point","coordinates":[14.185165,40.879447]},"properties":{"lines":"143","color":"#0059a9","mode":"bus","arr":["143"],"angle":81.8}},{"type":"Feature","geometry":{"type":"Point","coordinates":[14.185567,40.876926]},"properties":{"lines":"143","color":"#0059a9","mode":"bus","arr":["143"],"angle":69.4,"extra":1,"ei":0}},{"type":"Feature","geometry":{"type":"Point","coordinates":[14.184858,40.8806]},"properties":{"lines":"143","color":"#0059a9","mode":"bus","arr":["143"],"angle":73.2,"extra":1,"ei":1}},{"type":"Feature","geometry":{"type":"Point","coordinates":[14.184649,40.882389]},"properties":{"lines":"143","color":"#0059a9","mode":"bus","arr":["143"],"angle":-63.6,"extra":1,"ei":2}},{"type":"Feature","geometry":{"type":"Point","coordinates":[14.179419,40.888861]},"properties":{"lines":"143","color":"#0059a9","mode":"bus","arr":["143"],"angle":72.6,"mi":2}},{"type":"Feature","geometry":{"type":"Point","coordinates":[14.181331,40.894638]},"properties":{"lines":"143","color":"#0059a9","mode":"bus","arr":["143"],"angle":-81.4,"extra":1,"ei":0}},{"type":"Feature","geometry":{"type":"Point","coordinates":[14.180903,40.892782]},"properties":{"lines":"143","color":"#0059a9","mode":"bus","arr":["143"],"angle":-69.2,"extra":1,"ei":1}},{"type":"Feature","geometry":{"type":"Point","coordinates":[14.179607,40.891174]},"properties":{"lines":"143","color":"#0059a9","mode":"bus","arr":["143"],"angle":-54.6,"extra":1,"ei":2}},{"type":"Feature","geometry":{"type":"Point","coordinates":[14.180043,40.887626]},"properties":{"lines":"143","color":"#0059a9","mode":"bus","arr":["143"],"angle":63.9,"extra":1,"ei":3}},{"type":"Feature","geometry":{"type":"Point","coordinates":[14.181784,40.886297]},"properties":{"lines":"143","color":"#0059a9","mode":"bus","arr":["143"],"angle":44.7,"extra":1,"ei":4}},{"type":"Feature","geometry":{"type":"Point","coordinates":[14.18334,40.884836]},"properties":{"lines":"143","color":"#0059a9","mode":"bus","arr":["143"],"angle":56.1,"extra":1,"ei":5}},{"type":"Feature","geometry":{"type":"Point","coordinates":[14.184908,40.883487]},"properties":{"lines":"143","color":"#0059a9","mode":"bus","arr":["143"],"angle":-88.6,"extra":1,"ei":6}},{"type":"Feature","geometry":{"type":"Point","coordinates":[14.177756,40.894387]},"properties":{"lines":"143","color":"#0059a9","mode":"bus","arr":["143"],"angle":-0.9,"mi":1}},{"type":"Feature","geometry":{"type":"Point","coordinates":[14.174124,40.892375]},"properties":{"lines":"143","color":"#0059a9","mode":"bus","arr":["143"],"angle":-36.4}},{"type":"Feature","geometry":{"type":"Point","coordinates":[14.180517,40.895105]},"properties":{"lines":"143","color":"#0059a9","mode":"bus","arr":["143"],"angle":-41,"extra":1,"ei":0}},{"type":"Feature","geometry":{"type":"Point","coordinates":[14.175992,40.893889]},"properties":{"lines":"143","color":"#0059a9","mode":"bus","arr":["143"],"angle":-50.5,"extra":1,"ei":1}},{"type":"Feature","geometry":{"type":"Point","coordinates":[14.187678,40.870597]},"properties":{"lines":"143, 144, 144A, 144B, C44","color":"#0059a9","mode":"bus","arr":["143","144","144A","144B","C44"],"angle":-1.9,"mi":4}},{"type":"Feature","geometry":{"type":"Point","coordinates":[14.186515,40.868562]},"properties":{"lines":"143, 144, 144A, 144B, C44","color":"#0059a9","mode":"bus","arr":["143","144","144A","144B","C44"],"angle":77.9,"mi":2}},{"type":"Feature","geometry":{"type":"Point","coordinates":[14.188721,40.86617]},"properties":{"lines":"143, 144, 144A, 144B, C44","color":"#0059a9","mode":"bus","arr":["143","144","144A","144B","C44"],"angle":29.8,"mi":1}},{"type":"Feature","geometry":{"type":"Point","coordinates":[14.18973,40.867304]},"properties":{"lines":"143, 144, 144A, 144B, C44","color":"#0059a9","mode":"bus","arr":["143","144","144A","144B","C44"],"angle":-83.6}},{"type":"Feature","geometry":{"type":"Point","coordinates":[14.189969,40.864729]},"properties":{"lines":"143, 144, 144A, 144B, C44","color":"#0059a9","mode":"bus","arr":["143","144","144A","144B","C44"],"angle":53.7,"mi":5}},{"type":"Feature","geometry":{"type":"Point","coordinates":[14.190688,40.864197]},"properties":{"lines":"143, 144, 144A, 144B","color":"#0059a9","mode":"bus","arr":["143","144","144A","144B"],"angle":-33.1,"side":-1,"mi":1}},{"type":"Feature","geometry":{"type":"Point","coordinates":[14.204716,40.863001]},"properties":{"lines":"144, 144A, 144B","color":"#0059a9","mode":"bus","arr":["144","144A","144B"],"angle":3.1}},{"type":"Feature","geometry":{"type":"Point","coordinates":[14.191791,40.863684]},"properties":{"lines":"144, 144A, 144B","color":"#0059a9","mode":"bus","arr":["144","144A","144B"],"angle":29.1,"extra":1,"ei":0}},{"type":"Feature","geometry":{"type":"Point","coordinates":[14.194103,40.864044]},"properties":{"lines":"144, 144A, 144B","color":"#0059a9","mode":"bus","arr":["144","144A","144B"],"angle":-8.2,"extra":1,"ei":1}},{"type":"Feature","geometry":{"type":"Point","coordinates":[14.196573,40.864176]},"properties":{"lines":"144, 144A, 144B","color":"#0059a9","mode":"bus","arr":["144","144A","144B"],"angle":-0.1,"extra":1,"ei":2}},{"type":"Feature","geometry":{"type":"Point","coordinates":[14.198949,40.863672]},"properties":{"lines":"144, 144A, 144B","color":"#0059a9","mode":"bus","arr":["144","144A","144B"],"angle":31.7,"extra":1,"ei":3}},{"type":"Feature","geometry":{"type":"Point","coordinates":[14.201168,40.862884]},"properties":{"lines":"144, 144A, 144B","color":"#0059a9","mode":"bus","arr":["144","144A","144B"],"angle":7.1,"extra":1,"ei":4}},{"type":"Feature","geometry":{"type":"Point","coordinates":[14.20842,40.86324]},"properties":{"lines":"144, 144A, 144B","color":"#0059a9","mode":"bus","arr":["144","144A","144B"],"angle":0.8,"extra":1,"ei":5}},{"type":"Feature","geometry":{"type":"Point","coordinates":[14.2109,40.863109]},"properties":{"lines":"144, 144A, 144B","color":"#0059a9","mode":"bus","arr":["144","144A","144B"],"angle":17.1,"extra":1,"ei":6}},{"type":"Feature","geometry":{"type":"Point","coordinates":[14.213323,40.862916]},"properties":{"lines":"144, 144A, 144B","color":"#0059a9","mode":"bus","arr":["144","144A","144B"],"angle":-21.6,"extra":1,"ei":7}},{"type":"Feature","geometry":{"type":"Point","coordinates":[14.215463,40.863694]},"properties":{"lines":"144, 144A, 144B","color":"#0059a9","mode":"bus","arr":["144","144A","144B"],"angle":-0.9,"extra":1,"ei":8}},{"type":"Feature","geometry":{"type":"Point","coordinates":[14.217874,40.864108]},"properties":{"lines":"144, 144A, 144B","color":"#0059a9","mode":"bus","arr":["144","144A","144B"],"angle":-9.9,"extra":1,"ei":9}},{"type":"Feature","geometry":{"type":"Point","coordinates":[14.190402,40.864876]},"properties":{"lines":"143, 144, 144A, 144B","color":"#0059a9","mode":"bus","arr":["143","144","144A","144B"],"angle":62.3}},{"type":"Feature","geometry":{"type":"Point","coordinates":[14.220056,40.863037]},"properties":{"lines":"143, 144, 144A, 144B, C44","color":"#0059a9","mode":"bus","arr":["143","144","144A","144B","C44"],"angle":51.9}},{"type":"Feature","geometry":{"type":"Point","coordinates":[14.221566,40.861587]},"properties":{"lines":"143, 144, 144A, 144B, 165, 165Q, 204, C44, C76, N3, N7, NL1","color":"#0059a9","mode":"bus","arr":["143","144","144A","144B","165","165Q","204","C44","C76","N3","N7","NL1"],"tLines":"204","ntLines":"143, 144, 144A, 144B, 165, 165Q, C44, C76, N3, N7, NL1","angle":52,"mi":1}},{"type":"Feature","geometry":{"type":"Point","coordinates":[14.223316,40.861366]},"properties":{"lines":"143, 144, 144A, 144B, 165, 165Q, 204, C44, C76, N3, N7, NL1","color":"#0059a9","mode":"bus","arr":["143","144","144A","144B","165","165Q","204","C44","C76","N3","N7","NL1"],"tLines":"204","ntLines":"143, 144, 144A, 144B, 165, 165Q, C44, C76, N3, N7, NL1","angle":-23,"mi":2}},{"type":"Feature","geometry":{"type":"Point","coordinates":[14.22533,40.862158]},"properties":{"lines":"143, 144, 144A, 144B, 165, 165Q, 204, C44, C76, NL1","color":"#0059a9","mode":"bus","arr":["143","144","144A","144B","165","165Q","204","C44","C76","NL1"],"tLines":"204","ntLines":"143, 144, 144A, 144B, 165, 165Q, C44, C76, NL1","angle":-66.3}},{"type":"Feature","geometry":{"type":"Point","coordinates":[14.226611,40.865319]},"properties":{"lines":"143, 144, 144A, 144B, 165, 165Q, 204, C76, NL1","color":"#0059a9","mode":"bus","arr":["143","144","144A","144B","165","165Q","204","C76","NL1"],"tLines":"204","ntLines":"143, 144, 144A, 144B, 165, 165Q, C76, NL1","angle":-73.1}},{"type":"Feature","geometry":{"type":"Point","coordinates":[14.177678,40.875348]},"properties":{"lines":"144, 144A, 144B","color":"#0059a9","mode":"bus","arr":["144","144A","144B"],"angle":-7.5}},{"type":"Feature","geometry":{"type":"Point","coordinates":[14.185078,40.875328]},"properties":{"lines":"144, 144A, 144B","color":"#0059a9","mode":"bus","arr":["144","144A","144B"],"angle":-62.8,"extra":1,"ei":0}},{"type":"Feature","geometry":{"type":"Point","coordinates":[14.182978,40.875043]},"properties":{"lines":"144, 144A, 144B","color":"#0059a9","mode":"bus","arr":["144","144A","144B"],"angle":-8.6,"extra":1,"ei":1}},{"type":"Feature","geometry":{"type":"Point","coordinates":[14.180816,40.875641]},"properties":{"lines":"144, 144A, 144B","color":"#0059a9","mode":"bus","arr":["144","144A","144B"],"angle":17.7,"extra":1,"ei":2}},{"type":"Feature","geometry":{"type":"Point","coordinates":[14.175985,40.875474]},"properties":{"lines":"144, 144A, 144B","color":"#0059a9","mode":"bus","arr":["144","144A","144B"],"angle":22.7,"extra":1,"ei":3}},{"type":"Feature","geometry":{"type":"Point","coordinates":[14.174042,40.87656]},"properties":{"lines":"144, 144A, 144B","color":"#0059a9","mode":"bus","arr":["144","144A","144B"],"angle":1.8,"extra":1,"ei":4}},{"type":"Feature","geometry":{"type":"Point","coordinates":[14.173428,40.875149]},"properties":{"lines":"144, 144A, 144B","color":"#0059a9","mode":"bus","arr":["144","144A","144B"],"angle":-52.8,"extra":1,"ei":5}},{"type":"Feature","geometry":{"type":"Point","coordinates":[14.172192,40.873598]},"properties":{"lines":"144, 144A, 144B","color":"#0059a9","mode":"bus","arr":["144","144A","144B"],"angle":-37.8,"extra":1,"ei":6}},{"type":"Feature","geometry":{"type":"Point","coordinates":[14.191026,40.862469]},"properties":{"lines":"144A, 144B, C44","color":"#0059a9","mode":"bus","arr":["144A","144B","C44"],"angle":-70.5,"mi":1}},{"type":"Feature","geometry":{"type":"Point","coordinates":[14.191802,40.860886]},"properties":{"lines":"144A, 144B, C44","color":"#0059a9","mode":"bus","arr":["144A","144B","C44"],"angle":-85.8,"side":-1}},{"type":"Feature","geometry":{"type":"Point","coordinates":[14.229635,40.84924]},"properties":{"lines":"147, C42","color":"#0059a9","mode":"bus","arr":["147","C42"],"angle":-58.4}},{"type":"Feature","geometry":{"type":"Point","coordinates":[14.234588,40.855374]},"properties":{"lines":"147, N3","color":"#0059a9","mode":"bus","arr":["147","N3"],"angle":7.9}},{"type":"Feature","geometry":{"type":"Point","coordinates":[14.235616,40.853728]},"properties":{"lines":"147, N3","color":"#0059a9","mode":"bus","arr":["147","N3"],"angle":-75.3,"mi":1}},{"type":"Feature","geometry":{"type":"Point","coordinates":[14.237032,40.852489]},"properties":{"lines":"147, C16, N3","color":"#0059a9","mode":"bus","arr":["147","C16","N3"],"angle":8,"mi":3}},{"type":"Feature","geometry":{"type":"Point","coordinates":[14.238587,40.852328]},"properties":{"lines":"147, C16, N3","color":"#0059a9","mode":"bus","arr":["147","C16","N3"],"angle":31.5,"extra":1,"ei":0}},{"type":"Feature","geometry":{"type":"Point","coordinates":[14.250892,40.851144]},"properties":{"lines":"147, C56","color":"#0059a9","mode":"bus","arr":["147","C56"],"angle":-5.5,"mi":1}},{"type":"Feature","geometry":{"type":"Point","coordinates":[14.253764,40.854422]},"properties":{"lines":"147, 182, 184, 201, 201BR, 584, C52, C56","color":"#0059a9","mode":"bus","arr":["147","182","184","201","201BR","584","C52","C56"],"tLines":"201","ntLines":"147, 182, 184, 201BR, 584, C52, C56","angle":-34.1,"side":-1}},{"type":"Feature","geometry":{"type":"Point","coordinates":[14.256446,40.855586]},"properties":{"lines":"147, 182, 184, 201, 201BR, 584, C52, C56","color":"#0059a9","mode":"bus","arr":["147","182","184","201","201BR","584","C52","C56"],"tLines":"201","ntLines":"147, 182, 184, 201BR, 584, C52, C56","angle":-26.6,"side":-1,"mi":1}},{"type":"Feature","geometry":{"type":"Point","coordinates":[14.258369,40.856596]},"properties":{"lines":"147, 182, 184, 201, 201BR, 584, C56","color":"#0059a9","mode":"bus","arr":["147","182","184","201","201BR","584","C56"],"tLines":"201","ntLines":"147, 182, 184, 201BR, 584, C56","angle":-44,"mi":1}},{"type":"Feature","geometry":{"type":"Point","coordinates":[14.256204,40.855564]},"properties":{"lines":"147, 182, 184, 201, 201BR, 584, C56","color":"#0059a9","mode":"bus","arr":["147","182","184","201","201BR","584","C56"],"tLines":"201","ntLines":"147, 182, 184, 201BR, 584, C56","angle":-26.9}},{"type":"Feature","geometry":{"type":"Point","coordinates":[14.260965,40.858549]},"properties":{"lines":"147, 182, 184, 201, 201BR, 584","color":"#0059a9","mode":"bus","arr":["147","182","184","201","201BR","584"],"tLines":"201","ntLines":"147, 182, 184, 201BR, 584","angle":-45.6}},{"type":"Feature","geometry":{"type":"Point","coordinates":[14.262231,40.859524]},"properties":{"lines":"147, 182, 184, 201, 201BR, 584","color":"#0059a9","mode":"bus","arr":["147","182","184","201","201BR","584"],"tLines":"201","ntLines":"147, 182, 184, 201BR, 584","angle":-45.5,"extra":1,"ei":0,"side":-1}},{"type":"Feature","geometry":{"type":"Point","coordinates":[14.263664,40.860604]},"properties":{"lines":"147, 182, 184, 201, 201BR, 584, 654","color":"#0059a9","mode":"bus","arr":["147","182","184","201","201BR","584","654"],"tLines":"201","ntLines":"147, 182, 184, 201BR, 584, 654","angle":-45.3}},{"type":"Feature","geometry":{"type":"Point","coordinates":[14.264949,40.861614]},"properties":{"lines":"147, 182, 184, 201, 201BR, 584, 654","color":"#0059a9","mode":"bus","arr":["147","182","184","201","201BR","584","654"],"tLines":"201","ntLines":"147, 182, 184, 201BR, 584, 654","angle":-46.6,"extra":1,"ei":0}},{"type":"Feature","geometry":{"type":"Point","coordinates":[14.265682,40.862261]},"properties":{"lines":"147, 182, 184, 185, 201, 201BR, 584, 654, C68","color":"#0059a9","mode":"bus","arr":["147","182","184","185","201","201BR","584","654","C68"],"tLines":"201","ntLines":"147, 182, 184, 185, 201BR, 584, 654, C68","angle":-48}},{"type":"Feature","geometry":{"type":"Point","coordinates":[14.266848,40.862684]},"properties":{"lines":"147, 182, 184, 185, 201, 201BR, 202, 254, 302, 584, 654, C68","color":"#0059a9","mode":"bus","arr":["147","182","184","185","201","201BR","202","254","302","584","654","C68"],"tLines":"201, 202, 254","ntLines":"147, 182, 184, 185, 201BR, 302, 584, 654, C68","angle":-51.3}},{"type":"Feature","geometry":{"type":"Point","coordinates":[14.267295,40.863745]},"properties":{"lines":"147, 184, 185, 201BR, 202, 254, 302, 654, C68","color":"#0059a9","mode":"bus","arr":["147","184","185","201BR","202","254","302","654","C68"],"tLines":"202, 254","ntLines":"147, 184, 185, 201BR, 302, 654, C68","angle":-50.2}},{"type":"Feature","geometry":{"type":"Point","coordinates":[14.265516,40.865837]},"properties":{"lines":"147, 202, 654, 663, C63","color":"#0059a9","mode":"bus","arr":["147","202","654","663","C63"],"tLines":"202","ntLines":"147, 654, 663, C63","angle":40.4}},{"type":"Feature","geometry":{"type":"Point","coordinates":[14.266817,40.864998]},"properties":{"lines":"147, 201BR, 202, 302, 654, 663, C63","color":"#0059a9","mode":"bus","arr":["147","201BR","202","302","654","663","C63"],"tLines":"202","ntLines":"147, 201BR, 302, 654, 663, C63","angle":39.7}},{"type":"Feature","geometry":{"type":"Point","coordinates":[14.265168,40.866438]},"properties":{"lines":"147, 202, 654","color":"#0059a9","mode":"bus","arr":["147","202","654"],"tLines":"202","ntLines":"147, 654","angle":40.7}},{"type":"Feature","geometry":{"type":"Point","coordinates":[14.264803,40.866289]},"properties":{"lines":"147, 202, 654, 663, C63","color":"#0059a9","mode":"bus","arr":["147","202","654","663","C63"],"tLines":"202","ntLines":"147, 654, 663, C63","angle":39.7,"mi":1}},{"type":"Feature","geometry":{"type":"Point","coordinates":[14.267221,40.863794]},"properties":{"lines":"147, 202, 302","color":"#0059a9","mode":"bus","arr":["147","202","302"],"tLines":"202","ntLines":"147, 302","angle":-50.7}},{"type":"Feature","geometry":{"type":"Point","coordinates":[14.266168,40.862835]},"properties":{"lines":"147, 182, 184, 185, 201, 201BR, 202, 254, 302, 584, C68","color":"#0059a9","mode":"bus","arr":["147","182","184","185","201","201BR","202","254","302","584","C68"],"tLines":"201, 202, 254","ntLines":"147, 182, 184, 185, 201BR, 302, 584, C68","angle":-56.1}},{"type":"Feature","geometry":{"type":"Point","coordinates":[14.242047,40.854275]},"properties":{"lines":"147, C16, N3","color":"#0059a9","mode":"bus","arr":["147","C16","N3"],"angle":22.9,"mi":4}},{"type":"Feature","geometry":{"type":"Point","coordinates":[14.237064,40.85415]},"properties":{"lines":"147, C16, N3","color":"#0059a9","mode":"bus","arr":["147","C16","N3"],"angle":-46.3,"mi":1}},{"type":"Feature","geometry":{"type":"Point","coordinates":[14.244521,40.85347]},"properties":{"lines":"147, C16, N3","color":"#0059a9","mode":"bus","arr":["147","C16","N3"],"angle":35.9,"extra":1,"ei":0}},{"type":"Feature","geometry":{"type":"Point","coordinates":[14.239913,40.854759]},"properties":{"lines":"147, C16, N3","color":"#0059a9","mode":"bus","arr":["147","C16","N3"],"angle":-3.1,"extra":1,"ei":1}},{"type":"Feature","geometry":{"type":"Point","coordinates":[14.237876,40.855083]},"properties":{"lines":"147, C16, N3","color":"#0059a9","mode":"bus","arr":["147","C16","N3"],"angle":40.6}},{"type":"Feature","geometry":{"type":"Point","coordinates":[14.23719,40.855205]},"properties":{"lines":"147, C16, N3","color":"#0059a9","mode":"bus","arr":["147","C16","N3"],"angle":-41.9,"mi":2}},{"type":"Feature","geometry":{"type":"Point","coordinates":[14.257366,40.842341]},"properties":{"lines":"151, 154, 202, 302","color":"#0059a9","mode":"bus","arr":["151","154","202","302"],"tLines":"202","ntLines":"151, 154, 302","angle":23.8}},{"type":"Feature","geometry":{"type":"Point","coordinates":[14.256326,40.843046]},"properties":{"lines":"151, 154","color":"#0059a9","mode":"bus","arr":["151","154"],"angle":47.1}},{"type":"Feature","geometry":{"type":"Point","coordinates":[14.255336,40.843255]},"properties":{"lines":"151, 154, 201, 204","color":"#0059a9","mode":"bus","arr":["151","154","201","204"],"tLines":"201, 204","ntLines":"151, 154","angle":-72.8,"mi":1}},{"type":"Feature","geometry":{"type":"Point","coordinates":[14.254675,40.842049]},"properties":{"lines":"151, 154, 201, 204","color":"#0059a9","mode":"bus","arr":["151","154","201","204"],"tLines":"201, 204","ntLines":"151, 154","angle":-69}},{"type":"Feature","geometry":{"type":"Point","coordinates":[14.253843,40.840403]},"properties":{"lines":"151, 154, 201, 202, 204, 302, N1","color":"#0059a9","mode":"bus","arr":["151","154","201","202","204","302","N1"],"tLines":"201, 202, 204","ntLines":"151, 154, 302, N1","angle":-68.3}},{"type":"Feature","geometry":{"type":"Point","coordinates":[14.25427,40.839609]},"properties":{"lines":"151, 154, N1","color":"#0059a9","mode":"bus","arr":["151","154","N1"],"angle":19.4}},{"type":"Feature","geometry":{"type":"Point","coordinates":[14.253295,40.836924]},"properties":{"lines":"151, 154, N1","color":"#0059a9","mode":"bus","arr":["151","154","N1"],"angle":-32.4,"mi":1}},{"type":"Feature","geometry":{"type":"Point","coordinates":[14.25448,40.838556]},"properties":{"lines":"151, 154, N1","color":"#0059a9","mode":"bus","arr":["151","154","N1"],"angle":-64.8,"extra":1,"ei":0}},{"type":"Feature","geometry":{"type":"Point","coordinates":[14.25112,40.836013]},"properties":{"lines":"151, 154, N1","color":"#0059a9","mode":"bus","arr":["151","154","N1"],"angle":-35.7,"extra":1,"ei":1}},{"type":"Feature","geometry":{"type":"Point","coordinates":[14.213469,40.827648]},"properties":{"lines":"151, N1, R7","color":"#0059a9","mode":"bus","arr":["151","N1","R7"],"angle":-13.5,"mi":2}},{"type":"Feature","geometry":{"type":"Point","coordinates":[14.219167,40.828683]},"properties":{"lines":"151, N1, R7","color":"#0059a9","mode":"bus","arr":["151","N1","R7"],"angle":-15.1,"extra":1,"ei":0}},{"type":"Feature","geometry":{"type":"Point","coordinates":[14.216739,40.828242]},"properties":{"lines":"151, N1, R7","color":"#0059a9","mode":"bus","arr":["151","N1","R7"],"angle":-13.5,"extra":1,"ei":1}},{"type":"Feature","geometry":{"type":"Point","coordinates":[14.211884,40.82736]},"properties":{"lines":"151, N1, R7","color":"#0059a9","mode":"bus","arr":["151","N1","R7"],"angle":-13.5,"extra":1,"ei":2}},{"type":"Feature","geometry":{"type":"Point","coordinates":[14.209457,40.826919]},"properties":{"lines":"151, N1, R7","color":"#0059a9","mode":"bus","arr":["151","N1","R7"],"angle":-13.5,"extra":1,"ei":3}},{"type":"Feature","geometry":{"type":"Point","coordinates":[14.207029,40.826479]},"properties":{"lines":"151, N1, R7","color":"#0059a9","mode":"bus","arr":["151","N1","R7"],"angle":-7.7,"extra":1,"ei":4}},{"type":"Feature","geometry":{"type":"Point","coordinates":[14.206471,40.826881]},"properties":{"lines":"151, N1, R7","color":"#0059a9","mode":"bus","arr":["151","N1","R7"],"angle":75.3}},{"type":"Feature","geometry":{"type":"Point","coordinates":[14.205976,40.82709]},"properties":{"lines":"151, 612, N1, N7, R7","color":"#0059a9","mode":"bus","arr":["151","612","N1","N7","R7"],"angle":-23.9}},{"type":"Feature","geometry":{"type":"Point","coordinates":[14.20483,40.827115]},"properties":{"lines":"151, N1, N7, R7","color":"#0059a9","mode":"bus","arr":["151","N1","N7","R7"],"angle":3.8}},{"type":"Feature","geometry":{"type":"Point","coordinates":[14.203177,40.826671]},"properties":{"lines":"151, N1, N7, R7","color":"#0059a9","mode":"bus","arr":["151","N1","N7","R7"],"angle":-8.4,"mi":1}},{"type":"Feature","geometry":{"type":"Point","coordinates":[14.199811,40.826296]},"properties":{"lines":"151, C3, R7","color":"#0059a9","mode":"bus","arr":["151","C3","R7"],"angle":-8.9}},{"type":"Feature","geometry":{"type":"Point","coordinates":[14.196172,40.825759]},"properties":{"lines":"151, 180, 181, 502, 618, C1, C1E, C3, N6, N7, R6, R7, S1, S2","color":"#0059a9","mode":"bus","arr":["151","180","181","502","618","C1","C1E","C3","N6","N7","R6","R7","S1","S2"],"angle":-14.8}},{"type":"Feature","geometry":{"type":"Point","coordinates":[14.19449,40.825429]},"properties":{"lines":"151, C1, C1E, C3, R7","color":"#0059a9","mode":"bus","arr":["151","C1","C1E","C3","R7"],"angle":-14.5}},{"type":"Feature","geometry":{"type":"Point","coordinates":[14.193595,40.825243]},"properties":{"lines":"151, C1, C1E, N1, R7","color":"#0059a9","mode":"bus","arr":["151","C1","C1E","N1","R7"],"angle":-15.1,"mi":1}},{"type":"Feature","geometry":{"type":"Point","coordinates":[14.192565,40.824031]},"properties":{"lines":"151, C1, C1E, N1, R7","color":"#0059a9","mode":"bus","arr":["151","C1","C1E","N1","R7"],"angle":64.5}},{"type":"Feature","geometry":{"type":"Point","coordinates":[14.193775,40.823037]},"properties":{"lines":"151, 618, C1, C1E, N1, R7","color":"#0059a9","mode":"bus","arr":["151","618","C1","C1E","N1","R7"],"angle":-25}},{"type":"Feature","geometry":{"type":"Point","coordinates":[14.194416,40.823262]},"properties":{"lines":"151, 180, 181, 502, 618, C1, C1E, C3, N1, N6, N7, R6, R7, S1, S2","color":"#0059a9","mode":"bus","arr":["151","180","181","502","618","C1","C1E","C3","N1","N6","N7","R6","R7","S1","S2"],"angle":-24.7,"mi":1}},{"type":"Feature","geometry":{"type":"Point","coordinates":[14.196345,40.823889]},"properties":{"lines":"151, 180, 181, 502, 618, C1, C1E, C3, N1, N6, N7, R6, R7, S1, S2","color":"#0059a9","mode":"bus","arr":["151","180","181","502","618","C1","C1E","C3","N1","N6","N7","R6","R7","S1","S2"],"angle":-22.4}},{"type":"Feature","geometry":{"type":"Point","coordinates":[14.201826,40.825079]},"properties":{"lines":"151, N1, R7","color":"#0059a9","mode":"bus","arr":["151","N1","R7"],"angle":-6.7,"mi":1}},{"type":"Feature","geometry":{"type":"Point","coordinates":[14.1991,40.824741]},"properties":{"lines":"151, N1, R7","color":"#0059a9","mode":"bus","arr":["151","N1","R7"],"angle":-18.4,"extra":1,"ei":0}},{"type":"Feature","geometry":{"type":"Point","coordinates":[14.203982,40.82546]},"properties":{"lines":"151, N1, R7","color":"#0059a9","mode":"bus","arr":["151","N1","R7"],"angle":-21.5,"extra":1,"ei":1}},{"type":"Feature","geometry":{"type":"Point","coordinates":[14.206143,40.826162]},"properties":{"lines":"151, 612, N1, R7","color":"#0059a9","mode":"bus","arr":["151","612","N1","R7"],"angle":-23.6,"mi":2}},{"type":"Feature","geometry":{"type":"Point","coordinates":[14.20753,40.826502]},"properties":{"lines":"151, 612, N1, R7","color":"#0059a9","mode":"bus","arr":["151","612","N1","R7"],"angle":-14.4,"side":-1,"mi":1}},{"type":"Feature","geometry":{"type":"Point","coordinates":[14.2138,40.827654]},"properties":{"lines":"151, 612, N1, R7","color":"#0059a9","mode":"bus","arr":["151","612","N1","R7"],"angle":-13.5,"side":-1}},{"type":"Feature","geometry":{"type":"Point","coordinates":[14.209614,40.826892]},"properties":{"lines":"151, 612, N1, R7","color":"#0059a9","mode":"bus","arr":["151","612","N1","R7"],"angle":-13.5,"extra":1,"ei":0,"side":-1}},{"type":"Feature","geometry":{"type":"Point","coordinates":[14.212041,40.827334]},"properties":{"lines":"151, 612, N1, R7","color":"#0059a9","mode":"bus","arr":["151","612","N1","R7"],"angle":-13.5,"extra":1,"ei":1,"side":-1}},{"type":"Feature","geometry":{"type":"Point","coordinates":[14.216896,40.828217]},"properties":{"lines":"151, 612, N1, R7","color":"#0059a9","mode":"bus","arr":["151","612","N1","R7"],"angle":-13.5,"extra":1,"ei":2,"side":-1}},{"type":"Feature","geometry":{"type":"Point","coordinates":[14.219466,40.828683]},"properties":{"lines":"151, 612, N1, R7","color":"#0059a9","mode":"bus","arr":["151","612","N1","R7"],"angle":-10,"side":-1,"mi":3}},{"type":"Feature","geometry":{"type":"Point","coordinates":[14.247108,40.83374]},"properties":{"lines":"151","color":"#0059a9","mode":"bus","arr":["151"],"angle":-34.8,"side":-1}},{"type":"Feature","geometry":{"type":"Point","coordinates":[14.245053,40.832658]},"properties":{"lines":"151","color":"#0059a9","mode":"bus","arr":["151"],"angle":-34.8,"extra":1,"ei":0,"side":-1}},{"type":"Feature","geometry":{"type":"Point","coordinates":[14.249152,40.834815]},"properties":{"lines":"151","color":"#0059a9","mode":"bus","arr":["151"],"angle":-34.8,"extra":1,"ei":1,"side":-1}},{"type":"Feature","geometry":{"type":"Point","coordinates":[14.268134,40.853796]},"properties":{"lines":"151, C56","color":"#0059a9","mode":"bus","arr":["151","C56"],"angle":-31.3,"side":-1}},{"type":"Feature","geometry":{"type":"Point","coordinates":[14.269012,40.85402]},"properties":{"lines":"151, C56","color":"#0059a9","mode":"bus","arr":["151","C56"],"angle":-8,"mi":1}},{"type":"Feature","geometry":{"type":"Point","coordinates":[14.270531,40.854172]},"properties":{"lines":"151, C56, R5","color":"#0059a9","mode":"bus","arr":["151","C56","R5"],"angle":-7.4}},{"type":"Feature","geometry":{"type":"Point","coordinates":[14.338711,40.831706]},"properties":{"lines":"156, 158, 475","color":"#0059a9","mode":"bus","arr":["156","158","475"],"angle":1.8}},{"type":"Feature","geometry":{"type":"Point","coordinates":[14.335989,40.831679]},"properties":{"lines":"156, 158, 475","color":"#0059a9","mode":"bus","arr":["156","158","475"],"angle":-22.3,"mi":1}},{"type":"Feature","geometry":{"type":"Point","coordinates":[14.333371,40.831788]},"properties":{"lines":"156, 475","color":"#0059a9","mode":"bus","arr":["156","475"],"angle":72.7,"mi":2}},{"type":"Feature","geometry":{"type":"Point","coordinates":[14.330349,40.835514]},"properties":{"lines":"156, 475","color":"#0059a9","mode":"bus","arr":["156","475"],"angle":-35.9}},{"type":"Feature","geometry":{"type":"Point","coordinates":[14.332162,40.834266]},"properties":{"lines":"156, 475","color":"#0059a9","mode":"bus","arr":["156","475"],"angle":54.9,"mi":1}},{"type":"Feature","geometry":{"type":"Point","coordinates":[14.327711,40.834632]},"properties":{"lines":"156","color":"#0059a9","mode":"bus","arr":["156"],"angle":-26.6}},{"type":"Feature","geometry":{"type":"Point","coordinates":[14.324055,40.833139]},"properties":{"lines":"156","color":"#0059a9","mode":"bus","arr":["156"],"angle":-9,"mi":1}},{"type":"Feature","geometry":{"type":"Point","coordinates":[14.321876,40.832303]},"properties":{"lines":"156, 475","color":"#0059a9","mode":"bus","arr":["156","475"],"angle":-30,"mi":3}},{"type":"Feature","geometry":{"type":"Point","coordinates":[14.322633,40.830845]},"properties":{"lines":"156, 173A, 194, 475","color":"#0059a9","mode":"bus","arr":["156","173A","194","475"],"angle":38.8,"side":-1}},{"type":"Feature","geometry":{"type":"Point","coordinates":[14.319845,40.832796]},"properties":{"lines":"156, 173A, 194, 475","color":"#0059a9","mode":"bus","arr":["156","173A","194","475"],"angle":40.1,"mi":1}},{"type":"Feature","geometry":{"type":"Point","coordinates":[14.317468,40.834663]},"properties":{"lines":"156, 173A, 194, 195, 475","color":"#0059a9","mode":"bus","arr":["156","173A","194","195","475"],"angle":57.7}},{"type":"Feature","geometry":{"type":"Point","coordinates":[14.314824,40.837084]},"properties":{"lines":"156, 173A, 194, 195, 472, 475","color":"#0059a9","mode":"bus","arr":["156","173A","194","195","472","475"],"angle":33.1}},{"type":"Feature","geometry":{"type":"Point","coordinates":[14.312804,40.840024]},"properties":{"lines":"156, 173A, 195, 472, 475","color":"#0059a9","mode":"bus","arr":["156","173A","195","472","475"],"angle":74.2}},{"type":"Feature","geometry":{"type":"Point","coordinates":[14.310453,40.842266]},"properties":{"lines":"156, 195","color":"#0059a9","mode":"bus","arr":["156","195"],"angle":48.1}},{"type":"Feature","geometry":{"type":"Point","coordinates":[14.308074,40.843357]},"properties":{"lines":"156, 195","color":"#0059a9","mode":"bus","arr":["156","195"],"angle":24.9,"mi":1}},{"type":"Feature","geometry":{"type":"Point","coordinates":[14.32946,40.81876]},"properties":{"lines":"158, 254, 455","color":"#0059a9","mode":"bus","arr":["158","254","455"],"tLines":"254","ntLines":"158, 455","angle":35.7}},{"type":"Feature","geometry":{"type":"Point","coordinates":[14.334978,40.815266]},"properties":{"lines":"158, 254, 455","color":"#0059a9","mode":"bus","arr":["158","254","455"],"tLines":"254","ntLines":"158, 455","angle":49.4,"extra":1,"ei":0}},{"type":"Feature","geometry":{"type":"Point","coordinates":[14.333247,40.816615]},"properties":{"lines":"158, 254, 455","color":"#0059a9","mode":"bus","arr":["158","254","455"],"tLines":"254","ntLines":"158, 455","angle":37,"extra":1,"ei":1}},{"type":"Feature","geometry":{"type":"Point","coordinates":[14.331243,40.817742]},"properties":{"lines":"158, 254, 455","color":"#0059a9","mode":"bus","arr":["158","254","455"],"tLines":"254","ntLines":"158, 455","angle":37.7,"extra":1,"ei":2}},{"type":"Feature","geometry":{"type":"Point","coordinates":[14.327542,40.820246]},"properties":{"lines":"158, 254, 455","color":"#0059a9","mode":"bus","arr":["158","254","455"],"tLines":"254","ntLines":"158, 455","angle":48,"extra":1,"ei":3}},{"type":"Feature","geometry":{"type":"Point","coordinates":[14.325593,40.821394]},"properties":{"lines":"158, 254, 455","color":"#0059a9","mode":"bus","arr":["158","254","455"],"tLines":"254","ntLines":"158, 455","angle":29.2,"extra":1,"ei":4}},{"type":"Feature","geometry":{"type":"Point","coordinates":[14.323546,40.822472]},"properties":{"lines":"158, 254, 455","color":"#0059a9","mode":"bus","arr":["158","254","455"],"tLines":"254","ntLines":"158, 455","angle":36.7,"extra":1,"ei":5}},{"type":"Feature","geometry":{"type":"Point","coordinates":[14.32555,40.824107]},"properties":{"lines":"158","color":"#0059a9","mode":"bus","arr":["158"],"angle":-32.6,"mi":9}},{"type":"Feature","geometry":{"type":"Point","coordinates":[14.324017,40.823307]},"properties":{"lines":"158","color":"#0059a9","mode":"bus","arr":["158"],"angle":-33.4,"extra":1,"ei":0}},{"type":"Feature","geometry":{"type":"Point","coordinates":[14.32855,40.825381]},"properties":{"lines":"158","color":"#0059a9","mode":"bus","arr":["158"],"angle":-12.7,"mi":4}},{"type":"Feature","geometry":{"type":"Point","coordinates":[14.32997,40.825358]},"properties":{"lines":"158","color":"#0059a9","mode":"bus","arr":["158"],"angle":5.5,"mi":1}},{"type":"Feature","geometry":{"type":"Point","coordinates":[14.330047,40.826395]},"properties":{"lines":"158","color":"#0059a9","mode":"bus","arr":["158"],"angle":68.6}},{"type":"Feature","geometry":{"type":"Point","coordinates":[14.330887,40.827403]},"properties":{"lines":"158, 475","color":"#0059a9","mode":"bus","arr":["158","475"],"angle":-26,"mi":4}},{"type":"Feature","geometry":{"type":"Point","coordinates":[14.333088,40.828244]},"properties":{"lines":"158, 475","color":"#0059a9","mode":"bus","arr":["158","475"],"angle":-27.6,"extra":1,"ei":0}},{"type":"Feature","geometry":{"type":"Point","coordinates":[14.328624,40.826551]},"properties":{"lines":"158, 475","color":"#0059a9","mode":"bus","arr":["158","475"],"angle":-27,"extra":1,"ei":1}},{"type":"Feature","geometry":{"type":"Point","coordinates":[14.336239,40.830227]},"properties":{"lines":"158, 475","color":"#0059a9","mode":"bus","arr":["158","475"],"angle":-41.3}},{"type":"Feature","geometry":{"type":"Point","coordinates":[14.340583,40.829991]},"properties":{"lines":"158","color":"#0059a9","mode":"bus","arr":["158"],"angle":45,"mi":2}},{"type":"Feature","geometry":{"type":"Point","coordinates":[14.341745,40.82811]},"properties":{"lines":"158","color":"#0059a9","mode":"bus","arr":["158"],"angle":4.5,"mi":3}},{"type":"Feature","geometry":{"type":"Point","coordinates":[14.342176,40.829629]},"properties":{"lines":"158","color":"#0059a9","mode":"bus","arr":["158"],"angle":-88.7,"mi":5}},{"type":"Feature","geometry":{"type":"Point","coordinates":[14.342215,40.83092]},"properties":{"lines":"158","color":"#0059a9","mode":"bus","arr":["158"],"angle":-89.1,"extra":1,"ei":0}},{"type":"Feature","geometry":{"type":"Point","coordinates":[14.3398,40.831486]},"properties":{"lines":"475","color":"#0059a9","mode":"bus","arr":["475"],"angle":8.8,"mi":6}},{"type":"Feature","geometry":{"type":"Point","coordinates":[14.342629,40.831121]},"properties":{"lines":"158","color":"#0059a9","mode":"bus","arr":["158"],"angle":9,"mi":7}},{"type":"Feature","geometry":{"type":"Point","coordinates":[14.344571,40.831889]},"properties":{"lines":"158, 175, 475","color":"#0059a9","mode":"bus","arr":["158","175","475"],"angle":-8}},{"type":"Feature","geometry":{"type":"Point","coordinates":[14.346291,40.832245]},"properties":{"lines":"158, 175, 475","color":"#0059a9","mode":"bus","arr":["158","175","475"],"angle":-41.9,"extra":1,"ei":0}},{"type":"Feature","geometry":{"type":"Point","coordinates":[14.345549,40.833391]},"properties":{"lines":"158, 175, 475","color":"#0059a9","mode":"bus","arr":["158","175","475"],"angle":60.1,"mi":1}},{"type":"Feature","geometry":{"type":"Point","coordinates":[14.343415,40.836559]},"properties":{"lines":"158, 475","color":"#0059a9","mode":"bus","arr":["158","475"],"angle":66.2,"mi":6}},{"type":"Feature","geometry":{"type":"Point","coordinates":[14.342701,40.837787]},"properties":{"lines":"158, 475","color":"#0059a9","mode":"bus","arr":["158","475"],"angle":66.7,"extra":1,"ei":0}},{"type":"Feature","geometry":{"type":"Point","coordinates":[14.341501,40.839895]},"properties":{"lines":"158, 175","color":"#0059a9","mode":"bus","arr":["158","175"],"angle":66.4,"mi":5}},{"type":"Feature","geometry":{"type":"Point","coordinates":[14.339657,40.843173]},"properties":{"lines":"158, 175","color":"#0059a9","mode":"bus","arr":["158","175"],"angle":67.4,"mi":1}},{"type":"Feature","geometry":{"type":"Point","coordinates":[14.340318,40.842009]},"properties":{"lines":"158, 175","color":"#0059a9","mode":"bus","arr":["158","175"],"angle":67.2,"extra":1,"ei":0}},{"type":"Feature","geometry":{"type":"Point","coordinates":[14.338196,40.84576]},"properties":{"lines":"158","color":"#0059a9","mode":"bus","arr":["158"],"angle":67.3,"mi":1}},{"type":"Feature","geometry":{"type":"Point","coordinates":[14.346511,40.847565]},"properties":{"lines":"158, 175","color":"#0059a9","mode":"bus","arr":["158","175"],"angle":-76.9,"side":-1,"mi":6}},{"type":"Feature","geometry":{"type":"Point","coordinates":[14.340196,40.845759]},"properties":{"lines":"158, 175","color":"#0059a9","mode":"bus","arr":["158","175"],"angle":-23.5,"side":-1}},{"type":"Feature","geometry":{"type":"Point","coordinates":[14.336852,40.845057]},"properties":{"lines":"158, 175","color":"#0059a9","mode":"bus","arr":["158","175"],"angle":-26.6,"side":-1,"mi":3}},{"type":"Feature","geometry":{"type":"Point","coordinates":[14.343582,40.846837]},"properties":{"lines":"158, 175","color":"#0059a9","mode":"bus","arr":["158","175"],"angle":-2.8,"extra":1,"ei":0,"side":-1}},{"type":"Feature","geometry":{"type":"Point","coordinates":[14.346703,40.848737]},"properties":{"lines":"158, 175","color":"#0059a9","mode":"bus","arr":["158","175"],"angle":-73.9,"extra":1,"ei":1,"side":-1}},{"type":"Feature","geometry":{"type":"Point","coordinates":[14.347787,40.850433]},"properties":{"lines":"158, 175","color":"#0059a9","mode":"bus","arr":["158","175"],"angle":-69.3,"extra":1,"ei":2,"side":-1}},{"type":"Feature","geometry":{"type":"Point","coordinates":[14.342134,40.846456]},"properties":{"lines":"158, 175","color":"#0059a9","mode":"bus","arr":["158","175"],"angle":-37,"side":-1,"mi":2}},{"type":"Feature","geometry":{"type":"Point","coordinates":[14.344013,40.846961]},"properties":{"lines":"158","color":"#0059a9","mode":"bus","arr":["158"],"angle":2.1}},{"type":"Feature","geometry":{"type":"Point","coordinates":[14.347324,40.849959]},"properties":{"lines":"158","color":"#0059a9","mode":"bus","arr":["158"],"angle":-62.9,"extra":1,"ei":0}},{"type":"Feature","geometry":{"type":"Point","coordinates":[14.346428,40.848219]},"properties":{"lines":"158","color":"#0059a9","mode":"bus","arr":["158"],"angle":-84.5,"extra":1,"ei":1}},{"type":"Feature","geometry":{"type":"Point","coordinates":[14.340343,40.846108]},"properties":{"lines":"158","color":"#0059a9","mode":"bus","arr":["158"],"angle":-22.2,"extra":1,"ei":2}},{"type":"Feature","geometry":{"type":"Point","coordinates":[14.338018,40.84542]},"properties":{"lines":"158","color":"#0059a9","mode":"bus","arr":["158"],"angle":-21.4,"extra":1,"ei":3}},{"type":"Feature","geometry":{"type":"Point","coordinates":[14.335068,40.843929]},"properties":{"lines":"175","color":"#0059a9","mode":"bus","arr":["175"],"angle":-54.7}},{"type":"Feature","geometry":{"type":"Point","coordinates":[14.33412,40.842891]},"properties":{"lines":"175","color":"#0059a9","mode":"bus","arr":["175"],"angle":-55.5,"extra":1,"ei":0}},{"type":"Feature","geometry":{"type":"Point","coordinates":[14.337096,40.845853]},"properties":{"lines":"158, 175","color":"#0059a9","mode":"bus","arr":["158","175"],"angle":-67.2,"mi":4}},{"type":"Feature","geometry":{"type":"Point","coordinates":[14.342055,40.832849]},"properties":{"lines":"158, 475","color":"#0059a9","mode":"bus","arr":["158","475"],"angle":-33.7,"mi":5}},{"type":"Feature","geometry":{"type":"Point","coordinates":[14.343766,40.833853]},"properties":{"lines":"158, 475","color":"#0059a9","mode":"bus","arr":["158","475"],"angle":-43.1,"extra":1,"ei":0}},{"type":"Feature","geometry":{"type":"Point","coordinates":[14.339553,40.831869]},"properties":{"lines":"158, 475","color":"#0059a9","mode":"bus","arr":["158","475"],"angle":-19.2,"extra":1,"ei":1}},{"type":"Feature","geometry":{"type":"Point","coordinates":[14.333452,40.830486]},"properties":{"lines":"158, 475","color":"#0059a9","mode":"bus","arr":["158","475"],"angle":84.3,"mi":1}},{"type":"Feature","geometry":{"type":"Point","coordinates":[14.332233,40.829534]},"properties":{"lines":"158, 475","color":"#0059a9","mode":"bus","arr":["158","475"],"angle":-32.9,"mi":2}},{"type":"Feature","geometry":{"type":"Point","coordinates":[14.331703,40.828317]},"properties":{"lines":"158, 475","color":"#0059a9","mode":"bus","arr":["158","475"],"angle":56.3,"mi":3}},{"type":"Feature","geometry":{"type":"Point","coordinates":[14.327896,40.825736]},"properties":{"lines":"158","color":"#0059a9","mode":"bus","arr":["158"],"angle":58.7,"mi":6}},{"type":"Feature","geometry":{"type":"Point","coordinates":[14.232379,40.880021]},"properties":{"lines":"162, 167, 168, 663, C78, NL1","color":"#0059a9","mode":"bus","arr":["162","167","168","663","C78","NL1"],"angle":-44.2}},{"type":"Feature","geometry":{"type":"Point","coordinates":[14.228583,40.885859]},"properties":{"lines":"162, 167, 460, NL1","color":"#0059a9","mode":"bus","arr":["162","167","460","NL1"],"angle":56.8}},{"type":"Feature","geometry":{"type":"Point","coordinates":[14.232239,40.881586]},"properties":{"lines":"162, 167, 460, NL1","color":"#0059a9","mode":"bus","arr":["162","167","460","NL1"],"angle":56.6,"extra":1,"ei":0}},{"type":"Feature","geometry":{"type":"Point","coordinates":[14.23087,40.883166]},"properties":{"lines":"162, 167, 460, NL1","color":"#0059a9","mode":"bus","arr":["162","167","460","NL1"],"angle":57.5,"extra":1,"ei":1}},{"type":"Feature","geometry":{"type":"Point","coordinates":[14.229523,40.884755]},"properties":{"lines":"162, 167, 460, NL1","color":"#0059a9","mode":"bus","arr":["162","167","460","NL1"],"angle":57.5,"extra":1,"ei":2}},{"type":"Feature","geometry":{"type":"Point","coordinates":[14.226791,40.887917]},"properties":{"lines":"162, 167, 460, NL1","color":"#0059a9","mode":"bus","arr":["162","167","460","NL1"],"angle":54,"extra":1,"ei":3}},{"type":"Feature","geometry":{"type":"Point","coordinates":[14.225028,40.889244]},"properties":{"lines":"162, 167, 460, NL1","color":"#0059a9","mode":"bus","arr":["162","167","460","NL1"],"angle":39.2,"extra":1,"ei":4}},{"type":"Feature","geometry":{"type":"Point","coordinates":[14.223045,40.89064]},"properties":{"lines":"162, 165, 165Q, 167, 460, 572, NL1","color":"#0059a9","mode":"bus","arr":["162","165","165Q","167","460","572","NL1"],"angle":12.8}},{"type":"Feature","geometry":{"type":"Point","coordinates":[14.220396,40.892094]},"properties":{"lines":"162, 165, 165Q, 167, 460, 572","color":"#0059a9","mode":"bus","arr":["162","165","165Q","167","460","572"],"angle":39.1}},{"type":"Feature","geometry":{"type":"Point","coordinates":[14.212521,40.896863]},"properties":{"lines":"162, 165, 165Q, 460","color":"#0059a9","mode":"bus","arr":["162","165","165Q","460"],"angle":38.2}},{"type":"Feature","geometry":{"type":"Point","coordinates":[14.21728,40.894006]},"properties":{"lines":"162, 165, 165Q, 460","color":"#0059a9","mode":"bus","arr":["162","165","165Q","460"],"angle":38.7,"extra":1,"ei":0}},{"type":"Feature","geometry":{"type":"Point","coordinates":[14.215329,40.895184]},"properties":{"lines":"162, 165, 165Q, 460","color":"#0059a9","mode":"bus","arr":["162","165","165Q","460"],"angle":38.5,"extra":1,"ei":1}},{"type":"Feature","geometry":{"type":"Point","coordinates":[14.209066,40.898068]},"properties":{"lines":"162, 165, 165Q, 460","color":"#0059a9","mode":"bus","arr":["162","165","165Q","460"],"angle":0.9,"extra":1,"ei":2}},{"type":"Feature","geometry":{"type":"Point","coordinates":[14.20657,40.898092]},"properties":{"lines":"162, 165, 165Q, 460","color":"#0059a9","mode":"bus","arr":["162","165","165Q","460"],"angle":0.4,"extra":1,"ei":3}},{"type":"Feature","geometry":{"type":"Point","coordinates":[14.200044,40.898128]},"properties":{"lines":"162, 165, 165Q, 460","color":"#0059a9","mode":"bus","arr":["162","165","165Q","460"],"angle":0.9,"mi":2}},{"type":"Feature","geometry":{"type":"Point","coordinates":[14.204023,40.898107]},"properties":{"lines":"162, 165, 165Q, 460","color":"#0059a9","mode":"bus","arr":["162","165","165Q","460"],"angle":0.1,"extra":1,"ei":0}},{"type":"Feature","geometry":{"type":"Point","coordinates":[14.196534,40.898174]},"properties":{"lines":"162, 165, 165Q, 460","color":"#0059a9","mode":"bus","arr":["162","165","165Q","460"],"angle":0.2,"extra":1,"ei":1}},{"type":"Feature","geometry":{"type":"Point","coordinates":[14.199876,40.898562]},"properties":{"lines":"162, 165, 165Q, 460","color":"#0059a9","mode":"bus","arr":["162","165","165Q","460"],"angle":23.1,"mi":1}},{"type":"Feature","geometry":{"type":"Point","coordinates":[14.203664,40.898443]},"properties":{"lines":"162, 165, 165Q, 460","color":"#0059a9","mode":"bus","arr":["162","165","165Q","460"],"angle":2.5,"extra":1,"ei":0}},{"type":"Feature","geometry":{"type":"Point","coordinates":[14.196934,40.900142]},"properties":{"lines":"162, 165, 165Q, 460","color":"#0059a9","mode":"bus","arr":["162","165","165Q","460"],"angle":76,"extra":1,"ei":1}},{"type":"Feature","geometry":{"type":"Point","coordinates":[14.195973,40.901286]},"properties":{"lines":"162, 165, 165Q, 460","color":"#0059a9","mode":"bus","arr":["162","165","165Q","460"],"angle":8.6}},{"type":"Feature","geometry":{"type":"Point","coordinates":[14.195677,40.908535]},"properties":{"lines":"162, 460","color":"#0059a9","mode":"bus","arr":["162","460"],"angle":-84.5,"mi":5}},{"type":"Feature","geometry":{"type":"Point","coordinates":[14.195066,40.902341]},"properties":{"lines":"162, 460","color":"#0059a9","mode":"bus","arr":["162","460"],"angle":-86,"extra":1,"ei":0}},{"type":"Feature","geometry":{"type":"Point","coordinates":[14.195285,40.904222]},"properties":{"lines":"162, 460","color":"#0059a9","mode":"bus","arr":["162","460"],"angle":-85.3,"extra":1,"ei":1}},{"type":"Feature","geometry":{"type":"Point","coordinates":[14.19546,40.906106]},"properties":{"lines":"162, 460","color":"#0059a9","mode":"bus","arr":["162","460"],"angle":-87,"extra":1,"ei":2}},{"type":"Feature","geometry":{"type":"Point","coordinates":[14.195819,40.909873]},"properties":{"lines":"162, 460","color":"#0059a9","mode":"bus","arr":["162","460"],"angle":-85.6,"extra":1,"ei":3}},{"type":"Feature","geometry":{"type":"Point","coordinates":[14.196023,40.911755]},"properties":{"lines":"162, 460","color":"#0059a9","mode":"bus","arr":["162","460"],"angle":-86.2,"extra":1,"ei":4}},{"type":"Feature","geometry":{"type":"Point","coordinates":[14.196205,40.913638]},"properties":{"lines":"162, 460","color":"#0059a9","mode":"bus","arr":["162","460"],"angle":-85,"extra":1,"ei":5}},{"type":"Feature","geometry":{"type":"Point","coordinates":[14.19636,40.915521]},"properties":{"lines":"162, 460","color":"#0059a9","mode":"bus","arr":["162","460"],"angle":89.5,"extra":1,"ei":6}},{"type":"Feature","geometry":{"type":"Point","coordinates":[14.196295,40.920342]},"properties":{"lines":"162, 460","color":"#0059a9","mode":"bus","arr":["162","460"],"angle":89.7}},{"type":"Feature","geometry":{"type":"Point","coordinates":[14.196342,40.916227]},"properties":{"lines":"162, 460","color":"#0059a9","mode":"bus","arr":["162","460"],"angle":89.5,"mi":1}},{"type":"Feature","geometry":{"type":"Point","coordinates":[14.196274,40.922223]},"properties":{"lines":"162, 460","color":"#0059a9","mode":"bus","arr":["162","460"],"angle":89.5,"extra":1,"ei":0}},{"type":"Feature","geometry":{"type":"Point","coordinates":[14.19629,40.918446]},"properties":{"lines":"162, 460","color":"#0059a9","mode":"bus","arr":["162","460"],"angle":-89.9,"extra":1,"ei":1}},{"type":"Feature","geometry":{"type":"Point","coordinates":[14.196245,40.923734]},"properties":{"lines":"162, 460","color":"#0059a9","mode":"bus","arr":["162","460"],"angle":88.8,"mi":2}},{"type":"Feature","geometry":{"type":"Point","coordinates":[14.198112,40.924231]},"properties":{"lines":"162, 460","color":"#0059a9","mode":"bus","arr":["162","460"],"angle":2.8,"mi":3}},{"type":"Feature","geometry":{"type":"Point","coordinates":[14.196254,40.9243]},"properties":{"lines":"162, 460","color":"#0059a9","mode":"bus","arr":["162","460"],"angle":2.8,"extra":1,"ei":0}},{"type":"Feature","geometry":{"type":"Point","coordinates":[14.201277,40.924257]},"properties":{"lines":"162, 167, 460","color":"#0059a9","mode":"bus","arr":["162","167","460"],"angle":-2.3,"mi":1}},{"type":"Feature","geometry":{"type":"Point","coordinates":[14.202537,40.923119]},"properties":{"lines":"162, 460","color":"#0059a9","mode":"bus","arr":["162","460"],"angle":89.4,"side":-1,"mi":4}},{"type":"Feature","geometry":{"type":"Point","coordinates":[14.204043,40.92189]},"properties":{"lines":"162, 167, 460","color":"#0059a9","mode":"bus","arr":["162","167","460"],"angle":-3.1,"mi":2}},{"type":"Feature","geometry":{"type":"Point","coordinates":[14.214404,40.91828]},"properties":{"lines":"162, 460","color":"#0059a9","mode":"bus","arr":["162","460"],"angle":19.9,"mi":6}},{"type":"Feature","geometry":{"type":"Point","coordinates":[14.206777,40.921965]},"properties":{"lines":"162, 460","color":"#0059a9","mode":"bus","arr":["162","460"],"angle":-1.4,"extra":1,"ei":0}},{"type":"Feature","geometry":{"type":"Point","coordinates":[14.209134,40.92164]},"properties":{"lines":"162, 460","color":"#0059a9","mode":"bus","arr":["162","460"],"angle":37.2,"extra":1,"ei":1}},{"type":"Feature","geometry":{"type":"Point","coordinates":[14.21099,40.920381]},"properties":{"lines":"162, 460","color":"#0059a9","mode":"bus","arr":["162","460"],"angle":47.2,"extra":1,"ei":2}},{"type":"Feature","geometry":{"type":"Point","coordinates":[14.212571,40.918928]},"properties":{"lines":"162, 460","color":"#0059a9","mode":"bus","arr":["162","460"],"angle":35.8,"extra":1,"ei":3}},{"type":"Feature","geometry":{"type":"Point","coordinates":[14.217346,40.918135]},"properties":{"lines":"162, 460","color":"#0059a9","mode":"bus","arr":["162","460"],"angle":2,"extra":1,"ei":4}},{"type":"Feature","geometry":{"type":"Point","coordinates":[14.219841,40.918116]},"properties":{"lines":"162, 460","color":"#0059a9","mode":"bus","arr":["162","460"],"angle":-1.1,"extra":1,"ei":5}},{"type":"Feature","geometry":{"type":"Point","coordinates":[14.222333,40.918221]},"properties":{"lines":"162, 460","color":"#0059a9","mode":"bus","arr":["162","460"],"angle":-1.2,"extra":1,"ei":6}},{"type":"Feature","geometry":{"type":"Point","coordinates":[14.22483,40.918218]},"properties":{"lines":"162, 460","color":"#0059a9","mode":"bus","arr":["162","460"],"angle":-0.2,"extra":1,"ei":7}},{"type":"Feature","geometry":{"type":"Point","coordinates":[14.224351,40.925404]},"properties":{"lines":"162, 460","color":"#0059a9","mode":"bus","arr":["162","460"],"angle":66.8,"mi":1}},{"type":"Feature","geometry":{"type":"Point","coordinates":[14.224962,40.920255]},"properties":{"lines":"162, 460","color":"#0059a9","mode":"bus","arr":["162","460"],"angle":87.3,"mi":5}},{"type":"Feature","geometry":{"type":"Point","coordinates":[14.224998,40.923194]},"properties":{"lines":"162, 460","color":"#0059a9","mode":"bus","arr":["162","460"],"angle":86.1,"extra":1,"ei":0}},{"type":"Feature","geometry":{"type":"Point","coordinates":[14.223783,40.926809]},"properties":{"lines":"162, 460","color":"#0059a9","mode":"bus","arr":["162","460"],"angle":88.7,"extra":1,"ei":1}},{"type":"Feature","geometry":{"type":"Point","coordinates":[14.222583,40.928557]},"properties":{"lines":"162, 460","color":"#0059a9","mode":"bus","arr":["162","460"],"angle":0,"mi":4}},{"type":"Feature","geometry":{"type":"Point","coordinates":[14.219707,40.92856]},"properties":{"lines":"162, 460","color":"#0059a9","mode":"bus","arr":["162","460"],"angle":0.1,"mi":3}},{"type":"Feature","geometry":{"type":"Point","coordinates":[14.217943,40.926422]},"properties":{"lines":"162, 460","color":"#0059a9","mode":"bus","arr":["162","460"],"angle":-68.5,"mi":2}},{"type":"Feature","geometry":{"type":"Point","coordinates":[14.21801,40.927618]},"properties":{"lines":"162, 460","color":"#0059a9","mode":"bus","arr":["162","460"],"angle":-89,"extra":1,"ei":0}},{"type":"Feature","geometry":{"type":"Point","coordinates":[14.221379,40.923149]},"properties":{"lines":"162, 460","color":"#0059a9","mode":"bus","arr":["162","460"],"angle":23.7}},{"type":"Feature","geometry":{"type":"Point","coordinates":[14.218759,40.923646]},"properties":{"lines":"162, 460","color":"#0059a9","mode":"bus","arr":["162","460"],"angle":30.4,"extra":1,"ei":0}},{"type":"Feature","geometry":{"type":"Point","coordinates":[14.223256,40.922278]},"properties":{"lines":"162, 460","color":"#0059a9","mode":"bus","arr":["162","460"],"angle":6.3,"extra":1,"ei":1}},{"type":"Feature","geometry":{"type":"Point","coordinates":[14.202622,40.923113]},"properties":{"lines":"162, 167, 460","color":"#0059a9","mode":"bus","arr":["162","167","460"],"angle":89.4}},{"type":"Feature","geometry":{"type":"Point","coordinates":[14.194965,40.901043]},"properties":{"lines":"162, 165, 165Q, 460","color":"#0059a9","mode":"bus","arr":["162","165","165Q","460"],"angle":-86,"mi":3}},{"type":"Feature","geometry":{"type":"Point","coordinates":[14.19478,40.899421]},"properties":{"lines":"162","color":"#0059a9","mode":"bus","arr":["162"],"angle":-86.3}},{"type":"Feature","geometry":{"type":"Point","coordinates":[14.231438,40.880256]},"properties":{"lines":"168, 663, C78, NL1","color":"#0059a9","mode":"bus","arr":["168","663","C78","NL1"],"angle":-0.2}},{"type":"Feature","geometry":{"type":"Point","coordinates":[14.133618,40.902186]},"properties":{"lines":"165, 165Q","color":"#0059a9","mode":"bus","arr":["165","165Q"],"angle":4.4}},{"type":"Feature","geometry":{"type":"Point","coordinates":[14.148641,40.901379]},"properties":{"lines":"165, 165Q","color":"#0059a9","mode":"bus","arr":["165","165Q"],"angle":-1,"side":-1,"mi":1}},{"type":"Feature","geometry":{"type":"Point","coordinates":[14.122625,40.903429]},"properties":{"lines":"165, 165Q","color":"#0059a9","mode":"bus","arr":["165","165Q"],"angle":33.4,"extra":1,"ei":0}},{"type":"Feature","geometry":{"type":"Point","coordinates":[14.124731,40.902415]},"properties":{"lines":"165, 165Q","color":"#0059a9","mode":"bus","arr":["165","165Q"],"angle":28.9,"extra":1,"ei":1}},{"type":"Feature","geometry":{"type":"Point","coordinates":[14.12713,40.901946]},"properties":{"lines":"165, 165Q","color":"#0059a9","mode":"bus","arr":["165","165Q"],"angle":8.2,"extra":1,"ei":2}},{"type":"Feature","geometry":{"type":"Point","coordinates":[14.129579,40.901622]},"properties":{"lines":"165, 165Q","color":"#0059a9","mode":"bus","arr":["165","165Q"],"angle":-3,"extra":1,"ei":3}},{"type":"Feature","geometry":{"type":"Point","coordinates":[14.13198,40.902119]},"properties":{"lines":"165, 165Q","color":"#0059a9","mode":"bus","arr":["165","165Q"],"angle":-14.3,"extra":1,"ei":4}},{"type":"Feature","geometry":{"type":"Point","coordinates":[14.136944,40.902032]},"properties":{"lines":"165, 165Q","color":"#0059a9","mode":"bus","arr":["165","165Q"],"angle":-1.2,"extra":1,"ei":5}},{"type":"Feature","geometry":{"type":"Point","coordinates":[14.139419,40.901919]},"properties":{"lines":"165, 165Q","color":"#0059a9","mode":"bus","arr":["165","165Q"],"angle":12.3,"extra":1,"ei":6}},{"type":"Feature","geometry":{"type":"Point","coordinates":[14.141858,40.901513]},"properties":{"lines":"165, 165Q","color":"#0059a9","mode":"bus","arr":["165","165Q"],"angle":12.5,"extra":1,"ei":7}},{"type":"Feature","geometry":{"type":"Point","coordinates":[14.144325,40.901321]},"properties":{"lines":"165, 165Q","color":"#0059a9","mode":"bus","arr":["165","165Q"],"angle":-1.7,"extra":1,"ei":8}},{"type":"Feature","geometry":{"type":"Point","coordinates":[14.167915,40.897023]},"properties":{"lines":"165, 165Q","color":"#0059a9","mode":"bus","arr":["165","165Q"],"angle":-22.4}},{"type":"Feature","geometry":{"type":"Point","coordinates":[14.148386,40.901422]},"properties":{"lines":"165, 165Q","color":"#0059a9","mode":"bus","arr":["165","165Q"],"angle":-2.2}},{"type":"Feature","geometry":{"type":"Point","coordinates":[14.146594,40.901346]},"properties":{"lines":"165, 165Q","color":"#0059a9","mode":"bus","arr":["165","165Q"],"angle":1.4,"mi":4}},{"type":"Feature","geometry":{"type":"Point","coordinates":[14.185137,40.899897]},"properties":{"lines":"165, 165Q","color":"#0059a9","mode":"bus","arr":["165","165Q"],"angle":-7.7,"extra":1,"ei":0}},{"type":"Feature","geometry":{"type":"Point","coordinates":[14.182653,40.899819]},"properties":{"lines":"165, 165Q","color":"#0059a9","mode":"bus","arr":["165","165Q"],"angle":2.8,"extra":1,"ei":1}},{"type":"Feature","geometry":{"type":"Point","coordinates":[14.180158,40.899852]},"properties":{"lines":"165, 165Q","color":"#0059a9","mode":"bus","arr":["165","165Q"],"angle":-1,"extra":1,"ei":2}},{"type":"Feature","geometry":{"type":"Point","coordinates":[14.177688,40.899608]},"properties":{"lines":"165, 165Q","color":"#0059a9","mode":"bus","arr":["165","165Q"],"angle":-2.9,"extra":1,"ei":3}},{"type":"Feature","geometry":{"type":"Point","coordinates":[14.17526,40.899966]},"properties":{"lines":"165, 165Q","color":"#0059a9","mode":"bus","arr":["165","165Q"],"angle":-0.5,"extra":1,"ei":4}},{"type":"Feature","geometry":{"type":"Point","coordinates":[14.172979,40.899246]},"properties":{"lines":"165, 165Q","color":"#0059a9","mode":"bus","arr":["165","165Q"],"angle":-27.9,"extra":1,"ei":5}},{"type":"Feature","geometry":{"type":"Point","coordinates":[14.170782,40.89835]},"properties":{"lines":"165, 165Q","color":"#0059a9","mode":"bus","arr":["165","165Q"],"angle":-31.9,"extra":1,"ei":6}},{"type":"Feature","geometry":{"type":"Point","coordinates":[14.166359,40.896677]},"properties":{"lines":"165, 165Q","color":"#0059a9","mode":"bus","arr":["165","165Q"],"angle":-14.3,"extra":1,"ei":7}},{"type":"Feature","geometry":{"type":"Point","coordinates":[14.163929,40.89626]},"properties":{"lines":"165, 165Q","color":"#0059a9","mode":"bus","arr":["165","165Q"],"angle":-3,"extra":1,"ei":8}},{"type":"Feature","geometry":{"type":"Point","coordinates":[14.16144,40.896288]},"properties":{"lines":"165, 165Q","color":"#0059a9","mode":"bus","arr":["165","165Q"],"angle":17,"extra":1,"ei":9}},{"type":"Feature","geometry":{"type":"Point","coordinates":[14.15939,40.897354]},"properties":{"lines":"165, 165Q","color":"#0059a9","mode":"bus","arr":["165","165Q"],"angle":30.1,"extra":1,"ei":10}},{"type":"Feature","geometry":{"type":"Point","coordinates":[14.157063,40.897951]},"properties":{"lines":"165, 165Q","color":"#0059a9","mode":"bus","arr":["165","165Q"],"angle":10.2,"extra":1,"ei":11}},{"type":"Feature","geometry":{"type":"Point","coordinates":[14.154679,40.898484]},"properties":{"lines":"165, 165Q","color":"#0059a9","mode":"bus","arr":["165","165Q"],"angle":27.2,"extra":1,"ei":12}},{"type":"Feature","geometry":{"type":"Point","coordinates":[14.15254,40.899456]},"properties":{"lines":"165, 165Q","color":"#0059a9","mode":"bus","arr":["165","165Q"],"angle":30.1,"extra":1,"ei":13}},{"type":"Feature","geometry":{"type":"Point","coordinates":[14.15038,40.900402]},"properties":{"lines":"165, 165Q","color":"#0059a9","mode":"bus","arr":["165","165Q"],"angle":39.6,"extra":1,"ei":14}},{"type":"Feature","geometry":{"type":"Point","coordinates":[14.150171,40.900468]},"properties":{"lines":"165, 165Q","color":"#0059a9","mode":"bus","arr":["165","165Q"],"angle":34.8,"side":-1,"mi":5}},{"type":"Feature","geometry":{"type":"Point","coordinates":[14.149787,40.900963]},"properties":{"lines":"165, 165Q","color":"#0059a9","mode":"bus","arr":["165","165Q"],"angle":50.5,"mi":2}},{"type":"Feature","geometry":{"type":"Point","coordinates":[14.146664,40.901382]},"properties":{"lines":"165, 165Q","color":"#0059a9","mode":"bus","arr":["165","165Q"],"angle":-7.7,"mi":3}},{"type":"Feature","geometry":{"type":"Point","coordinates":[14.121487,40.903981]},"properties":{"lines":"165, 165Q","color":"#0059a9","mode":"bus","arr":["165","165Q"],"angle":7,"side":-1}},{"type":"Feature","geometry":{"type":"Point","coordinates":[14.186223,40.900202]},"properties":{"lines":"165, 165Q, 460","color":"#0059a9","mode":"bus","arr":["165","165Q","460"],"angle":41.3,"mi":2}},{"type":"Feature","geometry":{"type":"Point","coordinates":[14.188611,40.898501]},"properties":{"lines":"165, 165Q, 460","color":"#0059a9","mode":"bus","arr":["165","165Q","460"],"angle":21.8}},{"type":"Feature","geometry":{"type":"Point","coordinates":[14.192805,40.898117]},"properties":{"lines":"165, 165Q, 460","color":"#0059a9","mode":"bus","arr":["165","165Q","460"],"angle":-1.1,"mi":5}},{"type":"Feature","geometry":{"type":"Point","coordinates":[14.194536,40.898154]},"properties":{"lines":"165, 165Q, 460","color":"#0059a9","mode":"bus","arr":["165","165Q","460"],"angle":-1.5,"extra":1,"ei":0}},{"type":"Feature","geometry":{"type":"Point","coordinates":[14.222029,40.890419]},"properties":{"lines":"165, 165Q","color":"#0059a9","mode":"bus","arr":["165","165Q"],"angle":-57.4}},{"type":"Feature","geometry":{"type":"Point","coordinates":[14.220421,40.888371]},"properties":{"lines":"165, 165Q, 572","color":"#0059a9","mode":"bus","arr":["165","165Q","572"],"angle":-64.1}},{"type":"Feature","geometry":{"type":"Point","coordinates":[14.218958,40.886664]},"properties":{"lines":"165, 165Q, 572","color":"#0059a9","mode":"bus","arr":["165","165Q","572"],"angle":-54.2,"extra":1,"ei":0}},{"type":"Feature","geometry":{"type":"Point","coordinates":[14.221737,40.889779]},"properties":{"lines":"165, 165Q, 572","color":"#0059a9","mode":"bus","arr":["165","165Q","572"],"angle":-53.5,"extra":1,"ei":1,"side":-1}},{"type":"Feature","geometry":{"type":"Point","coordinates":[14.218738,40.879876]},"properties":{"lines":"165, 165Q, 572","color":"#0059a9","mode":"bus","arr":["165","165Q","572"],"angle":63.1,"mi":1}},{"type":"Feature","geometry":{"type":"Point","coordinates":[14.217846,40.884312]},"properties":{"lines":"165, 165Q, 572","color":"#0059a9","mode":"bus","arr":["165","165Q","572"],"angle":-78.6,"extra":1,"ei":0}},{"type":"Feature","geometry":{"type":"Point","coordinates":[14.217357,40.882461]},"properties":{"lines":"165, 165Q, 572","color":"#0059a9","mode":"bus","arr":["165","165Q","572"],"angle":-84.6,"extra":1,"ei":1}},{"type":"Feature","geometry":{"type":"Point","coordinates":[14.22027,40.877288]},"properties":{"lines":"165, 165Q, 572","color":"#0059a9","mode":"bus","arr":["165","165Q","572"],"angle":63.9,"extra":1,"ei":2}},{"type":"Feature","geometry":{"type":"Point","coordinates":[14.221468,40.875633]},"properties":{"lines":"165, 165Q, 572","color":"#0059a9","mode":"bus","arr":["165","165Q","572"],"angle":63.9,"extra":1,"ei":3}},{"type":"Feature","geometry":{"type":"Point","coordinates":[14.221635,40.871604]},"properties":{"lines":"165, 165Q, C76, NL1","color":"#0059a9","mode":"bus","arr":["165","165Q","C76","NL1"],"angle":-87.2}},{"type":"Feature","geometry":{"type":"Point","coordinates":[14.222293,40.869379]},"properties":{"lines":"165, 165Q, C76, NL1","color":"#0059a9","mode":"bus","arr":["165","165Q","C76","NL1"],"angle":66,"extra":1,"ei":0}},{"type":"Feature","geometry":{"type":"Point","coordinates":[14.221528,40.873013]},"properties":{"lines":"165, 165Q, C76, NL1","color":"#0059a9","mode":"bus","arr":["165","165Q","C76","NL1"],"angle":78.5,"extra":1,"ei":1}},{"type":"Feature","geometry":{"type":"Point","coordinates":[14.221326,40.864179]},"properties":{"lines":"165, 165Q, 204, C76, N3, N7, NL1","color":"#0059a9","mode":"bus","arr":["165","165Q","204","C76","N3","N7","NL1"],"tLines":"204","ntLines":"165, 165Q, C76, N3, N7, NL1","angle":-74.6}},{"type":"Feature","geometry":{"type":"Point","coordinates":[14.192527,40.901141]},"properties":{"lines":"165, 165Q, 460","color":"#0059a9","mode":"bus","arr":["165","165Q","460"],"angle":12.4,"mi":4}},{"type":"Feature","geometry":{"type":"Point","coordinates":[14.188197,40.902026]},"properties":{"lines":"165, 165Q, 460","color":"#0059a9","mode":"bus","arr":["165","165Q","460"],"angle":3.9,"mi":1}},{"type":"Feature","geometry":{"type":"Point","coordinates":[14.18658,40.902192]},"properties":{"lines":"165, 165Q, 460","color":"#0059a9","mode":"bus","arr":["165","165Q","460"],"angle":9.8,"extra":1,"ei":0}},{"type":"Feature","geometry":{"type":"Point","coordinates":[14.185796,40.901486]},"properties":{"lines":"165, 165Q, 460","color":"#0059a9","mode":"bus","arr":["165","165Q","460"],"angle":-73.2,"mi":3}},{"type":"Feature","geometry":{"type":"Point","coordinates":[14.132927,40.908691]},"properties":{"lines":"165Q","color":"#0059a9","mode":"bus","arr":["165Q"],"angle":-25.1,"mi":2}},{"type":"Feature","geometry":{"type":"Point","coordinates":[14.143807,40.912526]},"properties":{"lines":"165Q","color":"#0059a9","mode":"bus","arr":["165Q"],"angle":-25.3,"extra":1,"ei":0}},{"type":"Feature","geometry":{"type":"Point","coordinates":[14.141545,40.911727]},"properties":{"lines":"165Q","color":"#0059a9","mode":"bus","arr":["165Q"],"angle":-25,"extra":1,"ei":1}},{"type":"Feature","geometry":{"type":"Point","coordinates":[14.139277,40.910939]},"properties":{"lines":"165Q","color":"#0059a9","mode":"bus","arr":["165Q"],"angle":-25.4,"extra":1,"ei":2}},{"type":"Feature","geometry":{"type":"Point","coordinates":[14.137014,40.910141]},"properties":{"lines":"165Q","color":"#0059a9","mode":"bus","arr":["165Q"],"angle":-25.2,"extra":1,"ei":3}},{"type":"Feature","geometry":{"type":"Point","coordinates":[14.134755,40.909337]},"properties":{"lines":"165Q","color":"#0059a9","mode":"bus","arr":["165Q"],"angle":-24.9,"extra":1,"ei":4}},{"type":"Feature","geometry":{"type":"Point","coordinates":[14.13023,40.907741]},"properties":{"lines":"165Q","color":"#0059a9","mode":"bus","arr":["165Q"],"angle":-25.3,"extra":1,"ei":5}},{"type":"Feature","geometry":{"type":"Point","coordinates":[14.127969,40.906939]},"properties":{"lines":"165Q","color":"#0059a9","mode":"bus","arr":["165Q"],"angle":-24.9,"extra":1,"ei":6}},{"type":"Feature","geometry":{"type":"Point","coordinates":[14.125703,40.906146]},"properties":{"lines":"165Q","color":"#0059a9","mode":"bus","arr":["165Q"],"angle":-24.7,"extra":1,"ei":7}},{"type":"Feature","geometry":{"type":"Point","coordinates":[14.123435,40.905358]},"properties":{"lines":"165Q","color":"#0059a9","mode":"bus","arr":["165Q"],"angle":-24.6,"extra":1,"ei":8}},{"type":"Feature","geometry":{"type":"Point","coordinates":[14.121125,40.904647]},"properties":{"lines":"165Q","color":"#0059a9","mode":"bus","arr":["165Q"],"angle":-19.8,"extra":1,"ei":9}},{"type":"Feature","geometry":{"type":"Point","coordinates":[14.140331,40.914242]},"properties":{"lines":"165Q","color":"#0059a9","mode":"bus","arr":["165Q"],"angle":5.9}},{"type":"Feature","geometry":{"type":"Point","coordinates":[14.137556,40.915691]},"properties":{"lines":"165Q","color":"#0059a9","mode":"bus","arr":["165Q"],"angle":43.3,"extra":1,"ei":0}},{"type":"Feature","geometry":{"type":"Point","coordinates":[14.14397,40.91345]},"properties":{"lines":"165Q","color":"#0059a9","mode":"bus","arr":["165Q"],"angle":21,"extra":1,"ei":1}},{"type":"Feature","geometry":{"type":"Point","coordinates":[14.138118,40.916975]},"properties":{"lines":"165Q","color":"#0059a9","mode":"bus","arr":["165Q"],"angle":-7.9,"mi":1}},{"type":"Feature","geometry":{"type":"Point","coordinates":[14.13972,40.916464]},"properties":{"lines":"165Q","color":"#0059a9","mode":"bus","arr":["165Q"],"angle":11.8,"extra":1,"ei":0}},{"type":"Feature","geometry":{"type":"Point","coordinates":[14.221522,40.893659]},"properties":{"lines":"167, 572","color":"#0059a9","mode":"bus","arr":["167","572"],"angle":-5.2}},{"type":"Feature","geometry":{"type":"Point","coordinates":[14.219492,40.893523]},"properties":{"lines":"167, 572","color":"#0059a9","mode":"bus","arr":["167","572"],"angle":-4.6,"extra":1,"ei":0}},{"type":"Feature","geometry":{"type":"Point","coordinates":[14.224466,40.893853]},"properties":{"lines":"167, 572","color":"#0059a9","mode":"bus","arr":["167","572"],"angle":-5,"extra":1,"ei":1}},{"type":"Feature","geometry":{"type":"Point","coordinates":[14.22577,40.893941]},"properties":{"lines":"167, 572, NL1","color":"#0059a9","mode":"bus","arr":["167","572","NL1"],"angle":-5.1}},{"type":"Feature","geometry":{"type":"Point","coordinates":[14.227808,40.892549]},"properties":{"lines":"167","color":"#0059a9","mode":"bus","arr":["167"],"angle":51.6,"mi":4}},{"type":"Feature","geometry":{"type":"Point","coordinates":[14.230345,40.89115]},"properties":{"lines":"167","color":"#0059a9","mode":"bus","arr":["167"],"angle":14.2,"mi":9}},{"type":"Feature","geometry":{"type":"Point","coordinates":[14.231507,40.892008]},"properties":{"lines":"167","color":"#0059a9","mode":"bus","arr":["167"],"angle":-74.4,"mi":6}},{"type":"Feature","geometry":{"type":"Point","coordinates":[14.233317,40.892888]},"properties":{"lines":"167","color":"#0059a9","mode":"bus","arr":["167"],"angle":23.2,"mi":8}},{"type":"Feature","geometry":{"type":"Point","coordinates":[14.234275,40.891739]},"properties":{"lines":"167, 178","color":"#0059a9","mode":"bus","arr":["167","178"],"angle":-69.4}},{"type":"Feature","geometry":{"type":"Point","coordinates":[14.235018,40.893207]},"properties":{"lines":"167, 178","color":"#0059a9","mode":"bus","arr":["167","178"],"angle":-69.8,"extra":1,"ei":0}},{"type":"Feature","geometry":{"type":"Point","coordinates":[14.233317,40.889657]},"properties":{"lines":"167, 178","color":"#0059a9","mode":"bus","arr":["167","178"],"angle":-70.7,"extra":1,"ei":1}},{"type":"Feature","geometry":{"type":"Point","coordinates":[14.236333,40.894795]},"properties":{"lines":"167, N5, NL1","color":"#0059a9","mode":"bus","arr":["167","N5","NL1"],"angle":56.7,"mi":1}},{"type":"Feature","geometry":{"type":"Point","coordinates":[14.23502,40.895564]},"properties":{"lines":"167, N5, NL1","color":"#0059a9","mode":"bus","arr":["167","N5","NL1"],"angle":87.4}},{"type":"Feature","geometry":{"type":"Point","coordinates":[14.23726,40.895132]},"properties":{"lines":"167, 180, C67, NL1, R5","color":"#0059a9","mode":"bus","arr":["167","180","C67","NL1","R5"],"angle":34.1,"mi":2}},{"type":"Feature","geometry":{"type":"Point","coordinates":[14.24099,40.893273]},"properties":{"lines":"167, 180, C67, NL1, R5","color":"#0059a9","mode":"bus","arr":["167","180","C67","NL1","R5"],"angle":31.9}},{"type":"Feature","geometry":{"type":"Point","coordinates":[14.239632,40.893915]},"properties":{"lines":"167, 180, C67, NL1, R5","color":"#0059a9","mode":"bus","arr":["167","180","C67","NL1","R5"],"angle":44.8,"extra":1,"ei":0}},{"type":"Feature","geometry":{"type":"Point","coordinates":[14.241071,40.892887]},"properties":{"lines":"167, 180, C67, NL1, R5","color":"#0059a9","mode":"bus","arr":["167","180","C67","NL1","R5"],"angle":-78.5,"mi":1}},{"type":"Feature","geometry":{"type":"Point","coordinates":[14.240287,40.895384]},"properties":{"lines":"167, 180, C67, R5","color":"#0059a9","mode":"bus","arr":["167","180","C67","R5"],"angle":-55.9}},{"type":"Feature","geometry":{"type":"Point","coordinates":[14.243618,40.895234]},"properties":{"lines":"167, 180, C67, R5","color":"#0059a9","mode":"bus","arr":["167","180","C67","R5"],"angle":34,"side":-1,"mi":3}},{"type":"Feature","geometry":{"type":"Point","coordinates":[14.238583,40.897692]},"properties":{"lines":"167, 180, R5","color":"#0059a9","mode":"bus","arr":["167","180","R5"],"angle":29.9}},{"type":"Feature","geometry":{"type":"Point","coordinates":[14.24009,40.897027]},"properties":{"lines":"167, 180, R5","color":"#0059a9","mode":"bus","arr":["167","180","R5"],"angle":30,"extra":1,"ei":0}},{"type":"Feature","geometry":{"type":"Point","coordinates":[14.234683,40.899416]},"properties":{"lines":"167, 180, C67, N5","color":"#0059a9","mode":"bus","arr":["167","180","C67","N5"],"angle":30.7}},{"type":"Feature","geometry":{"type":"Point","coordinates":[14.233615,40.899594]},"properties":{"lines":"167","color":"#0059a9","mode":"bus","arr":["167"],"angle":-16.3,"side":-1,"mi":2}},{"type":"Feature","geometry":{"type":"Point","coordinates":[14.229325,40.900921]},"properties":{"lines":"167","color":"#0059a9","mode":"bus","arr":["167"],"angle":26.1,"mi":1}},{"type":"Feature","geometry":{"type":"Point","coordinates":[14.232298,40.899182]},"properties":{"lines":"167","color":"#0059a9","mode":"bus","arr":["167"],"angle":-14.9,"extra":1,"ei":0}},{"type":"Feature","geometry":{"type":"Point","coordinates":[14.226577,40.902527]},"properties":{"lines":"167","color":"#0059a9","mode":"bus","arr":["167"],"angle":37.6,"extra":1,"ei":1}},{"type":"Feature","geometry":{"type":"Point","coordinates":[14.220934,40.905679]},"properties":{"lines":"167","color":"#0059a9","mode":"bus","arr":["167"],"angle":41.4}},{"type":"Feature","geometry":{"type":"Point","coordinates":[14.224069,40.903718]},"properties":{"lines":"167","color":"#0059a9","mode":"bus","arr":["167"],"angle":32.8,"extra":1,"ei":0}},{"type":"Feature","geometry":{"type":"Point","coordinates":[14.222126,40.904898]},"properties":{"lines":"167","color":"#0059a9","mode":"bus","arr":["167"],"angle":39.7,"extra":1,"ei":1}},{"type":"Feature","geometry":{"type":"Point","coordinates":[14.218784,40.90758]},"properties":{"lines":"167","color":"#0059a9","mode":"bus","arr":["167"],"angle":21.6,"extra":1,"ei":2}},{"type":"Feature","geometry":{"type":"Point","coordinates":[14.21426,40.908554]},"properties":{"lines":"167, 460","color":"#0059a9","mode":"bus","arr":["167","460"],"angle":28.3}},{"type":"Feature","geometry":{"type":"Point","coordinates":[14.216625,40.907937]},"properties":{"lines":"167, 460","color":"#0059a9","mode":"bus","arr":["167","460"],"angle":17.7,"mi":1}},{"type":"Feature","geometry":{"type":"Point","coordinates":[14.212848,40.909218]},"properties":{"lines":"167, 460","color":"#0059a9","mode":"bus","arr":["167","460"],"angle":33.4,"extra":1,"ei":0}},{"type":"Feature","geometry":{"type":"Point","coordinates":[14.21149,40.910243]},"properties":{"lines":"167, 460","color":"#0059a9","mode":"bus","arr":["167","460"],"angle":50.9,"mi":2}},{"type":"Feature","geometry":{"type":"Point","coordinates":[14.214167,40.912798]},"properties":{"lines":"167","color":"#0059a9","mode":"bus","arr":["167"],"angle":-32.2,"mi":3}},{"type":"Feature","geometry":{"type":"Point","coordinates":[14.211879,40.911686]},"properties":{"lines":"167","color":"#0059a9","mode":"bus","arr":["167"],"angle":-33.1,"extra":1,"ei":0}},{"type":"Feature","geometry":{"type":"Point","coordinates":[14.21606,40.913751]},"properties":{"lines":"167","color":"#0059a9","mode":"bus","arr":["167"],"angle":-34,"extra":1,"ei":1}},{"type":"Feature","geometry":{"type":"Point","coordinates":[14.211906,40.916258]},"properties":{"lines":"167","color":"#0059a9","mode":"bus","arr":["167"],"angle":4.7,"side":-1,"mi":7}},{"type":"Feature","geometry":{"type":"Point","coordinates":[14.216285,40.915139]},"properties":{"lines":"167","color":"#0059a9","mode":"bus","arr":["167"],"angle":26.5,"extra":1,"ei":0}},{"type":"Feature","geometry":{"type":"Point","coordinates":[14.214045,40.915973]},"properties":{"lines":"167","color":"#0059a9","mode":"bus","arr":["167"],"angle":23.5,"extra":1,"ei":1}},{"type":"Feature","geometry":{"type":"Point","coordinates":[14.209138,40.916556]},"properties":{"lines":"167","color":"#0059a9","mode":"bus","arr":["167"],"angle":5,"extra":1,"ei":2}},{"type":"Feature","geometry":{"type":"Point","coordinates":[14.206652,40.916723]},"properties":{"lines":"167","color":"#0059a9","mode":"bus","arr":["167"],"angle":7.3,"extra":1,"ei":3}},{"type":"Feature","geometry":{"type":"Point","coordinates":[14.205707,40.918814]},"properties":{"lines":"167","color":"#0059a9","mode":"bus","arr":["167"],"angle":87.3,"mi":12}},{"type":"Feature","geometry":{"type":"Point","coordinates":[14.205567,40.921334]},"properties":{"lines":"167","color":"#0059a9","mode":"bus","arr":["167"],"angle":87.7,"mi":13}},{"type":"Feature","geometry":{"type":"Point","coordinates":[14.19997,40.923152]},"properties":{"lines":"167","color":"#0059a9","mode":"bus","arr":["167"],"angle":-88.3,"mi":15}},{"type":"Feature","geometry":{"type":"Point","coordinates":[14.201255,40.922071]},"properties":{"lines":"167","color":"#0059a9","mode":"bus","arr":["167"],"angle":2.1,"mi":14}},{"type":"Feature","geometry":{"type":"Point","coordinates":[14.23503,40.899136]},"properties":{"lines":"167, 180, C67","color":"#0059a9","mode":"bus","arr":["167","180","C67"],"angle":30.7,"side":-1}},{"type":"Feature","geometry":{"type":"Point","coordinates":[14.234438,40.896876]},"properties":{"lines":"167, 180, C67, R5","color":"#0059a9","mode":"bus","arr":["167","180","C67","R5"],"angle":-30.3,"mi":2}},{"type":"Feature","geometry":{"type":"Point","coordinates":[14.234362,40.895678]},"properties":{"lines":"167, 180, C67, R5","color":"#0059a9","mode":"bus","arr":["167","180","C67","R5"],"angle":31.5,"mi":1}},{"type":"Feature","geometry":{"type":"Point","coordinates":[14.234916,40.896549]},"properties":{"lines":"167, C67, N5","color":"#0059a9","mode":"bus","arr":["167","C67","N5"],"angle":71.6}},{"type":"Feature","geometry":{"type":"Point","coordinates":[14.235521,40.89785]},"properties":{"lines":"C67, N5","color":"#0059a9","mode":"bus","arr":["C67","N5"],"angle":-73.7,"side":-1}},{"type":"Feature","geometry":{"type":"Point","coordinates":[14.234867,40.895454]},"properties":{"lines":"167","color":"#0059a9","mode":"bus","arr":["167"],"angle":33.3,"side":-1,"mi":5}},{"type":"Feature","geometry":{"type":"Point","coordinates":[14.232651,40.889514]},"properties":{"lines":"167","color":"#0059a9","mode":"bus","arr":["167"],"angle":23.1,"mi":11}},{"type":"Feature","geometry":{"type":"Point","coordinates":[14.231858,40.890215]},"properties":{"lines":"167","color":"#0059a9","mode":"bus","arr":["167"],"angle":41.2,"mi":10}},{"type":"Feature","geometry":{"type":"Point","coordinates":[14.235898,40.878821]},"properties":{"lines":"168, 460, 663","color":"#0059a9","mode":"bus","arr":["168","460","663"],"angle":23.2}},{"type":"Feature","geometry":{"type":"Point","coordinates":[14.238527,40.877983]},"properties":{"lines":"168, 460, 663","color":"#0059a9","mode":"bus","arr":["168","460","663"],"angle":24,"extra":1,"ei":0}},{"type":"Feature","geometry":{"type":"Point","coordinates":[14.234019,40.879567]},"properties":{"lines":"168, 460, 663","color":"#0059a9","mode":"bus","arr":["168","460","663"],"angle":47,"extra":1,"ei":1}},{"type":"Feature","geometry":{"type":"Point","coordinates":[14.244095,40.87616]},"properties":{"lines":"168, 460, 663","color":"#0059a9","mode":"bus","arr":["168","460","663"],"angle":23.1,"mi":1}},{"type":"Feature","geometry":{"type":"Point","coordinates":[14.240818,40.877233]},"properties":{"lines":"168, 460, 663","color":"#0059a9","mode":"bus","arr":["168","460","663"],"angle":23.3,"extra":1,"ei":0}},{"type":"Feature","geometry":{"type":"Point","coordinates":[14.247674,40.874953]},"properties":{"lines":"168, 460, 663","color":"#0059a9","mode":"bus","arr":["168","460","663"],"angle":22.5,"extra":1,"ei":1}},{"type":"Feature","geometry":{"type":"Point","coordinates":[14.350818,40.909694]},"properties":{"lines":"169, 169P","color":"#0059a9","mode":"bus","arr":["169","169P"],"angle":-78.9,"mi":1}},{"type":"Feature","geometry":{"type":"Point","coordinates":[14.352832,40.911159]},"properties":{"lines":"169, 169P","color":"#0059a9","mode":"bus","arr":["169","169P"],"angle":-35,"mi":2}},{"type":"Feature","geometry":{"type":"Point","coordinates":[14.352452,40.908679]},"properties":{"lines":"169","color":"#0059a9","mode":"bus","arr":["169"],"angle":-62.8,"mi":2}},{"type":"Feature","geometry":{"type":"Point","coordinates":[14.353437,40.911027]},"properties":{"lines":"169","color":"#0059a9","mode":"bus","arr":["169"],"angle":-57.2,"extra":1,"ei":0}},{"type":"Feature","geometry":{"type":"Point","coordinates":[14.351937,40.907481]},"properties":{"lines":"169","color":"#0059a9","mode":"bus","arr":["169"],"angle":-72.3,"extra":1,"ei":1}},{"type":"Feature","geometry":{"type":"Point","coordinates":[14.351071,40.905736]},"properties":{"lines":"169","color":"#0059a9","mode":"bus","arr":["169"],"angle":-42,"extra":1,"ei":2}},{"type":"Feature","geometry":{"type":"Point","coordinates":[14.350717,40.903759]},"properties":{"lines":"169","color":"#0059a9","mode":"bus","arr":["169"],"angle":86.3}},{"type":"Feature","geometry":{"type":"Point","coordinates":[14.323092,40.891048]},"properties":{"lines":"169","color":"#0059a9","mode":"bus","arr":["169"],"angle":-53.9}},{"type":"Feature","geometry":{"type":"Point","coordinates":[14.340202,40.902264]},"properties":{"lines":"169","color":"#0059a9","mode":"bus","arr":["169"],"angle":12.4,"mi":7}},{"type":"Feature","geometry":{"type":"Point","coordinates":[14.312073,40.877684]},"properties":{"lines":"169","color":"#0059a9","mode":"bus","arr":["169"],"angle":-35.1,"mi":2}},{"type":"Feature","geometry":{"type":"Point","coordinates":[14.333415,40.899992]},"properties":{"lines":"169","color":"#0059a9","mode":"bus","arr":["169"],"angle":-65.8,"mi":13}},{"type":"Feature","geometry":{"type":"Point","coordinates":[14.354251,40.902111]},"properties":{"lines":"169","color":"#0059a9","mode":"bus","arr":["169"],"angle":-7.5,"mi":1}},{"type":"Feature","geometry":{"type":"Point","coordinates":[14.348105,40.901508]},"properties":{"lines":"169","color":"#0059a9","mode":"bus","arr":["169"],"angle":-6.5,"side":-1,"mi":3}},{"type":"Feature","geometry":{"type":"Point","coordinates":[14.359681,40.903001]},"properties":{"lines":"169","color":"#0059a9","mode":"bus","arr":["169"],"angle":-20,"mi":4}},{"type":"Feature","geometry":{"type":"Point","coordinates":[14.34386,40.901643]},"properties":{"lines":"169","color":"#0059a9","mode":"bus","arr":["169"],"angle":11.7,"extra":1,"ei":0}},{"type":"Feature","geometry":{"type":"Point","coordinates":[14.336536,40.902618]},"properties":{"lines":"169","color":"#0059a9","mode":"bus","arr":["169"],"angle":-18.9,"extra":1,"ei":1}},{"type":"Feature","geometry":{"type":"Point","coordinates":[14.334348,40.901372]},"properties":{"lines":"169","color":"#0059a9","mode":"bus","arr":["169"],"angle":-52.4,"extra":1,"ei":0}},{"type":"Feature","geometry":{"type":"Point","coordinates":[14.33213,40.897996]},"properties":{"lines":"169","color":"#0059a9","mode":"bus","arr":["169"],"angle":-52.7,"extra":1,"ei":1}},{"type":"Feature","geometry":{"type":"Point","coordinates":[14.318295,40.882285]},"properties":{"lines":"169","color":"#0059a9","mode":"bus","arr":["169"],"angle":-53.4,"extra":1,"ei":0}},{"type":"Feature","geometry":{"type":"Point","coordinates":[14.319608,40.883883]},"properties":{"lines":"169","color":"#0059a9","mode":"bus","arr":["169"],"angle":-67.5,"extra":1,"ei":1}},{"type":"Feature","geometry":{"type":"Point","coordinates":[14.320433,40.885657]},"properties":{"lines":"169","color":"#0059a9","mode":"bus","arr":["169"],"angle":-75.4,"extra":1,"ei":2}},{"type":"Feature","geometry":{"type":"Point","coordinates":[14.32111,40.887475]},"properties":{"lines":"169","color":"#0059a9","mode":"bus","arr":["169"],"angle":-73.4,"extra":1,"ei":3}},{"type":"Feature","geometry":{"type":"Point","coordinates":[14.32183,40.889282]},"properties":{"lines":"169","color":"#0059a9","mode":"bus","arr":["169"],"angle":-70.9,"extra":1,"ei":4,"side":-1}},{"type":"Feature","geometry":{"type":"Point","coordinates":[14.324556,40.892417]},"properties":{"lines":"169","color":"#0059a9","mode":"bus","arr":["169"],"angle":-50.4,"extra":1,"ei":5}},{"type":"Feature","geometry":{"type":"Point","coordinates":[14.326155,40.893864]},"properties":{"lines":"169","color":"#0059a9","mode":"bus","arr":["169"],"angle":-41.7,"extra":1,"ei":6}},{"type":"Feature","geometry":{"type":"Point","coordinates":[14.328026,40.895106]},"properties":{"lines":"169","color":"#0059a9","mode":"bus","arr":["169"],"angle":-41.8,"extra":1,"ei":7}},{"type":"Feature","geometry":{"type":"Point","coordinates":[14.329857,40.896389]},"properties":{"lines":"169","color":"#0059a9","mode":"bus","arr":["169"],"angle":-41.1,"extra":1,"ei":8}},{"type":"Feature","geometry":{"type":"Point","coordinates":[14.314102,40.879016]},"properties":{"lines":"169","color":"#0059a9","mode":"bus","arr":["169"],"angle":-42.5,"extra":1,"ei":0}},{"type":"Feature","geometry":{"type":"Point","coordinates":[14.310086,40.876802]},"properties":{"lines":"169","color":"#0059a9","mode":"bus","arr":["169"],"angle":-29.2,"extra":1,"ei":1}},{"type":"Feature","geometry":{"type":"Point","coordinates":[14.3465,40.901369]},"properties":{"lines":"169","color":"#0059a9","mode":"bus","arr":["169"],"angle":-3.6,"extra":1,"ei":0,"side":-1}},{"type":"Feature","geometry":{"type":"Point","coordinates":[14.352229,40.901915]},"properties":{"lines":"169","color":"#0059a9","mode":"bus","arr":["169"],"angle":-7.6,"extra":1,"ei":0}},{"type":"Feature","geometry":{"type":"Point","coordinates":[14.357179,40.902409]},"properties":{"lines":"169","color":"#0059a9","mode":"bus","arr":["169"],"angle":1.2,"extra":1,"ei":1}},{"type":"Feature","geometry":{"type":"Point","coordinates":[14.361247,40.90343]},"properties":{"lines":"169","color":"#0059a9","mode":"bus","arr":["169"],"angle":-19.9,"extra":1,"ei":0}},{"type":"Feature","geometry":{"type":"Point","coordinates":[14.30516,40.874646]},"properties":{"lines":"169","color":"#0059a9","mode":"bus","arr":["169"],"angle":-29.3,"mi":1}},{"type":"Feature","geometry":{"type":"Point","coordinates":[14.325395,40.892423]},"properties":{"lines":"169","color":"#0059a9","mode":"bus","arr":["169"],"angle":-65.8,"mi":1}},{"type":"Feature","geometry":{"type":"Point","coordinates":[14.316283,40.880598]},"properties":{"lines":"169, 182","color":"#0059a9","mode":"bus","arr":["169","182"],"angle":-47.2}},{"type":"Feature","geometry":{"type":"Point","coordinates":[14.30675,40.875395]},"properties":{"lines":"169","color":"#0059a9","mode":"bus","arr":["169"],"angle":-29.7}},{"type":"Feature","geometry":{"type":"Point","coordinates":[14.302007,40.872422]},"properties":{"lines":"169, C90","color":"#0059a9","mode":"bus","arr":["169","C90"],"angle":-44.1,"mi":5}},{"type":"Feature","geometry":{"type":"Point","coordinates":[14.297156,40.869018]},"properties":{"lines":"169, C90","color":"#0059a9","mode":"bus","arr":["169","C90"],"angle":-40.6,"extra":1,"ei":0}},{"type":"Feature","geometry":{"type":"Point","coordinates":[14.298995,40.870295]},"properties":{"lines":"169, C90","color":"#0059a9","mode":"bus","arr":["169","C90"],"angle":-42.2,"extra":1,"ei":1}},{"type":"Feature","geometry":{"type":"Point","coordinates":[14.300828,40.871577]},"properties":{"lines":"169, C90","color":"#0059a9","mode":"bus","arr":["169","C90"],"angle":-43.1,"extra":1,"ei":2}},{"type":"Feature","geometry":{"type":"Point","coordinates":[14.304379,40.874223]},"properties":{"lines":"169, C90","color":"#0059a9","mode":"bus","arr":["169","C90"],"angle":-33.6,"extra":1,"ei":3,"side":-1}},{"type":"Feature","geometry":{"type":"Point","coordinates":[14.306536,40.875174]},"properties":{"lines":"169, C90","color":"#0059a9","mode":"bus","arr":["169","C90"],"angle":-29.6,"extra":1,"ei":4,"side":-1}},{"type":"Feature","geometry":{"type":"Point","coordinates":[14.2946,40.86796]},"properties":{"lines":"169, C90","color":"#0059a9","mode":"bus","arr":["169","C90"],"angle":-23.4,"mi":1}},{"type":"Feature","geometry":{"type":"Point","coordinates":[14.292605,40.86726]},"properties":{"lines":"169, C90","color":"#0059a9","mode":"bus","arr":["169","C90"],"angle":-22.9,"mi":3}},{"type":"Feature","geometry":{"type":"Point","coordinates":[14.292729,40.866515]},"properties":{"lines":"169, C90","color":"#0059a9","mode":"bus","arr":["169","C90"],"angle":61.2,"mi":4}},{"type":"Feature","geometry":{"type":"Point","coordinates":[14.294017,40.866052]},"properties":{"lines":"191","color":"#0059a9","mode":"bus","arr":["191"],"angle":-1.7,"mi":9}},{"type":"Feature","geometry":{"type":"Point","coordinates":[14.293745,40.865402]},"properties":{"lines":"169, 191, C90","color":"#0059a9","mode":"bus","arr":["169","191","C90"],"angle":52.5}},{"type":"Feature","geometry":{"type":"Point","coordinates":[14.294738,40.864266]},"properties":{"lines":"169, 191","color":"#0059a9","mode":"bus","arr":["169","191"],"angle":80.6,"mi":1}},{"type":"Feature","geometry":{"type":"Point","coordinates":[14.293962,40.863362]},"properties":{"lines":"169, 191","color":"#0059a9","mode":"bus","arr":["169","191"],"angle":-37.2}},{"type":"Feature","geometry":{"type":"Point","coordinates":[14.292759,40.862588]},"properties":{"lines":"169, 191","color":"#0059a9","mode":"bus","arr":["169","191"],"angle":-48.9,"mi":2}},{"type":"Feature","geometry":{"type":"Point","coordinates":[14.290883,40.861806]},"properties":{"lines":"169","color":"#0059a9","mode":"bus","arr":["169"],"angle":-84}},{"type":"Feature","geometry":{"type":"Point","coordinates":[14.292465,40.86236]},"properties":{"lines":"169","color":"#0059a9","mode":"bus","arr":["169"],"angle":-31.5,"extra":1,"ei":0}},{"type":"Feature","geometry":{"type":"Point","coordinates":[14.289337,40.863377]},"properties":{"lines":"169","color":"#0059a9","mode":"bus","arr":["169"],"angle":57.5,"mi":1}},{"type":"Feature","geometry":{"type":"Point","coordinates":[14.294627,40.865474]},"properties":{"lines":"169, 191, C90","color":"#0059a9","mode":"bus","arr":["169","191","C90"],"angle":-86.8,"mi":1}},{"type":"Feature","geometry":{"type":"Point","coordinates":[14.295583,40.867701]},"properties":{"lines":"169, C90","color":"#0059a9","mode":"bus","arr":["169","C90"],"angle":-60.8}},{"type":"Feature","geometry":{"type":"Point","coordinates":[14.294856,40.8664]},"properties":{"lines":"169, C90","color":"#0059a9","mode":"bus","arr":["169","C90"],"angle":-74,"mi":2}},{"type":"Feature","geometry":{"type":"Point","coordinates":[14.334476,40.899257]},"properties":{"lines":"169","color":"#0059a9","mode":"bus","arr":["169"],"angle":-33.1,"mi":12}},{"type":"Feature","geometry":{"type":"Point","coordinates":[14.335753,40.900958]},"properties":{"lines":"169","color":"#0059a9","mode":"bus","arr":["169"],"angle":76.4,"mi":11}},{"type":"Feature","geometry":{"type":"Point","coordinates":[14.361558,40.90521]},"properties":{"lines":"169","color":"#0059a9","mode":"bus","arr":["169"],"angle":-86.7,"mi":5}},{"type":"Feature","geometry":{"type":"Point","coordinates":[14.361557,40.908451]},"properties":{"lines":"169","color":"#0059a9","mode":"bus","arr":["169"],"angle":79.8,"mi":8}},{"type":"Feature","geometry":{"type":"Point","coordinates":[14.361233,40.909717]},"properties":{"lines":"169","color":"#0059a9","mode":"bus","arr":["169"],"angle":79,"extra":1,"ei":0}},{"type":"Feature","geometry":{"type":"Point","coordinates":[14.362744,40.910197]},"properties":{"lines":"169","color":"#0059a9","mode":"bus","arr":["169"],"angle":-14.5,"mi":10}},{"type":"Feature","geometry":{"type":"Point","coordinates":[14.360948,40.911514]},"properties":{"lines":"169","color":"#0059a9","mode":"bus","arr":["169"],"angle":10.6,"mi":9}},{"type":"Feature","geometry":{"type":"Point","coordinates":[14.356569,40.912076]},"properties":{"lines":"169","color":"#0059a9","mode":"bus","arr":["169"],"angle":-1.1,"mi":6}},{"type":"Feature","geometry":{"type":"Point","coordinates":[14.351763,40.910117]},"properties":{"lines":"169, 169P","color":"#0059a9","mode":"bus","arr":["169","169P"],"angle":-81.6}},{"type":"Feature","geometry":{"type":"Point","coordinates":[14.355772,40.912879]},"properties":{"lines":"169P","color":"#0059a9","mode":"bus","arr":["169P"],"angle":-51.7,"mi":70}},{"type":"Feature","geometry":{"type":"Point","coordinates":[14.35781,40.914011]},"properties":{"lines":"169P","color":"#0059a9","mode":"bus","arr":["169P"],"angle":-31.3,"mi":72}},{"type":"Feature","geometry":{"type":"Point","coordinates":[14.359364,40.91529]},"properties":{"lines":"169P","color":"#0059a9","mode":"bus","arr":["169P"],"angle":-64.8,"mi":73}},{"type":"Feature","geometry":{"type":"Point","coordinates":[14.360197,40.919311]},"properties":{"lines":"169P","color":"#0059a9","mode":"bus","arr":["169P"],"angle":-87.8,"mi":71}},{"type":"Feature","geometry":{"type":"Point","coordinates":[14.360067,40.916739]},"properties":{"lines":"169P","color":"#0059a9","mode":"bus","arr":["169P"],"angle":-84.6,"extra":1,"ei":0}},{"type":"Feature","geometry":{"type":"Point","coordinates":[14.36022,40.920513]},"properties":{"lines":"169P","color":"#0059a9","mode":"bus","arr":["169P"],"angle":89.1,"extra":1,"ei":1}},{"type":"Feature","geometry":{"type":"Point","coordinates":[14.360221,40.922402]},"properties":{"lines":"169P","color":"#0059a9","mode":"bus","arr":["169P"],"angle":-89.9,"extra":1,"ei":2}},{"type":"Feature","geometry":{"type":"Point","coordinates":[14.35441,40.923327]},"properties":{"lines":"169P","color":"#0059a9","mode":"bus","arr":["169P"],"angle":-48.3,"mi":68}},{"type":"Feature","geometry":{"type":"Point","coordinates":[14.322523,40.919601]},"properties":{"lines":"169P","color":"#0059a9","mode":"bus","arr":["169P"],"angle":18.3,"mi":34}},{"type":"Feature","geometry":{"type":"Point","coordinates":[14.300689,40.939914]},"properties":{"lines":"169P","color":"#0059a9","mode":"bus","arr":["169P"],"angle":-61.4,"mi":30}},{"type":"Feature","geometry":{"type":"Point","coordinates":[14.326101,40.923437]},"properties":{"lines":"169P","color":"#0059a9","mode":"bus","arr":["169P"],"angle":-30.9,"mi":22}},{"type":"Feature","geometry":{"type":"Point","coordinates":[14.33232,40.924571]},"properties":{"lines":"169P","color":"#0059a9","mode":"bus","arr":["169P"],"angle":-10.7,"extra":1,"ei":0}},{"type":"Feature","geometry":{"type":"Point","coordinates":[14.329853,40.924749]},"properties":{"lines":"169P","color":"#0059a9","mode":"bus","arr":["169P"],"angle":-4.5,"extra":1,"ei":1}},{"type":"Feature","geometry":{"type":"Point","coordinates":[14.327819,40.923708]},"properties":{"lines":"169P","color":"#0059a9","mode":"bus","arr":["169P"],"angle":-31.8,"extra":1,"ei":2}},{"type":"Feature","geometry":{"type":"Point","coordinates":[14.328348,40.925664]},"properties":{"lines":"169P","color":"#0059a9","mode":"bus","arr":["169P"],"angle":-77.2,"extra":1,"ei":3}},{"type":"Feature","geometry":{"type":"Point","coordinates":[14.341413,40.922751]},"properties":{"lines":"169P","color":"#0059a9","mode":"bus","arr":["169P"],"angle":42.4,"mi":53}},{"type":"Feature","geometry":{"type":"Point","coordinates":[14.339222,40.924369]},"properties":{"lines":"169P","color":"#0059a9","mode":"bus","arr":["169P"],"angle":41.5,"extra":1,"ei":0}},{"type":"Feature","geometry":{"type":"Point","coordinates":[14.342908,40.921828]},"properties":{"lines":"169P","color":"#0059a9","mode":"bus","arr":["169P"],"angle":36.1,"extra":1,"ei":1}},{"type":"Feature","geometry":{"type":"Point","coordinates":[14.348248,40.924692]},"properties":{"lines":"169P","color":"#0059a9","mode":"bus","arr":["169P"],"angle":87.8,"mi":65}},{"type":"Feature","geometry":{"type":"Point","coordinates":[14.349746,40.925657]},"properties":{"lines":"169P","color":"#0059a9","mode":"bus","arr":["169P"],"angle":-14.1,"extra":1,"ei":0}},{"type":"Feature","geometry":{"type":"Point","coordinates":[14.348463,40.922802]},"properties":{"lines":"169P","color":"#0059a9","mode":"bus","arr":["169P"],"angle":85.9,"extra":1,"ei":1}},{"type":"Feature","geometry":{"type":"Point","coordinates":[14.357782,40.92294]},"properties":{"lines":"169P","color":"#0059a9","mode":"bus","arr":["169P"],"angle":0.8,"mi":69}},{"type":"Feature","geometry":{"type":"Point","coordinates":[14.35007,40.926599]},"properties":{"lines":"169P","color":"#0059a9","mode":"bus","arr":["169P"],"angle":47.4,"mi":67}},{"type":"Feature","geometry":{"type":"Point","coordinates":[14.343577,40.933341]},"properties":{"lines":"169P","color":"#0059a9","mode":"bus","arr":["169P"],"angle":45.2,"mi":52}},{"type":"Feature","geometry":{"type":"Point","coordinates":[14.347378,40.929659]},"properties":{"lines":"169P","color":"#0059a9","mode":"bus","arr":["169P"],"angle":61.5,"extra":1,"ei":0}},{"type":"Feature","geometry":{"type":"Point","coordinates":[14.348551,40.927992]},"properties":{"lines":"169P","color":"#0059a9","mode":"bus","arr":["169P"],"angle":60.1,"extra":1,"ei":1}},{"type":"Feature","geometry":{"type":"Point","coordinates":[14.351794,40.925127]},"properties":{"lines":"169P","color":"#0059a9","mode":"bus","arr":["169P"],"angle":49.6,"extra":1,"ei":2}},{"type":"Feature","geometry":{"type":"Point","coordinates":[14.353531,40.923782]},"properties":{"lines":"169P","color":"#0059a9","mode":"bus","arr":["169P"],"angle":36.7,"extra":1,"ei":3}},{"type":"Feature","geometry":{"type":"Point","coordinates":[14.345847,40.931923]},"properties":{"lines":"169P","color":"#0059a9","mode":"bus","arr":["169P"],"angle":57.6,"mi":58}},{"type":"Feature","geometry":{"type":"Point","coordinates":[14.341317,40.934248]},"properties":{"lines":"169P","color":"#0059a9","mode":"bus","arr":["169P"],"angle":0.3,"mi":48}},{"type":"Feature","geometry":{"type":"Point","coordinates":[14.338052,40.933685]},"properties":{"lines":"169P","color":"#0059a9","mode":"bus","arr":["169P"],"angle":1.4,"mi":43}},{"type":"Feature","geometry":{"type":"Point","coordinates":[14.335477,40.933907]},"properties":{"lines":"169P","color":"#0059a9","mode":"bus","arr":["169P"],"angle":-16.4,"mi":38}},{"type":"Feature","geometry":{"type":"Point","coordinates":[14.329526,40.929046]},"properties":{"lines":"169P","color":"#0059a9","mode":"bus","arr":["169P"],"angle":20.3,"mi":18}},{"type":"Feature","geometry":{"type":"Point","coordinates":[14.33424,40.933135]},"properties":{"lines":"169P","color":"#0059a9","mode":"bus","arr":["169P"],"angle":-52.5,"extra":1,"ei":0}},{"type":"Feature","geometry":{"type":"Point","coordinates":[14.333229,40.93142]},"properties":{"lines":"169P","color":"#0059a9","mode":"bus","arr":["169P"],"angle":-69.6,"extra":1,"ei":1}},{"type":"Feature","geometry":{"type":"Point","coordinates":[14.332359,40.929649]},"properties":{"lines":"169P","color":"#0059a9","mode":"bus","arr":["169P"],"angle":-69.4,"extra":1,"ei":2}},{"type":"Feature","geometry":{"type":"Point","coordinates":[14.327264,40.928517]},"properties":{"lines":"169P","color":"#0059a9","mode":"bus","arr":["169P"],"angle":-43.1,"extra":1,"ei":3}},{"type":"Feature","geometry":{"type":"Point","coordinates":[14.325485,40.927195]},"properties":{"lines":"169P","color":"#0059a9","mode":"bus","arr":["169P"],"angle":-47,"extra":1,"ei":4}},{"type":"Feature","geometry":{"type":"Point","coordinates":[14.323593,40.926111]},"properties":{"lines":"169P","color":"#0059a9","mode":"bus","arr":["169P"],"angle":5,"extra":1,"ei":5}},{"type":"Feature","geometry":{"type":"Point","coordinates":[14.322449,40.923699]},"properties":{"lines":"169P","color":"#0059a9","mode":"bus","arr":["169P"],"angle":-84.7,"mi":7}},{"type":"Feature","geometry":{"type":"Point","coordinates":[14.322619,40.925253]},"properties":{"lines":"169P","color":"#0059a9","mode":"bus","arr":["169P"],"angle":-85.5,"extra":1,"ei":0}},{"type":"Feature","geometry":{"type":"Point","coordinates":[14.320781,40.922143]},"properties":{"lines":"169P","color":"#0059a9","mode":"bus","arr":["169P"],"angle":-21,"extra":1,"ei":1}},{"type":"Feature","geometry":{"type":"Point","coordinates":[14.320552,40.921206]},"properties":{"lines":"169P","color":"#0059a9","mode":"bus","arr":["169P"],"angle":86.2,"mi":17}},{"type":"Feature","geometry":{"type":"Point","coordinates":[14.321231,40.920029]},"properties":{"lines":"169P","color":"#0059a9","mode":"bus","arr":["169P"],"angle":35.3,"mi":26}},{"type":"Feature","geometry":{"type":"Point","coordinates":[14.320038,40.919608]},"properties":{"lines":"169P","color":"#0059a9","mode":"bus","arr":["169P"],"angle":0.6,"mi":27}},{"type":"Feature","geometry":{"type":"Point","coordinates":[14.316194,40.919713]},"properties":{"lines":"169P","color":"#0059a9","mode":"bus","arr":["169P"],"angle":4.4,"mi":23}},{"type":"Feature","geometry":{"type":"Point","coordinates":[14.321799,40.919699]},"properties":{"lines":"169P","color":"#0059a9","mode":"bus","arr":["169P"],"angle":-32.8,"extra":1,"ei":0,"side":-1}},{"type":"Feature","geometry":{"type":"Point","coordinates":[14.313933,40.919844]},"properties":{"lines":"169P","color":"#0059a9","mode":"bus","arr":["169P"],"angle":-4.4,"mi":21}},{"type":"Feature","geometry":{"type":"Point","coordinates":[14.313263,40.919355]},"properties":{"lines":"169P","color":"#0059a9","mode":"bus","arr":["169P"],"angle":-81.7,"mi":25}},{"type":"Feature","geometry":{"type":"Point","coordinates":[14.311725,40.91902]},"properties":{"lines":"169P","color":"#0059a9","mode":"bus","arr":["169P"],"angle":1.7,"mi":28}},{"type":"Feature","geometry":{"type":"Point","coordinates":[14.288886,40.944778]},"properties":{"lines":"169P","color":"#0059a9","mode":"bus","arr":["169P"],"angle":-4.4,"mi":57}},{"type":"Feature","geometry":{"type":"Point","coordinates":[14.310463,40.920346]},"properties":{"lines":"169P","color":"#0059a9","mode":"bus","arr":["169P"],"angle":-83.8,"mi":20}},{"type":"Feature","geometry":{"type":"Point","coordinates":[14.31088,40.922329]},"properties":{"lines":"169P","color":"#0059a9","mode":"bus","arr":["169P"],"angle":82.1,"mi":6}},{"type":"Feature","geometry":{"type":"Point","coordinates":[14.310488,40.923193]},"properties":{"lines":"169P","color":"#0059a9","mode":"bus","arr":["169P"],"angle":26.5,"mi":4}},{"type":"Feature","geometry":{"type":"Point","coordinates":[14.309885,40.924175]},"properties":{"lines":"169P","color":"#0059a9","mode":"bus","arr":["169P"],"angle":76.1,"mi":3}},{"type":"Feature","geometry":{"type":"Point","coordinates":[14.309996,40.925596]},"properties":{"lines":"169P","color":"#0059a9","mode":"bus","arr":["169P"],"angle":77.8,"mi":1}},{"type":"Feature","geometry":{"type":"Point","coordinates":[14.309265,40.92604]},"properties":{"lines":"169P","color":"#0059a9","mode":"bus","arr":["169P"],"angle":-14.3}},{"type":"Feature","geometry":{"type":"Point","coordinates":[14.307686,40.926133]},"properties":{"lines":"169P","color":"#0059a9","mode":"bus","arr":["169P"],"angle":-11.7,"mi":2}},{"type":"Feature","geometry":{"type":"Point","coordinates":[14.305691,40.925368]},"properties":{"lines":"169P","color":"#0059a9","mode":"bus","arr":["169P"],"angle":85.8,"mi":5}},{"type":"Feature","geometry":{"type":"Point","coordinates":[14.303934,40.924937]},"properties":{"lines":"169P","color":"#0059a9","mode":"bus","arr":["169P"],"angle":34.6,"mi":12}},{"type":"Feature","geometry":{"type":"Point","coordinates":[14.30257,40.92554]},"properties":{"lines":"169P","color":"#0059a9","mode":"bus","arr":["169P"],"angle":28.7,"extra":1,"ei":0}},{"type":"Feature","geometry":{"type":"Point","coordinates":[14.302101,40.926167]},"properties":{"lines":"169P","color":"#0059a9","mode":"bus","arr":["169P"],"angle":-85.7,"mi":14}},{"type":"Feature","geometry":{"type":"Point","coordinates":[14.302224,40.927129]},"properties":{"lines":"169P","color":"#0059a9","mode":"bus","arr":["169P"],"angle":-84.4,"mi":10}},{"type":"Feature","geometry":{"type":"Point","coordinates":[14.302018,40.92769]},"properties":{"lines":"169P","color":"#0059a9","mode":"bus","arr":["169P"],"angle":3.4,"mi":9}},{"type":"Feature","geometry":{"type":"Point","coordinates":[14.301764,40.928389]},"properties":{"lines":"169P","color":"#0059a9","mode":"bus","arr":["169P"],"angle":-88.1,"mi":8}},{"type":"Feature","geometry":{"type":"Point","coordinates":[14.300056,40.929048]},"properties":{"lines":"169P","color":"#0059a9","mode":"bus","arr":["169P"],"angle":-1.3,"mi":16}},{"type":"Feature","geometry":{"type":"Point","coordinates":[14.301083,40.936548]},"properties":{"lines":"169P","color":"#0059a9","mode":"bus","arr":["169P"],"angle":80.8,"mi":15}},{"type":"Feature","geometry":{"type":"Point","coordinates":[14.300624,40.931597]},"properties":{"lines":"169P","color":"#0059a9","mode":"bus","arr":["169P"],"angle":-42.9,"mi":11}},{"type":"Feature","geometry":{"type":"Point","coordinates":[14.300846,40.946895]},"properties":{"lines":"169P","color":"#0059a9","mode":"bus","arr":["169P"],"angle":-25.1,"mi":44}},{"type":"Feature","geometry":{"type":"Point","coordinates":[14.299358,40.94532]},"properties":{"lines":"169P","color":"#0059a9","mode":"bus","arr":["169P"],"angle":-82.6,"mi":42}},{"type":"Feature","geometry":{"type":"Point","coordinates":[14.30017,40.933106]},"properties":{"lines":"169P","color":"#0059a9","mode":"bus","arr":["169P"],"angle":-14.3,"mi":13}},{"type":"Feature","geometry":{"type":"Point","coordinates":[14.298269,40.929549]},"properties":{"lines":"169P","color":"#0059a9","mode":"bus","arr":["169P"],"angle":87.3,"mi":24}},{"type":"Feature","geometry":{"type":"Point","coordinates":[14.299293,40.930681]},"properties":{"lines":"169P","color":"#0059a9","mode":"bus","arr":["169P"],"angle":-42.8,"extra":1,"ei":0}},{"type":"Feature","geometry":{"type":"Point","coordinates":[14.301247,40.934774]},"properties":{"lines":"169P","color":"#0059a9","mode":"bus","arr":["169P"],"angle":-87.6,"extra":1,"ei":0}},{"type":"Feature","geometry":{"type":"Point","coordinates":[14.30053,40.938485]},"properties":{"lines":"169P","color":"#0059a9","mode":"bus","arr":["169P"],"angle":66.8,"extra":1,"ei":1}},{"type":"Feature","geometry":{"type":"Point","coordinates":[14.297023,40.931114]},"properties":{"lines":"169P","color":"#0059a9","mode":"bus","arr":["169P"],"angle":50.6,"mi":31}},{"type":"Feature","geometry":{"type":"Point","coordinates":[14.297211,40.93236]},"properties":{"lines":"169P","color":"#0059a9","mode":"bus","arr":["169P"],"angle":-14.8,"mi":29}},{"type":"Feature","geometry":{"type":"Point","coordinates":[14.301056,40.941062]},"properties":{"lines":"169P","color":"#0059a9","mode":"bus","arr":["169P"],"angle":68.7,"mi":33}},{"type":"Feature","geometry":{"type":"Point","coordinates":[14.300771,40.94343]},"properties":{"lines":"169P","color":"#0059a9","mode":"bus","arr":["169P"],"angle":-79.9,"mi":37}},{"type":"Feature","geometry":{"type":"Point","coordinates":[14.300257,40.944517]},"properties":{"lines":"169P","color":"#0059a9","mode":"bus","arr":["169P"],"angle":7.3,"mi":40}},{"type":"Feature","geometry":{"type":"Point","coordinates":[14.299,40.94702]},"properties":{"lines":"169P","color":"#0059a9","mode":"bus","arr":["169P"],"angle":63.1,"mi":45}},{"type":"Feature","geometry":{"type":"Point","coordinates":[14.2982,40.948355]},"properties":{"lines":"169P","color":"#0059a9","mode":"bus","arr":["169P"],"angle":82.1,"mi":49}},{"type":"Feature","geometry":{"type":"Point","coordinates":[14.298409,40.947905]},"properties":{"lines":"169P","color":"#0059a9","mode":"bus","arr":["169P"],"angle":63.3,"mi":47}},{"type":"Feature","geometry":{"type":"Point","coordinates":[14.297935,40.949639]},"properties":{"lines":"169P","color":"#0059a9","mode":"bus","arr":["169P"],"angle":78.6,"mi":51}},{"type":"Feature","geometry":{"type":"Point","coordinates":[14.297229,40.951983]},"properties":{"lines":"169P","color":"#0059a9","mode":"bus","arr":["169P"],"angle":76.5,"mi":59}},{"type":"Feature","geometry":{"type":"Point","coordinates":[14.298302,40.951215]},"properties":{"lines":"169P","color":"#0059a9","mode":"bus","arr":["169P"],"angle":-48.5,"mi":55}},{"type":"Feature","geometry":{"type":"Point","coordinates":[14.298926,40.951836]},"properties":{"lines":"169P","color":"#0059a9","mode":"bus","arr":["169P"],"angle":-8.6,"mi":56}},{"type":"Feature","geometry":{"type":"Point","coordinates":[14.293754,40.951484]},"properties":{"lines":"169P","color":"#0059a9","mode":"bus","arr":["169P"],"angle":-20.9,"mi":63}},{"type":"Feature","geometry":{"type":"Point","coordinates":[14.291571,40.950934]},"properties":{"lines":"169P","color":"#0059a9","mode":"bus","arr":["169P"],"angle":-18.9,"extra":1,"ei":0}},{"type":"Feature","geometry":{"type":"Point","coordinates":[14.296289,40.952164]},"properties":{"lines":"169P","color":"#0059a9","mode":"bus","arr":["169P"],"angle":-14.7,"extra":1,"ei":1}},{"type":"Feature","geometry":{"type":"Point","coordinates":[14.2891,40.949262]},"properties":{"lines":"169P","color":"#0059a9","mode":"bus","arr":["169P"],"angle":-31.8,"mi":64}},{"type":"Feature","geometry":{"type":"Point","coordinates":[14.287708,40.946466]},"properties":{"lines":"169P","color":"#0059a9","mode":"bus","arr":["169P"],"angle":80.4,"side":-1,"mi":62}},{"type":"Feature","geometry":{"type":"Point","coordinates":[14.288364,40.946671]},"properties":{"lines":"169P","color":"#0059a9","mode":"bus","arr":["169P"],"angle":-8.9,"mi":61}},{"type":"Feature","geometry":{"type":"Point","coordinates":[14.288926,40.946355]},"properties":{"lines":"169P","color":"#0059a9","mode":"bus","arr":["169P"],"angle":74.4,"mi":60}},{"type":"Feature","geometry":{"type":"Point","coordinates":[14.300572,40.951636]},"properties":{"lines":"169P","color":"#0059a9","mode":"bus","arr":["169P"],"angle":84,"mi":54}},{"type":"Feature","geometry":{"type":"Point","coordinates":[14.301852,40.951383]},"properties":{"lines":"169P","color":"#0059a9","mode":"bus","arr":["169P"],"angle":-6.9,"mi":50}},{"type":"Feature","geometry":{"type":"Point","coordinates":[14.302613,40.949517]},"properties":{"lines":"169P","color":"#0059a9","mode":"bus","arr":["169P"],"angle":-81.9,"mi":46}},{"type":"Feature","geometry":{"type":"Point","coordinates":[14.300002,40.944006]},"properties":{"lines":"169P","color":"#0059a9","mode":"bus","arr":["169P"],"angle":11.2,"mi":39}},{"type":"Feature","geometry":{"type":"Point","coordinates":[14.326223,40.919704]},"properties":{"lines":"169P","color":"#0059a9","mode":"bus","arr":["169P"],"angle":-0.2,"mi":36}},{"type":"Feature","geometry":{"type":"Point","coordinates":[14.346737,40.921383]},"properties":{"lines":"169P","color":"#0059a9","mode":"bus","arr":["169P"],"angle":-20.8,"mi":66}},{"type":"Feature","geometry":{"type":"Point","coordinates":[14.324626,40.919624]},"properties":{"lines":"169P","color":"#0059a9","mode":"bus","arr":["169P"],"angle":-6.6,"extra":1,"ei":0}},{"type":"Feature","geometry":{"type":"Point","coordinates":[14.345049,40.920932]},"properties":{"lines":"169P","color":"#0059a9","mode":"bus","arr":["169P"],"angle":-22.6,"extra":1,"ei":0}},{"type":"Feature","geometry":{"type":"Point","coordinates":[14.328615,40.922599]},"properties":{"lines":"169P","color":"#0059a9","mode":"bus","arr":["169P"],"angle":-83.5,"mi":35}},{"type":"Feature","geometry":{"type":"Point","coordinates":[14.329284,40.920736]},"properties":{"lines":"169P","color":"#0059a9","mode":"bus","arr":["169P"],"angle":66,"extra":1,"ei":0}},{"type":"Feature","geometry":{"type":"Point","coordinates":[14.329252,40.924038]},"properties":{"lines":"169P","color":"#0059a9","mode":"bus","arr":["169P"],"angle":-37.6,"extra":1,"ei":1}},{"type":"Feature","geometry":{"type":"Point","coordinates":[14.335813,40.924775]},"properties":{"lines":"169P","color":"#0059a9","mode":"bus","arr":["169P"],"angle":-1.5,"mi":41}},{"type":"Feature","geometry":{"type":"Point","coordinates":[14.320535,40.919386]},"properties":{"lines":"169P","color":"#0059a9","mode":"bus","arr":["169P"],"angle":-89.2,"mi":32}},{"type":"Feature","geometry":{"type":"Point","coordinates":[14.328955,40.858283]},"properties":{"lines":"173, 173A, 191, 195","color":"#0059a9","mode":"bus","arr":["173","173A","191","195"],"angle":64.8,"mi":1}},{"type":"Feature","geometry":{"type":"Point","coordinates":[14.328627,40.85835]},"properties":{"lines":"196","color":"#0059a9","mode":"bus","arr":["196"],"angle":-31.3,"mi":4}},{"type":"Feature","geometry":{"type":"Point","coordinates":[14.331308,40.859663]},"properties":{"lines":"173, 173A, 191, 195, 196","color":"#0059a9","mode":"bus","arr":["173","173A","191","195","196"],"angle":-30.7}},{"type":"Feature","geometry":{"type":"Point","coordinates":[14.329932,40.858922]},"properties":{"lines":"173, 173A, 191, 195, 196","color":"#0059a9","mode":"bus","arr":["173","173A","191","195","196"],"angle":-31.1,"extra":1,"ei":0,"side":-1}},{"type":"Feature","geometry":{"type":"Point","coordinates":[14.334232,40.860841]},"properties":{"lines":"173, 173A, 191, 195, 196","color":"#0059a9","mode":"bus","arr":["173","173A","191","195","196"],"angle":-31.1,"extra":1,"ei":1,"side":-1}},{"type":"Feature","geometry":{"type":"Point","coordinates":[14.336895,40.859258]},"properties":{"lines":"173, 173A, 195","color":"#0059a9","mode":"bus","arr":["173","173A","195"],"angle":65.8,"mi":2}},{"type":"Feature","geometry":{"type":"Point","coordinates":[14.336154,40.860501]},"properties":{"lines":"173, 173A, 195","color":"#0059a9","mode":"bus","arr":["173","173A","195"],"angle":65.7,"extra":1,"ei":0}},{"type":"Feature","geometry":{"type":"Point","coordinates":[14.338901,40.855388]},"properties":{"lines":"173, 173A, 195","color":"#0059a9","mode":"bus","arr":["173","173A","195"],"angle":63.4,"mi":1}},{"type":"Feature","geometry":{"type":"Point","coordinates":[14.342215,40.856562]},"properties":{"lines":"173, 173A, 195","color":"#0059a9","mode":"bus","arr":["173","173A","195"],"angle":-25.7}},{"type":"Feature","geometry":{"type":"Point","coordinates":[14.340049,40.855767]},"properties":{"lines":"173, 173A, 195","color":"#0059a9","mode":"bus","arr":["173","173A","195"],"angle":-26.2,"extra":1,"ei":0}},{"type":"Feature","geometry":{"type":"Point","coordinates":[14.344544,40.857412]},"properties":{"lines":"173, 173A, 195","color":"#0059a9","mode":"bus","arr":["173","173A","195"],"angle":-25.8,"extra":1,"ei":1}},{"type":"Feature","geometry":{"type":"Point","coordinates":[14.347131,40.854561]},"properties":{"lines":"173, 173A, 195","color":"#0059a9","mode":"bus","arr":["173","173A","195"],"angle":78,"mi":3}},{"type":"Feature","geometry":{"type":"Point","coordinates":[14.345991,40.856898]},"properties":{"lines":"173, 173A, 195","color":"#0059a9","mode":"bus","arr":["173","173A","195"],"angle":66.9,"extra":1,"ei":0}},{"type":"Feature","geometry":{"type":"Point","coordinates":[14.347452,40.853306]},"properties":{"lines":"173, 173A, 195","color":"#0059a9","mode":"bus","arr":["173","173A","195"],"angle":78.7,"extra":1,"ei":1}},{"type":"Feature","geometry":{"type":"Point","coordinates":[14.347937,40.851454]},"properties":{"lines":"173, 173A, 195","color":"#0059a9","mode":"bus","arr":["173","173A","195"],"angle":83.2,"extra":1,"ei":2}},{"type":"Feature","geometry":{"type":"Point","coordinates":[14.335048,40.861315]},"properties":{"lines":"173, 173A, 191, 195","color":"#0059a9","mode":"bus","arr":["173","173A","191","195"],"angle":-36.2}},{"type":"Feature","geometry":{"type":"Point","coordinates":[14.328101,40.859589]},"properties":{"lines":"173, 472","color":"#0059a9","mode":"bus","arr":["173","472"],"angle":83.8}},{"type":"Feature","geometry":{"type":"Point","coordinates":[14.327979,40.858178]},"properties":{"lines":"173, 472","color":"#0059a9","mode":"bus","arr":["173","472"],"angle":-85.2,"extra":1,"ei":0}},{"type":"Feature","geometry":{"type":"Point","coordinates":[14.328362,40.862839]},"properties":{"lines":"173, 472","color":"#0059a9","mode":"bus","arr":["173","472"],"angle":-76.1,"mi":1}},{"type":"Feature","geometry":{"type":"Point","coordinates":[14.32946,40.866364]},"properties":{"lines":"173, 191, 472","color":"#0059a9","mode":"bus","arr":["173","191","472"],"angle":-81.7,"mi":3}},{"type":"Feature","geometry":{"type":"Point","coordinates":[14.33023,40.868519]},"properties":{"lines":"173, 191, 472","color":"#0059a9","mode":"bus","arr":["173","191","472"],"angle":-52.8,"mi":1}},{"type":"Feature","geometry":{"type":"Point","coordinates":[14.330939,40.868712]},"properties":{"lines":"173, 191, 472","color":"#0059a9","mode":"bus","arr":["173","191","472"],"angle":33.6,"side":-1}},{"type":"Feature","geometry":{"type":"Point","coordinates":[14.333619,40.86914]},"properties":{"lines":"173, 191, 472","color":"#0059a9","mode":"bus","arr":["173","191","472"],"angle":27,"side":-1,"mi":2}},{"type":"Feature","geometry":{"type":"Point","coordinates":[14.3374,40.869571]},"properties":{"lines":"173, 191, 196","color":"#0059a9","mode":"bus","arr":["173","191","196"],"angle":-53.1}},{"type":"Feature","geometry":{"type":"Point","coordinates":[14.338454,40.870542]},"properties":{"lines":"173, 191, 196","color":"#0059a9","mode":"bus","arr":["173","191","196"],"angle":-40.9,"extra":1,"ei":0}},{"type":"Feature","geometry":{"type":"Point","coordinates":[14.339418,40.871138]},"properties":{"lines":"173, 191, 196","color":"#0059a9","mode":"bus","arr":["173","191","196"],"angle":-39.5,"mi":1}},{"type":"Feature","geometry":{"type":"Point","coordinates":[14.338844,40.872307]},"properties":{"lines":"173","color":"#0059a9","mode":"bus","arr":["173"],"angle":51.7,"mi":8}},{"type":"Feature","geometry":{"type":"Point","coordinates":[14.336951,40.872756]},"properties":{"lines":"173","color":"#0059a9","mode":"bus","arr":["173"],"angle":-49.5,"mi":9}},{"type":"Feature","geometry":{"type":"Point","coordinates":[14.335155,40.871991]},"properties":{"lines":"173","color":"#0059a9","mode":"bus","arr":["173"],"angle":2.9,"mi":11}},{"type":"Feature","geometry":{"type":"Point","coordinates":[14.33325,40.871355]},"properties":{"lines":"173, 472","color":"#0059a9","mode":"bus","arr":["173","472"],"angle":-51.2,"mi":7}},{"type":"Feature","geometry":{"type":"Point","coordinates":[14.334112,40.873347]},"properties":{"lines":"173, 472","color":"#0059a9","mode":"bus","arr":["173","472"],"angle":-74.5,"extra":1,"ei":0}},{"type":"Feature","geometry":{"type":"Point","coordinates":[14.331934,40.870053]},"properties":{"lines":"173, 472","color":"#0059a9","mode":"bus","arr":["173","472"],"angle":-53.3,"extra":1,"ei":1}},{"type":"Feature","geometry":{"type":"Point","coordinates":[14.334018,40.876367]},"properties":{"lines":"173, 472","color":"#0059a9","mode":"bus","arr":["173","472"],"angle":-38.7,"mi":5}},{"type":"Feature","geometry":{"type":"Point","coordinates":[14.335711,40.877401]},"properties":{"lines":"173, 472","color":"#0059a9","mode":"bus","arr":["173","472"],"angle":-39.9,"extra":1,"ei":0}},{"type":"Feature","geometry":{"type":"Point","coordinates":[14.334387,40.874575]},"properties":{"lines":"173, 472","color":"#0059a9","mode":"bus","arr":["173","472"],"angle":60.8,"extra":1,"ei":1}},{"type":"Feature","geometry":{"type":"Point","coordinates":[14.337513,40.877004]},"properties":{"lines":"173, 472","color":"#0059a9","mode":"bus","arr":["173","472"],"angle":57.6,"mi":2}},{"type":"Feature","geometry":{"type":"Point","coordinates":[14.338912,40.876995]},"properties":{"lines":"173","color":"#0059a9","mode":"bus","arr":["173"],"angle":-43.2,"mi":3}},{"type":"Feature","geometry":{"type":"Point","coordinates":[14.339666,40.876685]},"properties":{"lines":"173","color":"#0059a9","mode":"bus","arr":["173"],"angle":58.6,"mi":2}},{"type":"Feature","geometry":{"type":"Point","coordinates":[14.340186,40.876205]},"properties":{"lines":"173, 472","color":"#0059a9","mode":"bus","arr":["173","472"],"angle":-26.8,"mi":1}},{"type":"Feature","geometry":{"type":"Point","coordinates":[14.341611,40.876089]},"properties":{"lines":"173","color":"#0059a9","mode":"bus","arr":["173"],"angle":53.4}},{"type":"Feature","geometry":{"type":"Point","coordinates":[14.343554,40.874]},"properties":{"lines":"173, 472","color":"#0059a9","mode":"bus","arr":["173","472"],"angle":57.3,"mi":4}},{"type":"Feature","geometry":{"type":"Point","coordinates":[14.346197,40.872244]},"properties":{"lines":"173, 472","color":"#0059a9","mode":"bus","arr":["173","472"],"angle":16.5,"mi":6}},{"type":"Feature","geometry":{"type":"Point","coordinates":[14.352081,40.874329]},"properties":{"lines":"173","color":"#0059a9","mode":"bus","arr":["173"],"angle":-34,"mi":6}},{"type":"Feature","geometry":{"type":"Point","coordinates":[14.348035,40.872455]},"properties":{"lines":"173","color":"#0059a9","mode":"bus","arr":["173"],"angle":-26.2,"mi":4}},{"type":"Feature","geometry":{"type":"Point","coordinates":[14.350316,40.873424]},"properties":{"lines":"173","color":"#0059a9","mode":"bus","arr":["173"],"angle":-34.2,"extra":1,"ei":0}},{"type":"Feature","geometry":{"type":"Point","coordinates":[14.35445,40.875542]},"properties":{"lines":"173","color":"#0059a9","mode":"bus","arr":["173"],"angle":-32.9,"extra":1,"ei":1}},{"type":"Feature","geometry":{"type":"Point","coordinates":[14.352707,40.878982]},"properties":{"lines":"173","color":"#0059a9","mode":"bus","arr":["173"],"angle":79,"mi":7}},{"type":"Feature","geometry":{"type":"Point","coordinates":[14.353873,40.876371]},"properties":{"lines":"173","color":"#0059a9","mode":"bus","arr":["173"],"angle":40.6,"extra":1,"ei":0}},{"type":"Feature","geometry":{"type":"Point","coordinates":[14.351778,40.881743]},"properties":{"lines":"173","color":"#0059a9","mode":"bus","arr":["173"],"angle":68,"extra":1,"ei":1}},{"type":"Feature","geometry":{"type":"Point","coordinates":[14.352451,40.882845]},"properties":{"lines":"173","color":"#0059a9","mode":"bus","arr":["173"],"angle":-18.1,"mi":10}},{"type":"Feature","geometry":{"type":"Point","coordinates":[14.353035,40.884434]},"properties":{"lines":"173","color":"#0059a9","mode":"bus","arr":["173"],"angle":61.8,"mi":12}},{"type":"Feature","geometry":{"type":"Point","coordinates":[14.34799,40.882612]},"properties":{"lines":"173","color":"#0059a9","mode":"bus","arr":["173"],"angle":-61.2,"mi":5}},{"type":"Feature","geometry":{"type":"Point","coordinates":[14.351018,40.885326]},"properties":{"lines":"173","color":"#0059a9","mode":"bus","arr":["173"],"angle":-39.1,"extra":1,"ei":0}},{"type":"Feature","geometry":{"type":"Point","coordinates":[14.349384,40.883907]},"properties":{"lines":"173","color":"#0059a9","mode":"bus","arr":["173"],"angle":-41.3,"extra":1,"ei":1}},{"type":"Feature","geometry":{"type":"Point","coordinates":[14.345804,40.881429]},"properties":{"lines":"173","color":"#0059a9","mode":"bus","arr":["173"],"angle":-24.1,"extra":1,"ei":2}},{"type":"Feature","geometry":{"type":"Point","coordinates":[14.343813,40.880307]},"properties":{"lines":"173","color":"#0059a9","mode":"bus","arr":["173"],"angle":-42.5,"extra":1,"ei":3}},{"type":"Feature","geometry":{"type":"Point","coordinates":[14.34321,40.879341]},"properties":{"lines":"173","color":"#0059a9","mode":"bus","arr":["173"],"angle":-79.4,"mi":1}},{"type":"Feature","geometry":{"type":"Point","coordinates":[14.342209,40.877628]},"properties":{"lines":"173, 472","color":"#0059a9","mode":"bus","arr":["173","472"],"angle":-49.3,"mi":3}},{"type":"Feature","geometry":{"type":"Point","coordinates":[14.338995,40.876175]},"properties":{"lines":"173, 472","color":"#0059a9","mode":"bus","arr":["173","472"],"angle":61.2}},{"type":"Feature","geometry":{"type":"Point","coordinates":[14.340947,40.848955]},"properties":{"lines":"173A","color":"#0059a9","mode":"bus","arr":["173A"],"angle":-16.2}},{"type":"Feature","geometry":{"type":"Point","coordinates":[14.336769,40.847735]},"properties":{"lines":"173A, 195","color":"#0059a9","mode":"bus","arr":["173A","195"],"angle":-13}},{"type":"Feature","geometry":{"type":"Point","coordinates":[14.328452,40.844633]},"properties":{"lines":"173A, 194","color":"#0059a9","mode":"bus","arr":["173A","194"],"angle":-8.7,"mi":5}},{"type":"Feature","geometry":{"type":"Point","coordinates":[14.334732,40.846994]},"properties":{"lines":"173A, 194","color":"#0059a9","mode":"bus","arr":["173A","194"],"angle":-23.3,"extra":1,"ei":0}},{"type":"Feature","geometry":{"type":"Point","coordinates":[14.332504,40.846155]},"properties":{"lines":"173A, 194","color":"#0059a9","mode":"bus","arr":["173A","194"],"angle":-25.1,"extra":1,"ei":1}},{"type":"Feature","geometry":{"type":"Point","coordinates":[14.330123,40.845609]},"properties":{"lines":"173A, 194","color":"#0059a9","mode":"bus","arr":["173A","194"],"angle":-12,"extra":1,"ei":2}},{"type":"Feature","geometry":{"type":"Point","coordinates":[14.325475,40.84426]},"properties":{"lines":"173A, 194","color":"#0059a9","mode":"bus","arr":["173A","194"],"angle":-18.5,"extra":1,"ei":3}},{"type":"Feature","geometry":{"type":"Point","coordinates":[14.323125,40.843793]},"properties":{"lines":"173A, 194","color":"#0059a9","mode":"bus","arr":["173A","194"],"angle":3.7,"extra":1,"ei":4}},{"type":"Feature","geometry":{"type":"Point","coordinates":[14.320633,40.843905]},"properties":{"lines":"173A, 194","color":"#0059a9","mode":"bus","arr":["173A","194"],"angle":3.3,"extra":1,"ei":5}},{"type":"Feature","geometry":{"type":"Point","coordinates":[14.31974,40.843945]},"properties":{"lines":"173A, 194","color":"#0059a9","mode":"bus","arr":["173A","194"],"angle":6.2,"mi":3}},{"type":"Feature","geometry":{"type":"Point","coordinates":[14.317696,40.844935]},"properties":{"lines":"173A, 194, 195","color":"#0059a9","mode":"bus","arr":["173A","194","195"],"angle":-0.1,"mi":1}},{"type":"Feature","geometry":{"type":"Point","coordinates":[14.313214,40.843433]},"properties":{"lines":"173A, 194, 195","color":"#0059a9","mode":"bus","arr":["173A","194","195"],"angle":-32.1}},{"type":"Feature","geometry":{"type":"Point","coordinates":[14.312103,40.834897]},"properties":{"lines":"173A, 194","color":"#0059a9","mode":"bus","arr":["173A","194"],"angle":-89.8,"mi":1}},{"type":"Feature","geometry":{"type":"Point","coordinates":[14.312052,40.840002]},"properties":{"lines":"173A, 194","color":"#0059a9","mode":"bus","arr":["173A","194"],"angle":-89.9}},{"type":"Feature","geometry":{"type":"Point","coordinates":[14.311594,40.831352]},"properties":{"lines":"173A, 194","color":"#0059a9","mode":"bus","arr":["173A","194"],"angle":-47.6,"mi":4}},{"type":"Feature","geometry":{"type":"Point","coordinates":[14.312111,40.837004]},"properties":{"lines":"173A, 194","color":"#0059a9","mode":"bus","arr":["173A","194"],"angle":-89.7,"extra":1,"ei":0}},{"type":"Feature","geometry":{"type":"Point","coordinates":[14.312097,40.833227]},"properties":{"lines":"173A, 194","color":"#0059a9","mode":"bus","arr":["173A","194"],"angle":-89.8,"extra":1,"ei":1}},{"type":"Feature","geometry":{"type":"Point","coordinates":[14.311382,40.831087]},"properties":{"lines":"173A, 194, 195","color":"#0059a9","mode":"bus","arr":["173A","194","195"],"angle":-36.8,"side":-1,"mi":1}},{"type":"Feature","geometry":{"type":"Point","coordinates":[14.308161,40.832384]},"properties":{"lines":"173A, 194, 195, 254, 455","color":"#0059a9","mode":"bus","arr":["173A","194","195","254","455"],"tLines":"254","ntLines":"173A, 194, 195, 455","angle":42.7}},{"type":"Feature","geometry":{"type":"Point","coordinates":[14.309677,40.831266]},"properties":{"lines":"173A, 194, 195, 254, 455","color":"#0059a9","mode":"bus","arr":["173A","194","195","254","455"],"tLines":"254","ntLines":"173A, 194, 195, 455","angle":44.2,"extra":1,"ei":0}},{"type":"Feature","geometry":{"type":"Point","coordinates":[14.306076,40.833882]},"properties":{"lines":"173A, 194, 195, 254, 455","color":"#0059a9","mode":"bus","arr":["173A","194","195","254","455"],"tLines":"254","ntLines":"173A, 194, 195, 455","angle":44.1,"extra":1,"ei":1}},{"type":"Feature","geometry":{"type":"Point","coordinates":[14.312372,40.831558]},"properties":{"lines":"173A, 194, 195","color":"#0059a9","mode":"bus","arr":["173A","194","195"],"angle":37.4}},{"type":"Feature","geometry":{"type":"Point","coordinates":[14.31555,40.832529]},"properties":{"lines":"173A, 194, 195","color":"#0059a9","mode":"bus","arr":["173A","194","195"],"angle":-26.4,"mi":2}},{"type":"Feature","geometry":{"type":"Point","coordinates":[14.317396,40.833224]},"properties":{"lines":"173A, 194, 195","color":"#0059a9","mode":"bus","arr":["173A","194","195"],"angle":-26.3,"extra":1,"ei":0}},{"type":"Feature","geometry":{"type":"Point","coordinates":[14.312925,40.831543]},"properties":{"lines":"173A, 194, 195","color":"#0059a9","mode":"bus","arr":["173A","194","195"],"angle":-26.4,"extra":1,"ei":1}},{"type":"Feature","geometry":{"type":"Point","coordinates":[14.319792,40.832725]},"properties":{"lines":"173A, 194","color":"#0059a9","mode":"bus","arr":["173A","194"],"angle":41.6,"side":-1,"mi":2}},{"type":"Feature","geometry":{"type":"Point","coordinates":[14.311786,40.841766]},"properties":{"lines":"173A, 195, 472, 475","color":"#0059a9","mode":"bus","arr":["173A","195","472","475"],"angle":-54.5,"mi":1}},{"type":"Feature","geometry":{"type":"Point","coordinates":[14.313304,40.843396]},"properties":{"lines":"173A, 195, 472, 475","color":"#0059a9","mode":"bus","arr":["173A","195","472","475"],"angle":-31.9,"side":-1}},{"type":"Feature","geometry":{"type":"Point","coordinates":[14.315943,40.844493]},"properties":{"lines":"173A, 195, 472, 475","color":"#0059a9","mode":"bus","arr":["173A","195","472","475"],"angle":-21,"side":-1,"mi":2}},{"type":"Feature","geometry":{"type":"Point","coordinates":[14.318077,40.844778]},"properties":{"lines":"173A, 195","color":"#0059a9","mode":"bus","arr":["173A","195"],"angle":4.2,"side":-1}},{"type":"Feature","geometry":{"type":"Point","coordinates":[14.323438,40.856162]},"properties":{"lines":"173A, 191, 195, 196, 472","color":"#0059a9","mode":"bus","arr":["173A","191","195","196","472"],"angle":-30.4}},{"type":"Feature","geometry":{"type":"Point","coordinates":[14.326903,40.8577]},"properties":{"lines":"173A, 191, 195, 196, 472","color":"#0059a9","mode":"bus","arr":["173A","191","195","196","472"],"angle":-30.4,"extra":1,"ei":0}},{"type":"Feature","geometry":{"type":"Point","coordinates":[14.320438,40.854839]},"properties":{"lines":"173A, 191, 195, 196, 472","color":"#0059a9","mode":"bus","arr":["173A","191","195","196","472"],"angle":-30.2,"extra":1,"ei":1}},{"type":"Feature","geometry":{"type":"Point","coordinates":[14.323446,40.856057]},"properties":{"lines":"173A, 191, 195, 196","color":"#0059a9","mode":"bus","arr":["173A","191","195","196"],"angle":-30.6,"side":-1}},{"type":"Feature","geometry":{"type":"Point","coordinates":[14.320005,40.854527]},"properties":{"lines":"173A, 191, 195, 196","color":"#0059a9","mode":"bus","arr":["173A","191","195","196"],"angle":-30,"extra":1,"ei":0,"side":-1}},{"type":"Feature","geometry":{"type":"Point","coordinates":[14.326465,40.857394]},"properties":{"lines":"173A, 191, 195, 196","color":"#0059a9","mode":"bus","arr":["173A","191","195","196"],"angle":-29.2,"extra":1,"ei":1,"side":-1}},{"type":"Feature","geometry":{"type":"Point","coordinates":[14.386076,40.861072]},"properties":{"lines":"175, 475","color":"#0059a9","mode":"bus","arr":["175","475"],"angle":-42.1,"mi":8}},{"type":"Feature","geometry":{"type":"Point","coordinates":[14.386352,40.860914]},"properties":{"lines":"175, 475","color":"#0059a9","mode":"bus","arr":["175","475"],"angle":-64.4,"side":-1,"mi":7}},{"type":"Feature","geometry":{"type":"Point","coordinates":[14.387731,40.860079]},"properties":{"lines":"175, 475","color":"#0059a9","mode":"bus","arr":["175","475"],"angle":31,"mi":9}},{"type":"Feature","geometry":{"type":"Point","coordinates":[14.384246,40.858999]},"properties":{"lines":"175, 475","color":"#0059a9","mode":"bus","arr":["175","475"],"angle":-36.2,"mi":5}},{"type":"Feature","geometry":{"type":"Point","coordinates":[14.385342,40.860043]},"properties":{"lines":"175, 475","color":"#0059a9","mode":"bus","arr":["175","475"],"angle":-60.5,"extra":1,"ei":0}},{"type":"Feature","geometry":{"type":"Point","coordinates":[14.379464,40.85743]},"properties":{"lines":"175, 475","color":"#0059a9","mode":"bus","arr":["175","475"],"angle":-11.8,"mi":2}},{"type":"Feature","geometry":{"type":"Point","coordinates":[14.378196,40.856052]},"properties":{"lines":"175, 475","color":"#0059a9","mode":"bus","arr":["175","475"],"angle":43.5,"mi":1}},{"type":"Feature","geometry":{"type":"Point","coordinates":[14.379253,40.854953]},"properties":{"lines":"175, 475","color":"#0059a9","mode":"bus","arr":["175","475"],"angle":65.3,"extra":1,"ei":0}},{"type":"Feature","geometry":{"type":"Point","coordinates":[14.376752,40.853136]},"properties":{"lines":"175, 475","color":"#0059a9","mode":"bus","arr":["175","475"],"angle":-47.3,"mi":3}},{"type":"Feature","geometry":{"type":"Point","coordinates":[14.378685,40.854029]},"properties":{"lines":"175, 475","color":"#0059a9","mode":"bus","arr":["175","475"],"angle":-47.7,"extra":1,"ei":0}},{"type":"Feature","geometry":{"type":"Point","coordinates":[14.375235,40.851487]},"properties":{"lines":"175, 475","color":"#0059a9","mode":"bus","arr":["175","475"],"angle":-65.7,"extra":1,"ei":1}},{"type":"Feature","geometry":{"type":"Point","coordinates":[14.371658,40.84483]},"properties":{"lines":"175, 475","color":"#0059a9","mode":"bus","arr":["175","475"],"angle":-25.1,"mi":11}},{"type":"Feature","geometry":{"type":"Point","coordinates":[14.374525,40.847984]},"properties":{"lines":"175, 475","color":"#0059a9","mode":"bus","arr":["175","475"],"angle":-30.2,"mi":10}},{"type":"Feature","geometry":{"type":"Point","coordinates":[14.374971,40.849795]},"properties":{"lines":"175, 475","color":"#0059a9","mode":"bus","arr":["175","475"],"angle":81.1,"extra":1,"ei":0}},{"type":"Feature","geometry":{"type":"Point","coordinates":[14.373092,40.846969]},"properties":{"lines":"175, 475","color":"#0059a9","mode":"bus","arr":["175","475"],"angle":83.4,"extra":1,"ei":1}},{"type":"Feature","geometry":{"type":"Point","coordinates":[14.371194,40.845039]},"properties":{"lines":"175, 475","color":"#0059a9","mode":"bus","arr":["175","475"],"angle":-23.7,"mi":12}},{"type":"Feature","geometry":{"type":"Point","coordinates":[14.369838,40.844277]},"properties":{"lines":"175, 177, 475","color":"#0059a9","mode":"bus","arr":["175","177","475"],"angle":36.4,"side":-1,"mi":2}},{"type":"Feature","geometry":{"type":"Point","coordinates":[14.369476,40.845397]},"properties":{"lines":"175, 177, 475","color":"#0059a9","mode":"bus","arr":["175","177","475"],"angle":-55.3,"mi":1}},{"type":"Feature","geometry":{"type":"Point","coordinates":[14.368835,40.846847]},"properties":{"lines":"175, 177, 475","color":"#0059a9","mode":"bus","arr":["175","177","475"],"angle":26.2,"mi":4}},{"type":"Feature","geometry":{"type":"Point","coordinates":[14.366789,40.847696]},"properties":{"lines":"175, 177, 475","color":"#0059a9","mode":"bus","arr":["175","177","475"],"angle":12.9,"mi":5}},{"type":"Feature","geometry":{"type":"Point","coordinates":[14.364435,40.848655]},"properties":{"lines":"175, 177, 475","color":"#0059a9","mode":"bus","arr":["175","177","475"],"angle":36.8,"mi":7}},{"type":"Feature","geometry":{"type":"Point","coordinates":[14.363173,40.849373]},"properties":{"lines":"175, 177, 475","color":"#0059a9","mode":"bus","arr":["175","177","475"],"angle":36.9,"extra":1,"ei":0}},{"type":"Feature","geometry":{"type":"Point","coordinates":[14.361716,40.849292]},"properties":{"lines":"175, 177, 475","color":"#0059a9","mode":"bus","arr":["175","177","475"],"angle":-25,"mi":9}},{"type":"Feature","geometry":{"type":"Point","coordinates":[14.362925,40.845558]},"properties":{"lines":"175, 177, 475","color":"#0059a9","mode":"bus","arr":["175","177","475"],"angle":62.2}},{"type":"Feature","geometry":{"type":"Point","coordinates":[14.361369,40.848119]},"properties":{"lines":"175, 177, 475","color":"#0059a9","mode":"bus","arr":["175","177","475"],"angle":65.1,"extra":1,"ei":0}},{"type":"Feature","geometry":{"type":"Point","coordinates":[14.364796,40.843088]},"properties":{"lines":"175, 177, 475","color":"#0059a9","mode":"bus","arr":["175","177","475"],"angle":60.3,"extra":1,"ei":1}},{"type":"Feature","geometry":{"type":"Point","coordinates":[14.364819,40.840703]},"properties":{"lines":"175, 177, 475","color":"#0059a9","mode":"bus","arr":["175","177","475"],"angle":84,"mi":6}},{"type":"Feature","geometry":{"type":"Point","coordinates":[14.364447,40.839101]},"properties":{"lines":"175, 177, 475","color":"#0059a9","mode":"bus","arr":["175","177","475"],"angle":-40.9,"mi":8}},{"type":"Feature","geometry":{"type":"Point","coordinates":[14.36227,40.837971]},"properties":{"lines":"175, 177, 475","color":"#0059a9","mode":"bus","arr":["175","177","475"],"angle":-46.1,"mi":10}},{"type":"Feature","geometry":{"type":"Point","coordinates":[14.361312,40.836937]},"properties":{"lines":"175, 177, 475","color":"#0059a9","mode":"bus","arr":["175","177","475"],"angle":-63.1,"extra":1,"ei":0}},{"type":"Feature","geometry":{"type":"Point","coordinates":[14.354069,40.835992]},"properties":{"lines":"175, 475","color":"#0059a9","mode":"bus","arr":["175","475"],"angle":-9.9,"mi":5}},{"type":"Feature","geometry":{"type":"Point","coordinates":[14.348809,40.835297]},"properties":{"lines":"175, 475","color":"#0059a9","mode":"bus","arr":["175","475"],"angle":-9.2,"extra":1,"ei":0}},{"type":"Feature","geometry":{"type":"Point","coordinates":[14.35127,40.835616]},"properties":{"lines":"175, 475","color":"#0059a9","mode":"bus","arr":["175","475"],"angle":-10.1,"extra":1,"ei":1}},{"type":"Feature","geometry":{"type":"Point","coordinates":[14.356191,40.83625]},"properties":{"lines":"175, 475","color":"#0059a9","mode":"bus","arr":["175","475"],"angle":-7.6,"extra":1,"ei":2}},{"type":"Feature","geometry":{"type":"Point","coordinates":[14.358682,40.83637]},"properties":{"lines":"175, 475","color":"#0059a9","mode":"bus","arr":["175","475"],"angle":-3.5,"extra":1,"ei":3}},{"type":"Feature","geometry":{"type":"Point","coordinates":[14.349447,40.836703]},"properties":{"lines":"175, 475","color":"#0059a9","mode":"bus","arr":["175","475"],"angle":80.8,"mi":1}},{"type":"Feature","geometry":{"type":"Point","coordinates":[14.348048,40.837874]},"properties":{"lines":"175, 475","color":"#0059a9","mode":"bus","arr":["175","475"],"angle":-19.2}},{"type":"Feature","geometry":{"type":"Point","coordinates":[14.34658,40.838331]},"properties":{"lines":"175, 475","color":"#0059a9","mode":"bus","arr":["175","475"],"angle":72.6,"mi":2}},{"type":"Feature","geometry":{"type":"Point","coordinates":[14.344271,40.838692]},"properties":{"lines":"175, 475","color":"#0059a9","mode":"bus","arr":["175","475"],"angle":-15.7,"mi":4}},{"type":"Feature","geometry":{"type":"Point","coordinates":[14.342607,40.838647]},"properties":{"lines":"175, 475","color":"#0059a9","mode":"bus","arr":["175","475"],"angle":2.2,"extra":1,"ei":0}},{"type":"Feature","geometry":{"type":"Point","coordinates":[14.342499,40.850984]},"properties":{"lines":"175, 195","color":"#0059a9","mode":"bus","arr":["175","195"],"angle":-89.5}},{"type":"Feature","geometry":{"type":"Point","coordinates":[14.342484,40.84974]},"properties":{"lines":"175, 195","color":"#0059a9","mode":"bus","arr":["175","195"],"angle":-89.4,"extra":1,"ei":0}},{"type":"Feature","geometry":{"type":"Point","coordinates":[14.339145,40.850623]},"properties":{"lines":"175, 195","color":"#0059a9","mode":"bus","arr":["175","195"],"angle":-88.9,"mi":1}},{"type":"Feature","geometry":{"type":"Point","coordinates":[14.337549,40.84693]},"properties":{"lines":"175","color":"#0059a9","mode":"bus","arr":["175"],"angle":78.2,"mi":1}},{"type":"Feature","geometry":{"type":"Point","coordinates":[14.329684,40.841427]},"properties":{"lines":"175","color":"#0059a9","mode":"bus","arr":["175"],"angle":31.8,"mi":2}},{"type":"Feature","geometry":{"type":"Point","coordinates":[14.333121,40.841895]},"properties":{"lines":"175","color":"#0059a9","mode":"bus","arr":["175"],"angle":-52.2,"extra":1,"ei":0}},{"type":"Feature","geometry":{"type":"Point","coordinates":[14.3265,40.842886]},"properties":{"lines":"175","color":"#0059a9","mode":"bus","arr":["175"],"angle":29.2,"extra":1,"ei":1}},{"type":"Feature","geometry":{"type":"Point","coordinates":[14.340817,40.834542]},"properties":{"lines":"175","color":"#0059a9","mode":"bus","arr":["175"],"angle":48.2,"mi":1}},{"type":"Feature","geometry":{"type":"Point","coordinates":[14.341772,40.833589]},"properties":{"lines":"175","color":"#0059a9","mode":"bus","arr":["175"],"angle":67.2,"extra":1,"ei":0}},{"type":"Feature","geometry":{"type":"Point","coordinates":[14.307651,40.847299]},"properties":{"lines":"175","color":"#0059a9","mode":"bus","arr":["175"],"angle":-15.5,"side":-1}},{"type":"Feature","geometry":{"type":"Point","coordinates":[14.324435,40.843885]},"properties":{"lines":"175","color":"#0059a9","mode":"bus","arr":["175"],"angle":35.2,"extra":1,"ei":0}},{"type":"Feature","geometry":{"type":"Point","coordinates":[14.322386,40.844963]},"properties":{"lines":"175","color":"#0059a9","mode":"bus","arr":["175"],"angle":34.8,"extra":1,"ei":1}},{"type":"Feature","geometry":{"type":"Point","coordinates":[14.320348,40.846053]},"properties":{"lines":"175","color":"#0059a9","mode":"bus","arr":["175"],"angle":36.9,"extra":1,"ei":2}},{"type":"Feature","geometry":{"type":"Point","coordinates":[14.318267,40.847096]},"properties":{"lines":"175","color":"#0059a9","mode":"bus","arr":["175"],"angle":33.2,"extra":1,"ei":3}},{"type":"Feature","geometry":{"type":"Point","coordinates":[14.316174,40.848123]},"properties":{"lines":"175","color":"#0059a9","mode":"bus","arr":["175"],"angle":26.1,"extra":1,"ei":4}},{"type":"Feature","geometry":{"type":"Point","coordinates":[14.313759,40.848518]},"properties":{"lines":"175","color":"#0059a9","mode":"bus","arr":["175"],"angle":-1.7,"extra":1,"ei":5}},{"type":"Feature","geometry":{"type":"Point","coordinates":[14.311316,40.84815]},"properties":{"lines":"175","color":"#0059a9","mode":"bus","arr":["175"],"angle":-13.5,"extra":1,"ei":6}},{"type":"Feature","geometry":{"type":"Point","coordinates":[14.304073,40.846708]},"properties":{"lines":"175","color":"#0059a9","mode":"bus","arr":["175"],"angle":-14.7,"extra":1,"ei":7}},{"type":"Feature","geometry":{"type":"Point","coordinates":[14.301701,40.846136]},"properties":{"lines":"175","color":"#0059a9","mode":"bus","arr":["175"],"angle":-25.6,"extra":1,"ei":8,"side":-1}},{"type":"Feature","geometry":{"type":"Point","coordinates":[14.299495,40.845252]},"properties":{"lines":"175","color":"#0059a9","mode":"bus","arr":["175"],"angle":-29.8,"extra":1,"ei":9}},{"type":"Feature","geometry":{"type":"Point","coordinates":[14.297347,40.844289]},"properties":{"lines":"175","color":"#0059a9","mode":"bus","arr":["175"],"angle":-31.8,"extra":1,"ei":10}},{"type":"Feature","geometry":{"type":"Point","coordinates":[14.295185,40.843345]},"properties":{"lines":"175","color":"#0059a9","mode":"bus","arr":["175"],"angle":-29.6,"extra":1,"ei":11}},{"type":"Feature","geometry":{"type":"Point","coordinates":[14.292847,40.843063]},"properties":{"lines":"175","color":"#0059a9","mode":"bus","arr":["175"],"angle":20.2,"extra":1,"ei":12}},{"type":"Feature","geometry":{"type":"Point","coordinates":[14.290545,40.843786]},"properties":{"lines":"175","color":"#0059a9","mode":"bus","arr":["175"],"angle":32.6,"extra":1,"ei":13}},{"type":"Feature","geometry":{"type":"Point","coordinates":[14.288708,40.845061]},"properties":{"lines":"175","color":"#0059a9","mode":"bus","arr":["175"],"angle":44.3,"extra":1,"ei":14}},{"type":"Feature","geometry":{"type":"Point","coordinates":[14.286992,40.846432]},"properties":{"lines":"175","color":"#0059a9","mode":"bus","arr":["175"],"angle":47.7,"extra":1,"ei":15}},{"type":"Feature","geometry":{"type":"Point","coordinates":[14.285388,40.847878]},"properties":{"lines":"175","color":"#0059a9","mode":"bus","arr":["175"],"angle":53,"extra":1,"ei":16}},{"type":"Feature","geometry":{"type":"Point","coordinates":[14.283939,40.849416]},"properties":{"lines":"175","color":"#0059a9","mode":"bus","arr":["175"],"angle":55.5,"extra":1,"ei":17}},{"type":"Feature","geometry":{"type":"Point","coordinates":[14.282599,40.851009]},"properties":{"lines":"175","color":"#0059a9","mode":"bus","arr":["175"],"angle":58.1,"extra":1,"ei":18}},{"type":"Feature","geometry":{"type":"Point","coordinates":[14.280542,40.851745]},"properties":{"lines":"175","color":"#0059a9","mode":"bus","arr":["175"],"angle":-18.5,"extra":1,"ei":19}},{"type":"Feature","geometry":{"type":"Point","coordinates":[14.278405,40.850777]},"properties":{"lines":"175","color":"#0059a9","mode":"bus","arr":["175"],"angle":-27.8,"extra":1,"ei":20}},{"type":"Feature","geometry":{"type":"Point","coordinates":[14.309242,40.847636]},"properties":{"lines":"175","color":"#0059a9","mode":"bus","arr":["175"],"angle":-15.3,"extra":1,"ei":0,"side":-1}},{"type":"Feature","geometry":{"type":"Point","coordinates":[14.326785,40.842478]},"properties":{"lines":"175","color":"#0059a9","mode":"bus","arr":["175"],"angle":35.6,"extra":1,"ei":1,"side":-1}},{"type":"Feature","geometry":{"type":"Point","coordinates":[14.328834,40.8414]},"properties":{"lines":"175","color":"#0059a9","mode":"bus","arr":["175"],"angle":33.3,"extra":1,"ei":2}},{"type":"Feature","geometry":{"type":"Point","coordinates":[14.330889,40.840328]},"properties":{"lines":"175","color":"#0059a9","mode":"bus","arr":["175"],"angle":35.6,"extra":1,"ei":3}},{"type":"Feature","geometry":{"type":"Point","coordinates":[14.332934,40.839245]},"properties":{"lines":"175","color":"#0059a9","mode":"bus","arr":["175"],"angle":34.6,"extra":1,"ei":4}},{"type":"Feature","geometry":{"type":"Point","coordinates":[14.334982,40.838165]},"properties":{"lines":"175","color":"#0059a9","mode":"bus","arr":["175"],"angle":34.9,"extra":1,"ei":5}},{"type":"Feature","geometry":{"type":"Point","coordinates":[14.337029,40.837084]},"properties":{"lines":"175","color":"#0059a9","mode":"bus","arr":["175"],"angle":35.1,"extra":1,"ei":6}},{"type":"Feature","geometry":{"type":"Point","coordinates":[14.339021,40.835948]},"properties":{"lines":"175","color":"#0059a9","mode":"bus","arr":["175"],"angle":40,"extra":1,"ei":7}},{"type":"Feature","geometry":{"type":"Point","coordinates":[14.342307,40.832462]},"properties":{"lines":"175","color":"#0059a9","mode":"bus","arr":["175"],"angle":67.2}},{"type":"Feature","geometry":{"type":"Point","coordinates":[14.346058,40.834971]},"properties":{"lines":"175, 475","color":"#0059a9","mode":"bus","arr":["175","475"],"angle":-9.6,"mi":3}},{"type":"Feature","geometry":{"type":"Point","coordinates":[14.367833,40.840914]},"properties":{"lines":"175, 177","color":"#0059a9","mode":"bus","arr":["175","177"],"angle":33.2,"mi":1}},{"type":"Feature","geometry":{"type":"Point","coordinates":[14.37007,40.840121]},"properties":{"lines":"175, 177","color":"#0059a9","mode":"bus","arr":["175","177"],"angle":-65.7,"mi":2}},{"type":"Feature","geometry":{"type":"Point","coordinates":[14.369281,40.841528]},"properties":{"lines":"175, 177","color":"#0059a9","mode":"bus","arr":["175","177"],"angle":84.4}},{"type":"Feature","geometry":{"type":"Point","coordinates":[14.370001,40.843459]},"properties":{"lines":"175, 177, 475","color":"#0059a9","mode":"bus","arr":["175","177","475"],"angle":-63.1,"mi":3}},{"type":"Feature","geometry":{"type":"Point","coordinates":[14.380714,40.856169]},"properties":{"lines":"175, 475","color":"#0059a9","mode":"bus","arr":["175","475"],"angle":-50.4}},{"type":"Feature","geometry":{"type":"Point","coordinates":[14.381808,40.857101]},"properties":{"lines":"175, 475","color":"#0059a9","mode":"bus","arr":["175","475"],"angle":-42.9,"extra":1,"ei":0}},{"type":"Feature","geometry":{"type":"Point","coordinates":[14.385215,40.857773]},"properties":{"lines":"175, 475","color":"#0059a9","mode":"bus","arr":["175","475"],"angle":-21.8,"mi":4}},{"type":"Feature","geometry":{"type":"Point","coordinates":[14.383346,40.857463]},"properties":{"lines":"175, 475","color":"#0059a9","mode":"bus","arr":["175","475"],"angle":5.4,"extra":1,"ei":0}},{"type":"Feature","geometry":{"type":"Point","coordinates":[14.38806,40.858571]},"properties":{"lines":"175, 475","color":"#0059a9","mode":"bus","arr":["175","475"],"angle":-16.7,"extra":1,"ei":1,"side":-1}},{"type":"Feature","geometry":{"type":"Point","coordinates":[14.388668,40.85897]},"properties":{"lines":"175, 475","color":"#0059a9","mode":"bus","arr":["175","475"],"angle":-41.4,"mi":6}},{"type":"Feature","geometry":{"type":"Point","coordinates":[14.364628,40.819323]},"properties":{"lines":"176","color":"#0059a9","mode":"bus","arr":["176"],"angle":-26.9,"mi":2}},{"type":"Feature","geometry":{"type":"Point","coordinates":[14.365772,40.820207]},"properties":{"lines":"176","color":"#0059a9","mode":"bus","arr":["176"],"angle":-57,"extra":1,"ei":0}},{"type":"Feature","geometry":{"type":"Point","coordinates":[14.36905,40.823343]},"properties":{"lines":"176","color":"#0059a9","mode":"bus","arr":["176"],"angle":-48.6}},{"type":"Feature","geometry":{"type":"Point","coordinates":[14.366787,40.821198]},"properties":{"lines":"176","color":"#0059a9","mode":"bus","arr":["176"],"angle":-51.3,"extra":1,"ei":0}},{"type":"Feature","geometry":{"type":"Point","coordinates":[14.372315,40.824582]},"properties":{"lines":"176","color":"#0059a9","mode":"bus","arr":["176"],"angle":1.8,"extra":1,"ei":1}},{"type":"Feature","geometry":{"type":"Point","coordinates":[14.373379,40.825053]},"properties":{"lines":"176","color":"#0059a9","mode":"bus","arr":["176"],"angle":-69.3,"side":-1,"mi":4}},{"type":"Feature","geometry":{"type":"Point","coordinates":[14.369793,40.824393]},"properties":{"lines":"176","color":"#0059a9","mode":"bus","arr":["176"],"angle":-43,"mi":1}},{"type":"Feature","geometry":{"type":"Point","coordinates":[14.372059,40.825009]},"properties":{"lines":"176","color":"#0059a9","mode":"bus","arr":["176"],"angle":-16.2,"extra":1,"ei":0}},{"type":"Feature","geometry":{"type":"Point","coordinates":[14.368129,40.822933]},"properties":{"lines":"176","color":"#0059a9","mode":"bus","arr":["176"],"angle":-62.1,"extra":1,"ei":1}},{"type":"Feature","geometry":{"type":"Point","coordinates":[14.36328,40.81888]},"properties":{"lines":"176","color":"#0059a9","mode":"bus","arr":["176"],"angle":-27.4,"mi":3}},{"type":"Feature","geometry":{"type":"Point","coordinates":[14.348676,40.807096]},"properties":{"lines":"176, 177","color":"#0059a9","mode":"bus","arr":["176","177"],"angle":64.5,"mi":1}},{"type":"Feature","geometry":{"type":"Point","coordinates":[14.351026,40.804053]},"properties":{"lines":"176, 177","color":"#0059a9","mode":"bus","arr":["176","177"],"angle":52.8,"extra":1,"ei":0}},{"type":"Feature","geometry":{"type":"Point","coordinates":[14.349652,40.805624]},"properties":{"lines":"176, 177","color":"#0059a9","mode":"bus","arr":["176","177"],"angle":53.4,"extra":1,"ei":1}},{"type":"Feature","geometry":{"type":"Point","coordinates":[14.347061,40.808763]},"properties":{"lines":"176, 177","color":"#0059a9","mode":"bus","arr":["176","177"],"angle":36.8,"extra":1,"ei":2}},{"type":"Feature","geometry":{"type":"Point","coordinates":[14.344996,40.809823]},"properties":{"lines":"176, 177","color":"#0059a9","mode":"bus","arr":["176","177"],"angle":33.1,"extra":1,"ei":3}},{"type":"Feature","geometry":{"type":"Point","coordinates":[14.341797,40.811955]},"properties":{"lines":"176, 177","color":"#0059a9","mode":"bus","arr":["176","177"],"angle":34.2}},{"type":"Feature","geometry":{"type":"Point","coordinates":[14.34363,40.81078]},"properties":{"lines":"176, 177","color":"#0059a9","mode":"bus","arr":["176","177"],"angle":50.9,"extra":1,"ei":0}},{"type":"Feature","geometry":{"type":"Point","coordinates":[14.339889,40.813236]},"properties":{"lines":"176, 177","color":"#0059a9","mode":"bus","arr":["176","177"],"angle":60.1,"extra":1,"ei":1}},{"type":"Feature","geometry":{"type":"Point","coordinates":[14.356986,40.830515]},"properties":{"lines":"177","color":"#0059a9","mode":"bus","arr":["177"],"angle":-63.4}},{"type":"Feature","geometry":{"type":"Point","coordinates":[14.359695,40.82151]},"properties":{"lines":"177","color":"#0059a9","mode":"bus","arr":["177"],"angle":61.2}},{"type":"Feature","geometry":{"type":"Point","coordinates":[14.361507,40.819136]},"properties":{"lines":"177","color":"#0059a9","mode":"bus","arr":["177"],"angle":44.9,"extra":1,"ei":0}},{"type":"Feature","geometry":{"type":"Point","coordinates":[14.35785,40.824069]},"properties":{"lines":"177","color":"#0059a9","mode":"bus","arr":["177"],"angle":62,"extra":1,"ei":1}},{"type":"Feature","geometry":{"type":"Point","coordinates":[14.356943,40.825787]},"properties":{"lines":"177","color":"#0059a9","mode":"bus","arr":["177"],"angle":68.4,"extra":1,"ei":0}},{"type":"Feature","geometry":{"type":"Point","coordinates":[14.356004,40.827536]},"properties":{"lines":"177","color":"#0059a9","mode":"bus","arr":["177"],"angle":73.2,"extra":1,"ei":1}},{"type":"Feature","geometry":{"type":"Point","coordinates":[14.356223,40.829344]},"properties":{"lines":"177","color":"#0059a9","mode":"bus","arr":["177"],"angle":-63.6,"extra":1,"ei":2}},{"type":"Feature","geometry":{"type":"Point","coordinates":[14.358447,40.832725]},"properties":{"lines":"177","color":"#0059a9","mode":"bus","arr":["177"],"angle":-63.3,"extra":1,"ei":3}},{"type":"Feature","geometry":{"type":"Point","coordinates":[14.359578,40.834408]},"properties":{"lines":"177","color":"#0059a9","mode":"bus","arr":["177"],"angle":-62.4,"extra":1,"ei":4}},{"type":"Feature","geometry":{"type":"Point","coordinates":[14.236752,40.893235]},"properties":{"lines":"178, N5","color":"#0059a9","mode":"bus","arr":["178","N5"],"angle":34.2,"mi":2}},{"type":"Feature","geometry":{"type":"Point","coordinates":[14.234208,40.887382]},"properties":{"lines":"178","color":"#0059a9","mode":"bus","arr":["178"],"angle":11.1,"mi":2}},{"type":"Feature","geometry":{"type":"Point","coordinates":[14.232853,40.888389]},"properties":{"lines":"178","color":"#0059a9","mode":"bus","arr":["178"],"angle":87.5,"extra":1,"ei":0}},{"type":"Feature","geometry":{"type":"Point","coordinates":[14.236992,40.886807]},"properties":{"lines":"178","color":"#0059a9","mode":"bus","arr":["178"],"angle":16.1,"extra":1,"ei":1}},{"type":"Feature","geometry":{"type":"Point","coordinates":[14.237678,40.887366]},"properties":{"lines":"178","color":"#0059a9","mode":"bus","arr":["178"],"angle":-80.8}},{"type":"Feature","geometry":{"type":"Point","coordinates":[14.23841,40.889368]},"properties":{"lines":"178","color":"#0059a9","mode":"bus","arr":["178"],"angle":-71.1,"mi":1}},{"type":"Feature","geometry":{"type":"Point","coordinates":[14.238997,40.890664]},"properties":{"lines":"178","color":"#0059a9","mode":"bus","arr":["178"],"angle":-72.8,"extra":1,"ei":0}},{"type":"Feature","geometry":{"type":"Point","coordinates":[14.242674,40.889137]},"properties":{"lines":"178, N5","color":"#0059a9","mode":"bus","arr":["178","N5"],"angle":30.4,"mi":3}},{"type":"Feature","geometry":{"type":"Point","coordinates":[14.24011,40.890276]},"properties":{"lines":"178, N5","color":"#0059a9","mode":"bus","arr":["178","N5"],"angle":30.4,"extra":1,"ei":0}},{"type":"Feature","geometry":{"type":"Point","coordinates":[14.244415,40.888362]},"properties":{"lines":"178, N5","color":"#0059a9","mode":"bus","arr":["178","N5"],"angle":30.9,"extra":1,"ei":1}},{"type":"Feature","geometry":{"type":"Point","coordinates":[14.24821,40.888113]},"properties":{"lines":"178, C78, N5","color":"#0059a9","mode":"bus","arr":["178","C78","N5"],"angle":-23.9}},{"type":"Feature","geometry":{"type":"Point","coordinates":[14.249745,40.888617]},"properties":{"lines":"178, C78, N5","color":"#0059a9","mode":"bus","arr":["178","C78","N5"],"angle":-23.3,"extra":1,"ei":0}},{"type":"Feature","geometry":{"type":"Point","coordinates":[14.250422,40.888811]},"properties":{"lines":"178, C78","color":"#0059a9","mode":"bus","arr":["178","C78"],"angle":-12.6}},{"type":"Feature","geometry":{"type":"Point","coordinates":[14.247772,40.886839]},"properties":{"lines":"178","color":"#0059a9","mode":"bus","arr":["178"],"angle":30.9,"mi":3}},{"type":"Feature","geometry":{"type":"Point","coordinates":[14.239575,40.891598]},"properties":{"lines":"178, N5","color":"#0059a9","mode":"bus","arr":["178","N5"],"angle":-74.3}},{"type":"Feature","geometry":{"type":"Point","coordinates":[14.238928,40.892715]},"properties":{"lines":"178, N5","color":"#0059a9","mode":"bus","arr":["178","N5"],"angle":25.3,"mi":1}},{"type":"Feature","geometry":{"type":"Point","coordinates":[14.194209,40.822933]},"properties":{"lines":"180, 181, 502, C1, C1E, C3, N6, N7, R6, S1, S2","color":"#0059a9","mode":"bus","arr":["180","181","502","C1","C1E","C3","N6","N7","R6","S1","S2"],"angle":65}},{"type":"Feature","geometry":{"type":"Point","coordinates":[14.197691,40.825095]},"properties":{"lines":"180, 181, 502, 618, C1, C1E, C3, N6, N7, R6, S1, S2","color":"#0059a9","mode":"bus","arr":["180","181","502","618","C1","C1E","C3","N6","N7","R6","S1","S2"],"angle":76}},{"type":"Feature","geometry":{"type":"Point","coordinates":[14.19473,40.825815]},"properties":{"lines":"180, 181, 502, 618, C3, N6, N7, R6, S1, S2","color":"#0059a9","mode":"bus","arr":["180","181","502","618","C3","N6","N7","R6","S1","S2"],"angle":76.2}},{"type":"Feature","geometry":{"type":"Point","coordinates":[14.195121,40.827141]},"properties":{"lines":"180, 181, 502, 618, C3, N6, N7, R6, S1, S2","color":"#0059a9","mode":"bus","arr":["180","181","502","618","C3","N6","N7","R6","S1","S2"],"angle":-70.3,"side":-1,"mi":3}},{"type":"Feature","geometry":{"type":"Point","coordinates":[14.19585,40.828526]},"properties":{"lines":"180, 181, 502, 618, C3, N1, N6, N7, R6, S1, S2","color":"#0059a9","mode":"bus","arr":["180","181","502","618","C3","N1","N6","N7","R6","S1","S2"],"angle":-66.9}},{"type":"Feature","geometry":{"type":"Point","coordinates":[14.196231,40.829212]},"properties":{"lines":"180, 181, 502, 618, C3, N1, N6, N7, R6, S2","color":"#0059a9","mode":"bus","arr":["180","181","502","618","C3","N1","N6","N7","R6","S2"],"angle":-67.8}},{"type":"Feature","geometry":{"type":"Point","coordinates":[14.197946,40.829371]},"properties":{"lines":"181, N1, N7","color":"#0059a9","mode":"bus","arr":["181","N1","N7"],"angle":23}},{"type":"Feature","geometry":{"type":"Point","coordinates":[14.193991,40.830647]},"properties":{"lines":"180, 502, 618, C3, N6, R6, S2","color":"#0059a9","mode":"bus","arr":["180","502","618","C3","N6","R6","S2"],"angle":23.4}},{"type":"Feature","geometry":{"type":"Point","coordinates":[14.191528,40.831734]},"properties":{"lines":"180, 502, C3, R6, S1, S2","color":"#0059a9","mode":"bus","arr":["180","502","C3","R6","S1","S2"],"angle":87.2}},{"type":"Feature","geometry":{"type":"Point","coordinates":[14.191284,40.833295]},"properties":{"lines":"180, 502, 618, C3, N6, R6, S1, S2","color":"#0059a9","mode":"bus","arr":["180","502","618","C3","N6","R6","S1","S2"],"angle":84.2,"mi":3}},{"type":"Feature","geometry":{"type":"Point","coordinates":[14.189651,40.837269]},"properties":{"lines":"180, R6, S1, S2","color":"#0059a9","mode":"bus","arr":["180","R6","S1","S2"],"angle":63.2}},{"type":"Feature","geometry":{"type":"Point","coordinates":[14.19078,40.835543]},"properties":{"lines":"180, R6, S1, S2","color":"#0059a9","mode":"bus","arr":["180","R6","S1","S2"],"angle":65.8,"extra":1,"ei":0}},{"type":"Feature","geometry":{"type":"Point","coordinates":[14.188491,40.838898]},"properties":{"lines":"180, R6, S1, S2","color":"#0059a9","mode":"bus","arr":["180","R6","S1","S2"],"angle":61.9,"extra":1,"ei":1}},{"type":"Feature","geometry":{"type":"Point","coordinates":[14.189633,40.838361]},"properties":{"lines":"180","color":"#0059a9","mode":"bus","arr":["180"],"angle":36.3}},{"type":"Feature","geometry":{"type":"Point","coordinates":[14.191097,40.836922]},"properties":{"lines":"180","color":"#0059a9","mode":"bus","arr":["180"],"angle":70.7,"extra":1,"ei":0}},{"type":"Feature","geometry":{"type":"Point","coordinates":[14.188631,40.839965]},"properties":{"lines":"180","color":"#0059a9","mode":"bus","arr":["180"],"angle":80,"extra":1,"ei":1}},{"type":"Feature","geometry":{"type":"Point","coordinates":[14.184872,40.843789]},"properties":{"lines":"180, R6, S2","color":"#0059a9","mode":"bus","arr":["180","R6","S2"],"angle":55.1}},{"type":"Feature","geometry":{"type":"Point","coordinates":[14.18693,40.841029]},"properties":{"lines":"180, R6, S2","color":"#0059a9","mode":"bus","arr":["180","R6","S2"],"angle":61.2,"mi":1}},{"type":"Feature","geometry":{"type":"Point","coordinates":[14.186083,40.842286]},"properties":{"lines":"180, R6, S2","color":"#0059a9","mode":"bus","arr":["180","R6","S2"],"angle":70.8,"extra":1,"ei":0}},{"type":"Feature","geometry":{"type":"Point","coordinates":[14.18396,40.844961]},"properties":{"lines":"180, R6, S2","color":"#0059a9","mode":"bus","arr":["180","R6","S2"],"angle":67.2,"extra":1,"ei":0}},{"type":"Feature","geometry":{"type":"Point","coordinates":[14.183698,40.845886]},"properties":{"lines":"180, S2","color":"#0059a9","mode":"bus","arr":["180","S2"],"angle":-85.5,"side":-1}},{"type":"Feature","geometry":{"type":"Point","coordinates":[14.185886,40.846209]},"properties":{"lines":"180, S2, S5","color":"#0059a9","mode":"bus","arr":["180","S2","S5"],"angle":-16.5}},{"type":"Feature","geometry":{"type":"Point","coordinates":[14.200039,40.852053]},"properties":{"lines":"180, S2, S5","color":"#0059a9","mode":"bus","arr":["180","S2","S5"],"angle":-1.4,"side":-1}},{"type":"Feature","geometry":{"type":"Point","coordinates":[14.187749,40.847655]},"properties":{"lines":"180, S2, S5","color":"#0059a9","mode":"bus","arr":["180","S2","S5"],"angle":-74.4,"extra":1,"ei":0}},{"type":"Feature","geometry":{"type":"Point","coordinates":[14.188349,40.849481]},"properties":{"lines":"180, S2, S5","color":"#0059a9","mode":"bus","arr":["180","S2","S5"],"angle":-64.7,"extra":1,"ei":1,"side":-1}},{"type":"Feature","geometry":{"type":"Point","coordinates":[14.190059,40.85068]},"properties":{"lines":"180, S2, S5","color":"#0059a9","mode":"bus","arr":["180","S2","S5"],"angle":-10.2,"extra":1,"ei":2,"side":-1}},{"type":"Feature","geometry":{"type":"Point","coordinates":[14.192535,40.850914]},"properties":{"lines":"180, S2, S5","color":"#0059a9","mode":"bus","arr":["180","S2","S5"],"angle":-9.2,"extra":1,"ei":3,"side":-1}},{"type":"Feature","geometry":{"type":"Point","coordinates":[14.194992,40.851251]},"properties":{"lines":"180, S2, S5","color":"#0059a9","mode":"bus","arr":["180","S2","S5"],"angle":-10.7,"extra":1,"ei":4,"side":-1}},{"type":"Feature","geometry":{"type":"Point","coordinates":[14.197441,40.851617]},"properties":{"lines":"180, S2, S5","color":"#0059a9","mode":"bus","arr":["180","S2","S5"],"angle":-13.1,"extra":1,"ei":5,"side":-1}},{"type":"Feature","geometry":{"type":"Point","coordinates":[14.202255,40.851568]},"properties":{"lines":"180, S2, S5","color":"#0059a9","mode":"bus","arr":["180","S2","S5"],"angle":22.3,"extra":1,"ei":6,"side":-1}},{"type":"Feature","geometry":{"type":"Point","coordinates":[14.20448,40.850726]},"properties":{"lines":"180, S2, S5","color":"#0059a9","mode":"bus","arr":["180","S2","S5"],"angle":39.2,"extra":1,"ei":7,"side":-1}},{"type":"Feature","geometry":{"type":"Point","coordinates":[14.205914,40.849193]},"properties":{"lines":"180, S2, S5","color":"#0059a9","mode":"bus","arr":["180","S2","S5"],"angle":56.3,"extra":1,"ei":8,"side":-1}},{"type":"Feature","geometry":{"type":"Point","coordinates":[14.207842,40.848036]},"properties":{"lines":"180, S2, S5","color":"#0059a9","mode":"bus","arr":["180","S2","S5"],"angle":26.5,"extra":1,"ei":9,"side":-1}},{"type":"Feature","geometry":{"type":"Point","coordinates":[14.210092,40.847217]},"properties":{"lines":"180, S2, S5","color":"#0059a9","mode":"bus","arr":["180","S2","S5"],"angle":24.2,"extra":1,"ei":10,"side":-1}},{"type":"Feature","geometry":{"type":"Point","coordinates":[14.212394,40.847401]},"properties":{"lines":"180, S2, S5","color":"#0059a9","mode":"bus","arr":["180","S2","S5"],"angle":-45.6,"extra":1,"ei":11,"side":-1}},{"type":"Feature","geometry":{"type":"Point","coordinates":[14.21349,40.848679]},"properties":{"lines":"180, S2, S5","color":"#0059a9","mode":"bus","arr":["180","S2","S5"],"angle":-38.6,"side":-1}},{"type":"Feature","geometry":{"type":"Point","coordinates":[14.214987,40.847806]},"properties":{"lines":"180, S2, S5","color":"#0059a9","mode":"bus","arr":["180","S2","S5"],"angle":46.1,"mi":1}},{"type":"Feature","geometry":{"type":"Point","coordinates":[14.216329,40.847003]},"properties":{"lines":"180, S2, S5","color":"#0059a9","mode":"bus","arr":["180","S2","S5"],"angle":70.9,"extra":1,"ei":0}},{"type":"Feature","geometry":{"type":"Point","coordinates":[14.21768,40.844869]},"properties":{"lines":"180","color":"#0059a9","mode":"bus","arr":["180"],"angle":57.5,"mi":1}},{"type":"Feature","geometry":{"type":"Point","coordinates":[14.21679,40.846031]},"properties":{"lines":"180","color":"#0059a9","mode":"bus","arr":["180"],"angle":64.7,"extra":1,"ei":0}},{"type":"Feature","geometry":{"type":"Point","coordinates":[14.216371,40.844598]},"properties":{"lines":"180","color":"#0059a9","mode":"bus","arr":["180"],"angle":-88.4}},{"type":"Feature","geometry":{"type":"Point","coordinates":[14.216348,40.845895]},"properties":{"lines":"180","color":"#0059a9","mode":"bus","arr":["180"],"angle":80.4,"extra":1,"ei":0}},{"type":"Feature","geometry":{"type":"Point","coordinates":[14.214603,40.842874]},"properties":{"lines":"180","color":"#0059a9","mode":"bus","arr":["180"],"angle":-58.9,"mi":2}},{"type":"Feature","geometry":{"type":"Point","coordinates":[14.221624,40.856777]},"properties":{"lines":"180","color":"#0059a9","mode":"bus","arr":["180"],"angle":-39,"side":-1}},{"type":"Feature","geometry":{"type":"Point","coordinates":[14.274483,40.870408]},"properties":{"lines":"180","color":"#0059a9","mode":"bus","arr":["180"],"angle":-33}},{"type":"Feature","geometry":{"type":"Point","coordinates":[14.21595,40.847034]},"properties":{"lines":"180","color":"#0059a9","mode":"bus","arr":["180"],"angle":72.1,"extra":1,"ei":0}},{"type":"Feature","geometry":{"type":"Point","coordinates":[14.215146,40.848822]},"properties":{"lines":"180","color":"#0059a9","mode":"bus","arr":["180"],"angle":70.8,"extra":1,"ei":1}},{"type":"Feature","geometry":{"type":"Point","coordinates":[14.214843,40.85066]},"properties":{"lines":"180","color":"#0059a9","mode":"bus","arr":["180"],"angle":-74.7,"extra":1,"ei":2,"side":-1}},{"type":"Feature","geometry":{"type":"Point","coordinates":[14.216275,40.852169]},"properties":{"lines":"180","color":"#0059a9","mode":"bus","arr":["180"],"angle":-43.6,"extra":1,"ei":3,"side":-1}},{"type":"Feature","geometry":{"type":"Point","coordinates":[14.218071,40.853481]},"properties":{"lines":"180","color":"#0059a9","mode":"bus","arr":["180"],"angle":-44.4,"extra":1,"ei":4,"side":-1}},{"type":"Feature","geometry":{"type":"Point","coordinates":[14.219614,40.854956]},"properties":{"lines":"180","color":"#0059a9","mode":"bus","arr":["180"],"angle":-56,"extra":1,"ei":5,"side":-1}},{"type":"Feature","geometry":{"type":"Point","coordinates":[14.223125,40.857576]},"properties":{"lines":"180","color":"#0059a9","mode":"bus","arr":["180"],"angle":-28.7,"extra":1,"ei":6,"side":-1}},{"type":"Feature","geometry":{"type":"Point","coordinates":[14.225341,40.858447]},"properties":{"lines":"180","color":"#0059a9","mode":"bus","arr":["180"],"angle":-27.4,"extra":1,"ei":7,"side":-1}},{"type":"Feature","geometry":{"type":"Point","coordinates":[14.227557,40.859317]},"properties":{"lines":"180","color":"#0059a9","mode":"bus","arr":["180"],"angle":-27.4,"extra":1,"ei":8,"side":-1}},{"type":"Feature","geometry":{"type":"Point","coordinates":[14.229773,40.860186]},"properties":{"lines":"180","color":"#0059a9","mode":"bus","arr":["180"],"angle":-27.4,"extra":1,"ei":9,"side":-1}},{"type":"Feature","geometry":{"type":"Point","coordinates":[14.231989,40.861056]},"properties":{"lines":"180","color":"#0059a9","mode":"bus","arr":["180"],"angle":-27.4,"extra":1,"ei":10,"side":-1}},{"type":"Feature","geometry":{"type":"Point","coordinates":[14.234172,40.861971]},"properties":{"lines":"180","color":"#0059a9","mode":"bus","arr":["180"],"angle":-30.1,"extra":1,"ei":11}},{"type":"Feature","geometry":{"type":"Point","coordinates":[14.2364,40.862822]},"properties":{"lines":"180","color":"#0059a9","mode":"bus","arr":["180"],"angle":-26.6,"extra":1,"ei":12,"side":-1}},{"type":"Feature","geometry":{"type":"Point","coordinates":[14.270025,40.869108]},"properties":{"lines":"180","color":"#0059a9","mode":"bus","arr":["180"],"angle":-7.3,"extra":1,"ei":0,"side":-1}},{"type":"Feature","geometry":{"type":"Point","coordinates":[14.272455,40.869521]},"properties":{"lines":"180","color":"#0059a9","mode":"bus","arr":["180"],"angle":-19.7,"extra":1,"ei":1,"side":-1}},{"type":"Feature","geometry":{"type":"Point","coordinates":[14.276679,40.871497]},"properties":{"lines":"180","color":"#0059a9","mode":"bus","arr":["180"],"angle":-33,"extra":1,"ei":2,"side":-1}},{"type":"Feature","geometry":{"type":"Point","coordinates":[14.278779,40.872355]},"properties":{"lines":"180","color":"#0059a9","mode":"bus","arr":["180"],"angle":-5.2,"extra":1,"ei":0}},{"type":"Feature","geometry":{"type":"Point","coordinates":[14.216168,40.845741]},"properties":{"lines":"180","color":"#0059a9","mode":"bus","arr":["180"],"angle":87.8,"extra":1,"ei":0,"side":-1}},{"type":"Feature","geometry":{"type":"Point","coordinates":[14.21548,40.843959]},"properties":{"lines":"180","color":"#0059a9","mode":"bus","arr":["180"],"angle":-59.2,"extra":1,"ei":1}},{"type":"Feature","geometry":{"type":"Point","coordinates":[14.213734,40.840501]},"properties":{"lines":"180","color":"#0059a9","mode":"bus","arr":["180"],"angle":-85.2,"extra":1,"ei":2}},{"type":"Feature","geometry":{"type":"Point","coordinates":[14.212476,40.838972]},"properties":{"lines":"180","color":"#0059a9","mode":"bus","arr":["180"],"angle":-31.7,"extra":1,"ei":3}},{"type":"Feature","geometry":{"type":"Point","coordinates":[14.21035,40.837981]},"properties":{"lines":"180","color":"#0059a9","mode":"bus","arr":["180"],"angle":-31.8,"extra":1,"ei":4}},{"type":"Feature","geometry":{"type":"Point","coordinates":[14.208123,40.837164]},"properties":{"lines":"180","color":"#0059a9","mode":"bus","arr":["180"],"angle":-9.2,"extra":1,"ei":5}},{"type":"Feature","geometry":{"type":"Point","coordinates":[14.205662,40.837384]},"properties":{"lines":"180","color":"#0059a9","mode":"bus","arr":["180"],"angle":11.1,"extra":1,"ei":6}},{"type":"Feature","geometry":{"type":"Point","coordinates":[14.20318,40.83754]},"properties":{"lines":"180","color":"#0059a9","mode":"bus","arr":["180"],"angle":-2.6,"extra":1,"ei":7}},{"type":"Feature","geometry":{"type":"Point","coordinates":[14.20072,40.837239]},"properties":{"lines":"180","color":"#0059a9","mode":"bus","arr":["180"],"angle":-14.7,"extra":1,"ei":8}},{"type":"Feature","geometry":{"type":"Point","coordinates":[14.281514,40.872025]},"properties":{"lines":"180, ALIB","color":"#0059a9","mode":"bus","arr":["180","ALIB"],"angle":12.6}},{"type":"Feature","geometry":{"type":"Point","coordinates":[14.278932,40.872245]},"properties":{"lines":"180, ALIB","color":"#0059a9","mode":"bus","arr":["180","ALIB"],"angle":-3.7,"side":-1,"mi":3}},{"type":"Feature","geometry":{"type":"Point","coordinates":[14.28127,40.871957]},"properties":{"lines":"ALIB","color":"#0059a9","mode":"bus","arr":["ALIB"],"angle":12.9,"side":-1,"mi":3}},{"type":"Feature","geometry":{"type":"Point","coordinates":[14.277815,40.871796]},"properties":{"lines":"ALIB","color":"#0059a9","mode":"bus","arr":["ALIB"],"angle":-48.5,"side":-1}},{"type":"Feature","geometry":{"type":"Point","coordinates":[14.280969,40.871105]},"properties":{"lines":"180","color":"#0059a9","mode":"bus","arr":["180"],"angle":49.4,"mi":1}},{"type":"Feature","geometry":{"type":"Point","coordinates":[14.283361,40.870826]},"properties":{"lines":"180, 182, 584","color":"#0059a9","mode":"bus","arr":["180","182","584"],"angle":50.8,"side":-1}},{"type":"Feature","geometry":{"type":"Point","coordinates":[14.283946,40.870376]},"properties":{"lines":"182, 584","color":"#0059a9","mode":"bus","arr":["182","584"],"angle":51.6,"mi":1}},{"type":"Feature","geometry":{"type":"Point","coordinates":[14.283189,40.87111]},"properties":{"lines":"180, 182, 584, C68","color":"#0059a9","mode":"bus","arr":["180","182","584","C68"],"angle":64.6}},{"type":"Feature","geometry":{"type":"Point","coordinates":[14.283274,40.871323]},"properties":{"lines":"180, C68","color":"#0059a9","mode":"bus","arr":["180","C68"],"angle":-73.9,"side":-1,"mi":2}},{"type":"Feature","geometry":{"type":"Point","coordinates":[14.283914,40.872633]},"properties":{"lines":"180, C68","color":"#0059a9","mode":"bus","arr":["180","C68"],"angle":-40.5,"mi":1}},{"type":"Feature","geometry":{"type":"Point","coordinates":[14.282486,40.871913]},"properties":{"lines":"180, C68","color":"#0059a9","mode":"bus","arr":["180","C68"],"angle":4.2,"extra":1,"ei":0}},{"type":"Feature","geometry":{"type":"Point","coordinates":[14.284436,40.872048]},"properties":{"lines":"180, C68","color":"#0059a9","mode":"bus","arr":["180","C68"],"angle":-46.6,"side":-1}},{"type":"Feature","geometry":{"type":"Point","coordinates":[14.285519,40.873149]},"properties":{"lines":"180, ALIB, C68","color":"#0059a9","mode":"bus","arr":["180","ALIB","C68"],"angle":-40.7,"side":-1}},{"type":"Feature","geometry":{"type":"Point","coordinates":[14.285279,40.874773]},"properties":{"lines":"180, ALIB, C68","color":"#0059a9","mode":"bus","arr":["180","ALIB","C68"],"angle":50.9,"mi":1}},{"type":"Feature","geometry":{"type":"Point","coordinates":[14.28071,40.873422]},"properties":{"lines":"180, 182, C68","color":"#0059a9","mode":"bus","arr":["180","182","C68"],"angle":52.8,"side":-1}},{"type":"Feature","geometry":{"type":"Point","coordinates":[14.279369,40.874744]},"properties":{"lines":"180, 182, C68","color":"#0059a9","mode":"bus","arr":["180","182","C68"],"angle":52.6,"extra":1,"ei":0,"side":-1}},{"type":"Feature","geometry":{"type":"Point","coordinates":[14.282394,40.871739]},"properties":{"lines":"180, 182, C68","color":"#0059a9","mode":"bus","arr":["180","182","C68"],"angle":51.9,"extra":1,"ei":1,"side":-1}},{"type":"Feature","geometry":{"type":"Point","coordinates":[14.275322,40.878701]},"properties":{"lines":"180, 182","color":"#0059a9","mode":"bus","arr":["180","182"],"angle":52.4,"side":-1}},{"type":"Feature","geometry":{"type":"Point","coordinates":[14.277899,40.876274]},"properties":{"lines":"180, 182","color":"#0059a9","mode":"bus","arr":["180","182"],"angle":51.7,"extra":1,"ei":0}},{"type":"Feature","geometry":{"type":"Point","coordinates":[14.276465,40.877812]},"properties":{"lines":"180, 182","color":"#0059a9","mode":"bus","arr":["180","182"],"angle":52.2,"extra":1,"ei":1}},{"type":"Feature","geometry":{"type":"Point","coordinates":[14.273397,40.880791]},"properties":{"lines":"180, 182","color":"#0059a9","mode":"bus","arr":["180","182"],"angle":52.3,"extra":1,"ei":2}},{"type":"Feature","geometry":{"type":"Point","coordinates":[14.274322,40.879665]},"properties":{"lines":"180, 182","color":"#0059a9","mode":"bus","arr":["180","182"],"angle":51.6,"extra":1,"ei":0,"side":-1}},{"type":"Feature","geometry":{"type":"Point","coordinates":[14.272445,40.881623]},"properties":{"lines":"180","color":"#0059a9","mode":"bus","arr":["180"],"angle":51}},{"type":"Feature","geometry":{"type":"Point","coordinates":[14.266433,40.887374]},"properties":{"lines":"180, N5, R5","color":"#0059a9","mode":"bus","arr":["180","N5","R5"],"angle":52}},{"type":"Feature","geometry":{"type":"Point","coordinates":[14.262227,40.891455]},"properties":{"lines":"180, N5, R5","color":"#0059a9","mode":"bus","arr":["180","N5","R5"],"angle":53.1,"extra":1,"ei":0}},{"type":"Feature","geometry":{"type":"Point","coordinates":[14.263759,40.889964]},"properties":{"lines":"180, N5, R5","color":"#0059a9","mode":"bus","arr":["180","N5","R5"],"angle":51.8,"extra":1,"ei":1}},{"type":"Feature","geometry":{"type":"Point","coordinates":[14.265297,40.888477]},"properties":{"lines":"180, N5, R5","color":"#0059a9","mode":"bus","arr":["180","N5","R5"],"angle":52.2,"extra":1,"ei":2}},{"type":"Feature","geometry":{"type":"Point","coordinates":[14.268368,40.885498]},"properties":{"lines":"180, N5, R5","color":"#0059a9","mode":"bus","arr":["180","N5","R5"],"angle":52,"extra":1,"ei":3}},{"type":"Feature","geometry":{"type":"Point","coordinates":[14.269904,40.88401]},"properties":{"lines":"180, N5, R5","color":"#0059a9","mode":"bus","arr":["180","N5","R5"],"angle":52.1,"extra":1,"ei":4}},{"type":"Feature","geometry":{"type":"Point","coordinates":[14.258856,40.894711]},"properties":{"lines":"180, C78, N5, R5","color":"#0059a9","mode":"bus","arr":["180","C78","N5","R5"],"angle":52}},{"type":"Feature","geometry":{"type":"Point","coordinates":[14.260693,40.892945]},"properties":{"lines":"180, C78, N5, R5","color":"#0059a9","mode":"bus","arr":["180","C78","N5","R5"],"angle":50.8,"extra":1,"ei":0}},{"type":"Feature","geometry":{"type":"Point","coordinates":[14.257619,40.895921]},"properties":{"lines":"180, C78, N5, R5","color":"#0059a9","mode":"bus","arr":["180","C78","N5","R5"],"angle":50.7,"extra":1,"ei":1}},{"type":"Feature","geometry":{"type":"Point","coordinates":[14.255437,40.898069]},"properties":{"lines":"180, C67, R5","color":"#0059a9","mode":"bus","arr":["180","C67","R5"],"angle":52,"mi":3}},{"type":"Feature","geometry":{"type":"Point","coordinates":[14.251407,40.901862]},"properties":{"lines":"180, C67, R5","color":"#0059a9","mode":"bus","arr":["180","C67","R5"],"angle":50.7}},{"type":"Feature","geometry":{"type":"Point","coordinates":[14.254448,40.898754]},"properties":{"lines":"180, C67","color":"#0059a9","mode":"bus","arr":["180","C67"],"angle":-60.5,"mi":10}},{"type":"Feature","geometry":{"type":"Point","coordinates":[14.250598,40.900485]},"properties":{"lines":"180, C67, N5, R5","color":"#0059a9","mode":"bus","arr":["180","C67","N5","R5"],"angle":52.1}},{"type":"Feature","geometry":{"type":"Point","coordinates":[14.246734,40.902483]},"properties":{"lines":"180, C67, N5, R5","color":"#0059a9","mode":"bus","arr":["180","C67","N5","R5"],"angle":32.7,"extra":1,"ei":0}},{"type":"Feature","geometry":{"type":"Point","coordinates":[14.248894,40.901541]},"properties":{"lines":"180, C67, N5, R5","color":"#0059a9","mode":"bus","arr":["180","C67","N5","R5"],"angle":32.8,"extra":1,"ei":1}},{"type":"Feature","geometry":{"type":"Point","coordinates":[14.252406,40.898932]},"properties":{"lines":"180, C67, N5, R5","color":"#0059a9","mode":"bus","arr":["180","C67","N5","R5"],"angle":30.7,"extra":1,"ei":2}},{"type":"Feature","geometry":{"type":"Point","coordinates":[14.254327,40.898536]},"properties":{"lines":"180, C67, N5, R5","color":"#0059a9","mode":"bus","arr":["180","C67","N5","R5"],"angle":-36.1,"extra":1,"ei":3}},{"type":"Feature","geometry":{"type":"Point","coordinates":[14.251064,40.900561]},"properties":{"lines":"180, C67","color":"#0059a9","mode":"bus","arr":["180","C67"],"angle":53.1,"mi":4}},{"type":"Feature","geometry":{"type":"Point","coordinates":[14.2509,40.901359]},"properties":{"lines":"180, C67","color":"#0059a9","mode":"bus","arr":["180","C67"],"angle":-53.1,"mi":3}},{"type":"Feature","geometry":{"type":"Point","coordinates":[14.251432,40.901485]},"properties":{"lines":"180, C67","color":"#0059a9","mode":"bus","arr":["180","C67"],"angle":44.8,"side":-1,"mi":5}},{"type":"Feature","geometry":{"type":"Point","coordinates":[14.248918,40.902497]},"properties":{"lines":"180, C67","color":"#0059a9","mode":"bus","arr":["180","C67"],"angle":26.1,"mi":2}},{"type":"Feature","geometry":{"type":"Point","coordinates":[14.244045,40.904204]},"properties":{"lines":"180, C67, N5, R5","color":"#0059a9","mode":"bus","arr":["180","C67","N5","R5"],"angle":36.4,"mi":1}},{"type":"Feature","geometry":{"type":"Point","coordinates":[14.243134,40.904799]},"properties":{"lines":"180, C67","color":"#0059a9","mode":"bus","arr":["180","C67"],"angle":39}},{"type":"Feature","geometry":{"type":"Point","coordinates":[14.23995,40.907147]},"properties":{"lines":"180, C67, R5","color":"#0059a9","mode":"bus","arr":["180","C67","R5"],"angle":49,"side":-1,"mi":2}},{"type":"Feature","geometry":{"type":"Point","coordinates":[14.241232,40.90615]},"properties":{"lines":"180, C67, R5","color":"#0059a9","mode":"bus","arr":["180","C67","R5"],"angle":47.8,"extra":1,"ei":0}},{"type":"Feature","geometry":{"type":"Point","coordinates":[14.238705,40.908207]},"properties":{"lines":"180, C67, R5","color":"#0059a9","mode":"bus","arr":["180","C67","R5"],"angle":48.1,"extra":1,"ei":0,"side":-1}},{"type":"Feature","geometry":{"type":"Point","coordinates":[14.241383,40.904714]},"properties":{"lines":"180, C67, R5","color":"#0059a9","mode":"bus","arr":["180","C67","R5"],"angle":-50.1,"mi":1}},{"type":"Feature","geometry":{"type":"Point","coordinates":[14.237499,40.90457]},"properties":{"lines":"180, C67","color":"#0059a9","mode":"bus","arr":["180","C67"],"angle":-13.3,"mi":1}},{"type":"Feature","geometry":{"type":"Point","coordinates":[14.239435,40.904522]},"properties":{"lines":"180, C67","color":"#0059a9","mode":"bus","arr":["180","C67"],"angle":14.4,"extra":1,"ei":0}},{"type":"Feature","geometry":{"type":"Point","coordinates":[14.234872,40.903534]},"properties":{"lines":"180, C67","color":"#0059a9","mode":"bus","arr":["180","C67"],"angle":1.2,"extra":1,"ei":1}},{"type":"Feature","geometry":{"type":"Point","coordinates":[14.233493,40.90399]},"properties":{"lines":"180, C67","color":"#0059a9","mode":"bus","arr":["180","C67"],"angle":13.5,"mi":6}},{"type":"Feature","geometry":{"type":"Point","coordinates":[14.231912,40.903517]},"properties":{"lines":"180, C67","color":"#0059a9","mode":"bus","arr":["180","C67"],"angle":-73.5,"mi":8}},{"type":"Feature","geometry":{"type":"Point","coordinates":[14.231595,40.90248]},"properties":{"lines":"180, C67","color":"#0059a9","mode":"bus","arr":["180","C67"],"angle":87.9,"mi":9}},{"type":"Feature","geometry":{"type":"Point","coordinates":[14.233627,40.899782]},"properties":{"lines":"180, C67","color":"#0059a9","mode":"bus","arr":["180","C67"],"angle":39.1,"side":-1,"mi":7}},{"type":"Feature","geometry":{"type":"Point","coordinates":[14.233063,40.902195]},"properties":{"lines":"180, C67, N5","color":"#0059a9","mode":"bus","arr":["180","C67","N5"],"angle":16.8,"mi":1}},{"type":"Feature","geometry":{"type":"Point","coordinates":[14.234143,40.90091]},"properties":{"lines":"180, C67, N5","color":"#0059a9","mode":"bus","arr":["180","C67","N5"],"angle":-82.5,"extra":1,"ei":0}},{"type":"Feature","geometry":{"type":"Point","coordinates":[14.232047,40.903518]},"properties":{"lines":"180, C67, N5","color":"#0059a9","mode":"bus","arr":["180","C67","N5"],"angle":-73.8,"extra":1,"ei":1,"side":-1}},{"type":"Feature","geometry":{"type":"Point","coordinates":[14.186691,40.841224]},"properties":{"lines":"180, R6, S4, S4B","color":"#0059a9","mode":"bus","arr":["180","R6","S4","S4B"],"angle":61.4,"side":-1}},{"type":"Feature","geometry":{"type":"Point","coordinates":[14.233702,40.903813]},"properties":{"lines":"180, C67, N5","color":"#0059a9","mode":"bus","arr":["180","C67","N5"],"angle":16.8,"side":-1}},{"type":"Feature","geometry":{"type":"Point","coordinates":[14.237569,40.904477]},"properties":{"lines":"180, C67, N5","color":"#0059a9","mode":"bus","arr":["180","C67","N5"],"angle":-12.2,"side":-1,"mi":2}},{"type":"Feature","geometry":{"type":"Point","coordinates":[14.235916,40.903887]},"properties":{"lines":"180, C67, N5","color":"#0059a9","mode":"bus","arr":["180","C67","N5"],"angle":-38,"extra":1,"ei":0,"side":-1}},{"type":"Feature","geometry":{"type":"Point","coordinates":[14.241476,40.904667]},"properties":{"lines":"180, C67, N5, R5","color":"#0059a9","mode":"bus","arr":["180","C67","N5","R5"],"angle":-51.5,"side":-1,"mi":2}},{"type":"Feature","geometry":{"type":"Point","coordinates":[14.255592,40.897818]},"properties":{"lines":"180, C67, N5, R5","color":"#0059a9","mode":"bus","arr":["180","C67","N5","R5"],"angle":51.7,"side":-1,"mi":3}},{"type":"Feature","geometry":{"type":"Point","coordinates":[14.271516,40.882366]},"properties":{"lines":"180, N5, R5","color":"#0059a9","mode":"bus","arr":["180","N5","R5"],"angle":53.9,"side":-1,"mi":1}},{"type":"Feature","geometry":{"type":"Point","coordinates":[14.284031,40.872351]},"properties":{"lines":"180, ALIB","color":"#0059a9","mode":"bus","arr":["180","ALIB"],"angle":-39.2,"side":-1,"mi":1}},{"type":"Feature","geometry":{"type":"Point","coordinates":[14.285063,40.873189]},"properties":{"lines":"180, ALIB","color":"#0059a9","mode":"bus","arr":["180","ALIB"],"angle":-47.7,"mi":2}},{"type":"Feature","geometry":{"type":"Point","coordinates":[14.194496,40.83565]},"properties":{"lines":"180","color":"#0059a9","mode":"bus","arr":["180"],"angle":12.4,"mi":1}},{"type":"Feature","geometry":{"type":"Point","coordinates":[14.197553,40.836389]},"properties":{"lines":"180","color":"#0059a9","mode":"bus","arr":["180"],"angle":-18.9,"extra":1,"ei":0}},{"type":"Feature","geometry":{"type":"Point","coordinates":[14.192841,40.836016]},"properties":{"lines":"180","color":"#0059a9","mode":"bus","arr":["180"],"angle":-9.6,"extra":1,"ei":1}},{"type":"Feature","geometry":{"type":"Point","coordinates":[14.190655,40.835877]},"properties":{"lines":"180","color":"#0059a9","mode":"bus","arr":["180"],"angle":47.9,"extra":1,"ei":2}},{"type":"Feature","geometry":{"type":"Point","coordinates":[14.188235,40.841921]},"properties":{"lines":"180, 618","color":"#0059a9","mode":"bus","arr":["180","618"],"angle":68.8}},{"type":"Feature","geometry":{"type":"Point","coordinates":[14.186927,40.842778]},"properties":{"lines":"180","color":"#0059a9","mode":"bus","arr":["180"],"angle":-17.8,"mi":2}},{"type":"Feature","geometry":{"type":"Point","coordinates":[14.187752,40.839544]},"properties":{"lines":"180, R6, S1, S2, S4, S4B","color":"#0059a9","mode":"bus","arr":["180","R6","S1","S2","S4","S4B"],"angle":56.9,"side":-1,"mi":1}},{"type":"Feature","geometry":{"type":"Point","coordinates":[14.18962,40.83717]},"properties":{"lines":"180, R6, S1, S2, S4, S4B","color":"#0059a9","mode":"bus","arr":["180","R6","S1","S2","S4","S4B"],"angle":64.1,"side":-1}},{"type":"Feature","geometry":{"type":"Point","coordinates":[14.188604,40.838578]},"properties":{"lines":"180, R6, S1, S2, S4, S4B","color":"#0059a9","mode":"bus","arr":["180","R6","S1","S2","S4","S4B"],"angle":61.4,"extra":1,"ei":0,"side":-1}},{"type":"Feature","geometry":{"type":"Point","coordinates":[14.190727,40.835179]},"properties":{"lines":"180, R6, S1, S2, S4, S4B","color":"#0059a9","mode":"bus","arr":["180","R6","S1","S2","S4","S4B"],"angle":80,"extra":1,"ei":1,"side":-1}},{"type":"Feature","geometry":{"type":"Point","coordinates":[14.19108,40.8333]},"properties":{"lines":"180, 502, 618, C3, N6, R6, S1, S2, S4, S4B","color":"#0059a9","mode":"bus","arr":["180","502","618","C3","N6","R6","S1","S2","S4","S4B"],"angle":78.9,"side":-1}},{"type":"Feature","geometry":{"type":"Point","coordinates":[14.191347,40.832006]},"properties":{"lines":"180, 502, 618, C3, N6, R6, S1, S2, S4, S4B","color":"#0059a9","mode":"bus","arr":["180","502","618","C3","N6","R6","S1","S2","S4","S4B"],"angle":83.4,"extra":1,"ei":0,"side":-1}},{"type":"Feature","geometry":{"type":"Point","coordinates":[14.191156,40.831025]},"properties":{"lines":"180, 618, N6, R6, S1, S2","color":"#0059a9","mode":"bus","arr":["180","618","N6","R6","S1","S2"],"angle":-76.9}},{"type":"Feature","geometry":{"type":"Point","coordinates":[14.191022,40.82996]},"properties":{"lines":"180, 502, 618, C3, N6, R6, S1, S2","color":"#0059a9","mode":"bus","arr":["180","502","618","C3","N6","R6","S1","S2"],"angle":83.8,"mi":1}},{"type":"Feature","geometry":{"type":"Point","coordinates":[14.192164,40.829701]},"properties":{"lines":"180, 502, 618, C3, N6, R6, S1, S2","color":"#0059a9","mode":"bus","arr":["180","502","618","C3","N6","R6","S1","S2"],"angle":-9}},{"type":"Feature","geometry":{"type":"Point","coordinates":[14.194662,40.829355]},"properties":{"lines":"180, 502, 618, C3, N6, R6, S1, S2","color":"#0059a9","mode":"bus","arr":["180","502","618","C3","N6","R6","S1","S2"],"angle":22.3,"mi":2}},{"type":"Feature","geometry":{"type":"Point","coordinates":[14.194835,40.826761]},"properties":{"lines":"180, 181, 502, 618, N1, N6, N7, R6, S1, S2","color":"#0059a9","mode":"bus","arr":["180","181","502","618","N1","N6","N7","R6","S1","S2"],"angle":-67.9}},{"type":"Feature","geometry":{"type":"Point","coordinates":[14.194151,40.825543]},"properties":{"lines":"180, 181, 502, 618, N1, N6, N7, R6, S1, S2","color":"#0059a9","mode":"bus","arr":["180","181","502","618","N1","N6","N7","R6","S1","S2"],"angle":-77,"extra":1,"ei":0}},{"type":"Feature","geometry":{"type":"Point","coordinates":[14.193942,40.825065]},"properties":{"lines":"180, 181, 502, 618, C3, N6, N7, R6, S1, S2","color":"#0059a9","mode":"bus","arr":["180","181","502","618","C3","N6","N7","R6","S1","S2"],"angle":-70.6,"mi":1}},{"type":"Feature","geometry":{"type":"Point","coordinates":[14.194336,40.824077]},"properties":{"lines":"180, 181, 502, 618, C3, N6, N7, R6, S1, S2","color":"#0059a9","mode":"bus","arr":["180","181","502","618","C3","N6","N7","R6","S1","S2"],"angle":65.6,"mi":2}},{"type":"Feature","geometry":{"type":"Point","coordinates":[14.194934,40.822931]},"properties":{"lines":"180, 181, 502, 618, C1, C1E, C3, N6, N7, R6, S1, S2","color":"#0059a9","mode":"bus","arr":["180","181","502","618","C1","C1E","C3","N6","N7","R6","S1","S2"],"angle":-71.6,"mi":1}},{"type":"Feature","geometry":{"type":"Point","coordinates":[14.196671,40.829615]},"properties":{"lines":"181, C3, N7","color":"#0059a9","mode":"bus","arr":["181","C3","N7"],"angle":-16.8,"side":-1}},{"type":"Feature","geometry":{"type":"Point","coordinates":[14.197334,40.829529]},"properties":{"lines":"181, C3, N7","color":"#0059a9","mode":"bus","arr":["181","C3","N7"],"angle":22.8,"side":-1,"mi":1}},{"type":"Feature","geometry":{"type":"Point","coordinates":[14.198353,40.8292]},"properties":{"lines":"C3","color":"#0059a9","mode":"bus","arr":["C3"],"angle":22.9,"side":-1,"mi":2}},{"type":"Feature","geometry":{"type":"Point","coordinates":[14.200662,40.8285]},"properties":{"lines":"N1, N7","color":"#0059a9","mode":"bus","arr":["N1","N7"],"angle":23.5}},{"type":"Feature","geometry":{"type":"Point","coordinates":[14.199639,40.830127]},"properties":{"lines":"181, N7","color":"#0059a9","mode":"bus","arr":["181","N7"],"angle":-67.1,"mi":1}},{"type":"Feature","geometry":{"type":"Point","coordinates":[14.201895,40.832562]},"properties":{"lines":"181, N7","color":"#0059a9","mode":"bus","arr":["181","N7"],"angle":-50}},{"type":"Feature","geometry":{"type":"Point","coordinates":[14.202758,40.833738]},"properties":{"lines":"181, N7","color":"#0059a9","mode":"bus","arr":["181","N7"],"angle":-69.4,"extra":1,"ei":0}},{"type":"Feature","geometry":{"type":"Point","coordinates":[14.20667,40.831692]},"properties":{"lines":"612, N7","color":"#0059a9","mode":"bus","arr":["612","N7"],"angle":59.2}},{"type":"Feature","geometry":{"type":"Point","coordinates":[14.207662,40.828823]},"properties":{"lines":"612, N7","color":"#0059a9","mode":"bus","arr":["612","N7"],"angle":87.4,"extra":1,"ei":0}},{"type":"Feature","geometry":{"type":"Point","coordinates":[14.20446,40.833614]},"properties":{"lines":"612, N7","color":"#0059a9","mode":"bus","arr":["612","N7"],"angle":32.5,"extra":1,"ei":1}},{"type":"Feature","geometry":{"type":"Point","coordinates":[14.201747,40.834623]},"properties":{"lines":"181, 612, N7","color":"#0059a9","mode":"bus","arr":["181","612","N7"],"angle":-9.9,"side":-1}},{"type":"Feature","geometry":{"type":"Point","coordinates":[14.209975,40.833395]},"properties":{"lines":"181, N7, S3A","color":"#0059a9","mode":"bus","arr":["181","N7","S3A"],"angle":37.3}},{"type":"Feature","geometry":{"type":"Point","coordinates":[14.20774,40.834312]},"properties":{"lines":"181, N7, S3A","color":"#0059a9","mode":"bus","arr":["181","N7","S3A"],"angle":61.1,"extra":1,"ei":0}},{"type":"Feature","geometry":{"type":"Point","coordinates":[14.210829,40.835848]},"properties":{"lines":"181, N7, S3A","color":"#0059a9","mode":"bus","arr":["181","N7","S3A"],"angle":0.8,"extra":1,"ei":1}},{"type":"Feature","geometry":{"type":"Point","coordinates":[14.203962,40.835532]},"properties":{"lines":"181, N7, S3, S3A","color":"#0059a9","mode":"bus","arr":["181","N7","S3","S3A"],"angle":-12.7}},{"type":"Feature","geometry":{"type":"Point","coordinates":[14.206321,40.835249]},"properties":{"lines":"181, N7, S3, S3A","color":"#0059a9","mode":"bus","arr":["181","N7","S3","S3A"],"angle":-27.6,"extra":1,"ei":0}},{"type":"Feature","geometry":{"type":"Point","coordinates":[14.201862,40.83491]},"properties":{"lines":"181, N7, S3, S3A","color":"#0059a9","mode":"bus","arr":["181","N7","S3","S3A"],"angle":-15.7,"extra":1,"ei":1}},{"type":"Feature","geometry":{"type":"Point","coordinates":[14.213469,40.83586]},"properties":{"lines":"181, C31, N7, S3A","color":"#0059a9","mode":"bus","arr":["181","C31","N7","S3A"],"angle":-51.8}},{"type":"Feature","geometry":{"type":"Point","coordinates":[14.213633,40.8378]},"properties":{"lines":"181, C31, N7","color":"#0059a9","mode":"bus","arr":["181","C31","N7"],"angle":-37}},{"type":"Feature","geometry":{"type":"Point","coordinates":[14.2165,40.838849]},"properties":{"lines":"181, 633, C31, N7","color":"#0059a9","mode":"bus","arr":["181","633","C31","N7"],"angle":-35.7}},{"type":"Feature","geometry":{"type":"Point","coordinates":[14.215052,40.838183]},"properties":{"lines":"181, 633, C31, N7","color":"#0059a9","mode":"bus","arr":["181","633","C31","N7"],"angle":-21.9,"extra":1,"ei":0}},{"type":"Feature","geometry":{"type":"Point","coordinates":[14.221087,40.843002]},"properties":{"lines":"181, 633, C31, C36, N7","color":"#0059a9","mode":"bus","arr":["181","633","C31","C36","N7"],"angle":-6.3,"mi":2}},{"type":"Feature","geometry":{"type":"Point","coordinates":[14.217468,40.841211]},"properties":{"lines":"181, 633, C31, C36, N7","color":"#0059a9","mode":"bus","arr":["181","633","C31","C36","N7"],"angle":-66.6,"mi":1}},{"type":"Feature","geometry":{"type":"Point","coordinates":[14.223729,40.843225]},"properties":{"lines":"181, 633, C31, C36, N7","color":"#0059a9","mode":"bus","arr":["181","633","C31","C36","N7"],"angle":-6.5,"extra":1,"ei":0}},{"type":"Feature","geometry":{"type":"Point","coordinates":[14.21914,40.842251]},"properties":{"lines":"181, 633, C31, C36, N7","color":"#0059a9","mode":"bus","arr":["181","633","C31","C36","N7"],"angle":-53.8,"extra":1,"ei":1}},{"type":"Feature","geometry":{"type":"Point","coordinates":[14.218984,40.84242]},"properties":{"lines":"181, 633, C31, C36, N7","color":"#0059a9","mode":"bus","arr":["181","633","C31","C36","N7"],"angle":-11.6}},{"type":"Feature","geometry":{"type":"Point","coordinates":[14.213221,40.836955]},"properties":{"lines":"181, C31, N7","color":"#0059a9","mode":"bus","arr":["181","C31","N7"],"angle":83.2,"side":-1,"mi":1}},{"type":"Feature","geometry":{"type":"Point","coordinates":[14.272403,40.881779]},"properties":{"lines":"182","color":"#0059a9","mode":"bus","arr":["182"],"angle":62.2}},{"type":"Feature","geometry":{"type":"Point","coordinates":[14.316023,40.883617]},"properties":{"lines":"182","color":"#0059a9","mode":"bus","arr":["182"],"angle":29.8}},{"type":"Feature","geometry":{"type":"Point","coordinates":[14.305565,40.891387]},"properties":{"lines":"182, C90","color":"#0059a9","mode":"bus","arr":["182","C90"],"angle":-61.8,"mi":10}},{"type":"Feature","geometry":{"type":"Point","coordinates":[14.310836,40.882673]},"properties":{"lines":"182, C90","color":"#0059a9","mode":"bus","arr":["182","C90"],"angle":-51.9}},{"type":"Feature","geometry":{"type":"Point","coordinates":[14.312176,40.883997]},"properties":{"lines":"182, C90","color":"#0059a9","mode":"bus","arr":["182","C90"],"angle":-40.5,"extra":1,"ei":0}},{"type":"Feature","geometry":{"type":"Point","coordinates":[14.308813,40.882888]},"properties":{"lines":"182, C90","color":"#0059a9","mode":"bus","arr":["182","C90"],"angle":64.7,"extra":1,"ei":1}},{"type":"Feature","geometry":{"type":"Point","coordinates":[14.307724,40.884173]},"properties":{"lines":"182, C90","color":"#0059a9","mode":"bus","arr":["182","C90"],"angle":51.2,"extra":1,"ei":0}},{"type":"Feature","geometry":{"type":"Point","coordinates":[14.305917,40.88546]},"properties":{"lines":"182, C90","color":"#0059a9","mode":"bus","arr":["182","C90"],"angle":56.2,"extra":1,"ei":1}},{"type":"Feature","geometry":{"type":"Point","coordinates":[14.305155,40.887216]},"properties":{"lines":"182, C90","color":"#0059a9","mode":"bus","arr":["182","C90"],"angle":-89.6,"extra":1,"ei":2}},{"type":"Feature","geometry":{"type":"Point","coordinates":[14.30519,40.889104]},"properties":{"lines":"182, C90","color":"#0059a9","mode":"bus","arr":["182","C90"],"angle":-89.3,"extra":1,"ei":3}},{"type":"Feature","geometry":{"type":"Point","coordinates":[14.305969,40.892717]},"properties":{"lines":"182, C90","color":"#0059a9","mode":"bus","arr":["182","C90"],"angle":67.5,"extra":1,"ei":4}},{"type":"Feature","geometry":{"type":"Point","coordinates":[14.304011,40.893518]},"properties":{"lines":"182, C90","color":"#0059a9","mode":"bus","arr":["182","C90"],"angle":-15.5,"extra":1,"ei":5}},{"type":"Feature","geometry":{"type":"Point","coordinates":[14.301633,40.893354]},"properties":{"lines":"182, C90","color":"#0059a9","mode":"bus","arr":["182","C90"],"angle":29,"extra":1,"ei":6}},{"type":"Feature","geometry":{"type":"Point","coordinates":[14.299611,40.894443]},"properties":{"lines":"182, C90","color":"#0059a9","mode":"bus","arr":["182","C90"],"angle":48.7,"extra":1,"ei":7}},{"type":"Feature","geometry":{"type":"Point","coordinates":[14.298202,40.896144]},"properties":{"lines":"182, C90","color":"#0059a9","mode":"bus","arr":["182","C90"],"angle":-90,"side":-1,"mi":8}},{"type":"Feature","geometry":{"type":"Point","coordinates":[14.293146,40.895849]},"properties":{"lines":"182, C90","color":"#0059a9","mode":"bus","arr":["182","C90"],"angle":-11.7,"mi":4}},{"type":"Feature","geometry":{"type":"Point","coordinates":[14.292438,40.895373]},"properties":{"lines":"182, C90","color":"#0059a9","mode":"bus","arr":["182","C90"],"angle":-24.9,"side":-1,"mi":2}},{"type":"Feature","geometry":{"type":"Point","coordinates":[14.295395,40.895969]},"properties":{"lines":"182, C90","color":"#0059a9","mode":"bus","arr":["182","C90"],"angle":-10.4,"side":-1,"mi":6}},{"type":"Feature","geometry":{"type":"Point","coordinates":[14.295593,40.896192]},"properties":{"lines":"182, C90","color":"#0059a9","mode":"bus","arr":["182","C90"],"angle":-10.5,"mi":7}},{"type":"Feature","geometry":{"type":"Point","coordinates":[14.291844,40.895884]},"properties":{"lines":"182, C90","color":"#0059a9","mode":"bus","arr":["182","C90"],"angle":1.1,"mi":3}},{"type":"Feature","geometry":{"type":"Point","coordinates":[14.292243,40.895296]},"properties":{"lines":"182, C90","color":"#0059a9","mode":"bus","arr":["182","C90"],"angle":75.8,"mi":1}},{"type":"Feature","geometry":{"type":"Point","coordinates":[14.291465,40.89466]},"properties":{"lines":"182, C90","color":"#0059a9","mode":"bus","arr":["182","C90"],"angle":-38.3}},{"type":"Feature","geometry":{"type":"Point","coordinates":[14.288359,40.894102]},"properties":{"lines":"182, C90","color":"#0059a9","mode":"bus","arr":["182","C90"],"angle":-21.1,"mi":5}},{"type":"Feature","geometry":{"type":"Point","coordinates":[14.283489,40.891924]},"properties":{"lines":"182, C90","color":"#0059a9","mode":"bus","arr":["182","C90"],"angle":-58.2,"mi":9}},{"type":"Feature","geometry":{"type":"Point","coordinates":[14.284883,40.892979]},"properties":{"lines":"182, C90","color":"#0059a9","mode":"bus","arr":["182","C90"],"angle":-33.7,"extra":1,"ei":0}},{"type":"Feature","geometry":{"type":"Point","coordinates":[14.282662,40.889767]},"properties":{"lines":"182, C90","color":"#0059a9","mode":"bus","arr":["182","C90"],"angle":-83,"extra":1,"ei":1}},{"type":"Feature","geometry":{"type":"Point","coordinates":[14.27933,40.88782]},"properties":{"lines":"182, C90","color":"#0059a9","mode":"bus","arr":["182","C90"],"angle":-35.7,"mi":11}},{"type":"Feature","geometry":{"type":"Point","coordinates":[14.281611,40.889059]},"properties":{"lines":"182, C90","color":"#0059a9","mode":"bus","arr":["182","C90"],"angle":-35.5,"extra":1,"ei":0}},{"type":"Feature","geometry":{"type":"Point","coordinates":[14.277547,40.886865]},"properties":{"lines":"182, C90","color":"#0059a9","mode":"bus","arr":["182","C90"],"angle":-35.1,"extra":1,"ei":1}},{"type":"Feature","geometry":{"type":"Point","coordinates":[14.314616,40.884059]},"properties":{"lines":"C90","color":"#0059a9","mode":"bus","arr":["C90"],"angle":65.6,"mi":6}},{"type":"Feature","geometry":{"type":"Point","coordinates":[14.273799,40.883889]},"properties":{"lines":"182, 184","color":"#0059a9","mode":"bus","arr":["182","184"],"angle":-52.6,"mi":1}},{"type":"Feature","geometry":{"type":"Point","coordinates":[14.273956,40.883969]},"properties":{"lines":"182, 184","color":"#0059a9","mode":"bus","arr":["182","184"],"angle":-52.5,"side":-1}},{"type":"Feature","geometry":{"type":"Point","coordinates":[14.279466,40.868144]},"properties":{"lines":"182, 584","color":"#0059a9","mode":"bus","arr":["182","584"],"angle":76,"side":-1}},{"type":"Feature","geometry":{"type":"Point","coordinates":[14.28359,40.868903]},"properties":{"lines":"182, 584","color":"#0059a9","mode":"bus","arr":["182","584"],"angle":-40.8,"extra":1,"ei":0}},{"type":"Feature","geometry":{"type":"Point","coordinates":[14.281442,40.867956]},"properties":{"lines":"182, 584","color":"#0059a9","mode":"bus","arr":["182","584"],"angle":-26.8,"extra":1,"ei":1}},{"type":"Feature","geometry":{"type":"Point","coordinates":[14.278327,40.869693]},"properties":{"lines":"182, 584","color":"#0059a9","mode":"bus","arr":["182","584"],"angle":17.1,"extra":1,"ei":2}},{"type":"Feature","geometry":{"type":"Point","coordinates":[14.276354,40.868798]},"properties":{"lines":"182, 584","color":"#0059a9","mode":"bus","arr":["182","584"],"angle":11.1,"extra":1,"ei":3}},{"type":"Feature","geometry":{"type":"Point","coordinates":[14.27083,40.866067]},"properties":{"lines":"182, 584","color":"#0059a9","mode":"bus","arr":["182","584"],"angle":-45,"mi":2}},{"type":"Feature","geometry":{"type":"Point","coordinates":[14.273888,40.868367]},"properties":{"lines":"182, 584","color":"#0059a9","mode":"bus","arr":["182","584"],"angle":-44.7,"extra":1,"ei":0}},{"type":"Feature","geometry":{"type":"Point","coordinates":[14.272113,40.867039]},"properties":{"lines":"182, 584","color":"#0059a9","mode":"bus","arr":["182","584"],"angle":-45,"extra":1,"ei":1}},{"type":"Feature","geometry":{"type":"Point","coordinates":[14.268567,40.86438]},"properties":{"lines":"182, 584","color":"#0059a9","mode":"bus","arr":["182","584"],"angle":-43.4,"extra":1,"ei":2}},{"type":"Feature","geometry":{"type":"Point","coordinates":[14.282593,40.871691]},"properties":{"lines":"182","color":"#0059a9","mode":"bus","arr":["182"],"angle":51.8,"side":-1}},{"type":"Feature","geometry":{"type":"Point","coordinates":[14.288846,40.894601]},"properties":{"lines":"182","color":"#0059a9","mode":"bus","arr":["182"],"angle":-8}},{"type":"Feature","geometry":{"type":"Point","coordinates":[14.267258,40.889847]},"properties":{"lines":"184","color":"#0059a9","mode":"bus","arr":["184"],"angle":-89.6}},{"type":"Feature","geometry":{"type":"Point","coordinates":[14.270023,40.889869]},"properties":{"lines":"184, C90","color":"#0059a9","mode":"bus","arr":["184","C90"],"angle":87.4,"mi":11}},{"type":"Feature","geometry":{"type":"Point","coordinates":[14.271533,40.889161]},"properties":{"lines":"184, C90","color":"#0059a9","mode":"bus","arr":["184","C90"],"angle":13.8,"mi":4}},{"type":"Feature","geometry":{"type":"Point","coordinates":[14.271391,40.887862]},"properties":{"lines":"184, C90","color":"#0059a9","mode":"bus","arr":["184","C90"],"angle":-70.5,"mi":6}},{"type":"Feature","geometry":{"type":"Point","coordinates":[14.271822,40.886274]},"properties":{"lines":"184, C90","color":"#0059a9","mode":"bus","arr":["184","C90"],"angle":43.1,"mi":10}},{"type":"Feature","geometry":{"type":"Point","coordinates":[14.273026,40.888809]},"properties":{"lines":"184, C90","color":"#0059a9","mode":"bus","arr":["184","C90"],"angle":-71,"mi":1}},{"type":"Feature","geometry":{"type":"Point","coordinates":[14.272377,40.886932]},"properties":{"lines":"184, C90","color":"#0059a9","mode":"bus","arr":["184","C90"],"angle":-81.7,"extra":1,"ei":0}},{"type":"Feature","geometry":{"type":"Point","coordinates":[14.274258,40.890382]},"properties":{"lines":"184, C90","color":"#0059a9","mode":"bus","arr":["184","C90"],"angle":-56.6,"extra":1,"ei":1}},{"type":"Feature","geometry":{"type":"Point","coordinates":[14.275569,40.891518]},"properties":{"lines":"184, C90","color":"#0059a9","mode":"bus","arr":["184","C90"],"angle":-37.7,"mi":8}},{"type":"Feature","geometry":{"type":"Point","coordinates":[14.276305,40.891496]},"properties":{"lines":"184, C90","color":"#0059a9","mode":"bus","arr":["184","C90"],"angle":87.2,"mi":9}},{"type":"Feature","geometry":{"type":"Point","coordinates":[14.27596,40.888527]},"properties":{"lines":"184, C90","color":"#0059a9","mode":"bus","arr":["184","C90"],"angle":-84.8,"mi":3}},{"type":"Feature","geometry":{"type":"Point","coordinates":[14.276123,40.889988]},"properties":{"lines":"184, C90","color":"#0059a9","mode":"bus","arr":["184","C90"],"angle":-85.5,"extra":1,"ei":0}},{"type":"Feature","geometry":{"type":"Point","coordinates":[14.275731,40.886224]},"properties":{"lines":"184, C90","color":"#0059a9","mode":"bus","arr":["184","C90"],"angle":-88.9,"extra":1,"ei":1}},{"type":"Feature","geometry":{"type":"Point","coordinates":[14.276718,40.887439]},"properties":{"lines":"184, C90","color":"#0059a9","mode":"bus","arr":["184","C90"],"angle":-62.7,"mi":7}},{"type":"Feature","geometry":{"type":"Point","coordinates":[14.27752,40.888489]},"properties":{"lines":"184, C90","color":"#0059a9","mode":"bus","arr":["184","C90"],"angle":-57.9,"extra":1,"ei":0}},{"type":"Feature","geometry":{"type":"Point","coordinates":[14.272221,40.882223]},"properties":{"lines":"184","color":"#0059a9","mode":"bus","arr":["184"],"angle":-58.1,"side":-1,"mi":1}},{"type":"Feature","geometry":{"type":"Point","coordinates":[14.27032,40.87591]},"properties":{"lines":"184, N5, R5","color":"#0059a9","mode":"bus","arr":["184","N5","R5"],"angle":-86.6,"side":-1}},{"type":"Feature","geometry":{"type":"Point","coordinates":[14.270997,40.880651]},"properties":{"lines":"184, N5, R5","color":"#0059a9","mode":"bus","arr":["184","N5","R5"],"angle":-83.6,"extra":1,"ei":0}},{"type":"Feature","geometry":{"type":"Point","coordinates":[14.270695,40.878776]},"properties":{"lines":"184, N5, R5","color":"#0059a9","mode":"bus","arr":["184","N5","R5"],"angle":-81.1,"extra":1,"ei":1}},{"type":"Feature","geometry":{"type":"Point","coordinates":[14.270463,40.873201]},"properties":{"lines":"184, N5, R5","color":"#0059a9","mode":"bus","arr":["184","N5","R5"],"angle":-65.7,"extra":1,"ei":2}},{"type":"Feature","geometry":{"type":"Point","coordinates":[14.268881,40.870946]},"properties":{"lines":"184, N5, R5","color":"#0059a9","mode":"bus","arr":["184","N5","R5"],"angle":-64.2,"extra":1,"ei":0}},{"type":"Feature","geometry":{"type":"Point","coordinates":[14.268129,40.869259]},"properties":{"lines":"184, C68, N5, R5","color":"#0059a9","mode":"bus","arr":["184","C68","N5","R5"],"angle":-85}},{"type":"Feature","geometry":{"type":"Point","coordinates":[14.268757,40.867016]},"properties":{"lines":"184, 185, 254, 663, C63, C68, N5, R5","color":"#0059a9","mode":"bus","arr":["184","185","254","663","C63","C68","N5","R5"],"tLines":"254","ntLines":"184, 185, 663, C63, C68, N5, R5","angle":74.1}},{"type":"Feature","geometry":{"type":"Point","coordinates":[14.2692,40.865686]},"properties":{"lines":"184, 185, 254, 663, C63, C68, N5, R5","color":"#0059a9","mode":"bus","arr":["184","185","254","663","C63","C68","N5","R5"],"tLines":"254","ntLines":"184, 185, 663, C63, C68, N5, R5","angle":80.9,"extra":1,"ei":0}},{"type":"Feature","geometry":{"type":"Point","coordinates":[14.268806,40.865206]},"properties":{"lines":"184, 185, 254, 663, C63, C68","color":"#0059a9","mode":"bus","arr":["184","185","254","663","C63","C68"],"tLines":"254","ntLines":"184, 185, 663, C63, C68","angle":-52.5,"side":-1}},{"type":"Feature","geometry":{"type":"Point","coordinates":[14.268285,40.864648]},"properties":{"lines":"184, 185, 201BR, 254, 663, C63, C68","color":"#0059a9","mode":"bus","arr":["184","185","201BR","254","663","C63","C68"],"tLines":"254","ntLines":"184, 185, 201BR, 663, C63, C68","angle":-52}},{"type":"Feature","geometry":{"type":"Point","coordinates":[14.270396,40.861338]},"properties":{"lines":"N5, R5","color":"#0059a9","mode":"bus","arr":["N5","R5"],"angle":83.1}},{"type":"Feature","geometry":{"type":"Point","coordinates":[14.269503,40.86442]},"properties":{"lines":"N5, R5","color":"#0059a9","mode":"bus","arr":["N5","R5"],"angle":78.3,"extra":1,"ei":0,"side":-1}},{"type":"Feature","geometry":{"type":"Point","coordinates":[14.270001,40.862569]},"properties":{"lines":"N5, R5","color":"#0059a9","mode":"bus","arr":["N5","R5"],"angle":78.8,"extra":1,"ei":1,"side":-1}},{"type":"Feature","geometry":{"type":"Point","coordinates":[14.270656,40.858827]},"properties":{"lines":"N5, R5","color":"#0059a9","mode":"bus","arr":["N5","R5"],"angle":83.4,"extra":1,"ei":2,"side":-1}},{"type":"Feature","geometry":{"type":"Point","coordinates":[14.277047,40.889206]},"properties":{"lines":"184, C90","color":"#0059a9","mode":"bus","arr":["184","C90"],"angle":34.4,"mi":5}},{"type":"Feature","geometry":{"type":"Point","coordinates":[14.275656,40.888861]},"properties":{"lines":"184, C90","color":"#0059a9","mode":"bus","arr":["184","C90"],"angle":-56.2,"mi":2}},{"type":"Feature","geometry":{"type":"Point","coordinates":[14.273952,40.888541]},"properties":{"lines":"184, C90","color":"#0059a9","mode":"bus","arr":["184","C90"],"angle":35.6}},{"type":"Feature","geometry":{"type":"Point","coordinates":[14.266812,40.870582]},"properties":{"lines":"185, 254, 663, C63","color":"#0059a9","mode":"bus","arr":["185","254","663","C63"],"tLines":"254","ntLines":"185, 663, C63","angle":66.3}},{"type":"Feature","geometry":{"type":"Point","coordinates":[14.268015,40.868595]},"properties":{"lines":"185, 254, 663, C63","color":"#0059a9","mode":"bus","arr":["185","254","663","C63"],"tLines":"254","ntLines":"185, 663, C63","angle":47,"mi":1}},{"type":"Feature","geometry":{"type":"Point","coordinates":[14.267558,40.869169]},"properties":{"lines":"185, 201BR, 254, 663, C63","color":"#0059a9","mode":"bus","arr":["185","201BR","254","663","C63"],"tLines":"254","ntLines":"185, 201BR, 663, C63","angle":67.9}},{"type":"Feature","geometry":{"type":"Point","coordinates":[14.265742,40.87214]},"properties":{"lines":"185, 663, C63","color":"#0059a9","mode":"bus","arr":["185","663","C63"],"angle":58.2}},{"type":"Feature","geometry":{"type":"Point","coordinates":[14.264914,40.873217]},"properties":{"lines":"185","color":"#0059a9","mode":"bus","arr":["185"],"angle":72.6,"mi":8}},{"type":"Feature","geometry":{"type":"Point","coordinates":[14.268064,40.881118]},"properties":{"lines":"185","color":"#0059a9","mode":"bus","arr":["185"],"angle":79.3,"mi":4}},{"type":"Feature","geometry":{"type":"Point","coordinates":[14.265457,40.875254]},"properties":{"lines":"185","color":"#0059a9","mode":"bus","arr":["185"],"angle":-68.1,"mi":5}},{"type":"Feature","geometry":{"type":"Point","coordinates":[14.267963,40.88273]},"properties":{"lines":"185","color":"#0059a9","mode":"bus","arr":["185"],"angle":-32.2,"mi":3}},{"type":"Feature","geometry":{"type":"Point","coordinates":[14.265946,40.877558]},"properties":{"lines":"185","color":"#0059a9","mode":"bus","arr":["185"],"angle":-62.9,"extra":1,"ei":0}},{"type":"Feature","geometry":{"type":"Point","coordinates":[14.267689,40.878835]},"properties":{"lines":"185","color":"#0059a9","mode":"bus","arr":["185"],"angle":-87.1,"extra":1,"ei":1}},{"type":"Feature","geometry":{"type":"Point","coordinates":[14.264657,40.882031]},"properties":{"lines":"185","color":"#0059a9","mode":"bus","arr":["185"],"angle":60.5,"extra":1,"ei":2}},{"type":"Feature","geometry":{"type":"Point","coordinates":[14.266119,40.882451]},"properties":{"lines":"185","color":"#0059a9","mode":"bus","arr":["185"],"angle":23.4,"extra":1,"ei":3}},{"type":"Feature","geometry":{"type":"Point","coordinates":[14.266808,40.883822]},"properties":{"lines":"185","color":"#0059a9","mode":"bus","arr":["185"],"angle":44.6,"mi":2}},{"type":"Feature","geometry":{"type":"Point","coordinates":[14.269566,40.882427]},"properties":{"lines":"185","color":"#0059a9","mode":"bus","arr":["185"],"angle":31.8,"extra":1,"ei":0}},{"type":"Feature","geometry":{"type":"Point","coordinates":[14.265658,40.884695]},"properties":{"lines":"185","color":"#0059a9","mode":"bus","arr":["185"],"angle":45.4,"extra":1,"ei":1}},{"type":"Feature","geometry":{"type":"Point","coordinates":[14.263736,40.885896]},"properties":{"lines":"185","color":"#0059a9","mode":"bus","arr":["185"],"angle":30.2,"extra":1,"ei":2}},{"type":"Feature","geometry":{"type":"Point","coordinates":[14.262688,40.886267]},"properties":{"lines":"185, C78","color":"#0059a9","mode":"bus","arr":["185","C78"],"angle":22.3,"mi":5}},{"type":"Feature","geometry":{"type":"Point","coordinates":[14.259075,40.886983]},"properties":{"lines":"185, C78","color":"#0059a9","mode":"bus","arr":["185","C78"],"angle":28.9}},{"type":"Feature","geometry":{"type":"Point","coordinates":[14.261096,40.886462]},"properties":{"lines":"185, C78","color":"#0059a9","mode":"bus","arr":["185","C78"],"angle":18.5,"extra":1,"ei":0}},{"type":"Feature","geometry":{"type":"Point","coordinates":[14.256911,40.88812]},"properties":{"lines":"185, C78","color":"#0059a9","mode":"bus","arr":["185","C78"],"angle":14.9,"extra":1,"ei":1}},{"type":"Feature","geometry":{"type":"Point","coordinates":[14.256223,40.887903]},"properties":{"lines":"185","color":"#0059a9","mode":"bus","arr":["185"],"angle":-67.5,"mi":6}},{"type":"Feature","geometry":{"type":"Point","coordinates":[14.255502,40.887757]},"properties":{"lines":"185","color":"#0059a9","mode":"bus","arr":["185"],"angle":11.5,"mi":7}},{"type":"Feature","geometry":{"type":"Point","coordinates":[14.254683,40.886915]},"properties":{"lines":"185, C78","color":"#0059a9","mode":"bus","arr":["185","C78"],"angle":-61.8,"mi":3}},{"type":"Feature","geometry":{"type":"Point","coordinates":[14.253753,40.885165]},"properties":{"lines":"185, C78","color":"#0059a9","mode":"bus","arr":["185","C78"],"angle":-52.8,"mi":4}},{"type":"Feature","geometry":{"type":"Point","coordinates":[14.255873,40.884658]},"properties":{"lines":"185, C78","color":"#0059a9","mode":"bus","arr":["185","C78"],"angle":-30.8,"mi":1}},{"type":"Feature","geometry":{"type":"Point","coordinates":[14.260365,40.885542]},"properties":{"lines":"185, C78","color":"#0059a9","mode":"bus","arr":["185","C78"],"angle":25.6,"mi":2}},{"type":"Feature","geometry":{"type":"Point","coordinates":[14.258726,40.886173]},"properties":{"lines":"185, C78","color":"#0059a9","mode":"bus","arr":["185","C78"],"angle":25.4,"extra":1,"ei":0}},{"type":"Feature","geometry":{"type":"Point","coordinates":[14.261475,40.884637]},"properties":{"lines":"185","color":"#0059a9","mode":"bus","arr":["185"],"angle":-65.5,"mi":1}},{"type":"Feature","geometry":{"type":"Point","coordinates":[14.260583,40.883853]},"properties":{"lines":"185","color":"#0059a9","mode":"bus","arr":["185"],"angle":24.9}},{"type":"Feature","geometry":{"type":"Point","coordinates":[14.268127,40.866723]},"properties":{"lines":"185, 201BR, 254","color":"#0059a9","mode":"bus","arr":["185","201BR","254"],"tLines":"254","ntLines":"185, 201BR","angle":83.1}},{"type":"Feature","geometry":{"type":"Point","coordinates":[14.338957,40.862988]},"properties":{"lines":"191, 196","color":"#0059a9","mode":"bus","arr":["191","196"],"angle":-30.6,"side":-1,"mi":8}},{"type":"Feature","geometry":{"type":"Point","coordinates":[14.336782,40.862003]},"properties":{"lines":"191, 196","color":"#0059a9","mode":"bus","arr":["191","196"],"angle":-31.2,"extra":1,"ei":0,"side":-1}},{"type":"Feature","geometry":{"type":"Point","coordinates":[14.341073,40.863934]},"properties":{"lines":"191, 196","color":"#0059a9","mode":"bus","arr":["191","196"],"angle":-30.6,"extra":1,"ei":1,"side":-1}},{"type":"Feature","geometry":{"type":"Point","coordinates":[14.340983,40.86491]},"properties":{"lines":"191, 196","color":"#0059a9","mode":"bus","arr":["191","196"],"angle":-28.1,"mi":5}},{"type":"Feature","geometry":{"type":"Point","coordinates":[14.338276,40.866228]},"properties":{"lines":"191, 196","color":"#0059a9","mode":"bus","arr":["191","196"],"angle":48.3,"mi":4}},{"type":"Feature","geometry":{"type":"Point","coordinates":[14.33721,40.867076]},"properties":{"lines":"191, 196","color":"#0059a9","mode":"bus","arr":["191","196"],"angle":44.5,"extra":1,"ei":0}},{"type":"Feature","geometry":{"type":"Point","coordinates":[14.340098,40.871172]},"properties":{"lines":"191, 196","color":"#0059a9","mode":"bus","arr":["191","196"],"angle":47.1,"mi":7}},{"type":"Feature","geometry":{"type":"Point","coordinates":[14.341512,40.869654]},"properties":{"lines":"191, 196","color":"#0059a9","mode":"bus","arr":["191","196"],"angle":54,"mi":1}},{"type":"Feature","geometry":{"type":"Point","coordinates":[14.342263,40.868607]},"properties":{"lines":"191, 196","color":"#0059a9","mode":"bus","arr":["191","196"],"angle":53.3,"extra":1,"ei":0}},{"type":"Feature","geometry":{"type":"Point","coordinates":[14.343278,40.868725]},"properties":{"lines":"191, 196","color":"#0059a9","mode":"bus","arr":["191","196"],"angle":-36.2,"mi":2}},{"type":"Feature","geometry":{"type":"Point","coordinates":[14.344483,40.868809]},"properties":{"lines":"191, 196","color":"#0059a9","mode":"bus","arr":["191","196"],"angle":44.7,"mi":6}},{"type":"Feature","geometry":{"type":"Point","coordinates":[14.343641,40.867843]},"properties":{"lines":"191, 196","color":"#0059a9","mode":"bus","arr":["191","196"],"angle":-31,"mi":3}},{"type":"Feature","geometry":{"type":"Point","coordinates":[14.340759,40.869049]},"properties":{"lines":"191, 196","color":"#0059a9","mode":"bus","arr":["191","196"],"angle":53.8}},{"type":"Feature","geometry":{"type":"Point","coordinates":[14.341712,40.868064]},"properties":{"lines":"191, 196","color":"#0059a9","mode":"bus","arr":["191","196"],"angle":54.3,"extra":1,"ei":0}},{"type":"Feature","geometry":{"type":"Point","coordinates":[14.333684,40.869192]},"properties":{"lines":"191, 196","color":"#0059a9","mode":"bus","arr":["191","196"],"angle":26.1,"mi":9}},{"type":"Feature","geometry":{"type":"Point","coordinates":[14.335069,40.868655]},"properties":{"lines":"191, 196","color":"#0059a9","mode":"bus","arr":["191","196"],"angle":27.2,"extra":1,"ei":0}},{"type":"Feature","geometry":{"type":"Point","coordinates":[14.33099,40.868792]},"properties":{"lines":"191, 472","color":"#0059a9","mode":"bus","arr":["191","472"],"angle":36.4}},{"type":"Feature","geometry":{"type":"Point","coordinates":[14.327736,40.865054]},"properties":{"lines":"191","color":"#0059a9","mode":"bus","arr":["191"],"angle":21.4,"mi":27}},{"type":"Feature","geometry":{"type":"Point","coordinates":[14.323817,40.86349]},"properties":{"lines":"191","color":"#0059a9","mode":"bus","arr":["191"],"angle":-48.7,"mi":20}},{"type":"Feature","geometry":{"type":"Point","coordinates":[14.316608,40.862034]},"properties":{"lines":"191","color":"#0059a9","mode":"bus","arr":["191"],"angle":-9.6,"mi":15}},{"type":"Feature","geometry":{"type":"Point","coordinates":[14.325406,40.865018]},"properties":{"lines":"191","color":"#0059a9","mode":"bus","arr":["191"],"angle":-52.2,"extra":1,"ei":0}},{"type":"Feature","geometry":{"type":"Point","coordinates":[14.321734,40.862638]},"properties":{"lines":"191","color":"#0059a9","mode":"bus","arr":["191"],"angle":0.2,"extra":1,"ei":1}},{"type":"Feature","geometry":{"type":"Point","coordinates":[14.318252,40.862461]},"properties":{"lines":"191","color":"#0059a9","mode":"bus","arr":["191"],"angle":-25.7,"extra":1,"ei":0}},{"type":"Feature","geometry":{"type":"Point","coordinates":[14.319885,40.86277]},"properties":{"lines":"191","color":"#0059a9","mode":"bus","arr":["191"],"angle":-0.9,"mi":16}},{"type":"Feature","geometry":{"type":"Point","coordinates":[14.295884,40.864081]},"properties":{"lines":"191","color":"#0059a9","mode":"bus","arr":["191"],"angle":-8.7,"mi":1}},{"type":"Feature","geometry":{"type":"Point","coordinates":[14.292422,40.856932]},"properties":{"lines":"191","color":"#0059a9","mode":"bus","arr":["191"],"angle":28.9,"mi":10}},{"type":"Feature","geometry":{"type":"Point","coordinates":[14.276391,40.856296]},"properties":{"lines":"191","color":"#0059a9","mode":"bus","arr":["191"],"angle":27.4,"mi":25}},{"type":"Feature","geometry":{"type":"Point","coordinates":[14.311674,40.861425]},"properties":{"lines":"191","color":"#0059a9","mode":"bus","arr":["191"],"angle":-1.6,"mi":7}},{"type":"Feature","geometry":{"type":"Point","coordinates":[14.305695,40.865317]},"properties":{"lines":"191","color":"#0059a9","mode":"bus","arr":["191"],"angle":-10,"mi":3}},{"type":"Feature","geometry":{"type":"Point","coordinates":[14.309208,40.862162]},"properties":{"lines":"191","color":"#0059a9","mode":"bus","arr":["191"],"angle":81.7,"extra":1,"ei":0}},{"type":"Feature","geometry":{"type":"Point","coordinates":[14.308847,40.864031]},"properties":{"lines":"191","color":"#0059a9","mode":"bus","arr":["191"],"angle":81.7,"extra":1,"ei":1}},{"type":"Feature","geometry":{"type":"Point","coordinates":[14.308266,40.86566]},"properties":{"lines":"191","color":"#0059a9","mode":"bus","arr":["191"],"angle":-2.5,"extra":1,"ei":2}},{"type":"Feature","geometry":{"type":"Point","coordinates":[14.303349,40.865004]},"properties":{"lines":"191","color":"#0059a9","mode":"bus","arr":["191"],"angle":-10,"extra":1,"ei":3}},{"type":"Feature","geometry":{"type":"Point","coordinates":[14.300889,40.864684]},"properties":{"lines":"191","color":"#0059a9","mode":"bus","arr":["191"],"angle":-9.1,"extra":1,"ei":4}},{"type":"Feature","geometry":{"type":"Point","coordinates":[14.298424,40.864384]},"properties":{"lines":"191","color":"#0059a9","mode":"bus","arr":["191"],"angle":-9.1,"extra":1,"ei":5}},{"type":"Feature","geometry":{"type":"Point","coordinates":[14.292584,40.861172]},"properties":{"lines":"191","color":"#0059a9","mode":"bus","arr":["191"],"angle":86.5,"mi":6}},{"type":"Feature","geometry":{"type":"Point","coordinates":[14.293824,40.86026]},"properties":{"lines":"191","color":"#0059a9","mode":"bus","arr":["191"],"angle":-25.6,"mi":4}},{"type":"Feature","geometry":{"type":"Point","coordinates":[14.294062,40.858085]},"properties":{"lines":"191","color":"#0059a9","mode":"bus","arr":["191"],"angle":-66.5,"mi":5}},{"type":"Feature","geometry":{"type":"Point","coordinates":[14.294662,40.859235]},"properties":{"lines":"191","color":"#0059a9","mode":"bus","arr":["191"],"angle":-71.9,"extra":1,"ei":0}},{"type":"Feature","geometry":{"type":"Point","coordinates":[14.29196,40.857978]},"properties":{"lines":"191","color":"#0059a9","mode":"bus","arr":["191"],"angle":81.3,"mi":8}},{"type":"Feature","geometry":{"type":"Point","coordinates":[14.289832,40.858616]},"properties":{"lines":"191","color":"#0059a9","mode":"bus","arr":["191"],"angle":-10.9,"mi":12}},{"type":"Feature","geometry":{"type":"Point","coordinates":[14.288105,40.858431]},"properties":{"lines":"191","color":"#0059a9","mode":"bus","arr":["191"],"angle":-7.8,"extra":1,"ei":0}},{"type":"Feature","geometry":{"type":"Point","coordinates":[14.288062,40.857235]},"properties":{"lines":"191","color":"#0059a9","mode":"bus","arr":["191"],"angle":82.5,"mi":14}},{"type":"Feature","geometry":{"type":"Point","coordinates":[14.285321,40.855616]},"properties":{"lines":"191, N5","color":"#0059a9","mode":"bus","arr":["191","N5"],"angle":-7.3,"side":-1}},{"type":"Feature","geometry":{"type":"Point","coordinates":[14.286953,40.855783]},"properties":{"lines":"191, N5","color":"#0059a9","mode":"bus","arr":["191","N5"],"angle":-7.7,"extra":1,"ei":0}},{"type":"Feature","geometry":{"type":"Point","coordinates":[14.279779,40.855163]},"properties":{"lines":"191","color":"#0059a9","mode":"bus","arr":["191"],"angle":-7.9,"mi":21}},{"type":"Feature","geometry":{"type":"Point","coordinates":[14.283977,40.855578]},"properties":{"lines":"191","color":"#0059a9","mode":"bus","arr":["191"],"angle":-7.3,"mi":17}},{"type":"Feature","geometry":{"type":"Point","coordinates":[14.27724,40.855516]},"properties":{"lines":"191","color":"#0059a9","mode":"bus","arr":["191"],"angle":81.9,"mi":23}},{"type":"Feature","geometry":{"type":"Point","coordinates":[14.275172,40.857315]},"properties":{"lines":"191","color":"#0059a9","mode":"bus","arr":["191"],"angle":38.9,"mi":26}},{"type":"Feature","geometry":{"type":"Point","coordinates":[14.341072,40.86957]},"properties":{"lines":"191","color":"#0059a9","mode":"bus","arr":["191"],"angle":-35.2,"mi":30}},{"type":"Feature","geometry":{"type":"Point","coordinates":[14.305555,40.865335]},"properties":{"lines":"191","color":"#0059a9","mode":"bus","arr":["191"],"angle":-9.8,"mi":2}},{"type":"Feature","geometry":{"type":"Point","coordinates":[14.301587,40.864816]},"properties":{"lines":"191","color":"#0059a9","mode":"bus","arr":["191"],"angle":-9.7}},{"type":"Feature","geometry":{"type":"Point","coordinates":[14.274323,40.854559]},"properties":{"lines":"191, N5","color":"#0059a9","mode":"bus","arr":["191","N5"],"angle":-7.4,"mi":1}},{"type":"Feature","geometry":{"type":"Point","coordinates":[14.279613,40.855045]},"properties":{"lines":"N5","color":"#0059a9","mode":"bus","arr":["N5"],"angle":-7.6,"side":-1,"mi":3}},{"type":"Feature","geometry":{"type":"Point","coordinates":[14.277073,40.855521]},"properties":{"lines":"191","color":"#0059a9","mode":"bus","arr":["191"],"angle":82.5,"side":-1,"mi":24}},{"type":"Feature","geometry":{"type":"Point","coordinates":[14.281823,40.856338]},"properties":{"lines":"191","color":"#0059a9","mode":"bus","arr":["191"],"angle":73.7,"mi":18}},{"type":"Feature","geometry":{"type":"Point","coordinates":[14.289932,40.856128]},"properties":{"lines":"191","color":"#0059a9","mode":"bus","arr":["191"],"angle":-6.9,"mi":13}},{"type":"Feature","geometry":{"type":"Point","coordinates":[14.291752,40.8565]},"properties":{"lines":"191","color":"#0059a9","mode":"bus","arr":["191"],"angle":-36.8,"mi":11}},{"type":"Feature","geometry":{"type":"Point","coordinates":[14.322931,40.862269]},"properties":{"lines":"191","color":"#0059a9","mode":"bus","arr":["191"],"angle":30.9,"mi":19}},{"type":"Feature","geometry":{"type":"Point","coordinates":[14.341496,40.868087]},"properties":{"lines":"191","color":"#0059a9","mode":"bus","arr":["191"],"angle":53.9,"side":-1,"mi":29}},{"type":"Feature","geometry":{"type":"Point","coordinates":[14.325497,40.863491]},"properties":{"lines":"191","color":"#0059a9","mode":"bus","arr":["191"],"angle":-68.9,"mi":22}},{"type":"Feature","geometry":{"type":"Point","coordinates":[14.339679,40.869975]},"properties":{"lines":"191","color":"#0059a9","mode":"bus","arr":["191"],"angle":54,"extra":1,"ei":0,"side":-1}},{"type":"Feature","geometry":{"type":"Point","coordinates":[14.342585,40.866905]},"properties":{"lines":"191","color":"#0059a9","mode":"bus","arr":["191"],"angle":59.3,"extra":1,"ei":1}},{"type":"Feature","geometry":{"type":"Point","coordinates":[14.338925,40.863071]},"properties":{"lines":"191","color":"#0059a9","mode":"bus","arr":["191"],"angle":-30.5,"mi":28}},{"type":"Feature","geometry":{"type":"Point","coordinates":[14.341119,40.864071]},"properties":{"lines":"191","color":"#0059a9","mode":"bus","arr":["191"],"angle":-31.4,"extra":1,"ei":0}},{"type":"Feature","geometry":{"type":"Point","coordinates":[14.33683,40.862136]},"properties":{"lines":"191","color":"#0059a9","mode":"bus","arr":["191"],"angle":-31,"extra":1,"ei":1}},{"type":"Feature","geometry":{"type":"Point","coordinates":[14.315281,40.838962]},"properties":{"lines":"194, 472, 475","color":"#0059a9","mode":"bus","arr":["194","472","475"],"angle":-21.3,"mi":1}},{"type":"Feature","geometry":{"type":"Point","coordinates":[14.319047,40.838208]},"properties":{"lines":"194, 472, 475","color":"#0059a9","mode":"bus","arr":["194","472","475"],"angle":62.6}},{"type":"Feature","geometry":{"type":"Point","coordinates":[14.319843,40.837016]},"properties":{"lines":"194, 472, 475","color":"#0059a9","mode":"bus","arr":["194","472","475"],"angle":65.5,"extra":1,"ei":0}},{"type":"Feature","geometry":{"type":"Point","coordinates":[14.320815,40.835522]},"properties":{"lines":"194, 475","color":"#0059a9","mode":"bus","arr":["194","475"],"angle":63.6}},{"type":"Feature","geometry":{"type":"Point","coordinates":[14.321177,40.834247]},"properties":{"lines":"194, 475","color":"#0059a9","mode":"bus","arr":["194","475"],"angle":66,"extra":1,"ei":0,"side":-1}},{"type":"Feature","geometry":{"type":"Point","coordinates":[14.321867,40.833323]},"properties":{"lines":"475","color":"#0059a9","mode":"bus","arr":["475"],"angle":60.2,"mi":5}},{"type":"Feature","geometry":{"type":"Point","coordinates":[14.323858,40.835014]},"properties":{"lines":"194","color":"#0059a9","mode":"bus","arr":["194"],"angle":-23.4,"mi":6}},{"type":"Feature","geometry":{"type":"Point","coordinates":[14.322379,40.834544]},"properties":{"lines":"194","color":"#0059a9","mode":"bus","arr":["194"],"angle":-22.5,"extra":1,"ei":0}},{"type":"Feature","geometry":{"type":"Point","coordinates":[14.325647,40.837273]},"properties":{"lines":"194","color":"#0059a9","mode":"bus","arr":["194"],"angle":66,"mi":4}},{"type":"Feature","geometry":{"type":"Point","coordinates":[14.326371,40.836045]},"properties":{"lines":"194","color":"#0059a9","mode":"bus","arr":["194"],"angle":65.9,"extra":1,"ei":0}},{"type":"Feature","geometry":{"type":"Point","coordinates":[14.324097,40.839605]},"properties":{"lines":"194","color":"#0059a9","mode":"bus","arr":["194"],"angle":66.3,"mi":1}},{"type":"Feature","geometry":{"type":"Point","coordinates":[14.320837,40.840903]},"properties":{"lines":"194","color":"#0059a9","mode":"bus","arr":["194"],"angle":15.5,"mi":2}},{"type":"Feature","geometry":{"type":"Point","coordinates":[14.322819,40.840773]},"properties":{"lines":"194","color":"#0059a9","mode":"bus","arr":["194"],"angle":66.6}},{"type":"Feature","geometry":{"type":"Point","coordinates":[14.320302,40.842107]},"properties":{"lines":"194","color":"#0059a9","mode":"bus","arr":["194"],"angle":-12.8,"mi":3}},{"type":"Feature","geometry":{"type":"Point","coordinates":[14.320162,40.843011]},"properties":{"lines":"194","color":"#0059a9","mode":"bus","arr":["194"],"angle":70.7,"mi":5}},{"type":"Feature","geometry":{"type":"Point","coordinates":[14.31664,40.845839]},"properties":{"lines":"195, 472, 475","color":"#0059a9","mode":"bus","arr":["195","472","475"],"angle":-72.8}},{"type":"Feature","geometry":{"type":"Point","coordinates":[14.302335,40.841427]},"properties":{"lines":"195, 472","color":"#0059a9","mode":"bus","arr":["195","472"],"angle":-10.1}},{"type":"Feature","geometry":{"type":"Point","coordinates":[14.302019,40.839135]},"properties":{"lines":"195, 472","color":"#0059a9","mode":"bus","arr":["195","472"],"angle":80.7,"mi":1}},{"type":"Feature","geometry":{"type":"Point","coordinates":[14.302275,40.837917]},"properties":{"lines":"195, 472","color":"#0059a9","mode":"bus","arr":["195","472"],"angle":81,"extra":1,"ei":0}},{"type":"Feature","geometry":{"type":"Point","coordinates":[14.341591,40.849014]},"properties":{"lines":"195","color":"#0059a9","mode":"bus","arr":["195"],"angle":-20.1,"mi":1}},{"type":"Feature","geometry":{"type":"Point","coordinates":[14.340569,40.851554]},"properties":{"lines":"195","color":"#0059a9","mode":"bus","arr":["195"],"angle":-11.4}},{"type":"Feature","geometry":{"type":"Point","coordinates":[14.341851,40.851789]},"properties":{"lines":"195","color":"#0059a9","mode":"bus","arr":["195"],"angle":-19.5,"mi":3}},{"type":"Feature","geometry":{"type":"Point","coordinates":[14.305202,40.844726]},"properties":{"lines":"475","color":"#0059a9","mode":"bus","arr":["475"],"angle":38.6,"side":-1}},{"type":"Feature","geometry":{"type":"Point","coordinates":[14.32571,40.829165]},"properties":{"lines":"475","color":"#0059a9","mode":"bus","arr":["475"],"angle":-31.7,"mi":2}},{"type":"Feature","geometry":{"type":"Point","coordinates":[14.306476,40.843888]},"properties":{"lines":"475","color":"#0059a9","mode":"bus","arr":["475"],"angle":41,"extra":1,"ei":0,"side":-1}},{"type":"Feature","geometry":{"type":"Point","coordinates":[14.331582,40.868353]},"properties":{"lines":"196, 472","color":"#0059a9","mode":"bus","arr":["196","472"],"angle":37.4,"side":-1}},{"type":"Feature","geometry":{"type":"Point","coordinates":[14.332593,40.867767]},"properties":{"lines":"196","color":"#0059a9","mode":"bus","arr":["196"],"angle":37.5,"side":-1,"mi":3}},{"type":"Feature","geometry":{"type":"Point","coordinates":[14.333712,40.862386]},"properties":{"lines":"196","color":"#0059a9","mode":"bus","arr":["196"],"angle":64.9,"mi":1}},{"type":"Feature","geometry":{"type":"Point","coordinates":[14.333014,40.864775]},"properties":{"lines":"196","color":"#0059a9","mode":"bus","arr":["196"],"angle":-81.3}},{"type":"Feature","geometry":{"type":"Point","coordinates":[14.333397,40.866619]},"properties":{"lines":"196","color":"#0059a9","mode":"bus","arr":["196"],"angle":-78,"mi":2}},{"type":"Feature","geometry":{"type":"Point","coordinates":[14.334416,40.861114]},"properties":{"lines":"196","color":"#0059a9","mode":"bus","arr":["196"],"angle":78.7,"extra":1,"ei":0,"side":-1}},{"type":"Feature","geometry":{"type":"Point","coordinates":[14.310812,40.85061]},"properties":{"lines":"196, 196BR, 472","color":"#0059a9","mode":"bus","arr":["196","196BR","472"],"angle":-30.4}},{"type":"Feature","geometry":{"type":"Point","coordinates":[14.300086,40.848638]},"properties":{"lines":"196","color":"#0059a9","mode":"bus","arr":["196"],"angle":81.4,"mi":1}},{"type":"Feature","geometry":{"type":"Point","coordinates":[14.300406,40.84704]},"properties":{"lines":"196","color":"#0059a9","mode":"bus","arr":["196"],"angle":81.4,"extra":1,"ei":0}},{"type":"Feature","geometry":{"type":"Point","coordinates":[14.299658,40.850774]},"properties":{"lines":"196","color":"#0059a9","mode":"bus","arr":["196"],"angle":81,"extra":1,"ei":1}},{"type":"Feature","geometry":{"type":"Point","coordinates":[14.298693,40.849908]},"properties":{"lines":"196","color":"#0059a9","mode":"bus","arr":["196"],"angle":-64.6}},{"type":"Feature","geometry":{"type":"Point","coordinates":[14.299525,40.851141]},"properties":{"lines":"196","color":"#0059a9","mode":"bus","arr":["196"],"angle":-53.3,"extra":1,"ei":0}},{"type":"Feature","geometry":{"type":"Point","coordinates":[14.29727,40.848053]},"properties":{"lines":"196","color":"#0059a9","mode":"bus","arr":["196"],"angle":-50.5,"mi":2}},{"type":"Feature","geometry":{"type":"Point","coordinates":[14.282668,40.847985]},"properties":{"lines":"196BR, 472, N1, N3, N5, R2","color":"#0059a9","mode":"bus","arr":["196BR","472","N1","N3","N5","R2"],"angle":-64.1}},{"type":"Feature","geometry":{"type":"Point","coordinates":[14.283217,40.849227]},"properties":{"lines":"196BR, 472, N1, N3, N5, R2","color":"#0059a9","mode":"bus","arr":["196BR","472","N1","N3","N5","R2"],"angle":-72.7,"extra":1,"ei":0,"side":-1}},{"type":"Feature","geometry":{"type":"Point","coordinates":[14.25354,40.843319]},"properties":{"lines":"201, 202, 204, 460, N1, N3, R2","color":"#0059a9","mode":"bus","arr":["201","202","204","460","N1","N3","R2"],"tLines":"201, 202, 204","ntLines":"460, N1, N3, R2","angle":-14.2}},{"type":"Feature","geometry":{"type":"Point","coordinates":[14.254975,40.843552]},"properties":{"lines":"201, 202, 204, 302, 460, N1, N3, R2","color":"#0059a9","mode":"bus","arr":["201","202","204","302","460","N1","N3","R2"],"tLines":"201, 202, 204","ntLines":"302, 460, N1, N3, R2","angle":-6.5,"side":-1}},{"type":"Feature","geometry":{"type":"Point","coordinates":[14.252957,40.839958]},"properties":{"lines":"201, 202, 204, 302, N1","color":"#0059a9","mode":"bus","arr":["201","202","204","302","N1"],"tLines":"201, 202, 204","ntLines":"302, N1","angle":19.4}},{"type":"Feature","geometry":{"type":"Point","coordinates":[14.252269,40.840456]},"properties":{"lines":"201, 202, 204, 302, N1, N3, R2","color":"#0059a9","mode":"bus","arr":["201","202","204","302","N1","N3","R2"],"tLines":"201, 202, 204","ntLines":"302, N1, N3, R2","angle":-80,"side":-1}},{"type":"Feature","geometry":{"type":"Point","coordinates":[14.252491,40.841944]},"properties":{"lines":"201, 202, 204, N1, N3, R2","color":"#0059a9","mode":"bus","arr":["201","202","204","N1","N3","R2"],"tLines":"201, 202, 204","ntLines":"N1, N3, R2","angle":-85.6,"side":-1}},{"type":"Feature","geometry":{"type":"Point","coordinates":[14.266713,40.870501]},"properties":{"lines":"201BR, 254","color":"#0059a9","mode":"bus","arr":["201BR","254"],"tLines":"254","ntLines":"201BR","angle":65.5,"side":-1}},{"type":"Feature","geometry":{"type":"Point","coordinates":[14.266956,40.858896]},"properties":{"lines":"202, 254, 302","color":"#0059a9","mode":"bus","arr":["202","254","302"],"tLines":"202, 254","ntLines":"302","angle":82.4}},{"type":"Feature","geometry":{"type":"Point","coordinates":[14.267399,40.856361]},"properties":{"lines":"202, 254, 302","color":"#0059a9","mode":"bus","arr":["202","254","302"],"tLines":"202, 254","ntLines":"302","angle":82.5,"extra":1,"ei":0}},{"type":"Feature","geometry":{"type":"Point","coordinates":[14.266744,40.860106]},"properties":{"lines":"202, 254, 302","color":"#0059a9","mode":"bus","arr":["202","254","302"],"tLines":"202, 254","ntLines":"302","angle":82.5,"extra":1,"ei":1}},{"type":"Feature","geometry":{"type":"Point","coordinates":[14.266416,40.861978]},"properties":{"lines":"202, 254, 302","color":"#0059a9","mode":"bus","arr":["202","254","302"],"tLines":"202, 254","ntLines":"302","angle":89.3,"extra":1,"ei":2}},{"type":"Feature","geometry":{"type":"Point","coordinates":[14.255549,40.841745]},"properties":{"lines":"202, 302, N1","color":"#0059a9","mode":"bus","arr":["202","302","N1"],"tLines":"202","ntLines":"302, N1","angle":-38.5}},{"type":"Feature","geometry":{"type":"Point","coordinates":[14.255879,40.843878]},"properties":{"lines":"202, 302, 460, N1, N3, R2","color":"#0059a9","mode":"bus","arr":["202","302","460","N1","N3","R2"],"tLines":"202","ntLines":"302, 460, N1, N3, R2","angle":-44.9,"side":-1,"mi":2}},{"type":"Feature","geometry":{"type":"Point","coordinates":[14.264931,40.849725]},"properties":{"lines":"202, 302, 460, N1, N3, R2","color":"#0059a9","mode":"bus","arr":["202","302","460","N1","N3","R2"],"tLines":"202","ntLines":"302, 460, N1, N3, R2","angle":-40.7,"side":-1,"mi":3}},{"type":"Feature","geometry":{"type":"Point","coordinates":[14.258766,40.845735]},"properties":{"lines":"202, 302, 460, N1, N3, R2","color":"#0059a9","mode":"bus","arr":["202","302","460","N1","N3","R2"],"tLines":"202","ntLines":"302, 460, N1, N3, R2","angle":-40.1,"side":-1,"mi":1}},{"type":"Feature","geometry":{"type":"Point","coordinates":[14.257054,40.844639]},"properties":{"lines":"202, 302, 460, N1, N3, R2","color":"#0059a9","mode":"bus","arr":["202","302","460","N1","N3","R2"],"tLines":"202","ntLines":"302, 460, N1, N3, R2","angle":-41,"extra":1,"ei":0,"side":-1}},{"type":"Feature","geometry":{"type":"Point","coordinates":[14.260869,40.847076]},"properties":{"lines":"202, 302, 460, N1, N3, R2","color":"#0059a9","mode":"bus","arr":["202","302","460","N1","N3","R2"],"tLines":"202","ntLines":"302, 460, N1, N3, R2","angle":-39.1,"extra":1,"ei":1,"side":-1}},{"type":"Feature","geometry":{"type":"Point","coordinates":[14.262986,40.848424]},"properties":{"lines":"202, 302, 460, N1, N3, R2","color":"#0059a9","mode":"bus","arr":["202","302","460","N1","N3","R2"],"tLines":"202","ntLines":"302, 460, N1, N3, R2","angle":-41.3,"extra":1,"ei":0,"side":-1}},{"type":"Feature","geometry":{"type":"Point","coordinates":[14.266756,40.850899]},"properties":{"lines":"202, 302, 460, N1, N3, R2","color":"#0059a9","mode":"bus","arr":["202","302","460","N1","N3","R2"],"tLines":"202","ntLines":"302, 460, N1, N3, R2","angle":-40.5,"extra":1,"ei":1,"side":-1}},{"type":"Feature","geometry":{"type":"Point","coordinates":[14.261828,40.847533]},"properties":{"lines":"202, 302, 460, N1, N3, R2","color":"#0059a9","mode":"bus","arr":["202","302","460","N1","N3","R2"],"tLines":"202","ntLines":"302, 460, N1, N3, R2","angle":-39.5,"side":-1}},{"type":"Feature","geometry":{"type":"Point","coordinates":[14.228166,40.868458]},"properties":{"lines":"204","color":"#149a3f","mode":"bus","arr":["204"],"angle":-17.7,"side":-1}},{"type":"Feature","geometry":{"type":"Point","coordinates":[14.247363,40.869394]},"properties":{"lines":"204, C65","color":"#0059a9","mode":"bus","arr":["204","C65"],"tLines":"204","ntLines":"C65","angle":-35.5}},{"type":"Feature","geometry":{"type":"Point","coordinates":[14.231271,40.868355]},"properties":{"lines":"204, C65","color":"#0059a9","mode":"bus","arr":["204","C65"],"tLines":"204","ntLines":"C65","angle":4,"side":-1}},{"type":"Feature","geometry":{"type":"Point","coordinates":[14.229665,40.868441]},"properties":{"lines":"204, C65","color":"#0059a9","mode":"bus","arr":["204","C65"],"tLines":"204","ntLines":"C65","angle":4,"extra":1,"ei":0}},{"type":"Feature","geometry":{"type":"Point","coordinates":[14.245938,40.870534]},"properties":{"lines":"204, C65","color":"#0059a9","mode":"bus","arr":["204","C65"],"tLines":"204","ntLines":"C65","angle":26.8,"extra":1,"ei":0}},{"type":"Feature","geometry":{"type":"Point","coordinates":[14.239135,40.870896]},"properties":{"lines":"204","color":"#149a3f","mode":"bus","arr":["204"],"angle":-35.2,"mi":1}},{"type":"Feature","geometry":{"type":"Point","coordinates":[14.243633,40.871257]},"properties":{"lines":"204","color":"#149a3f","mode":"bus","arr":["204"],"angle":21.3,"extra":1,"ei":0}},{"type":"Feature","geometry":{"type":"Point","coordinates":[14.241214,40.871631]},"properties":{"lines":"204","color":"#149a3f","mode":"bus","arr":["204"],"angle":-6.5,"extra":1,"ei":1}},{"type":"Feature","geometry":{"type":"Point","coordinates":[14.236992,40.869691]},"properties":{"lines":"204","color":"#149a3f","mode":"bus","arr":["204"],"angle":-36.7,"extra":1,"ei":2}},{"type":"Feature","geometry":{"type":"Point","coordinates":[14.234965,40.868588]},"properties":{"lines":"204","color":"#149a3f","mode":"bus","arr":["204"],"angle":-35.2,"extra":1,"ei":3}},{"type":"Feature","geometry":{"type":"Point","coordinates":[14.228166,40.868534]},"properties":{"lines":"204, C65","color":"#0059a9","mode":"bus","arr":["204","C65"],"tLines":"204","ntLines":"C65","angle":5.9,"mi":1}},{"type":"Feature","geometry":{"type":"Point","coordinates":[14.349753,40.820555]},"properties":{"lines":"254","color":"#149a3f","mode":"bus","arr":["254"],"angle":-29.1,"mi":1}},{"type":"Feature","geometry":{"type":"Point","coordinates":[14.339322,40.819784]},"properties":{"lines":"254","color":"#149a3f","mode":"bus","arr":["254"],"angle":-5.2,"mi":3}},{"type":"Feature","geometry":{"type":"Point","coordinates":[14.347026,40.820235]},"properties":{"lines":"254","color":"#149a3f","mode":"bus","arr":["254"],"angle":-2.2,"extra":1,"ei":0}},{"type":"Feature","geometry":{"type":"Point","coordinates":[14.344531,40.820161]},"properties":{"lines":"254","color":"#149a3f","mode":"bus","arr":["254"],"angle":-2.5,"extra":1,"ei":1}},{"type":"Feature","geometry":{"type":"Point","coordinates":[14.342047,40.819983]},"properties":{"lines":"254","color":"#149a3f","mode":"bus","arr":["254"],"angle":-5.7,"extra":1,"ei":2}},{"type":"Feature","geometry":{"type":"Point","coordinates":[14.337075,40.819632]},"properties":{"lines":"254","color":"#149a3f","mode":"bus","arr":["254"],"angle":-7.2,"extra":1,"ei":3}},{"type":"Feature","geometry":{"type":"Point","coordinates":[14.334682,40.819105]},"properties":{"lines":"254","color":"#149a3f","mode":"bus","arr":["254"],"angle":-16.1,"extra":1,"ei":4}},{"type":"Feature","geometry":{"type":"Point","coordinates":[14.332288,40.818571]},"properties":{"lines":"254","color":"#149a3f","mode":"bus","arr":["254"],"angle":-16.7,"extra":1,"ei":5}},{"type":"Feature","geometry":{"type":"Point","coordinates":[14.316172,40.826126]},"properties":{"lines":"254, 455","color":"#0059a9","mode":"bus","arr":["254","455"],"tLines":"254","ntLines":"455","angle":50.6}},{"type":"Feature","geometry":{"type":"Point","coordinates":[14.321983,40.823381]},"properties":{"lines":"254, 455","color":"#0059a9","mode":"bus","arr":["254","455"],"tLines":"254","ntLines":"455","angle":37.1,"extra":1,"ei":0}},{"type":"Feature","geometry":{"type":"Point","coordinates":[14.319765,40.824236]},"properties":{"lines":"254, 455","color":"#0059a9","mode":"bus","arr":["254","455"],"tLines":"254","ntLines":"455","angle":24.6,"extra":1,"ei":1}},{"type":"Feature","geometry":{"type":"Point","coordinates":[14.317505,40.825036]},"properties":{"lines":"254, 455","color":"#0059a9","mode":"bus","arr":["254","455"],"tLines":"254","ntLines":"455","angle":32.8,"extra":1,"ei":2}},{"type":"Feature","geometry":{"type":"Point","coordinates":[14.314377,40.827957]},"properties":{"lines":"254, 455","color":"#0059a9","mode":"bus","arr":["254","455"],"tLines":"254","ntLines":"455","angle":52.2,"extra":1,"ei":3}},{"type":"Feature","geometry":{"type":"Point","coordinates":[14.312665,40.829321]},"properties":{"lines":"254, 455","color":"#0059a9","mode":"bus","arr":["254","455"],"tLines":"254","ntLines":"455","angle":39.2,"extra":1,"ei":4}},{"type":"Feature","geometry":{"type":"Point","coordinates":[14.310721,40.830506]},"properties":{"lines":"254, 455","color":"#0059a9","mode":"bus","arr":["254","455"],"tLines":"254","ntLines":"455","angle":40,"extra":1,"ei":5,"side":-1}},{"type":"Feature","geometry":{"type":"Point","coordinates":[14.345583,40.817483]},"properties":{"lines":"254","color":"#149a3f","mode":"bus","arr":["254"],"angle":-35}},{"type":"Feature","geometry":{"type":"Point","coordinates":[14.340466,40.814788]},"properties":{"lines":"254","color":"#149a3f","mode":"bus","arr":["254"],"angle":-33.8,"extra":1,"ei":0}},{"type":"Feature","geometry":{"type":"Point","coordinates":[14.342498,40.815884]},"properties":{"lines":"254","color":"#149a3f","mode":"bus","arr":["254"],"angle":-32.8,"extra":1,"ei":1}},{"type":"Feature","geometry":{"type":"Point","coordinates":[14.34861,40.819157]},"properties":{"lines":"254","color":"#149a3f","mode":"bus","arr":["254"],"angle":-35,"extra":1,"ei":2}},{"type":"Feature","geometry":{"type":"Point","coordinates":[14.350772,40.820097]},"properties":{"lines":"254","color":"#149a3f","mode":"bus","arr":["254"],"angle":-27.5,"extra":1,"ei":3}},{"type":"Feature","geometry":{"type":"Point","coordinates":[14.351284,40.820975]},"properties":{"lines":"254","color":"#149a3f","mode":"bus","arr":["254"],"angle":49.3,"mi":2}},{"type":"Feature","geometry":{"type":"Point","coordinates":[14.272839,40.850665]},"properties":{"lines":"455, 460, 472, 475, ALIB, N1, N3, N5, R2","color":"#0059a9","mode":"bus","arr":["455","460","472","475","ALIB","N1","N3","N5","R2"],"angle":39.1}},{"type":"Feature","geometry":{"type":"Point","coordinates":[14.272048,40.851409]},"properties":{"lines":"ALIB, N5, R2","color":"#0059a9","mode":"bus","arr":["ALIB","N5","R2"],"angle":65.5,"mi":1}},{"type":"Feature","geometry":{"type":"Point","coordinates":[14.358535,40.792518]},"properties":{"lines":"455","color":"#0059a9","mode":"bus","arr":["455"],"angle":44.5,"mi":5}},{"type":"Feature","geometry":{"type":"Point","coordinates":[14.3617,40.791269]},"properties":{"lines":"455","color":"#0059a9","mode":"bus","arr":["455"],"angle":30.2,"mi":4}},{"type":"Feature","geometry":{"type":"Point","coordinates":[14.363434,40.791093]},"properties":{"lines":"455","color":"#0059a9","mode":"bus","arr":["455"],"angle":-40.8,"mi":2}},{"type":"Feature","geometry":{"type":"Point","coordinates":[14.365519,40.790651]},"properties":{"lines":"455","color":"#0059a9","mode":"bus","arr":["455"],"angle":48.9}},{"type":"Feature","geometry":{"type":"Point","coordinates":[14.367145,40.789494]},"properties":{"lines":"455","color":"#0059a9","mode":"bus","arr":["455"],"angle":36.8,"mi":1}},{"type":"Feature","geometry":{"type":"Point","coordinates":[14.368437,40.790288]},"properties":{"lines":"455","color":"#0059a9","mode":"bus","arr":["455"],"angle":-53.8,"mi":3}},{"type":"Feature","geometry":{"type":"Point","coordinates":[14.373514,40.788011]},"properties":{"lines":"455","color":"#0059a9","mode":"bus","arr":["455"],"angle":46.6,"mi":6}},{"type":"Feature","geometry":{"type":"Point","coordinates":[14.370294,40.790615]},"properties":{"lines":"455","color":"#0059a9","mode":"bus","arr":["455"],"angle":47,"extra":1,"ei":0}},{"type":"Feature","geometry":{"type":"Point","coordinates":[14.371997,40.789234]},"properties":{"lines":"455","color":"#0059a9","mode":"bus","arr":["455"],"angle":47.6,"extra":1,"ei":1}},{"type":"Feature","geometry":{"type":"Point","coordinates":[14.374604,40.786144]},"properties":{"lines":"455","color":"#0059a9","mode":"bus","arr":["455"],"angle":54.4,"extra":1,"ei":2}},{"type":"Feature","geometry":{"type":"Point","coordinates":[14.375627,40.784518]},"properties":{"lines":"455","color":"#0059a9","mode":"bus","arr":["455"],"angle":-79.5,"extra":1,"ei":3}},{"type":"Feature","geometry":{"type":"Point","coordinates":[14.405137,40.770284]},"properties":{"lines":"455","color":"#0059a9","mode":"bus","arr":["455"],"angle":32.2}},{"type":"Feature","geometry":{"type":"Point","coordinates":[14.378213,40.782692]},"properties":{"lines":"455","color":"#0059a9","mode":"bus","arr":["455"],"angle":28.7,"mi":8}},{"type":"Feature","geometry":{"type":"Point","coordinates":[14.376469,40.783499]},"properties":{"lines":"455","color":"#0059a9","mode":"bus","arr":["455"],"angle":33.4,"extra":1,"ei":0}},{"type":"Feature","geometry":{"type":"Point","coordinates":[14.380819,40.781653]},"properties":{"lines":"455","color":"#0059a9","mode":"bus","arr":["455"],"angle":38,"extra":1,"ei":1}},{"type":"Feature","geometry":{"type":"Point","coordinates":[14.382288,40.780976]},"properties":{"lines":"455","color":"#0059a9","mode":"bus","arr":["455"],"angle":32.1,"extra":1,"ei":0}},{"type":"Feature","geometry":{"type":"Point","coordinates":[14.38446,40.780047]},"properties":{"lines":"455","color":"#0059a9","mode":"bus","arr":["455"],"angle":28.2,"extra":1,"ei":1}},{"type":"Feature","geometry":{"type":"Point","coordinates":[14.386576,40.779048]},"properties":{"lines":"455","color":"#0059a9","mode":"bus","arr":["455"],"angle":33.4,"extra":1,"ei":2}},{"type":"Feature","geometry":{"type":"Point","coordinates":[14.388662,40.778009]},"properties":{"lines":"455","color":"#0059a9","mode":"bus","arr":["455"],"angle":33.3,"extra":1,"ei":3}},{"type":"Feature","geometry":{"type":"Point","coordinates":[14.390789,40.777021]},"properties":{"lines":"455","color":"#0059a9","mode":"bus","arr":["455"],"angle":31.2,"extra":1,"ei":4}},{"type":"Feature","geometry":{"type":"Point","coordinates":[14.392865,40.775978]},"properties":{"lines":"455","color":"#0059a9","mode":"bus","arr":["455"],"angle":38.4,"extra":1,"ei":5}},{"type":"Feature","geometry":{"type":"Point","coordinates":[14.394972,40.774975]},"properties":{"lines":"455","color":"#0059a9","mode":"bus","arr":["455"],"angle":35.3,"extra":1,"ei":6}},{"type":"Feature","geometry":{"type":"Point","coordinates":[14.397115,40.77401]},"properties":{"lines":"455","color":"#0059a9","mode":"bus","arr":["455"],"angle":28.4,"extra":1,"ei":7}},{"type":"Feature","geometry":{"type":"Point","coordinates":[14.399304,40.773102]},"properties":{"lines":"455","color":"#0059a9","mode":"bus","arr":["455"],"angle":30.9,"extra":1,"ei":8}},{"type":"Feature","geometry":{"type":"Point","coordinates":[14.401427,40.772108]},"properties":{"lines":"455","color":"#0059a9","mode":"bus","arr":["455"],"angle":31.6,"extra":1,"ei":9}},{"type":"Feature","geometry":{"type":"Point","coordinates":[14.403549,40.771113]},"properties":{"lines":"455","color":"#0059a9","mode":"bus","arr":["455"],"angle":34.3,"extra":1,"ei":10}},{"type":"Feature","geometry":{"type":"Point","coordinates":[14.407745,40.769074]},"properties":{"lines":"455","color":"#0059a9","mode":"bus","arr":["455"],"angle":34.6,"extra":1,"ei":11}},{"type":"Feature","geometry":{"type":"Point","coordinates":[14.409902,40.768125]},"properties":{"lines":"455","color":"#0059a9","mode":"bus","arr":["455"],"angle":28.8,"extra":1,"ei":12}},{"type":"Feature","geometry":{"type":"Point","coordinates":[14.412092,40.767218]},"properties":{"lines":"455","color":"#0059a9","mode":"bus","arr":["455"],"angle":28.8,"extra":1,"ei":13}},{"type":"Feature","geometry":{"type":"Point","coordinates":[14.414282,40.766312]},"properties":{"lines":"455","color":"#0059a9","mode":"bus","arr":["455"],"angle":28.8,"extra":1,"ei":14}},{"type":"Feature","geometry":{"type":"Point","coordinates":[14.416491,40.765433]},"properties":{"lines":"455","color":"#0059a9","mode":"bus","arr":["455"],"angle":24.7,"extra":1,"ei":15}},{"type":"Feature","geometry":{"type":"Point","coordinates":[14.41877,40.764662]},"properties":{"lines":"455","color":"#0059a9","mode":"bus","arr":["455"],"angle":24.7,"extra":1,"ei":16}},{"type":"Feature","geometry":{"type":"Point","coordinates":[14.421034,40.763866]},"properties":{"lines":"455","color":"#0059a9","mode":"bus","arr":["455"],"angle":26.1,"extra":1,"ei":17}},{"type":"Feature","geometry":{"type":"Point","coordinates":[14.423299,40.763073]},"properties":{"lines":"455","color":"#0059a9","mode":"bus","arr":["455"],"angle":23.7,"extra":1,"ei":18}},{"type":"Feature","geometry":{"type":"Point","coordinates":[14.425596,40.762334]},"properties":{"lines":"455","color":"#0059a9","mode":"bus","arr":["455"],"angle":23,"extra":1,"ei":19}},{"type":"Feature","geometry":{"type":"Point","coordinates":[14.427879,40.76157]},"properties":{"lines":"455","color":"#0059a9","mode":"bus","arr":["455"],"angle":24.3,"extra":1,"ei":20}},{"type":"Feature","geometry":{"type":"Point","coordinates":[14.430173,40.760827]},"properties":{"lines":"455","color":"#0059a9","mode":"bus","arr":["455"],"angle":19.5,"extra":1,"ei":21}},{"type":"Feature","geometry":{"type":"Point","coordinates":[14.430943,40.760563]},"properties":{"lines":"455","color":"#0059a9","mode":"bus","arr":["455"],"angle":23.9,"side":-1}},{"type":"Feature","geometry":{"type":"Point","coordinates":[14.431326,40.760635]},"properties":{"lines":"455","color":"#0059a9","mode":"bus","arr":["455"],"angle":55.7,"mi":1}},{"type":"Feature","geometry":{"type":"Point","coordinates":[14.267571,40.852238]},"properties":{"lines":"460, ALIB, C56, N1, N3, R2","color":"#0059a9","mode":"bus","arr":["460","ALIB","C56","N1","N3","R2"],"angle":82.3}},{"type":"Feature","geometry":{"type":"Point","coordinates":[14.264886,40.849776]},"properties":{"lines":"460, N1, N3, R2","color":"#0059a9","mode":"bus","arr":["460","N1","N3","R2"],"angle":-41,"mi":2}},{"type":"Feature","geometry":{"type":"Point","coordinates":[14.258709,40.845789]},"properties":{"lines":"460, N1, N3, R2","color":"#0059a9","mode":"bus","arr":["460","N1","N3","R2"],"angle":-40.1}},{"type":"Feature","geometry":{"type":"Point","coordinates":[14.266865,40.851055]},"properties":{"lines":"460, N1, N3, R2","color":"#0059a9","mode":"bus","arr":["460","N1","N3","R2"],"angle":-40.3,"extra":1,"ei":0}},{"type":"Feature","geometry":{"type":"Point","coordinates":[14.26308,40.848594]},"properties":{"lines":"460, N1, N3, R2","color":"#0059a9","mode":"bus","arr":["460","N1","N3","R2"],"angle":-40.9,"extra":1,"ei":1}},{"type":"Feature","geometry":{"type":"Point","coordinates":[14.260429,40.846881]},"properties":{"lines":"460, N1, N3, R2","color":"#0059a9","mode":"bus","arr":["460","N1","N3","R2"],"angle":-39.9,"extra":1,"ei":0}},{"type":"Feature","geometry":{"type":"Point","coordinates":[14.256601,40.844456]},"properties":{"lines":"460, N1, N3, R2","color":"#0059a9","mode":"bus","arr":["460","N1","N3","R2"],"angle":-40.6,"extra":1,"ei":1}},{"type":"Feature","geometry":{"type":"Point","coordinates":[14.261758,40.847605]},"properties":{"lines":"460, N1, N3, R2","color":"#0059a9","mode":"bus","arr":["460","N1","N3","R2"],"angle":-40.3,"mi":1}},{"type":"Feature","geometry":{"type":"Point","coordinates":[14.254907,40.843614]},"properties":{"lines":"460, N1, N3, R2","color":"#0059a9","mode":"bus","arr":["460","N1","N3","R2"],"angle":-18.8,"mi":3}},{"type":"Feature","geometry":{"type":"Point","coordinates":[14.209305,40.89844]},"properties":{"lines":"460","color":"#0059a9","mode":"bus","arr":["460"],"angle":77.1,"mi":11}},{"type":"Feature","geometry":{"type":"Point","coordinates":[14.208087,40.903342]},"properties":{"lines":"460","color":"#0059a9","mode":"bus","arr":["460"],"angle":79.3,"mi":1}},{"type":"Feature","geometry":{"type":"Point","coordinates":[14.208967,40.899747]},"properties":{"lines":"460","color":"#0059a9","mode":"bus","arr":["460"],"angle":79.5,"extra":1,"ei":0}},{"type":"Feature","geometry":{"type":"Point","coordinates":[14.208508,40.901603]},"properties":{"lines":"460","color":"#0059a9","mode":"bus","arr":["460"],"angle":78.8,"extra":1,"ei":1}},{"type":"Feature","geometry":{"type":"Point","coordinates":[14.207612,40.905319]},"properties":{"lines":"460","color":"#0059a9","mode":"bus","arr":["460"],"angle":79.3,"extra":1,"ei":2}},{"type":"Feature","geometry":{"type":"Point","coordinates":[14.207176,40.907178]},"properties":{"lines":"460","color":"#0059a9","mode":"bus","arr":["460"],"angle":81,"extra":1,"ei":3}},{"type":"Feature","geometry":{"type":"Point","coordinates":[14.211303,40.898901]},"properties":{"lines":"460","color":"#0059a9","mode":"bus","arr":["460"],"angle":7.2,"mi":10}},{"type":"Feature","geometry":{"type":"Point","coordinates":[14.21287,40.898824]},"properties":{"lines":"460","color":"#0059a9","mode":"bus","arr":["460"],"angle":-0.1,"extra":1,"ei":0}},{"type":"Feature","geometry":{"type":"Point","coordinates":[14.213309,40.901326]},"properties":{"lines":"460","color":"#0059a9","mode":"bus","arr":["460"],"angle":-83.5,"mi":6}},{"type":"Feature","geometry":{"type":"Point","coordinates":[14.213417,40.899798]},"properties":{"lines":"460","color":"#0059a9","mode":"bus","arr":["460"],"angle":81.2,"extra":1,"ei":0}},{"type":"Feature","geometry":{"type":"Point","coordinates":[14.213895,40.90351]},"properties":{"lines":"460","color":"#0059a9","mode":"bus","arr":["460"],"angle":-83.1,"extra":1,"ei":1}},{"type":"Feature","geometry":{"type":"Point","coordinates":[14.21526,40.904153]},"properties":{"lines":"460","color":"#0059a9","mode":"bus","arr":["460"],"angle":-24.1}},{"type":"Feature","geometry":{"type":"Point","coordinates":[14.216758,40.906306]},"properties":{"lines":"460","color":"#0059a9","mode":"bus","arr":["460"],"angle":-85.8,"mi":4}},{"type":"Feature","geometry":{"type":"Point","coordinates":[14.216521,40.905057]},"properties":{"lines":"460","color":"#0059a9","mode":"bus","arr":["460"],"angle":-73.9,"extra":1,"ei":0}},{"type":"Feature","geometry":{"type":"Point","coordinates":[14.216321,40.907623]},"properties":{"lines":"460","color":"#0059a9","mode":"bus","arr":["460"],"angle":-70.7,"mi":3}},{"type":"Feature","geometry":{"type":"Point","coordinates":[14.210643,40.911585]},"properties":{"lines":"460","color":"#0059a9","mode":"bus","arr":["460"],"angle":69.8,"mi":8}},{"type":"Feature","geometry":{"type":"Point","coordinates":[14.210097,40.91194]},"properties":{"lines":"460","color":"#0059a9","mode":"bus","arr":["460"],"angle":-14.6,"mi":9}},{"type":"Feature","geometry":{"type":"Point","coordinates":[14.209365,40.911194]},"properties":{"lines":"460","color":"#0059a9","mode":"bus","arr":["460"],"angle":-75.3,"mi":7}},{"type":"Feature","geometry":{"type":"Point","coordinates":[14.208509,40.909339]},"properties":{"lines":"460","color":"#0059a9","mode":"bus","arr":["460"],"angle":-42.5,"mi":2}},{"type":"Feature","geometry":{"type":"Point","coordinates":[14.206774,40.908586]},"properties":{"lines":"460","color":"#0059a9","mode":"bus","arr":["460"],"angle":-86.4,"mi":5}},{"type":"Feature","geometry":{"type":"Point","coordinates":[14.302526,40.83676]},"properties":{"lines":"472","color":"#0059a9","mode":"bus","arr":["472"],"angle":-75.2,"side":-1,"mi":4}},{"type":"Feature","geometry":{"type":"Point","coordinates":[14.302879,40.846887]},"properties":{"lines":"472","color":"#0059a9","mode":"bus","arr":["472"],"angle":-32.5,"side":-1,"mi":3}},{"type":"Feature","geometry":{"type":"Point","coordinates":[14.302604,40.841395]},"properties":{"lines":"472","color":"#0059a9","mode":"bus","arr":["472"],"angle":-10.4,"side":-1,"mi":1}},{"type":"Feature","geometry":{"type":"Point","coordinates":[14.308552,40.842991]},"properties":{"lines":"472, 475","color":"#0059a9","mode":"bus","arr":["472","475"],"angle":25.1,"side":-1,"mi":1}},{"type":"Feature","geometry":{"type":"Point","coordinates":[14.310044,40.842394]},"properties":{"lines":"472, 475","color":"#0059a9","mode":"bus","arr":["472","475"],"angle":36,"extra":1,"ei":0,"side":-1}},{"type":"Feature","geometry":{"type":"Point","coordinates":[14.312318,40.840485]},"properties":{"lines":"472, 475","color":"#0059a9","mode":"bus","arr":["472","475"],"angle":56.3}},{"type":"Feature","geometry":{"type":"Point","coordinates":[14.311242,40.841624]},"properties":{"lines":"472, 475","color":"#0059a9","mode":"bus","arr":["472","475"],"angle":43.4,"extra":1,"ei":0,"side":-1}},{"type":"Feature","geometry":{"type":"Point","coordinates":[14.318238,40.836277]},"properties":{"lines":"472","color":"#0059a9","mode":"bus","arr":["472"],"angle":-26.6}},{"type":"Feature","geometry":{"type":"Point","coordinates":[14.351021,40.86925]},"properties":{"lines":"472","color":"#0059a9","mode":"bus","arr":["472"],"angle":50.2,"mi":3}},{"type":"Feature","geometry":{"type":"Point","coordinates":[14.348662,40.870856]},"properties":{"lines":"472","color":"#0059a9","mode":"bus","arr":["472"],"angle":41}},{"type":"Feature","geometry":{"type":"Point","coordinates":[14.347465,40.871643]},"properties":{"lines":"472","color":"#0059a9","mode":"bus","arr":["472"],"angle":38.8,"extra":1,"ei":0}},{"type":"Feature","geometry":{"type":"Point","coordinates":[14.343573,40.876085]},"properties":{"lines":"472","color":"#0059a9","mode":"bus","arr":["472"],"angle":-38.1,"mi":2}},{"type":"Feature","geometry":{"type":"Point","coordinates":[14.344002,40.877942]},"properties":{"lines":"472","color":"#0059a9","mode":"bus","arr":["472"],"angle":49.7,"mi":4}},{"type":"Feature","geometry":{"type":"Point","coordinates":[14.344925,40.876887]},"properties":{"lines":"472","color":"#0059a9","mode":"bus","arr":["472"],"angle":-78.5,"side":-1,"mi":1}},{"type":"Feature","geometry":{"type":"Point","coordinates":[14.333493,40.867427]},"properties":{"lines":"472","color":"#0059a9","mode":"bus","arr":["472"],"angle":13.5}},{"type":"Feature","geometry":{"type":"Point","coordinates":[14.300152,40.845703]},"properties":{"lines":"472","color":"#0059a9","mode":"bus","arr":["472"],"angle":16.9,"mi":2}},{"type":"Feature","geometry":{"type":"Point","coordinates":[14.300869,40.84475]},"properties":{"lines":"472","color":"#0059a9","mode":"bus","arr":["472"],"angle":80.9}},{"type":"Feature","geometry":{"type":"Point","coordinates":[14.325873,40.828696]},"properties":{"lines":"475","color":"#0059a9","mode":"bus","arr":["475"],"angle":76.3,"mi":3}},{"type":"Feature","geometry":{"type":"Point","coordinates":[14.326754,40.827178]},"properties":{"lines":"475","color":"#0059a9","mode":"bus","arr":["475"],"angle":57.6,"mi":4}},{"type":"Feature","geometry":{"type":"Point","coordinates":[14.341666,40.831616]},"properties":{"lines":"475","color":"#0059a9","mode":"bus","arr":["475"],"angle":-10.5,"mi":7}},{"type":"Feature","geometry":{"type":"Point","coordinates":[14.367682,40.842764]},"properties":{"lines":"475","color":"#0059a9","mode":"bus","arr":["475"],"angle":-15.9}},{"type":"Feature","geometry":{"type":"Point","coordinates":[14.36931,40.842961]},"properties":{"lines":"475","color":"#0059a9","mode":"bus","arr":["475"],"angle":-6.7,"extra":1,"ei":0}},{"type":"Feature","geometry":{"type":"Point","coordinates":[14.330357,40.834325]},"properties":{"lines":"475","color":"#0059a9","mode":"bus","arr":["475"],"angle":70.8,"mi":1}},{"type":"Feature","geometry":{"type":"Point","coordinates":[14.331563,40.833784]},"properties":{"lines":"475","color":"#0059a9","mode":"bus","arr":["475"],"angle":-15.7}},{"type":"Feature","geometry":{"type":"Point","coordinates":[14.191039,40.834838]},"properties":{"lines":"502, 618, C3, N6","color":"#0059a9","mode":"bus","arr":["502","618","C3","N6"],"angle":33.6}},{"type":"Feature","geometry":{"type":"Point","coordinates":[14.184358,40.827824]},"properties":{"lines":"502, C3, S4, S4B","color":"#0059a9","mode":"bus","arr":["502","C3","S4","S4B"],"angle":-37.1}},{"type":"Feature","geometry":{"type":"Point","coordinates":[14.190334,40.831272]},"properties":{"lines":"502, C3, S4, S4B","color":"#0059a9","mode":"bus","arr":["502","C3","S4","S4B"],"angle":-35.5,"extra":1,"ei":0}},{"type":"Feature","geometry":{"type":"Point","coordinates":[14.188363,40.830114]},"properties":{"lines":"502, C3, S4, S4B","color":"#0059a9","mode":"bus","arr":["502","C3","S4","S4B"],"angle":-37.1,"extra":1,"ei":1}},{"type":"Feature","geometry":{"type":"Point","coordinates":[14.18637,40.828976]},"properties":{"lines":"502, C3, S4, S4B","color":"#0059a9","mode":"bus","arr":["502","C3","S4","S4B"],"angle":-37.1,"extra":1,"ei":2}},{"type":"Feature","geometry":{"type":"Point","coordinates":[14.182388,40.826698]},"properties":{"lines":"502, C3, S4, S4B","color":"#0059a9","mode":"bus","arr":["502","C3","S4","S4B"],"angle":-37.1,"extra":1,"ei":3}},{"type":"Feature","geometry":{"type":"Point","coordinates":[14.180398,40.825557]},"properties":{"lines":"502, C3, S4, S4B","color":"#0059a9","mode":"bus","arr":["502","C3","S4","S4B"],"angle":-37.2,"extra":1,"ei":4}},{"type":"Feature","geometry":{"type":"Point","coordinates":[14.178409,40.824416]},"properties":{"lines":"502, C3, S4, S4B","color":"#0059a9","mode":"bus","arr":["502","C3","S4","S4B"],"angle":-37.4,"extra":1,"ei":5}},{"type":"Feature","geometry":{"type":"Point","coordinates":[14.177635,40.822962]},"properties":{"lines":"502, C3","color":"#0059a9","mode":"bus","arr":["502","C3"],"angle":76.7,"mi":2}},{"type":"Feature","geometry":{"type":"Point","coordinates":[14.173383,40.821288]},"properties":{"lines":"502, C3","color":"#0059a9","mode":"bus","arr":["502","C3"],"angle":-13}},{"type":"Feature","geometry":{"type":"Point","coordinates":[14.178288,40.82187]},"properties":{"lines":"502, C3","color":"#0059a9","mode":"bus","arr":["502","C3"],"angle":-13,"side":-1,"mi":1}},{"type":"Feature","geometry":{"type":"Point","coordinates":[14.179041,40.822]},"properties":{"lines":"502, C3, S4A, S4B","color":"#0059a9","mode":"bus","arr":["502","C3","S4A","S4B"],"angle":-12.8,"mi":2}},{"type":"Feature","geometry":{"type":"Point","coordinates":[14.180552,40.820917]},"properties":{"lines":"502, C3, S4A, S4B","color":"#0059a9","mode":"bus","arr":["502","C3","S4A","S4B"],"angle":65.9,"mi":3}},{"type":"Feature","geometry":{"type":"Point","coordinates":[14.180015,40.819432]},"properties":{"lines":"502, C3, S4A, S4B","color":"#0059a9","mode":"bus","arr":["502","C3","S4A","S4B"],"angle":-24.9,"mi":5}},{"type":"Feature","geometry":{"type":"Point","coordinates":[14.17675,40.819391]},"properties":{"lines":"502, C3, S4, S4B","color":"#0059a9","mode":"bus","arr":["502","C3","S4","S4B"],"angle":24.3}},{"type":"Feature","geometry":{"type":"Point","coordinates":[14.175273,40.819908]},"properties":{"lines":"502, C3, S4, S4B","color":"#0059a9","mode":"bus","arr":["502","C3","S4","S4B"],"angle":24.9,"extra":1,"ei":0}},{"type":"Feature","geometry":{"type":"Point","coordinates":[14.174605,40.820757]},"properties":{"lines":"502, C3, S4, S4B","color":"#0059a9","mode":"bus","arr":["502","C3","S4","S4B"],"angle":76.5,"mi":1}},{"type":"Feature","geometry":{"type":"Point","coordinates":[14.174287,40.821719]},"properties":{"lines":"502, C3, S4, S4A, S4B","color":"#0059a9","mode":"bus","arr":["502","C3","S4","S4A","S4B"],"angle":75.2}},{"type":"Feature","geometry":{"type":"Point","coordinates":[14.175794,40.822942]},"properties":{"lines":"S4, S4B","color":"#0059a9","mode":"bus","arr":["S4","S4B"],"angle":-37.3}},{"type":"Feature","geometry":{"type":"Point","coordinates":[14.174372,40.822124]},"properties":{"lines":"S4, S4B","color":"#0059a9","mode":"bus","arr":["S4","S4B"],"angle":-38.4,"extra":1,"ei":0}},{"type":"Feature","geometry":{"type":"Point","coordinates":[14.173062,40.822842]},"properties":{"lines":"502, C3, S4A, S4B","color":"#0059a9","mode":"bus","arr":["502","C3","S4A","S4B"],"angle":44.8}},{"type":"Feature","geometry":{"type":"Point","coordinates":[14.169242,40.826723]},"properties":{"lines":"502, C3, S4A, S4B","color":"#0059a9","mode":"bus","arr":["502","C3","S4A","S4B"],"angle":44.3,"mi":1}},{"type":"Feature","geometry":{"type":"Point","coordinates":[14.162735,40.833142]},"properties":{"lines":"502, C3, S4A, S4B","color":"#0059a9","mode":"bus","arr":["502","C3","S4A","S4B"],"angle":59.2,"mi":6}},{"type":"Feature","geometry":{"type":"Point","coordinates":[14.166505,40.82894]},"properties":{"lines":"502, C3, S4A, S4B","color":"#0059a9","mode":"bus","arr":["502","C3","S4A","S4B"],"angle":51.5,"extra":1,"ei":0}},{"type":"Feature","geometry":{"type":"Point","coordinates":[14.171415,40.82499]},"properties":{"lines":"502, C3, S4A, S4B","color":"#0059a9","mode":"bus","arr":["502","C3","S4A","S4B"],"angle":70.1,"extra":1,"ei":1}},{"type":"Feature","geometry":{"type":"Point","coordinates":[14.164562,40.831206]},"properties":{"lines":"502, C3, S4A, S4B","color":"#0059a9","mode":"bus","arr":["502","C3","S4A","S4B"],"angle":53.9,"extra":1,"ei":0}},{"type":"Feature","geometry":{"type":"Point","coordinates":[14.161794,40.834291]},"properties":{"lines":"502, C3, S4A, S4B","color":"#0059a9","mode":"bus","arr":["502","C3","S4A","S4B"],"angle":57.3,"extra":1,"ei":1,"side":-1}},{"type":"Feature","geometry":{"type":"Point","coordinates":[14.160528,40.835916]},"properties":{"lines":"502, C3, S4A, S4B","color":"#0059a9","mode":"bus","arr":["502","C3","S4A","S4B"],"angle":70.4,"extra":1,"ei":2}},{"type":"Feature","geometry":{"type":"Point","coordinates":[14.165604,40.829916]},"properties":{"lines":"502, C3, S4A, S4B","color":"#0059a9","mode":"bus","arr":["502","C3","S4A","S4B"],"angle":58.5,"mi":4}},{"type":"Feature","geometry":{"type":"Point","coordinates":[14.163616,40.840955]},"properties":{"lines":"S4A, S4B","color":"#0059a9","mode":"bus","arr":["S4A","S4B"],"angle":-25.8,"mi":2}},{"type":"Feature","geometry":{"type":"Point","coordinates":[14.160905,40.837441]},"properties":{"lines":"S4A, S4B","color":"#0059a9","mode":"bus","arr":["S4A","S4B"],"angle":-63.9,"mi":5}},{"type":"Feature","geometry":{"type":"Point","coordinates":[14.162128,40.83992]},"properties":{"lines":"S4A, S4B","color":"#0059a9","mode":"bus","arr":["S4A","S4B"],"angle":-71.3,"extra":1,"ei":0}},{"type":"Feature","geometry":{"type":"Point","coordinates":[14.164387,40.842881]},"properties":{"lines":"S4A, S4B","color":"#0059a9","mode":"bus","arr":["S4A","S4B"],"angle":-79.3,"extra":1,"ei":1}},{"type":"Feature","geometry":{"type":"Point","coordinates":[14.154473,40.829899]},"properties":{"lines":"502","color":"#0059a9","mode":"bus","arr":["502"],"angle":-1.4,"mi":1}},{"type":"Feature","geometry":{"type":"Point","coordinates":[14.152959,40.8304]},"properties":{"lines":"502","color":"#0059a9","mode":"bus","arr":["502"],"angle":36.2,"extra":1,"ei":0}},{"type":"Feature","geometry":{"type":"Point","coordinates":[14.159579,40.832592]},"properties":{"lines":"502","color":"#0059a9","mode":"bus","arr":["502"],"angle":-14.5,"mi":3}},{"type":"Feature","geometry":{"type":"Point","coordinates":[14.161262,40.833339]},"properties":{"lines":"502","color":"#0059a9","mode":"bus","arr":["502"],"angle":-64.6,"extra":1,"ei":0}},{"type":"Feature","geometry":{"type":"Point","coordinates":[14.156767,40.831932]},"properties":{"lines":"502","color":"#0059a9","mode":"bus","arr":["502"],"angle":-18.7,"extra":1,"ei":1}},{"type":"Feature","geometry":{"type":"Point","coordinates":[14.154246,40.831198]},"properties":{"lines":"502","color":"#0059a9","mode":"bus","arr":["502"],"angle":-16.4,"mi":2}},{"type":"Feature","geometry":{"type":"Point","coordinates":[14.160693,40.8306]},"properties":{"lines":"502","color":"#0059a9","mode":"bus","arr":["502"],"angle":-28.4}},{"type":"Feature","geometry":{"type":"Point","coordinates":[14.158588,40.830341]},"properties":{"lines":"502","color":"#0059a9","mode":"bus","arr":["502"],"angle":-25,"extra":1,"ei":0}},{"type":"Feature","geometry":{"type":"Point","coordinates":[14.163044,40.83171]},"properties":{"lines":"502","color":"#0059a9","mode":"bus","arr":["502"],"angle":-37.3,"extra":1,"ei":1}},{"type":"Feature","geometry":{"type":"Point","coordinates":[14.164404,40.831204]},"properties":{"lines":"502, C3","color":"#0059a9","mode":"bus","arr":["502","C3"],"angle":55.7,"side":-1}},{"type":"Feature","geometry":{"type":"Point","coordinates":[14.161954,40.830081]},"properties":{"lines":"502","color":"#0059a9","mode":"bus","arr":["502"],"angle":-26.8,"mi":4}},{"type":"Feature","geometry":{"type":"Point","coordinates":[14.160285,40.829451]},"properties":{"lines":"502","color":"#0059a9","mode":"bus","arr":["502"],"angle":-26.1,"extra":1,"ei":0}},{"type":"Feature","geometry":{"type":"Point","coordinates":[14.154454,40.827762]},"properties":{"lines":"502","color":"#0059a9","mode":"bus","arr":["502"],"angle":-3.7,"mi":5}},{"type":"Feature","geometry":{"type":"Point","coordinates":[14.152033,40.826161]},"properties":{"lines":"502","color":"#0059a9","mode":"bus","arr":["502"],"angle":-89.5,"extra":1,"ei":0}},{"type":"Feature","geometry":{"type":"Point","coordinates":[14.157968,40.828617]},"properties":{"lines":"502","color":"#0059a9","mode":"bus","arr":["502"],"angle":-24.4,"extra":1,"ei":1}},{"type":"Feature","geometry":{"type":"Point","coordinates":[14.173777,40.820418]},"properties":{"lines":"502, C3","color":"#0059a9","mode":"bus","arr":["502","C3"],"angle":24,"mi":3}},{"type":"Feature","geometry":{"type":"Point","coordinates":[14.165488,40.829894]},"properties":{"lines":"502, C3","color":"#0059a9","mode":"bus","arr":["502","C3"],"angle":49.8,"side":-1,"mi":1}},{"type":"Feature","geometry":{"type":"Point","coordinates":[14.19084,40.830778]},"properties":{"lines":"502, C3","color":"#0059a9","mode":"bus","arr":["502","C3"],"angle":74.7,"side":-1}},{"type":"Feature","geometry":{"type":"Point","coordinates":[14.212104,40.868352]},"properties":{"lines":"572, C42","color":"#0059a9","mode":"bus","arr":["572","C42"],"angle":-52.9}},{"type":"Feature","geometry":{"type":"Point","coordinates":[14.212546,40.871081]},"properties":{"lines":"572, C76","color":"#0059a9","mode":"bus","arr":["572","C76"],"angle":85,"mi":1}},{"type":"Feature","geometry":{"type":"Point","coordinates":[14.211594,40.872788]},"properties":{"lines":"572, C76","color":"#0059a9","mode":"bus","arr":["572","C76"],"angle":46.2,"extra":1,"ei":0}},{"type":"Feature","geometry":{"type":"Point","coordinates":[14.212838,40.86924]},"properties":{"lines":"572, C76","color":"#0059a9","mode":"bus","arr":["572","C76"],"angle":79.6,"extra":1,"ei":1,"side":-1}},{"type":"Feature","geometry":{"type":"Point","coordinates":[14.216493,40.87516]},"properties":{"lines":"572, C76","color":"#0059a9","mode":"bus","arr":["572","C76"],"angle":-7.3}},{"type":"Feature","geometry":{"type":"Point","coordinates":[14.212368,40.874026]},"properties":{"lines":"572, C76","color":"#0059a9","mode":"bus","arr":["572","C76"],"angle":-40.2,"extra":1,"ei":0}},{"type":"Feature","geometry":{"type":"Point","coordinates":[14.214496,40.874989]},"properties":{"lines":"572, C76","color":"#0059a9","mode":"bus","arr":["572","C76"],"angle":-9.8,"extra":1,"ei":1}},{"type":"Feature","geometry":{"type":"Point","coordinates":[14.219351,40.875082]},"properties":{"lines":"572, C76","color":"#0059a9","mode":"bus","arr":["572","C76"],"angle":-28.3,"extra":1,"ei":2}},{"type":"Feature","geometry":{"type":"Point","coordinates":[14.2215,40.874851]},"properties":{"lines":"572, C76","color":"#0059a9","mode":"bus","arr":["572","C76"],"angle":38.2,"extra":1,"ei":3}},{"type":"Feature","geometry":{"type":"Point","coordinates":[14.21718,40.886015]},"properties":{"lines":"572","color":"#0059a9","mode":"bus","arr":["572"],"angle":44.6,"mi":3}},{"type":"Feature","geometry":{"type":"Point","coordinates":[14.215311,40.887134]},"properties":{"lines":"572","color":"#0059a9","mode":"bus","arr":["572"],"angle":71.5}},{"type":"Feature","geometry":{"type":"Point","coordinates":[14.212649,40.868266]},"properties":{"lines":"572","color":"#0059a9","mode":"bus","arr":["572"],"angle":29}},{"type":"Feature","geometry":{"type":"Point","coordinates":[14.212757,40.886583]},"properties":{"lines":"572","color":"#0059a9","mode":"bus","arr":["572"],"angle":-60.7,"mi":4}},{"type":"Feature","geometry":{"type":"Point","coordinates":[14.214524,40.886322]},"properties":{"lines":"572","color":"#0059a9","mode":"bus","arr":["572"],"angle":17.7,"mi":2}},{"type":"Feature","geometry":{"type":"Point","coordinates":[14.212026,40.885503]},"properties":{"lines":"572","color":"#0059a9","mode":"bus","arr":["572"],"angle":88.7,"extra":1,"ei":0}},{"type":"Feature","geometry":{"type":"Point","coordinates":[14.215195,40.888282]},"properties":{"lines":"572","color":"#0059a9","mode":"bus","arr":["572"],"angle":9.8,"mi":1}},{"type":"Feature","geometry":{"type":"Point","coordinates":[14.218269,40.885672]},"properties":{"lines":"572","color":"#0059a9","mode":"bus","arr":["572"],"angle":-57.2,"side":-1,"mi":5}},{"type":"Feature","geometry":{"type":"Point","coordinates":[14.230796,40.894298]},"properties":{"lines":"572, NL1","color":"#0059a9","mode":"bus","arr":["572","NL1"],"angle":-5.7}},{"type":"Feature","geometry":{"type":"Point","coordinates":[14.227986,40.894097]},"properties":{"lines":"572, NL1","color":"#0059a9","mode":"bus","arr":["572","NL1"],"angle":-5.5,"extra":1,"ei":0}},{"type":"Feature","geometry":{"type":"Point","coordinates":[14.232956,40.89446]},"properties":{"lines":"572, NL1","color":"#0059a9","mode":"bus","arr":["572","NL1"],"angle":-5.6,"extra":1,"ei":1}},{"type":"Feature","geometry":{"type":"Point","coordinates":[14.234901,40.894611]},"properties":{"lines":"572, NL1","color":"#0059a9","mode":"bus","arr":["572","NL1"],"angle":-26.7,"mi":1}},{"type":"Feature","geometry":{"type":"Point","coordinates":[14.217071,40.890707]},"properties":{"lines":"572","color":"#0059a9","mode":"bus","arr":["572"],"angle":-36.6,"mi":6}},{"type":"Feature","geometry":{"type":"Point","coordinates":[14.218881,40.891833]},"properties":{"lines":"572","color":"#0059a9","mode":"bus","arr":["572"],"angle":-39.7,"extra":1,"ei":0}},{"type":"Feature","geometry":{"type":"Point","coordinates":[14.21644,40.888851]},"properties":{"lines":"572","color":"#0059a9","mode":"bus","arr":["572"],"angle":-82.1,"extra":1,"ei":1}},{"type":"Feature","geometry":{"type":"Point","coordinates":[14.295084,40.872425]},"properties":{"lines":"584","color":"#0059a9","mode":"bus","arr":["584"],"angle":2.8,"side":-1,"mi":1}},{"type":"Feature","geometry":{"type":"Point","coordinates":[14.29029,40.874313]},"properties":{"lines":"584","color":"#0059a9","mode":"bus","arr":["584"],"angle":-20.3}},{"type":"Feature","geometry":{"type":"Point","coordinates":[14.295004,40.873325]},"properties":{"lines":"584","color":"#0059a9","mode":"bus","arr":["584"],"angle":-53.6,"extra":1,"ei":0}},{"type":"Feature","geometry":{"type":"Point","coordinates":[14.295265,40.874635]},"properties":{"lines":"584","color":"#0059a9","mode":"bus","arr":["584"],"angle":8.6,"extra":1,"ei":1}},{"type":"Feature","geometry":{"type":"Point","coordinates":[14.2929,40.874426]},"properties":{"lines":"584","color":"#0059a9","mode":"bus","arr":["584"],"angle":-14.2,"extra":1,"ei":2}},{"type":"Feature","geometry":{"type":"Point","coordinates":[14.28814,40.873729]},"properties":{"lines":"584","color":"#0059a9","mode":"bus","arr":["584"],"angle":-19.3,"extra":1,"ei":3}},{"type":"Feature","geometry":{"type":"Point","coordinates":[14.286094,40.872745]},"properties":{"lines":"584","color":"#0059a9","mode":"bus","arr":["584"],"angle":-60.6,"extra":1,"ei":4}},{"type":"Feature","geometry":{"type":"Point","coordinates":[14.285122,40.871007]},"properties":{"lines":"584","color":"#0059a9","mode":"bus","arr":["584"],"angle":-68,"extra":1,"ei":5}},{"type":"Feature","geometry":{"type":"Point","coordinates":[14.2848,40.869653]},"properties":{"lines":"584","color":"#0059a9","mode":"bus","arr":["584"],"angle":82.2,"mi":2}},{"type":"Feature","geometry":{"type":"Point","coordinates":[14.161407,40.857273]},"properties":{"lines":"612, 633, N6, R6, S3, S3A, S4, S4B, S5","color":"#0059a9","mode":"bus","arr":["612","633","N6","R6","S3","S3A","S4","S4B","S5"],"angle":-43.7,"mi":1}},{"type":"Feature","geometry":{"type":"Point","coordinates":[14.162805,40.858067]},"properties":{"lines":"612, 633, N6, R6, S3, S3A, S4, S4B, S5","color":"#0059a9","mode":"bus","arr":["612","633","N6","R6","S3","S3A","S4","S4B","S5"],"angle":-20,"extra":1,"ei":0}},{"type":"Feature","geometry":{"type":"Point","coordinates":[14.163992,40.857415]},"properties":{"lines":"612, 633, N6, R6, S3, S3A, S4, S4B, S5","color":"#0059a9","mode":"bus","arr":["612","633","N6","R6","S3","S3A","S4","S4B","S5"],"angle":-84.7,"mi":2}},{"type":"Feature","geometry":{"type":"Point","coordinates":[14.160973,40.855041]},"properties":{"lines":"612, 633, N6, R6, S3, S3A, S4, S4B, S5","color":"#0059a9","mode":"bus","arr":["612","633","N6","R6","S3","S3A","S4","S4B","S5"],"angle":23.1}},{"type":"Feature","geometry":{"type":"Point","coordinates":[14.164375,40.85405]},"properties":{"lines":"612, 633, N6, R6, S3, S3A, S4, S4B, S5","color":"#0059a9","mode":"bus","arr":["612","633","N6","R6","S3","S3A","S4","S4B","S5"],"angle":23.2,"mi":3}},{"type":"Feature","geometry":{"type":"Point","coordinates":[14.180759,40.848632]},"properties":{"lines":"612, 633, N6, R6, S3, S3A, S4, S4B, S5","color":"#0059a9","mode":"bus","arr":["612","633","N6","R6","S3","S3A","S4","S4B","S5"],"angle":25.4,"side":-1}},{"type":"Feature","geometry":{"type":"Point","coordinates":[14.162499,40.854566]},"properties":{"lines":"612, 633, N6, R6, S3, S3A, S4, S4B, S5","color":"#0059a9","mode":"bus","arr":["612","633","N6","R6","S3","S3A","S4","S4B","S5"],"angle":15.8,"extra":1,"ei":0}},{"type":"Feature","geometry":{"type":"Point","coordinates":[14.167203,40.853011]},"properties":{"lines":"612, 633, N6, R6, S3, S3A, S4, S4A, S4B, S5","color":"#0059a9","mode":"bus","arr":["612","633","N6","R6","S3","S3A","S4","S4A","S4B","S5"],"angle":22.6,"side":-1,"mi":1}},{"type":"Feature","geometry":{"type":"Point","coordinates":[14.173983,40.850763]},"properties":{"lines":"612, 633, N6, R6, S3, S3A, S4, S4A, S4B, S5","color":"#0059a9","mode":"bus","arr":["612","633","N6","R6","S3","S3A","S4","S4A","S4B","S5"],"angle":23.6,"side":-1}},{"type":"Feature","geometry":{"type":"Point","coordinates":[14.169554,40.852268]},"properties":{"lines":"612, 633, N6, R6, S3, S3A, S4, S4A, S4B, S5","color":"#0059a9","mode":"bus","arr":["612","633","N6","R6","S3","S3A","S4","S4A","S4B","S5"],"angle":23.1,"extra":1,"ei":0,"side":-1}},{"type":"Feature","geometry":{"type":"Point","coordinates":[14.171825,40.851485]},"properties":{"lines":"612, 633, N6, R6, S3, S3A, S4, S4A, S4B, S5","color":"#0059a9","mode":"bus","arr":["612","633","N6","R6","S3","S3A","S4","S4A","S4B","S5"],"angle":25.4,"extra":1,"ei":1,"side":-1}},{"type":"Feature","geometry":{"type":"Point","coordinates":[14.176401,40.849974]},"properties":{"lines":"612, 633, N6, R6, S3, S3A, S4, S4A, S4B, S5","color":"#0059a9","mode":"bus","arr":["612","633","N6","R6","S3","S3A","S4","S4A","S4B","S5"],"angle":22.5,"extra":1,"ei":2,"side":-1}},{"type":"Feature","geometry":{"type":"Point","coordinates":[14.178757,40.849351]},"properties":{"lines":"612, 633, N6, R6, S3, S3A, S4, S4A, S4B, S5","color":"#0059a9","mode":"bus","arr":["612","633","N6","R6","S3","S3A","S4","S4A","S4B","S5"],"angle":18.3,"extra":1,"ei":3,"side":-1}},{"type":"Feature","geometry":{"type":"Point","coordinates":[14.18225,40.847922]},"properties":{"lines":"612, 633, N6, R6, S3, S3A, S4, S4B","color":"#0059a9","mode":"bus","arr":["612","633","N6","R6","S3","S3A","S4","S4B"],"angle":38.2}},{"type":"Feature","geometry":{"type":"Point","coordinates":[14.183306,40.847321]},"properties":{"lines":"612, 633, N6, R6, S3, S3A, S4, S4B","color":"#0059a9","mode":"bus","arr":["612","633","N6","R6","S3","S3A","S4","S4B"],"angle":34.5,"side":-1,"mi":1}},{"type":"Feature","geometry":{"type":"Point","coordinates":[14.187522,40.847914]},"properties":{"lines":"612, 633, N6, S3","color":"#0059a9","mode":"bus","arr":["612","633","N6","S3"],"angle":-38.6}},{"type":"Feature","geometry":{"type":"Point","coordinates":[14.18521,40.847099]},"properties":{"lines":"612, 633, N6, S3","color":"#0059a9","mode":"bus","arr":["612","633","N6","S3"],"angle":-5.7,"extra":1,"ei":0,"side":-1}},{"type":"Feature","geometry":{"type":"Point","coordinates":[14.189722,40.848038]},"properties":{"lines":"612, 633, N6, S3","color":"#0059a9","mode":"bus","arr":["612","633","N6","S3"],"angle":21.7,"extra":1,"ei":1,"side":-1}},{"type":"Feature","geometry":{"type":"Point","coordinates":[14.207214,40.843059]},"properties":{"lines":"612, 618, 633, N6, S3, S3A","color":"#0059a9","mode":"bus","arr":["612","618","633","N6","S3","S3A"],"angle":-67.8,"mi":1}},{"type":"Feature","geometry":{"type":"Point","coordinates":[14.205954,40.841123]},"properties":{"lines":"612, 618, N6, S3","color":"#0059a9","mode":"bus","arr":["612","618","N6","S3"],"angle":-60.9}},{"type":"Feature","geometry":{"type":"Point","coordinates":[14.20481,40.839937]},"properties":{"lines":"612, 618, N6, S3","color":"#0059a9","mode":"bus","arr":["612","618","N6","S3"],"angle":-18,"mi":1}},{"type":"Feature","geometry":{"type":"Point","coordinates":[14.200762,40.837236]},"properties":{"lines":"612, N6, S3, S3A","color":"#0059a9","mode":"bus","arr":["612","N6","S3","S3A"],"angle":-77.3}},{"type":"Feature","geometry":{"type":"Point","coordinates":[14.200194,40.834836]},"properties":{"lines":"612, S3, S3A","color":"#0059a9","mode":"bus","arr":["612","S3","S3A"],"angle":84.9,"side":-1}},{"type":"Feature","geometry":{"type":"Point","coordinates":[14.206946,40.827447]},"properties":{"lines":"612, N7","color":"#0059a9","mode":"bus","arr":["612","N7"],"angle":-27,"mi":1}},{"type":"Feature","geometry":{"type":"Point","coordinates":[14.205352,40.826856]},"properties":{"lines":"612","color":"#0059a9","mode":"bus","arr":["612"],"angle":-30.8,"side":-1,"mi":6}},{"type":"Feature","geometry":{"type":"Point","coordinates":[14.219486,40.830868]},"properties":{"lines":"612","color":"#0059a9","mode":"bus","arr":["612"],"angle":-20.9,"mi":3}},{"type":"Feature","geometry":{"type":"Point","coordinates":[14.205284,40.826296]},"properties":{"lines":"612","color":"#0059a9","mode":"bus","arr":["612"],"angle":67.5,"mi":7}},{"type":"Feature","geometry":{"type":"Point","coordinates":[14.219934,40.829376]},"properties":{"lines":"612, C16","color":"#0059a9","mode":"bus","arr":["612","C16"],"angle":60.2}},{"type":"Feature","geometry":{"type":"Point","coordinates":[14.219749,40.829897]},"properties":{"lines":"612, C16","color":"#0059a9","mode":"bus","arr":["612","C16"],"angle":87.4,"mi":1}},{"type":"Feature","geometry":{"type":"Point","coordinates":[14.219846,40.830577]},"properties":{"lines":"612","color":"#0059a9","mode":"bus","arr":["612"],"angle":-79.4,"side":-1,"mi":4}},{"type":"Feature","geometry":{"type":"Point","coordinates":[14.218345,40.830571]},"properties":{"lines":"612","color":"#0059a9","mode":"bus","arr":["612"],"angle":-19.3,"mi":1}},{"type":"Feature","geometry":{"type":"Point","coordinates":[14.213325,40.829272]},"properties":{"lines":"612","color":"#0059a9","mode":"bus","arr":["612"],"angle":-18.8}},{"type":"Feature","geometry":{"type":"Point","coordinates":[14.216256,40.830028]},"properties":{"lines":"612","color":"#0059a9","mode":"bus","arr":["612"],"angle":-18.8,"extra":1,"ei":0}},{"type":"Feature","geometry":{"type":"Point","coordinates":[14.21153,40.828808]},"properties":{"lines":"612","color":"#0059a9","mode":"bus","arr":["612"],"angle":-18.8,"extra":1,"ei":1}},{"type":"Feature","geometry":{"type":"Point","coordinates":[14.208407,40.827968]},"properties":{"lines":"612","color":"#0059a9","mode":"bus","arr":["612"],"angle":-23.7,"mi":2}},{"type":"Feature","geometry":{"type":"Point","coordinates":[14.200292,40.834856]},"properties":{"lines":"612, N6","color":"#0059a9","mode":"bus","arr":["612","N6"],"angle":84.2}},{"type":"Feature","geometry":{"type":"Point","coordinates":[14.203156,40.837364]},"properties":{"lines":"612, N6","color":"#0059a9","mode":"bus","arr":["612","N6"],"angle":-60,"side":-1,"mi":1}},{"type":"Feature","geometry":{"type":"Point","coordinates":[14.201362,40.835848]},"properties":{"lines":"612, N6","color":"#0059a9","mode":"bus","arr":["612","N6"],"angle":-27.7,"extra":1,"ei":0}},{"type":"Feature","geometry":{"type":"Point","coordinates":[14.20425,40.838824]},"properties":{"lines":"612, N6","color":"#0059a9","mode":"bus","arr":["612","N6"],"angle":-60.6,"extra":1,"ei":1}},{"type":"Feature","geometry":{"type":"Point","coordinates":[14.188753,40.848358]},"properties":{"lines":"612, 633, N6, S3A","color":"#0059a9","mode":"bus","arr":["612","633","N6","S3A"],"angle":5.1}},{"type":"Feature","geometry":{"type":"Point","coordinates":[14.185255,40.847181]},"properties":{"lines":"612, 633, N6, S2, S3A, S5","color":"#0059a9","mode":"bus","arr":["612","633","N6","S2","S3A","S5"],"angle":-6.1}},{"type":"Feature","geometry":{"type":"Point","coordinates":[14.18345,40.847411]},"properties":{"lines":"612, 633, N6, R6, S3A, S5","color":"#0059a9","mode":"bus","arr":["612","633","N6","R6","S3A","S5"],"angle":24,"mi":1}},{"type":"Feature","geometry":{"type":"Point","coordinates":[14.181604,40.848374]},"properties":{"lines":"612, 633, N6, R6, S3A, S5","color":"#0059a9","mode":"bus","arr":["612","633","N6","R6","S3A","S5"],"angle":31.7}},{"type":"Feature","geometry":{"type":"Point","coordinates":[14.174255,40.850751]},"properties":{"lines":"612, 633, S5","color":"#0059a9","mode":"bus","arr":["612","633","S5"],"angle":24.1,"mi":5}},{"type":"Feature","geometry":{"type":"Point","coordinates":[14.167861,40.852922]},"properties":{"lines":"612, 633, S5","color":"#0059a9","mode":"bus","arr":["612","633","S5"],"angle":20.5}},{"type":"Feature","geometry":{"type":"Point","coordinates":[14.178553,40.849491]},"properties":{"lines":"612, 633, S5","color":"#0059a9","mode":"bus","arr":["612","633","S5"],"angle":17.9,"extra":1,"ei":0}},{"type":"Feature","geometry":{"type":"Point","coordinates":[14.176197,40.850113]},"properties":{"lines":"612, 633, S5","color":"#0059a9","mode":"bus","arr":["612","633","S5"],"angle":22.8,"extra":1,"ei":1}},{"type":"Feature","geometry":{"type":"Point","coordinates":[14.171626,40.851631]},"properties":{"lines":"612, 633, S5","color":"#0059a9","mode":"bus","arr":["612","633","S5"],"angle":25.3,"extra":1,"ei":2}},{"type":"Feature","geometry":{"type":"Point","coordinates":[14.169356,40.852419]},"properties":{"lines":"612, 633, S5","color":"#0059a9","mode":"bus","arr":["612","633","S5"],"angle":31.3,"extra":1,"ei":3}},{"type":"Feature","geometry":{"type":"Point","coordinates":[14.169485,40.852851]},"properties":{"lines":"612, 633, S5","color":"#0059a9","mode":"bus","arr":["612","633","S5"],"angle":81.8,"mi":1}},{"type":"Feature","geometry":{"type":"Point","coordinates":[14.166783,40.853391]},"properties":{"lines":"612, 633, S5","color":"#0059a9","mode":"bus","arr":["612","633","S5"],"angle":47.4,"mi":2}},{"type":"Feature","geometry":{"type":"Point","coordinates":[14.166308,40.854135]},"properties":{"lines":"612, 633, S5","color":"#0059a9","mode":"bus","arr":["612","633","S5"],"angle":-60.8,"mi":3}},{"type":"Feature","geometry":{"type":"Point","coordinates":[14.167457,40.855109]},"properties":{"lines":"612, 633, S5","color":"#0059a9","mode":"bus","arr":["612","633","S5"],"angle":-44.8,"mi":4}},{"type":"Feature","geometry":{"type":"Point","coordinates":[14.165941,40.856181]},"properties":{"lines":"612, 633, N6, R6, S3, S3A, S4A, S4B, S5","color":"#0059a9","mode":"bus","arr":["612","633","N6","R6","S3","S3A","S4A","S4B","S5"],"angle":2.1}},{"type":"Feature","geometry":{"type":"Point","coordinates":[14.193757,40.822517]},"properties":{"lines":"618","color":"#0059a9","mode":"bus","arr":["618"],"angle":15.4}},{"type":"Feature","geometry":{"type":"Point","coordinates":[14.191664,40.831708]},"properties":{"lines":"618, N6","color":"#0059a9","mode":"bus","arr":["618","N6"],"angle":-49.6,"side":-1,"mi":1}},{"type":"Feature","geometry":{"type":"Point","coordinates":[14.192132,40.831868]},"properties":{"lines":"618, N6","color":"#0059a9","mode":"bus","arr":["618","N6"],"angle":-7.4}},{"type":"Feature","geometry":{"type":"Point","coordinates":[14.193033,40.833305]},"properties":{"lines":"618","color":"#0059a9","mode":"bus","arr":["618"],"angle":-29.9,"mi":8}},{"type":"Feature","geometry":{"type":"Point","coordinates":[14.194516,40.83387]},"properties":{"lines":"618","color":"#0059a9","mode":"bus","arr":["618"],"angle":-26.7,"extra":1,"ei":0}},{"type":"Feature","geometry":{"type":"Point","coordinates":[14.196062,40.833619]},"properties":{"lines":"618","color":"#0059a9","mode":"bus","arr":["618"],"angle":-7.2,"mi":11}},{"type":"Feature","geometry":{"type":"Point","coordinates":[14.198512,40.834843]},"properties":{"lines":"618","color":"#0059a9","mode":"bus","arr":["618"],"angle":30,"mi":9}},{"type":"Feature","geometry":{"type":"Point","coordinates":[14.196266,40.835038]},"properties":{"lines":"618","color":"#0059a9","mode":"bus","arr":["618"],"angle":-10.8,"mi":6}},{"type":"Feature","geometry":{"type":"Point","coordinates":[14.195842,40.838392]},"properties":{"lines":"618","color":"#0059a9","mode":"bus","arr":["618"],"angle":-42.4,"mi":1}},{"type":"Feature","geometry":{"type":"Point","coordinates":[14.19571,40.836223]},"properties":{"lines":"618","color":"#0059a9","mode":"bus","arr":["618"],"angle":-89.9,"mi":4}},{"type":"Feature","geometry":{"type":"Point","coordinates":[14.194331,40.839586]},"properties":{"lines":"618, S3A","color":"#0059a9","mode":"bus","arr":["618","S3A"],"angle":19.2}},{"type":"Feature","geometry":{"type":"Point","coordinates":[14.18818,40.842981]},"properties":{"lines":"618, S3A","color":"#0059a9","mode":"bus","arr":["618","S3A"],"angle":-6.5,"side":-1,"mi":1}},{"type":"Feature","geometry":{"type":"Point","coordinates":[14.190725,40.840449]},"properties":{"lines":"618","color":"#0059a9","mode":"bus","arr":["618"],"angle":23.3}},{"type":"Feature","geometry":{"type":"Point","coordinates":[14.190267,40.842717]},"properties":{"lines":"S3A","color":"#0059a9","mode":"bus","arr":["S3A"],"angle":11.8,"side":-1,"mi":1}},{"type":"Feature","geometry":{"type":"Point","coordinates":[14.192447,40.841559]},"properties":{"lines":"S3A","color":"#0059a9","mode":"bus","arr":["S3A"],"angle":69.9}},{"type":"Feature","geometry":{"type":"Point","coordinates":[14.197225,40.839998]},"properties":{"lines":"S3A","color":"#0059a9","mode":"bus","arr":["S3A"],"angle":-32.3,"mi":3}},{"type":"Feature","geometry":{"type":"Point","coordinates":[14.186966,40.8427]},"properties":{"lines":"S3A","color":"#0059a9","mode":"bus","arr":["S3A"],"angle":-23,"side":-1,"mi":2}},{"type":"Feature","geometry":{"type":"Point","coordinates":[14.188782,40.843852]},"properties":{"lines":"618","color":"#0059a9","mode":"bus","arr":["618"],"angle":-77.6,"mi":5}},{"type":"Feature","geometry":{"type":"Point","coordinates":[14.188697,40.844707]},"properties":{"lines":"618","color":"#0059a9","mode":"bus","arr":["618"],"angle":14.2,"mi":7}},{"type":"Feature","geometry":{"type":"Point","coordinates":[14.188336,40.845817]},"properties":{"lines":"618","color":"#0059a9","mode":"bus","arr":["618"],"angle":-81.2,"mi":10}},{"type":"Feature","geometry":{"type":"Point","coordinates":[14.189672,40.847229]},"properties":{"lines":"618","color":"#0059a9","mode":"bus","arr":["618"],"angle":-3.7,"mi":12}},{"type":"Feature","geometry":{"type":"Point","coordinates":[14.195142,40.843252]},"properties":{"lines":"618","color":"#0059a9","mode":"bus","arr":["618"],"angle":12.3,"mi":3}},{"type":"Feature","geometry":{"type":"Point","coordinates":[14.197096,40.842915]},"properties":{"lines":"618","color":"#0059a9","mode":"bus","arr":["618"],"angle":12.6,"extra":1,"ei":0}},{"type":"Feature","geometry":{"type":"Point","coordinates":[14.192395,40.842616]},"properties":{"lines":"618","color":"#0059a9","mode":"bus","arr":["618"],"angle":-32.5,"extra":1,"ei":1}},{"type":"Feature","geometry":{"type":"Point","coordinates":[14.18991,40.842841]},"properties":{"lines":"618","color":"#0059a9","mode":"bus","arr":["618"],"angle":12.5,"mi":2}},{"type":"Feature","geometry":{"type":"Point","coordinates":[14.188344,40.843057]},"properties":{"lines":"618","color":"#0059a9","mode":"bus","arr":["618"],"angle":-1.1,"extra":1,"ei":0}},{"type":"Feature","geometry":{"type":"Point","coordinates":[14.196909,40.832662]},"properties":{"lines":"N6","color":"#0059a9","mode":"bus","arr":["N6"],"angle":-18.3}},{"type":"Feature","geometry":{"type":"Point","coordinates":[14.194039,40.832082]},"properties":{"lines":"N6","color":"#0059a9","mode":"bus","arr":["N6"],"angle":-8.6,"extra":1,"ei":0}},{"type":"Feature","geometry":{"type":"Point","coordinates":[14.198765,40.833229]},"properties":{"lines":"N6","color":"#0059a9","mode":"bus","arr":["N6"],"angle":-39.7,"extra":1,"ei":1}},{"type":"Feature","geometry":{"type":"Point","coordinates":[14.189983,40.797733]},"properties":{"lines":"622","color":"#0059a9","mode":"bus","arr":["622"],"angle":-31.5}},{"type":"Feature","geometry":{"type":"Point","coordinates":[14.188871,40.80137]},"properties":{"lines":"622","color":"#0059a9","mode":"bus","arr":["622"],"angle":0.9,"extra":1,"ei":0,"side":-1}},{"type":"Feature","geometry":{"type":"Point","coordinates":[14.189188,40.800165]},"properties":{"lines":"622","color":"#0059a9","mode":"bus","arr":["622"],"angle":-76.8,"extra":1,"ei":1}},{"type":"Feature","geometry":{"type":"Point","coordinates":[14.190305,40.796288]},"properties":{"lines":"622","color":"#0059a9","mode":"bus","arr":["622"],"angle":62.6,"extra":1,"ei":2}},{"type":"Feature","geometry":{"type":"Point","coordinates":[14.212426,40.839857]},"properties":{"lines":"633, S3A","color":"#0059a9","mode":"bus","arr":["633","S3A"],"angle":71.8}},{"type":"Feature","geometry":{"type":"Point","coordinates":[14.208113,40.841662]},"properties":{"lines":"633, S3A","color":"#0059a9","mode":"bus","arr":["633","S3A"],"angle":29.3,"extra":1,"ei":0}},{"type":"Feature","geometry":{"type":"Point","coordinates":[14.210283,40.840729]},"properties":{"lines":"633, S3A","color":"#0059a9","mode":"bus","arr":["633","S3A"],"angle":30.1,"extra":1,"ei":1}},{"type":"Feature","geometry":{"type":"Point","coordinates":[14.213911,40.838561]},"properties":{"lines":"633, S3A","color":"#0059a9","mode":"bus","arr":["633","S3A"],"angle":40.1,"extra":1,"ei":2}},{"type":"Feature","geometry":{"type":"Point","coordinates":[14.224888,40.847604]},"properties":{"lines":"633, S2","color":"#0059a9","mode":"bus","arr":["633","S2"],"angle":35.7,"side":-1}},{"type":"Feature","geometry":{"type":"Point","coordinates":[14.265188,40.861521]},"properties":{"lines":"654, C68","color":"#0059a9","mode":"bus","arr":["654","C68"],"angle":35.3}},{"type":"Feature","geometry":{"type":"Point","coordinates":[14.263912,40.869173]},"properties":{"lines":"654","color":"#0059a9","mode":"bus","arr":["654"],"angle":18.7,"mi":3}},{"type":"Feature","geometry":{"type":"Point","coordinates":[14.263753,40.867062]},"properties":{"lines":"654","color":"#0059a9","mode":"bus","arr":["654"],"angle":81.2,"extra":1,"ei":0}},{"type":"Feature","geometry":{"type":"Point","coordinates":[14.263711,40.866498]},"properties":{"lines":"654","color":"#0059a9","mode":"bus","arr":["654"],"angle":-50.5}},{"type":"Feature","geometry":{"type":"Point","coordinates":[14.261656,40.867188]},"properties":{"lines":"654","color":"#0059a9","mode":"bus","arr":["654"],"angle":24.2,"mi":2}},{"type":"Feature","geometry":{"type":"Point","coordinates":[14.262935,40.866508]},"properties":{"lines":"654","color":"#0059a9","mode":"bus","arr":["654"],"angle":40.3,"extra":1,"ei":0}},{"type":"Feature","geometry":{"type":"Point","coordinates":[14.261963,40.864097]},"properties":{"lines":"654","color":"#0059a9","mode":"bus","arr":["654"],"angle":-76.8,"mi":1}},{"type":"Feature","geometry":{"type":"Point","coordinates":[14.263425,40.865586]},"properties":{"lines":"654","color":"#0059a9","mode":"bus","arr":["654"],"angle":-19.4,"extra":1,"ei":0}},{"type":"Feature","geometry":{"type":"Point","coordinates":[14.261392,40.862398]},"properties":{"lines":"654","color":"#0059a9","mode":"bus","arr":["654"],"angle":-56.6,"extra":1,"ei":1}},{"type":"Feature","geometry":{"type":"Point","coordinates":[14.261296,40.860586]},"properties":{"lines":"654","color":"#0059a9","mode":"bus","arr":["654"],"angle":49.6,"mi":4}},{"type":"Feature","geometry":{"type":"Point","coordinates":[14.261445,40.872851]},"properties":{"lines":"663, C63","color":"#0059a9","mode":"bus","arr":["663","C63"],"angle":80.2}},{"type":"Feature","geometry":{"type":"Point","coordinates":[14.26498,40.871734]},"properties":{"lines":"663, C63","color":"#0059a9","mode":"bus","arr":["663","C63"],"angle":-74.3,"extra":1,"ei":0}},{"type":"Feature","geometry":{"type":"Point","coordinates":[14.263399,40.871632]},"properties":{"lines":"663, C63","color":"#0059a9","mode":"bus","arr":["663","C63"],"angle":-58.3,"extra":1,"ei":1}},{"type":"Feature","geometry":{"type":"Point","coordinates":[14.26343,40.873185]},"properties":{"lines":"663, C63","color":"#0059a9","mode":"bus","arr":["663","C63"],"angle":39.3,"extra":1,"ei":2}},{"type":"Feature","geometry":{"type":"Point","coordinates":[14.259368,40.87241]},"properties":{"lines":"663, C63","color":"#0059a9","mode":"bus","arr":["663","C63"],"angle":-34.6,"extra":1,"ei":3}},{"type":"Feature","geometry":{"type":"Point","coordinates":[14.258218,40.870819]},"properties":{"lines":"663, C63","color":"#0059a9","mode":"bus","arr":["663","C63"],"angle":-69.4,"extra":1,"ei":4}},{"type":"Feature","geometry":{"type":"Point","coordinates":[14.256526,40.869992]},"properties":{"lines":"663, C63","color":"#0059a9","mode":"bus","arr":["663","C63"],"angle":-54.7,"extra":1,"ei":5}},{"type":"Feature","geometry":{"type":"Point","coordinates":[14.254646,40.869339]},"properties":{"lines":"663, C63","color":"#0059a9","mode":"bus","arr":["663","C63"],"angle":-68.9,"extra":1,"ei":6}},{"type":"Feature","geometry":{"type":"Point","coordinates":[14.253382,40.867813]},"properties":{"lines":"663, C63","color":"#0059a9","mode":"bus","arr":["663","C63"],"angle":-38.1,"extra":1,"ei":7}},{"type":"Feature","geometry":{"type":"Point","coordinates":[14.251242,40.865374]},"properties":{"lines":"663, C63","color":"#0059a9","mode":"bus","arr":["663","C63"],"angle":-25.3}},{"type":"Feature","geometry":{"type":"Point","coordinates":[14.252613,40.866204]},"properties":{"lines":"663, C63","color":"#0059a9","mode":"bus","arr":["663","C63"],"angle":-41.1,"extra":1,"ei":0}},{"type":"Feature","geometry":{"type":"Point","coordinates":[14.266206,40.867893]},"properties":{"lines":"663, C63","color":"#0059a9","mode":"bus","arr":["663","C63"],"angle":-50.9,"mi":1}},{"type":"Feature","geometry":{"type":"Point","coordinates":[14.265204,40.866942]},"properties":{"lines":"663, C63","color":"#0059a9","mode":"bus","arr":["663","C63"],"angle":-51.6,"extra":1,"ei":0}},{"type":"Feature","geometry":{"type":"Point","coordinates":[14.283221,40.876566]},"properties":{"lines":"ALIB","color":"#0059a9","mode":"bus","arr":["ALIB"],"angle":50.7,"side":-1,"mi":7}},{"type":"Feature","geometry":{"type":"Point","coordinates":[14.274576,40.870628]},"properties":{"lines":"ALIB","color":"#0059a9","mode":"bus","arr":["ALIB"],"angle":-32,"mi":4}},{"type":"Feature","geometry":{"type":"Point","coordinates":[14.278693,40.872456]},"properties":{"lines":"ALIB","color":"#0059a9","mode":"bus","arr":["ALIB"],"angle":-1.7,"mi":2}},{"type":"Feature","geometry":{"type":"Point","coordinates":[14.277097,40.872052]},"properties":{"lines":"ALIB","color":"#0059a9","mode":"bus","arr":["ALIB"],"angle":-33.9,"mi":1}},{"type":"Feature","geometry":{"type":"Point","coordinates":[14.256872,40.838528]},"properties":{"lines":"ALIB","color":"#0059a9","mode":"bus","arr":["ALIB"],"angle":50.6,"side":-1,"mi":1}},{"type":"Feature","geometry":{"type":"Point","coordinates":[14.256331,40.840097]},"properties":{"lines":"ALIB","color":"#0059a9","mode":"bus","arr":["ALIB"],"angle":-57.7}},{"type":"Feature","geometry":{"type":"Point","coordinates":[14.258158,40.841754]},"properties":{"lines":"ALIB","color":"#0059a9","mode":"bus","arr":["ALIB"],"angle":11.5,"extra":1,"ei":0}},{"type":"Feature","geometry":{"type":"Point","coordinates":[14.260686,40.843938]},"properties":{"lines":"ALIB","color":"#0059a9","mode":"bus","arr":["ALIB"],"angle":-42.1,"mi":2}},{"type":"Feature","geometry":{"type":"Point","coordinates":[14.258747,40.842318]},"properties":{"lines":"ALIB","color":"#0059a9","mode":"bus","arr":["ALIB"],"angle":-63.2,"extra":1,"ei":0}},{"type":"Feature","geometry":{"type":"Point","coordinates":[14.262378,40.844468]},"properties":{"lines":"ALIB","color":"#0059a9","mode":"bus","arr":["ALIB"],"angle":-13.7,"extra":1,"ei":1}},{"type":"Feature","geometry":{"type":"Point","coordinates":[14.282787,40.877687]},"properties":{"lines":"ALIB","color":"#0059a9","mode":"bus","arr":["ALIB"],"angle":8.2,"mi":8}},{"type":"Feature","geometry":{"type":"Point","coordinates":[14.274241,40.863286]},"properties":{"lines":"ALIB","color":"#0059a9","mode":"bus","arr":["ALIB"],"angle":-3.5,"mi":9}},{"type":"Feature","geometry":{"type":"Point","coordinates":[14.273153,40.860991]},"properties":{"lines":"ALIB","color":"#0059a9","mode":"bus","arr":["ALIB"],"angle":82.5,"mi":10}},{"type":"Feature","geometry":{"type":"Point","coordinates":[14.273365,40.859769]},"properties":{"lines":"ALIB","color":"#0059a9","mode":"bus","arr":["ALIB"],"angle":82.5,"extra":1,"ei":0}},{"type":"Feature","geometry":{"type":"Point","coordinates":[14.271596,40.852529]},"properties":{"lines":"ALIB, N5, R2","color":"#0059a9","mode":"bus","arr":["ALIB","N5","R2"],"angle":84.7}},{"type":"Feature","geometry":{"type":"Point","coordinates":[14.271595,40.853739]},"properties":{"lines":"ALIB, N5","color":"#0059a9","mode":"bus","arr":["ALIB","N5"],"angle":82.7}},{"type":"Feature","geometry":{"type":"Point","coordinates":[14.271268,40.855671]},"properties":{"lines":"ALIB, N5, R5","color":"#0059a9","mode":"bus","arr":["ALIB","N5","R5"],"angle":82.6}},{"type":"Feature","geometry":{"type":"Point","coordinates":[14.274587,40.870121]},"properties":{"lines":"ALIB","color":"#0059a9","mode":"bus","arr":["ALIB"],"angle":-61.1,"side":-1,"mi":5}},{"type":"Feature","geometry":{"type":"Point","coordinates":[14.274952,40.868743]},"properties":{"lines":"ALIB","color":"#0059a9","mode":"bus","arr":["ALIB"],"angle":85.2,"extra":1,"ei":0}},{"type":"Feature","geometry":{"type":"Point","coordinates":[14.277069,40.871441]},"properties":{"lines":"ALIB","color":"#0059a9","mode":"bus","arr":["ALIB"],"angle":-19.1,"extra":1,"ei":1,"side":-1}},{"type":"Feature","geometry":{"type":"Point","coordinates":[14.284187,40.872041]},"properties":{"lines":"ALIB","color":"#0059a9","mode":"bus","arr":["ALIB"],"angle":-33.8,"mi":6}},{"type":"Feature","geometry":{"type":"Point","coordinates":[14.189985,40.821716]},"properties":{"lines":"C1, C1E, R7","color":"#0059a9","mode":"bus","arr":["C1","C1E","R7"],"angle":-24.6}},{"type":"Feature","geometry":{"type":"Point","coordinates":[14.192319,40.822525]},"properties":{"lines":"C1, C1E, R7","color":"#0059a9","mode":"bus","arr":["C1","C1E","R7"],"angle":-24.6,"extra":1,"ei":0}},{"type":"Feature","geometry":{"type":"Point","coordinates":[14.18778,40.820951]},"properties":{"lines":"C1, C1E, R7","color":"#0059a9","mode":"bus","arr":["C1","C1E","R7"],"angle":-24.5,"extra":1,"ei":1}},{"type":"Feature","geometry":{"type":"Point","coordinates":[14.181202,40.818746]},"properties":{"lines":"C1, C1E","color":"#0059a9","mode":"bus","arr":["C1","C1E"],"angle":-23.7,"mi":2}},{"type":"Feature","geometry":{"type":"Point","coordinates":[14.185369,40.820139]},"properties":{"lines":"C1, C1E","color":"#0059a9","mode":"bus","arr":["C1","C1E"],"angle":-23.2,"extra":1,"ei":0}},{"type":"Feature","geometry":{"type":"Point","coordinates":[14.183087,40.819375]},"properties":{"lines":"C1, C1E","color":"#0059a9","mode":"bus","arr":["C1","C1E"],"angle":-23.4,"extra":1,"ei":1}},{"type":"Feature","geometry":{"type":"Point","coordinates":[14.178515,40.817857]},"properties":{"lines":"C1, C1E","color":"#0059a9","mode":"bus","arr":["C1","C1E"],"angle":-23.4,"extra":1,"ei":2}},{"type":"Feature","geometry":{"type":"Point","coordinates":[14.176224,40.817106]},"properties":{"lines":"C1, C1E","color":"#0059a9","mode":"bus","arr":["C1","C1E"],"angle":-23.7,"extra":1,"ei":3}},{"type":"Feature","geometry":{"type":"Point","coordinates":[14.171428,40.815508]},"properties":{"lines":"C1, C1E","color":"#0059a9","mode":"bus","arr":["C1","C1E"],"angle":-24}},{"type":"Feature","geometry":{"type":"Point","coordinates":[14.174737,40.816614]},"properties":{"lines":"C1, C1E","color":"#0059a9","mode":"bus","arr":["C1","C1E"],"angle":-23.8,"extra":1,"ei":0}},{"type":"Feature","geometry":{"type":"Point","coordinates":[14.167882,40.814331]},"properties":{"lines":"C1, C1E","color":"#0059a9","mode":"bus","arr":["C1","C1E"],"angle":-23.6,"extra":1,"ei":1}},{"type":"Feature","geometry":{"type":"Point","coordinates":[14.166794,40.813848]},"properties":{"lines":"C1, C1E","color":"#0059a9","mode":"bus","arr":["C1","C1E"],"angle":-60.5,"side":-1,"mi":1}},{"type":"Feature","geometry":{"type":"Point","coordinates":[14.166737,40.813428]},"properties":{"lines":"C1, C1E, R7","color":"#0059a9","mode":"bus","arr":["C1","C1E","R7"],"angle":72.8}},{"type":"Feature","geometry":{"type":"Point","coordinates":[14.172891,40.807791]},"properties":{"lines":"C1, C1E, R7","color":"#0059a9","mode":"bus","arr":["C1","C1E","R7"],"angle":70.3,"mi":1}},{"type":"Feature","geometry":{"type":"Point","coordinates":[14.167724,40.812556]},"properties":{"lines":"C1, C1E, R7","color":"#0059a9","mode":"bus","arr":["C1","C1E","R7"],"angle":47.2,"extra":1,"ei":0}},{"type":"Feature","geometry":{"type":"Point","coordinates":[14.169442,40.811186]},"properties":{"lines":"C1, C1E, R7","color":"#0059a9","mode":"bus","arr":["C1","C1E","R7"],"angle":47.2,"extra":1,"ei":1}},{"type":"Feature","geometry":{"type":"Point","coordinates":[14.171076,40.80976]},"properties":{"lines":"C1, C1E, R7","color":"#0059a9","mode":"bus","arr":["C1","C1E","R7"],"angle":52.8,"extra":1,"ei":2}},{"type":"Feature","geometry":{"type":"Point","coordinates":[14.17343,40.806485]},"properties":{"lines":"C1, C1E, R7","color":"#0059a9","mode":"bus","arr":["C1","C1E","R7"],"angle":72.6,"extra":1,"ei":3}},{"type":"Feature","geometry":{"type":"Point","coordinates":[14.174173,40.804682]},"properties":{"lines":"C1, C1E, R7","color":"#0059a9","mode":"bus","arr":["C1","C1E","R7"],"angle":72.7,"extra":1,"ei":4}},{"type":"Feature","geometry":{"type":"Point","coordinates":[14.174894,40.802874]},"properties":{"lines":"C1, C1E, R7","color":"#0059a9","mode":"bus","arr":["C1","C1E","R7"],"angle":72.7,"extra":1,"ei":5}},{"type":"Feature","geometry":{"type":"Point","coordinates":[14.17568,40.801082]},"properties":{"lines":"C1, C1E, R7","color":"#0059a9","mode":"bus","arr":["C1","C1E","R7"],"angle":71.3,"extra":1,"ei":6}},{"type":"Feature","geometry":{"type":"Point","coordinates":[14.175832,40.800756]},"properties":{"lines":"C1, C1E","color":"#0059a9","mode":"bus","arr":["C1","C1E"],"angle":59.2}},{"type":"Feature","geometry":{"type":"Point","coordinates":[14.179086,40.800519]},"properties":{"lines":"C1, C1E","color":"#0059a9","mode":"bus","arr":["C1","C1E"],"angle":4.5,"mi":1}},{"type":"Feature","geometry":{"type":"Point","coordinates":[14.177217,40.800812]},"properties":{"lines":"C1, C1E","color":"#0059a9","mode":"bus","arr":["C1","C1E"],"angle":-11,"extra":1,"ei":0}},{"type":"Feature","geometry":{"type":"Point","coordinates":[14.181424,40.801057]},"properties":{"lines":"C1, C1E","color":"#0059a9","mode":"bus","arr":["C1","C1E"],"angle":-42.4,"extra":1,"ei":1}},{"type":"Feature","geometry":{"type":"Point","coordinates":[14.18285,40.802584]},"properties":{"lines":"C1, C1E","color":"#0059a9","mode":"bus","arr":["C1","C1E"],"angle":-60.6,"extra":1,"ei":2}},{"type":"Feature","geometry":{"type":"Point","coordinates":[14.183974,40.803954]},"properties":{"lines":"C1, C1E","color":"#0059a9","mode":"bus","arr":["C1","C1E"],"angle":-1.6,"extra":1,"ei":3}},{"type":"Feature","geometry":{"type":"Point","coordinates":[14.188687,40.802363]},"properties":{"lines":"C1, C1E, C21, C31","color":"#0059a9","mode":"bus","arr":["C1","C1E","C21","C31"],"angle":60.3,"mi":3}},{"type":"Feature","geometry":{"type":"Point","coordinates":[14.188609,40.804834]},"properties":{"lines":"C1, C1E, C21, C31","color":"#0059a9","mode":"bus","arr":["C1","C1E","C21","C31"],"angle":-23.7}},{"type":"Feature","geometry":{"type":"Point","coordinates":[14.192,40.805622]},"properties":{"lines":"C1, C1E, C21, C31","color":"#0059a9","mode":"bus","arr":["C1","C1E","C21","C31"],"angle":-73.3,"mi":2}},{"type":"Feature","geometry":{"type":"Point","coordinates":[14.188124,40.806169]},"properties":{"lines":"C1, C1E, C21, C31","color":"#0059a9","mode":"bus","arr":["C1","C1E","C21","C31"],"angle":-57.9,"mi":1}},{"type":"Feature","geometry":{"type":"Point","coordinates":[14.190543,40.806864]},"properties":{"lines":"C1, C1E, C21, C31","color":"#0059a9","mode":"bus","arr":["C1","C1E","C21","C31"],"angle":0.9,"extra":1,"ei":0}},{"type":"Feature","geometry":{"type":"Point","coordinates":[14.186578,40.805033]},"properties":{"lines":"C1, C1E, C21, C31","color":"#0059a9","mode":"bus","arr":["C1","C1E","C21","C31"],"angle":-39,"extra":1,"ei":1}},{"type":"Feature","geometry":{"type":"Point","coordinates":[14.171665,40.798623]},"properties":{"lines":"C1E","color":"#0059a9","mode":"bus","arr":["C1E"],"angle":-22}},{"type":"Feature","geometry":{"type":"Point","coordinates":[14.175151,40.800035]},"properties":{"lines":"C1E","color":"#0059a9","mode":"bus","arr":["C1E"],"angle":-40.3,"extra":1,"ei":0}},{"type":"Feature","geometry":{"type":"Point","coordinates":[14.173143,40.799038]},"properties":{"lines":"C1E","color":"#0059a9","mode":"bus","arr":["C1E"],"angle":-20.3,"extra":1,"ei":1}},{"type":"Feature","geometry":{"type":"Point","coordinates":[14.168865,40.797216]},"properties":{"lines":"C1E","color":"#0059a9","mode":"bus","arr":["C1E"],"angle":-46.2,"extra":1,"ei":2}},{"type":"Feature","geometry":{"type":"Point","coordinates":[14.161951,40.834373]},"properties":{"lines":"C3","color":"#0059a9","mode":"bus","arr":["C3"],"angle":59,"mi":1}},{"type":"Feature","geometry":{"type":"Point","coordinates":[14.172143,40.821019]},"properties":{"lines":"C3","color":"#0059a9","mode":"bus","arr":["C3"],"angle":-13.3,"mi":2}},{"type":"Feature","geometry":{"type":"Point","coordinates":[14.169614,40.820157]},"properties":{"lines":"C3","color":"#0059a9","mode":"bus","arr":["C3"],"angle":-18.6}},{"type":"Feature","geometry":{"type":"Point","coordinates":[14.200321,40.828568]},"properties":{"lines":"C3","color":"#0059a9","mode":"bus","arr":["C3"],"angle":23.1,"side":-1}},{"type":"Feature","geometry":{"type":"Point","coordinates":[14.170296,40.837521]},"properties":{"lines":"C3","color":"#0059a9","mode":"bus","arr":["C3"],"angle":-19.4,"mi":3}},{"type":"Feature","geometry":{"type":"Point","coordinates":[14.163372,40.836602]},"properties":{"lines":"C3","color":"#0059a9","mode":"bus","arr":["C3"],"angle":-28.3}},{"type":"Feature","geometry":{"type":"Point","coordinates":[14.162434,40.835313]},"properties":{"lines":"C3","color":"#0059a9","mode":"bus","arr":["C3"],"angle":-75.5,"extra":1,"ei":0}},{"type":"Feature","geometry":{"type":"Point","coordinates":[14.165654,40.837623]},"properties":{"lines":"C3","color":"#0059a9","mode":"bus","arr":["C3"],"angle":-85.4,"extra":1,"ei":1}},{"type":"Feature","geometry":{"type":"Point","coordinates":[14.173541,40.837546]},"properties":{"lines":"C3","color":"#0059a9","mode":"bus","arr":["C3"],"angle":34.4,"extra":1,"ei":0}},{"type":"Feature","geometry":{"type":"Point","coordinates":[14.163268,40.83232]},"properties":{"lines":"C3","color":"#0059a9","mode":"bus","arr":["C3"],"angle":53.3,"side":-1,"mi":2}},{"type":"Feature","geometry":{"type":"Point","coordinates":[14.171394,40.820756]},"properties":{"lines":"C3","color":"#0059a9","mode":"bus","arr":["C3"],"angle":-11.6,"side":-1,"mi":1}},{"type":"Feature","geometry":{"type":"Point","coordinates":[14.169336,40.818762]},"properties":{"lines":"C3","color":"#0059a9","mode":"bus","arr":["C3"],"angle":88.8,"mi":3}},{"type":"Feature","geometry":{"type":"Point","coordinates":[14.201545,40.827799]},"properties":{"lines":"C3","color":"#0059a9","mode":"bus","arr":["C3"],"angle":53.5,"mi":1}},{"type":"Feature","geometry":{"type":"Point","coordinates":[14.202033,40.827136]},"properties":{"lines":"C3, N1, N7","color":"#0059a9","mode":"bus","arr":["C3","N1","N7"],"angle":84.1}},{"type":"Feature","geometry":{"type":"Point","coordinates":[14.21992,40.825767]},"properties":{"lines":"C16, C21","color":"#0059a9","mode":"bus","arr":["C16","C21"],"angle":69.1}},{"type":"Feature","geometry":{"type":"Point","coordinates":[14.220906,40.824898]},"properties":{"lines":"C16, C21","color":"#0059a9","mode":"bus","arr":["C16","C21"],"angle":-69,"mi":1}},{"type":"Feature","geometry":{"type":"Point","coordinates":[14.219768,40.830606]},"properties":{"lines":"C16","color":"#0059a9","mode":"bus","arr":["C16"],"angle":-87.7,"side":-1,"mi":4}},{"type":"Feature","geometry":{"type":"Point","coordinates":[14.22116,40.833259]},"properties":{"lines":"C16","color":"#0059a9","mode":"bus","arr":["C16"],"angle":-28.3,"side":-1}},{"type":"Feature","geometry":{"type":"Point","coordinates":[14.221219,40.834307]},"properties":{"lines":"C16","color":"#0059a9","mode":"bus","arr":["C16"],"angle":69.5,"mi":3}},{"type":"Feature","geometry":{"type":"Point","coordinates":[14.24337,40.840172]},"properties":{"lines":"C16, NAVF2","color":"#0059a9","mode":"bus","arr":["C16","NAVF2"],"angle":-50.6}},{"type":"Feature","geometry":{"type":"Point","coordinates":[14.230309,40.837254]},"properties":{"lines":"C16, NAVF2","color":"#0059a9","mode":"bus","arr":["C16","NAVF2"],"angle":-31.2,"extra":1,"ei":0}},{"type":"Feature","geometry":{"type":"Point","coordinates":[14.232447,40.837634]},"properties":{"lines":"C16, NAVF2","color":"#0059a9","mode":"bus","arr":["C16","NAVF2"],"angle":-67.2,"extra":1,"ei":1}},{"type":"Feature","geometry":{"type":"Point","coordinates":[14.234031,40.838722]},"properties":{"lines":"C16, NAVF2","color":"#0059a9","mode":"bus","arr":["C16","NAVF2"],"angle":-6,"extra":1,"ei":2}},{"type":"Feature","geometry":{"type":"Point","coordinates":[14.236488,40.839019]},"properties":{"lines":"C16, NAVF2","color":"#0059a9","mode":"bus","arr":["C16","NAVF2"],"angle":-21.5,"extra":1,"ei":3}},{"type":"Feature","geometry":{"type":"Point","coordinates":[14.238151,40.839849]},"properties":{"lines":"C16, NAVF2","color":"#0059a9","mode":"bus","arr":["C16","NAVF2"],"angle":39.4,"extra":1,"ei":4}},{"type":"Feature","geometry":{"type":"Point","coordinates":[14.240555,40.839624]},"properties":{"lines":"C16, NAVF2","color":"#0059a9","mode":"bus","arr":["C16","NAVF2"],"angle":0.4,"extra":1,"ei":5}},{"type":"Feature","geometry":{"type":"Point","coordinates":[14.2439,40.841543]},"properties":{"lines":"C16, NAVF2","color":"#0059a9","mode":"bus","arr":["C16","NAVF2"],"angle":-83,"extra":1,"ei":6}},{"type":"Feature","geometry":{"type":"Point","coordinates":[14.244663,40.843334]},"properties":{"lines":"C16, NAVF2","color":"#0059a9","mode":"bus","arr":["C16","NAVF2"],"angle":-70.9,"extra":1,"ei":7}},{"type":"Feature","geometry":{"type":"Point","coordinates":[14.244055,40.844841]},"properties":{"lines":"C16, NAVF2","color":"#0059a9","mode":"bus","arr":["C16","NAVF2"],"angle":84,"extra":1,"ei":8}},{"type":"Feature","geometry":{"type":"Point","coordinates":[14.242516,40.846123]},"properties":{"lines":"C16, NAVF2","color":"#0059a9","mode":"bus","arr":["C16","NAVF2"],"angle":30.6,"extra":1,"ei":9}},{"type":"Feature","geometry":{"type":"Point","coordinates":[14.241292,40.847744]},"properties":{"lines":"C16, NAVF2","color":"#0059a9","mode":"bus","arr":["C16","NAVF2"],"angle":65.1,"extra":1,"ei":10}},{"type":"Feature","geometry":{"type":"Point","coordinates":[14.241434,40.849539]},"properties":{"lines":"C16, NAVF2","color":"#0059a9","mode":"bus","arr":["C16","NAVF2"],"angle":-69,"extra":1,"ei":11}},{"type":"Feature","geometry":{"type":"Point","coordinates":[14.242581,40.851448]},"properties":{"lines":"C16, NAVF2","color":"#0059a9","mode":"bus","arr":["C16","NAVF2"],"angle":-47,"side":-1}},{"type":"Feature","geometry":{"type":"Point","coordinates":[14.235727,40.853751]},"properties":{"lines":"C16","color":"#0059a9","mode":"bus","arr":["C16"],"angle":-62,"side":-1}},{"type":"Feature","geometry":{"type":"Point","coordinates":[14.219626,40.830796]},"properties":{"lines":"C16","color":"#0059a9","mode":"bus","arr":["C16"],"angle":-89.4,"mi":2}},{"type":"Feature","geometry":{"type":"Point","coordinates":[14.218913,40.825651]},"properties":{"lines":"C21","color":"#0059a9","mode":"bus","arr":["C21"],"angle":84.4,"mi":1}},{"type":"Feature","geometry":{"type":"Point","coordinates":[14.218216,40.824001]},"properties":{"lines":"C21","color":"#0059a9","mode":"bus","arr":["C21"],"angle":-15,"extra":1,"ei":0}},{"type":"Feature","geometry":{"type":"Point","coordinates":[14.218723,40.827198]},"properties":{"lines":"C21","color":"#0059a9","mode":"bus","arr":["C21"],"angle":-85.1,"extra":1,"ei":1}},{"type":"Feature","geometry":{"type":"Point","coordinates":[14.206182,40.815053]},"properties":{"lines":"C21","color":"#0059a9","mode":"bus","arr":["C21"],"angle":-53.4}},{"type":"Feature","geometry":{"type":"Point","coordinates":[14.215856,40.823834]},"properties":{"lines":"C21","color":"#0059a9","mode":"bus","arr":["C21"],"angle":-24.4,"extra":1,"ei":0}},{"type":"Feature","geometry":{"type":"Point","coordinates":[14.214152,40.822586]},"properties":{"lines":"C21","color":"#0059a9","mode":"bus","arr":["C21"],"angle":-40.2,"extra":1,"ei":1}},{"type":"Feature","geometry":{"type":"Point","coordinates":[14.212343,40.821415]},"properties":{"lines":"C21","color":"#0059a9","mode":"bus","arr":["C21"],"angle":-24.2,"extra":1,"ei":2}},{"type":"Feature","geometry":{"type":"Point","coordinates":[14.210688,40.820038]},"properties":{"lines":"C21","color":"#0059a9","mode":"bus","arr":["C21"],"angle":-56.5,"extra":1,"ei":3}},{"type":"Feature","geometry":{"type":"Point","coordinates":[14.209508,40.818384]},"properties":{"lines":"C21","color":"#0059a9","mode":"bus","arr":["C21"],"angle":-63.2,"extra":1,"ei":4}},{"type":"Feature","geometry":{"type":"Point","coordinates":[14.208722,40.816658]},"properties":{"lines":"C21","color":"#0059a9","mode":"bus","arr":["C21"],"angle":-75.7,"extra":1,"ei":5}},{"type":"Feature","geometry":{"type":"Point","coordinates":[14.204117,40.813024]},"properties":{"lines":"C21","color":"#0059a9","mode":"bus","arr":["C21"],"angle":-43.9,"extra":1,"ei":6}},{"type":"Feature","geometry":{"type":"Point","coordinates":[14.202268,40.811756]},"properties":{"lines":"C21","color":"#0059a9","mode":"bus","arr":["C21"],"angle":-42.4,"extra":1,"ei":7}},{"type":"Feature","geometry":{"type":"Point","coordinates":[14.200419,40.810486]},"properties":{"lines":"C21","color":"#0059a9","mode":"bus","arr":["C21"],"angle":-42,"extra":1,"ei":8}},{"type":"Feature","geometry":{"type":"Point","coordinates":[14.198811,40.809087]},"properties":{"lines":"C21","color":"#0059a9","mode":"bus","arr":["C21"],"angle":-75.9,"extra":1,"ei":9}},{"type":"Feature","geometry":{"type":"Point","coordinates":[14.19755,40.807556]},"properties":{"lines":"C21","color":"#0059a9","mode":"bus","arr":["C21"],"angle":-28.3,"extra":1,"ei":10}},{"type":"Feature","geometry":{"type":"Point","coordinates":[14.195097,40.807299]},"properties":{"lines":"C21","color":"#0059a9","mode":"bus","arr":["C21"],"angle":-3.8,"extra":1,"ei":11}},{"type":"Feature","geometry":{"type":"Point","coordinates":[14.19246,40.807029]},"properties":{"lines":"C21, C31","color":"#0059a9","mode":"bus","arr":["C21","C31"],"angle":-16.5}},{"type":"Feature","geometry":{"type":"Point","coordinates":[14.207263,40.821633]},"properties":{"lines":"C31","color":"#0059a9","mode":"bus","arr":["C31"],"angle":-21.2}},{"type":"Feature","geometry":{"type":"Point","coordinates":[14.195426,40.808851]},"properties":{"lines":"C31","color":"#0059a9","mode":"bus","arr":["C31"],"angle":51}},{"type":"Feature","geometry":{"type":"Point","coordinates":[14.19345,40.807714]},"properties":{"lines":"C31","color":"#0059a9","mode":"bus","arr":["C31"],"angle":-50,"mi":1}},{"type":"Feature","geometry":{"type":"Point","coordinates":[14.211126,40.834799]},"properties":{"lines":"C31","color":"#0059a9","mode":"bus","arr":["C31"],"angle":-81,"extra":1,"ei":0}},{"type":"Feature","geometry":{"type":"Point","coordinates":[14.211659,40.832979]},"properties":{"lines":"C31","color":"#0059a9","mode":"bus","arr":["C31"],"angle":67.9,"extra":1,"ei":1}},{"type":"Feature","geometry":{"type":"Point","coordinates":[14.212598,40.831229]},"properties":{"lines":"C31","color":"#0059a9","mode":"bus","arr":["C31"],"angle":68.3,"extra":1,"ei":2}},{"type":"Feature","geometry":{"type":"Point","coordinates":[14.212966,40.829385]},"properties":{"lines":"C31","color":"#0059a9","mode":"bus","arr":["C31"],"angle":-86.4,"extra":1,"ei":3}},{"type":"Feature","geometry":{"type":"Point","coordinates":[14.212582,40.827532]},"properties":{"lines":"C31","color":"#0059a9","mode":"bus","arr":["C31"],"angle":-83.6,"extra":1,"ei":4}},{"type":"Feature","geometry":{"type":"Point","coordinates":[14.212354,40.825757]},"properties":{"lines":"C31","color":"#0059a9","mode":"bus","arr":["C31"],"angle":-62,"extra":1,"ei":5}},{"type":"Feature","geometry":{"type":"Point","coordinates":[14.210992,40.824174]},"properties":{"lines":"C31","color":"#0059a9","mode":"bus","arr":["C31"],"angle":-57.3,"extra":1,"ei":6}},{"type":"Feature","geometry":{"type":"Point","coordinates":[14.20959,40.822613]},"properties":{"lines":"C31","color":"#0059a9","mode":"bus","arr":["C31"],"angle":-49.9,"extra":1,"ei":7}},{"type":"Feature","geometry":{"type":"Point","coordinates":[14.205491,40.820568]},"properties":{"lines":"C31","color":"#0059a9","mode":"bus","arr":["C31"],"angle":-43.7,"extra":1,"ei":8}},{"type":"Feature","geometry":{"type":"Point","coordinates":[14.203794,40.819197]},"properties":{"lines":"C31","color":"#0059a9","mode":"bus","arr":["C31"],"angle":-40.9,"extra":1,"ei":9}},{"type":"Feature","geometry":{"type":"Point","coordinates":[14.202041,40.817857]},"properties":{"lines":"C31","color":"#0059a9","mode":"bus","arr":["C31"],"angle":-48.4,"extra":1,"ei":10}},{"type":"Feature","geometry":{"type":"Point","coordinates":[14.200727,40.816276]},"properties":{"lines":"C31","color":"#0059a9","mode":"bus","arr":["C31"],"angle":-73.2,"extra":1,"ei":11}},{"type":"Feature","geometry":{"type":"Point","coordinates":[14.199625,40.814587]},"properties":{"lines":"C31","color":"#0059a9","mode":"bus","arr":["C31"],"angle":-57.5,"extra":1,"ei":12}},{"type":"Feature","geometry":{"type":"Point","coordinates":[14.198983,40.81281]},"properties":{"lines":"C31","color":"#0059a9","mode":"bus","arr":["C31"],"angle":-77.5,"extra":1,"ei":13}},{"type":"Feature","geometry":{"type":"Point","coordinates":[14.198085,40.811055]},"properties":{"lines":"C31","color":"#0059a9","mode":"bus","arr":["C31"],"angle":-79.6,"extra":1,"ei":14}},{"type":"Feature","geometry":{"type":"Point","coordinates":[14.19675,40.809639]},"properties":{"lines":"C31","color":"#0059a9","mode":"bus","arr":["C31"],"angle":-36,"extra":1,"ei":15}},{"type":"Feature","geometry":{"type":"Point","coordinates":[14.229731,40.845447]},"properties":{"lines":"C36, C37, NAVF2","color":"#0059a9","mode":"bus","arr":["C36","C37","NAVF2"],"angle":-5.2,"mi":2}},{"type":"Feature","geometry":{"type":"Point","coordinates":[14.227124,40.845244]},"properties":{"lines":"C36, C37, NAVF2","color":"#0059a9","mode":"bus","arr":["C36","C37","NAVF2"],"angle":-6.2}},{"type":"Feature","geometry":{"type":"Point","coordinates":[14.226442,40.844774]},"properties":{"lines":"C36, C37, NAVF2","color":"#0059a9","mode":"bus","arr":["C36","C37","NAVF2"],"angle":73.9,"mi":1}},{"type":"Feature","geometry":{"type":"Point","coordinates":[14.225795,40.844358]},"properties":{"lines":"C36, C37","color":"#0059a9","mode":"bus","arr":["C36","C37"],"angle":-1.5}},{"type":"Feature","geometry":{"type":"Point","coordinates":[14.214557,40.843169]},"properties":{"lines":"C36","color":"#0059a9","mode":"bus","arr":["C36"],"angle":19}},{"type":"Feature","geometry":{"type":"Point","coordinates":[14.210185,40.844876]},"properties":{"lines":"C36","color":"#0059a9","mode":"bus","arr":["C36"],"angle":3.6,"mi":1}},{"type":"Feature","geometry":{"type":"Point","coordinates":[14.216502,40.840071]},"properties":{"lines":"C36","color":"#0059a9","mode":"bus","arr":["C36"],"angle":21,"extra":1,"ei":0}},{"type":"Feature","geometry":{"type":"Point","coordinates":[14.214908,40.841493]},"properties":{"lines":"C36","color":"#0059a9","mode":"bus","arr":["C36"],"angle":78.4,"extra":1,"ei":1}},{"type":"Feature","geometry":{"type":"Point","coordinates":[14.212733,40.842298]},"properties":{"lines":"C36","color":"#0059a9","mode":"bus","arr":["C36"],"angle":-11.8,"extra":1,"ei":2}},{"type":"Feature","geometry":{"type":"Point","coordinates":[14.210985,40.843393]},"properties":{"lines":"C36","color":"#0059a9","mode":"bus","arr":["C36"],"angle":69.1,"extra":1,"ei":3}},{"type":"Feature","geometry":{"type":"Point","coordinates":[14.239451,40.84474]},"properties":{"lines":"C37","color":"#0059a9","mode":"bus","arr":["C37"],"angle":37.1,"mi":3}},{"type":"Feature","geometry":{"type":"Point","coordinates":[14.237489,40.845691]},"properties":{"lines":"C37","color":"#0059a9","mode":"bus","arr":["C37"],"angle":38.2,"mi":1}},{"type":"Feature","geometry":{"type":"Point","coordinates":[14.236142,40.845655]},"properties":{"lines":"C37","color":"#0059a9","mode":"bus","arr":["C37"],"angle":-55.2}},{"type":"Feature","geometry":{"type":"Point","coordinates":[14.234864,40.843801]},"properties":{"lines":"C37","color":"#0059a9","mode":"bus","arr":["C37"],"angle":75,"mi":2}},{"type":"Feature","geometry":{"type":"Point","coordinates":[14.216617,40.858511]},"properties":{"lines":"C42","color":"#0059a9","mode":"bus","arr":["C42"],"angle":8}},{"type":"Feature","geometry":{"type":"Point","coordinates":[14.218023,40.863493]},"properties":{"lines":"C42","color":"#0059a9","mode":"bus","arr":["C42"],"angle":-34.6,"extra":1,"ei":0}},{"type":"Feature","geometry":{"type":"Point","coordinates":[14.216397,40.862696]},"properties":{"lines":"C42","color":"#0059a9","mode":"bus","arr":["C42"],"angle":-76.5,"extra":1,"ei":1}},{"type":"Feature","geometry":{"type":"Point","coordinates":[14.216995,40.86161]},"properties":{"lines":"C42","color":"#0059a9","mode":"bus","arr":["C42"],"angle":-26.3,"extra":1,"ei":2}},{"type":"Feature","geometry":{"type":"Point","coordinates":[14.217797,40.860456]},"properties":{"lines":"C42","color":"#0059a9","mode":"bus","arr":["C42"],"angle":89.4,"extra":1,"ei":3}},{"type":"Feature","geometry":{"type":"Point","coordinates":[14.218366,40.857676]},"properties":{"lines":"C42","color":"#0059a9","mode":"bus","arr":["C42"],"angle":44.1,"extra":1,"ei":4}},{"type":"Feature","geometry":{"type":"Point","coordinates":[14.218583,40.856058]},"properties":{"lines":"C42","color":"#0059a9","mode":"bus","arr":["C42"],"angle":-67.5,"extra":1,"ei":5}},{"type":"Feature","geometry":{"type":"Point","coordinates":[14.218561,40.854401]},"properties":{"lines":"C42","color":"#0059a9","mode":"bus","arr":["C42"],"angle":48.3,"extra":1,"ei":6}},{"type":"Feature","geometry":{"type":"Point","coordinates":[14.219984,40.852896]},"properties":{"lines":"C42","color":"#0059a9","mode":"bus","arr":["C42"],"angle":-76.9,"extra":1,"ei":7}},{"type":"Feature","geometry":{"type":"Point","coordinates":[14.226333,40.850569]},"properties":{"lines":"C42, N3, N7","color":"#0059a9","mode":"bus","arr":["C42","N3","N7"],"angle":-72.8}},{"type":"Feature","geometry":{"type":"Point","coordinates":[14.228742,40.850402]},"properties":{"lines":"C42, C44, N3, N7","color":"#0059a9","mode":"bus","arr":["C42","C44","N3","N7"],"angle":-6.3}},{"type":"Feature","geometry":{"type":"Point","coordinates":[14.234201,40.848025]},"properties":{"lines":"C44","color":"#0059a9","mode":"bus","arr":["C44"],"angle":-42.1}},{"type":"Feature","geometry":{"type":"Point","coordinates":[14.235166,40.849058]},"properties":{"lines":"C44","color":"#0059a9","mode":"bus","arr":["C44"],"angle":-55.2,"extra":1,"ei":0}},{"type":"Feature","geometry":{"type":"Point","coordinates":[14.228516,40.851986]},"properties":{"lines":"C44","color":"#0059a9","mode":"bus","arr":["C44"],"angle":-46.7,"mi":1}},{"type":"Feature","geometry":{"type":"Point","coordinates":[14.227263,40.850968]},"properties":{"lines":"C44","color":"#0059a9","mode":"bus","arr":["C44"],"angle":-47.2,"extra":1,"ei":0}},{"type":"Feature","geometry":{"type":"Point","coordinates":[14.224727,40.856301]},"properties":{"lines":"C44, N3, N7","color":"#0059a9","mode":"bus","arr":["C44","N3","N7"],"angle":-79.7}},{"type":"Feature","geometry":{"type":"Point","coordinates":[14.226694,40.851787]},"properties":{"lines":"C44, N3, N7","color":"#0059a9","mode":"bus","arr":["C44","N3","N7"],"angle":65.2,"extra":1,"ei":0}},{"type":"Feature","geometry":{"type":"Point","coordinates":[14.225641,40.853499]},"properties":{"lines":"C44, N3, N7","color":"#0059a9","mode":"bus","arr":["C44","N3","N7"],"angle":63.2,"extra":1,"ei":1}},{"type":"Feature","geometry":{"type":"Point","coordinates":[14.225846,40.858857]},"properties":{"lines":"C44, N3, N7","color":"#0059a9","mode":"bus","arr":["C44","N3","N7"],"angle":76.2,"extra":1,"ei":2,"side":-1}},{"type":"Feature","geometry":{"type":"Point","coordinates":[14.224981,40.860621]},"properties":{"lines":"C44, N3, N7","color":"#0059a9","mode":"bus","arr":["C44","N3","N7"],"angle":60.7,"extra":1,"ei":3}},{"type":"Feature","geometry":{"type":"Point","coordinates":[14.252913,40.854633]},"properties":{"lines":"C52","color":"#0059a9","mode":"bus","arr":["C52"],"angle":-24.1,"mi":11}},{"type":"Feature","geometry":{"type":"Point","coordinates":[14.256015,40.856125]},"properties":{"lines":"C52","color":"#0059a9","mode":"bus","arr":["C52"],"angle":31.3,"mi":12}},{"type":"Feature","geometry":{"type":"Point","coordinates":[14.254796,40.856794]},"properties":{"lines":"C52","color":"#0059a9","mode":"bus","arr":["C52"],"angle":43.8,"mi":9}},{"type":"Feature","geometry":{"type":"Point","coordinates":[14.252998,40.857387]},"properties":{"lines":"C52","color":"#0059a9","mode":"bus","arr":["C52"],"angle":10.3,"mi":3}},{"type":"Feature","geometry":{"type":"Point","coordinates":[14.251086,40.858836]},"properties":{"lines":"C52","color":"#0059a9","mode":"bus","arr":["C52"],"angle":60}},{"type":"Feature","geometry":{"type":"Point","coordinates":[14.246916,40.858985]},"properties":{"lines":"C52","color":"#0059a9","mode":"bus","arr":["C52"],"angle":-8.3,"mi":7}},{"type":"Feature","geometry":{"type":"Point","coordinates":[14.24929,40.859331]},"properties":{"lines":"C52","color":"#0059a9","mode":"bus","arr":["C52"],"angle":-1.9,"mi":1}},{"type":"Feature","geometry":{"type":"Point","coordinates":[14.24851,40.859364]},"properties":{"lines":"C52","color":"#0059a9","mode":"bus","arr":["C52"],"angle":-15.5,"mi":2}},{"type":"Feature","geometry":{"type":"Point","coordinates":[14.247684,40.859742]},"properties":{"lines":"C52","color":"#0059a9","mode":"bus","arr":["C52"],"angle":61.6,"mi":6}},{"type":"Feature","geometry":{"type":"Point","coordinates":[14.247794,40.861113]},"properties":{"lines":"C52","color":"#0059a9","mode":"bus","arr":["C52"],"angle":44.8,"mi":10}},{"type":"Feature","geometry":{"type":"Point","coordinates":[14.246047,40.861736]},"properties":{"lines":"C52","color":"#0059a9","mode":"bus","arr":["C52"],"angle":20.2,"side":-1,"mi":14}},{"type":"Feature","geometry":{"type":"Point","coordinates":[14.244362,40.858744]},"properties":{"lines":"C52","color":"#0059a9","mode":"bus","arr":["C52"],"angle":48.6,"mi":13}},{"type":"Feature","geometry":{"type":"Point","coordinates":[14.252938,40.857119]},"properties":{"lines":"C52","color":"#0059a9","mode":"bus","arr":["C52"],"angle":-80.5,"mi":4}},{"type":"Feature","geometry":{"type":"Point","coordinates":[14.253284,40.85679]},"properties":{"lines":"C52","color":"#0059a9","mode":"bus","arr":["C52"],"angle":12.1,"mi":5}},{"type":"Feature","geometry":{"type":"Point","coordinates":[14.254231,40.856282]},"properties":{"lines":"C52","color":"#0059a9","mode":"bus","arr":["C52"],"angle":45.4,"mi":8}},{"type":"Feature","geometry":{"type":"Point","coordinates":[14.266951,40.855129]},"properties":{"lines":"C56","color":"#0059a9","mode":"bus","arr":["C56"],"angle":-32.7,"mi":5}},{"type":"Feature","geometry":{"type":"Point","coordinates":[14.266075,40.855051]},"properties":{"lines":"C56","color":"#0059a9","mode":"bus","arr":["C56"],"angle":37.4,"mi":1}},{"type":"Feature","geometry":{"type":"Point","coordinates":[14.264841,40.853974]},"properties":{"lines":"C56","color":"#0059a9","mode":"bus","arr":["C56"],"angle":30}},{"type":"Feature","geometry":{"type":"Point","coordinates":[14.26267,40.856359]},"properties":{"lines":"C56","color":"#0059a9","mode":"bus","arr":["C56"],"angle":26.4,"mi":4}},{"type":"Feature","geometry":{"type":"Point","coordinates":[14.26461,40.855631]},"properties":{"lines":"C56","color":"#0059a9","mode":"bus","arr":["C56"],"angle":26,"extra":1,"ei":0}},{"type":"Feature","geometry":{"type":"Point","coordinates":[14.260134,40.857306]},"properties":{"lines":"C56","color":"#0059a9","mode":"bus","arr":["C56"],"angle":26.3,"extra":1,"ei":1}},{"type":"Feature","geometry":{"type":"Point","coordinates":[14.259124,40.85589]},"properties":{"lines":"C56","color":"#0059a9","mode":"bus","arr":["C56"],"angle":23.4,"mi":7}},{"type":"Feature","geometry":{"type":"Point","coordinates":[14.262424,40.854803]},"properties":{"lines":"C56","color":"#0059a9","mode":"bus","arr":["C56"],"angle":23,"mi":2}},{"type":"Feature","geometry":{"type":"Point","coordinates":[14.265528,40.853661]},"properties":{"lines":"C56","color":"#0059a9","mode":"bus","arr":["C56"],"angle":31.8,"mi":3}},{"type":"Feature","geometry":{"type":"Point","coordinates":[14.266651,40.853138]},"properties":{"lines":"C56","color":"#0059a9","mode":"bus","arr":["C56"],"angle":31.5,"mi":6}},{"type":"Feature","geometry":{"type":"Point","coordinates":[14.229639,40.868878]},"properties":{"lines":"C65","color":"#0059a9","mode":"bus","arr":["C65"],"angle":23.6}},{"type":"Feature","geometry":{"type":"Point","coordinates":[14.242525,40.87472]},"properties":{"lines":"C65","color":"#0059a9","mode":"bus","arr":["C65"],"angle":32.4,"side":-1,"mi":5}},{"type":"Feature","geometry":{"type":"Point","coordinates":[14.234432,40.869227]},"properties":{"lines":"C65","color":"#0059a9","mode":"bus","arr":["C65"],"angle":-74.6,"extra":1,"ei":0}},{"type":"Feature","geometry":{"type":"Point","coordinates":[14.235097,40.871047]},"properties":{"lines":"C65","color":"#0059a9","mode":"bus","arr":["C65"],"angle":-74.5,"extra":1,"ei":1}},{"type":"Feature","geometry":{"type":"Point","coordinates":[14.236342,40.872631]},"properties":{"lines":"C65","color":"#0059a9","mode":"bus","arr":["C65"],"angle":-50.3,"extra":1,"ei":2}},{"type":"Feature","geometry":{"type":"Point","coordinates":[14.237935,40.874085]},"properties":{"lines":"C65","color":"#0059a9","mode":"bus","arr":["C65"],"angle":-49.9,"extra":1,"ei":3}},{"type":"Feature","geometry":{"type":"Point","coordinates":[14.240058,40.874866]},"properties":{"lines":"C65","color":"#0059a9","mode":"bus","arr":["C65"],"angle":-5.9,"extra":1,"ei":4}},{"type":"Feature","geometry":{"type":"Point","coordinates":[14.243494,40.872836]},"properties":{"lines":"C65","color":"#0059a9","mode":"bus","arr":["C65"],"angle":64.8,"mi":1}},{"type":"Feature","geometry":{"type":"Point","coordinates":[14.245045,40.871148]},"properties":{"lines":"C65","color":"#0059a9","mode":"bus","arr":["C65"],"angle":-49.4,"mi":3}},{"type":"Feature","geometry":{"type":"Point","coordinates":[14.247857,40.874378]},"properties":{"lines":"C65","color":"#0059a9","mode":"bus","arr":["C65"],"angle":8.5,"mi":4}},{"type":"Feature","geometry":{"type":"Point","coordinates":[14.246813,40.872829]},"properties":{"lines":"C65","color":"#0059a9","mode":"bus","arr":["C65"],"angle":-85.4}},{"type":"Feature","geometry":{"type":"Point","coordinates":[14.245936,40.871573]},"properties":{"lines":"C65","color":"#0059a9","mode":"bus","arr":["C65"],"angle":-3.1,"mi":2}},{"type":"Feature","geometry":{"type":"Point","coordinates":[14.227619,40.869055]},"properties":{"lines":"C65","color":"#0059a9","mode":"bus","arr":["C65"],"angle":88.5,"mi":1}},{"type":"Feature","geometry":{"type":"Point","coordinates":[14.252235,40.890888]},"properties":{"lines":"C67, C78, N5","color":"#0059a9","mode":"bus","arr":["C67","C78","N5"],"angle":-64.3,"mi":4}},{"type":"Feature","geometry":{"type":"Point","coordinates":[14.255724,40.896387]},"properties":{"lines":"C67, C78, N5","color":"#0059a9","mode":"bus","arr":["C67","C78","N5"],"angle":-64.4,"mi":3}},{"type":"Feature","geometry":{"type":"Point","coordinates":[14.252987,40.89207]},"properties":{"lines":"C67, C78, N5","color":"#0059a9","mode":"bus","arr":["C67","C78","N5"],"angle":-64.3,"extra":1,"ei":0}},{"type":"Feature","geometry":{"type":"Point","coordinates":[14.256576,40.89497]},"properties":{"lines":"C67, C78, N5","color":"#0059a9","mode":"bus","arr":["C67","C78","N5"],"angle":45.8,"mi":2}},{"type":"Feature","geometry":{"type":"Point","coordinates":[14.257276,40.893112]},"properties":{"lines":"C67, C78, N5","color":"#0059a9","mode":"bus","arr":["C67","C78","N5"],"angle":-82.1,"mi":1}},{"type":"Feature","geometry":{"type":"Point","coordinates":[14.255207,40.892275]},"properties":{"lines":"C67, C78, N5","color":"#0059a9","mode":"bus","arr":["C67","C78","N5"],"angle":24.3}},{"type":"Feature","geometry":{"type":"Point","coordinates":[14.25358,40.892914]},"properties":{"lines":"C67, C78, N5","color":"#0059a9","mode":"bus","arr":["C67","C78","N5"],"angle":32.5,"extra":1,"ei":0}},{"type":"Feature","geometry":{"type":"Point","coordinates":[14.274987,40.871423]},"properties":{"lines":"C68","color":"#0059a9","mode":"bus","arr":["C68"],"angle":-68.8,"mi":2}},{"type":"Feature","geometry":{"type":"Point","coordinates":[14.269655,40.867219]},"properties":{"lines":"C68","color":"#0059a9","mode":"bus","arr":["C68"],"angle":-72.2,"mi":1}},{"type":"Feature","geometry":{"type":"Point","coordinates":[14.277744,40.8749]},"properties":{"lines":"C68","color":"#0059a9","mode":"bus","arr":["C68"],"angle":-42.3,"extra":1,"ei":0}},{"type":"Feature","geometry":{"type":"Point","coordinates":[14.276549,40.873342]},"properties":{"lines":"C68","color":"#0059a9","mode":"bus","arr":["C68"],"angle":-50.1,"extra":1,"ei":1}},{"type":"Feature","geometry":{"type":"Point","coordinates":[14.271939,40.870398]},"properties":{"lines":"C68","color":"#0059a9","mode":"bus","arr":["C68"],"angle":-76.3,"extra":1,"ei":2}},{"type":"Feature","geometry":{"type":"Point","coordinates":[14.269326,40.869229]},"properties":{"lines":"C68","color":"#0059a9","mode":"bus","arr":["C68"],"angle":71.9}},{"type":"Feature","geometry":{"type":"Point","coordinates":[14.216835,40.866596]},"properties":{"lines":"C76","color":"#0059a9","mode":"bus","arr":["C76"],"angle":43.8}},{"type":"Feature","geometry":{"type":"Point","coordinates":[14.219562,40.864821]},"properties":{"lines":"C76","color":"#0059a9","mode":"bus","arr":["C76"],"angle":48.4,"extra":1,"ei":0}},{"type":"Feature","geometry":{"type":"Point","coordinates":[14.214172,40.868341]},"properties":{"lines":"C76","color":"#0059a9","mode":"bus","arr":["C76"],"angle":41.6,"extra":1,"ei":1}},{"type":"Feature","geometry":{"type":"Point","coordinates":[14.20293,40.868779]},"properties":{"lines":"C76","color":"#0059a9","mode":"bus","arr":["C76"],"angle":-83.5,"mi":1}},{"type":"Feature","geometry":{"type":"Point","coordinates":[14.203856,40.871759]},"properties":{"lines":"C76","color":"#0059a9","mode":"bus","arr":["C76"],"angle":-16}},{"type":"Feature","geometry":{"type":"Point","coordinates":[14.211709,40.876395]},"properties":{"lines":"C76","color":"#0059a9","mode":"bus","arr":["C76"],"angle":49.8,"mi":2}},{"type":"Feature","geometry":{"type":"Point","coordinates":[14.211814,40.874492]},"properties":{"lines":"C76","color":"#0059a9","mode":"bus","arr":["C76"],"angle":-70,"extra":1,"ei":0}},{"type":"Feature","geometry":{"type":"Point","coordinates":[14.211148,40.877969]},"properties":{"lines":"C76","color":"#0059a9","mode":"bus","arr":["C76"],"angle":55.9,"extra":1,"ei":1}},{"type":"Feature","geometry":{"type":"Point","coordinates":[14.236192,40.882802]},"properties":{"lines":"C78","color":"#0059a9","mode":"bus","arr":["C78"],"angle":-57.3,"mi":9}},{"type":"Feature","geometry":{"type":"Point","coordinates":[14.233814,40.881422]},"properties":{"lines":"C78","color":"#0059a9","mode":"bus","arr":["C78"],"angle":-16.6,"extra":1,"ei":0}},{"type":"Feature","geometry":{"type":"Point","coordinates":[14.236924,40.883944]},"properties":{"lines":"C78","color":"#0059a9","mode":"bus","arr":["C78"],"angle":-85.8,"extra":1,"ei":1}},{"type":"Feature","geometry":{"type":"Point","coordinates":[14.23868,40.885067]},"properties":{"lines":"C78","color":"#0059a9","mode":"bus","arr":["C78"],"angle":-21.3,"extra":1,"ei":2}},{"type":"Feature","geometry":{"type":"Point","coordinates":[14.242241,40.886219]},"properties":{"lines":"C78","color":"#0059a9","mode":"bus","arr":["C78"],"angle":13.9,"mi":8}},{"type":"Feature","geometry":{"type":"Point","coordinates":[14.244303,40.886874]},"properties":{"lines":"C78","color":"#0059a9","mode":"bus","arr":["C78"],"angle":-22.9,"mi":5}},{"type":"Feature","geometry":{"type":"Point","coordinates":[14.24004,40.885486]},"properties":{"lines":"C78","color":"#0059a9","mode":"bus","arr":["C78"],"angle":-23.1,"extra":1,"ei":0}},{"type":"Feature","geometry":{"type":"Point","coordinates":[14.252885,40.887809]},"properties":{"lines":"C78","color":"#0059a9","mode":"bus","arr":["C78"],"angle":13.1,"mi":1}},{"type":"Feature","geometry":{"type":"Point","coordinates":[14.258875,40.89026]},"properties":{"lines":"C78","color":"#0059a9","mode":"bus","arr":["C78"],"angle":-45.2}},{"type":"Feature","geometry":{"type":"Point","coordinates":[14.257168,40.888962]},"properties":{"lines":"C78","color":"#0059a9","mode":"bus","arr":["C78"],"angle":-45,"extra":1,"ei":0}},{"type":"Feature","geometry":{"type":"Point","coordinates":[14.260697,40.891634]},"properties":{"lines":"C78","color":"#0059a9","mode":"bus","arr":["C78"],"angle":-44.5,"extra":1,"ei":1}},{"type":"Feature","geometry":{"type":"Point","coordinates":[14.258424,40.896883]},"properties":{"lines":"C78","color":"#0059a9","mode":"bus","arr":["C78"],"angle":-40,"mi":2}},{"type":"Feature","geometry":{"type":"Point","coordinates":[14.261093,40.896355]},"properties":{"lines":"C78","color":"#0059a9","mode":"bus","arr":["C78"],"angle":43.5,"mi":3}},{"type":"Feature","geometry":{"type":"Point","coordinates":[14.263881,40.89605]},"properties":{"lines":"C78","color":"#0059a9","mode":"bus","arr":["C78"],"angle":-48.3,"mi":4}},{"type":"Feature","geometry":{"type":"Point","coordinates":[14.265289,40.897251]},"properties":{"lines":"C78, C90","color":"#0059a9","mode":"bus","arr":["C78","C90"],"angle":-48.9,"mi":3}},{"type":"Feature","geometry":{"type":"Point","coordinates":[14.265921,40.897675]},"properties":{"lines":"C90","color":"#0059a9","mode":"bus","arr":["C90"],"angle":-35.3}},{"type":"Feature","geometry":{"type":"Point","coordinates":[14.263175,40.898312]},"properties":{"lines":"C78, C90","color":"#0059a9","mode":"bus","arr":["C78","C90"],"angle":41.5}},{"type":"Feature","geometry":{"type":"Point","coordinates":[14.261799,40.900011]},"properties":{"lines":"C78, C90","color":"#0059a9","mode":"bus","arr":["C78","C90"],"angle":-48.7,"mi":2}},{"type":"Feature","geometry":{"type":"Point","coordinates":[14.262734,40.900203]},"properties":{"lines":"C78, C90","color":"#0059a9","mode":"bus","arr":["C78","C90"],"angle":39.4,"mi":1}},{"type":"Feature","geometry":{"type":"Point","coordinates":[14.263695,40.899593]},"properties":{"lines":"C78","color":"#0059a9","mode":"bus","arr":["C78"],"angle":30.1,"mi":7}},{"type":"Feature","geometry":{"type":"Point","coordinates":[14.263938,40.898626]},"properties":{"lines":"C78","color":"#0059a9","mode":"bus","arr":["C78"],"angle":-48.1,"mi":6}},{"type":"Feature","geometry":{"type":"Point","coordinates":[14.250429,40.888853]},"properties":{"lines":"C78, N5","color":"#0059a9","mode":"bus","arr":["C78","N5"],"angle":-23.6}},{"type":"Feature","geometry":{"type":"Point","coordinates":[14.307067,40.877256]},"properties":{"lines":"C90","color":"#0059a9","mode":"bus","arr":["C90"],"angle":-78.9,"mi":1}},{"type":"Feature","geometry":{"type":"Point","coordinates":[14.308828,40.878754]},"properties":{"lines":"C90","color":"#0059a9","mode":"bus","arr":["C90"],"angle":10.7}},{"type":"Feature","geometry":{"type":"Point","coordinates":[14.312373,40.881026]},"properties":{"lines":"C90","color":"#0059a9","mode":"bus","arr":["C90"],"angle":-83.2,"mi":4}},{"type":"Feature","geometry":{"type":"Point","coordinates":[14.310946,40.879256]},"properties":{"lines":"C90","color":"#0059a9","mode":"bus","arr":["C90"],"angle":-46.3,"extra":1,"ei":0}},{"type":"Feature","geometry":{"type":"Point","coordinates":[14.312849,40.88262]},"properties":{"lines":"C90","color":"#0059a9","mode":"bus","arr":["C90"],"angle":-83.1,"extra":1,"ei":1}},{"type":"Feature","geometry":{"type":"Point","coordinates":[14.268321,40.895678]},"properties":{"lines":"C90","color":"#0059a9","mode":"bus","arr":["C90"],"angle":56.6,"mi":1}},{"type":"Feature","geometry":{"type":"Point","coordinates":[14.27012,40.891098]},"properties":{"lines":"C90","color":"#0059a9","mode":"bus","arr":["C90"],"angle":-83.1,"extra":1,"ei":0}},{"type":"Feature","geometry":{"type":"Point","coordinates":[14.270352,40.892978]},"properties":{"lines":"C90","color":"#0059a9","mode":"bus","arr":["C90"],"angle":-85.2,"extra":1,"ei":1}},{"type":"Feature","geometry":{"type":"Point","coordinates":[14.269299,40.894611]},"properties":{"lines":"C90","color":"#0059a9","mode":"bus","arr":["C90"],"angle":52,"extra":1,"ei":2}},{"type":"Feature","geometry":{"type":"Point","coordinates":[14.26644,40.897702]},"properties":{"lines":"C90","color":"#0059a9","mode":"bus","arr":["C90"],"angle":59,"extra":1,"ei":3}},{"type":"Feature","geometry":{"type":"Point","coordinates":[14.265418,40.899421]},"properties":{"lines":"C90","color":"#0059a9","mode":"bus","arr":["C90"],"angle":70.7,"extra":1,"ei":4}},{"type":"Feature","geometry":{"type":"Point","coordinates":[14.263872,40.90054]},"properties":{"lines":"C90","color":"#0059a9","mode":"bus","arr":["C90"],"angle":-46.8,"mi":2}},{"type":"Feature","geometry":{"type":"Point","coordinates":[14.306769,40.881645]},"properties":{"lines":"C90","color":"#0059a9","mode":"bus","arr":["C90"],"angle":-54.8,"mi":2}},{"type":"Feature","geometry":{"type":"Point","coordinates":[14.304243,40.87832]},"properties":{"lines":"C90","color":"#0059a9","mode":"bus","arr":["C90"],"angle":-60.3,"mi":3}},{"type":"Feature","geometry":{"type":"Point","coordinates":[14.303029,40.876992]},"properties":{"lines":"C90","color":"#0059a9","mode":"bus","arr":["C90"],"angle":-33.8,"extra":1,"ei":0}},{"type":"Feature","geometry":{"type":"Point","coordinates":[14.306358,40.879576]},"properties":{"lines":"C90","color":"#0059a9","mode":"bus","arr":["C90"],"angle":-10.7,"extra":1,"ei":1}},{"type":"Feature","geometry":{"type":"Point","coordinates":[14.30298,40.875267]},"properties":{"lines":"C90","color":"#0059a9","mode":"bus","arr":["C90"],"angle":62.7,"mi":5}},{"type":"Feature","geometry":{"type":"Point","coordinates":[14.248705,40.836812]},"properties":{"lines":"E6","color":"#0059a9","mode":"bus","arr":["E6"],"angle":52.1,"side":-1,"mi":15}},{"type":"Feature","geometry":{"type":"Point","coordinates":[14.248931,40.837182]},"properties":{"lines":"N1, N3, R2","color":"#0059a9","mode":"bus","arr":["N1","N3","R2"],"angle":-66,"side":-1,"mi":3}},{"type":"Feature","geometry":{"type":"Point","coordinates":[14.249135,40.835206]},"properties":{"lines":"E6","color":"#0059a9","mode":"bus","arr":["E6"],"angle":-29.9,"mi":16}},{"type":"Feature","geometry":{"type":"Point","coordinates":[14.248219,40.836472]},"properties":{"lines":"E6","color":"#0059a9","mode":"bus","arr":["E6"],"angle":-30.1,"mi":14}},{"type":"Feature","geometry":{"type":"Point","coordinates":[14.247475,40.836143]},"properties":{"lines":"E6","color":"#0059a9","mode":"bus","arr":["E6"],"angle":-36.7,"mi":5}},{"type":"Feature","geometry":{"type":"Point","coordinates":[14.246384,40.835733]},"properties":{"lines":"E6","color":"#0059a9","mode":"bus","arr":["E6"],"angle":-21.4,"mi":2}},{"type":"Feature","geometry":{"type":"Point","coordinates":[14.244942,40.835279]},"properties":{"lines":"E6","color":"#0059a9","mode":"bus","arr":["E6"],"angle":26.8}},{"type":"Feature","geometry":{"type":"Point","coordinates":[14.245407,40.834193]},"properties":{"lines":"E6","color":"#0059a9","mode":"bus","arr":["E6"],"angle":72.1,"mi":3}},{"type":"Feature","geometry":{"type":"Point","coordinates":[14.246372,40.833271]},"properties":{"lines":"E6","color":"#0059a9","mode":"bus","arr":["E6"],"angle":-21.2,"side":-1,"mi":11}},{"type":"Feature","geometry":{"type":"Point","coordinates":[14.246697,40.833879]},"properties":{"lines":"E6","color":"#0059a9","mode":"bus","arr":["E6"],"angle":72.7,"mi":7}},{"type":"Feature","geometry":{"type":"Point","coordinates":[14.247333,40.834477]},"properties":{"lines":"E6","color":"#0059a9","mode":"bus","arr":["E6"],"angle":-12.7,"mi":6}},{"type":"Feature","geometry":{"type":"Point","coordinates":[14.248157,40.834863]},"properties":{"lines":"E6","color":"#0059a9","mode":"bus","arr":["E6"],"angle":33.9,"mi":12}},{"type":"Feature","geometry":{"type":"Point","coordinates":[14.25031,40.834801]},"properties":{"lines":"E6","color":"#0059a9","mode":"bus","arr":["E6"],"angle":55.1,"side":-1,"mi":20}},{"type":"Feature","geometry":{"type":"Point","coordinates":[14.242626,40.833434]},"properties":{"lines":"E6","color":"#0059a9","mode":"bus","arr":["E6"],"angle":61.3,"mi":10}},{"type":"Feature","geometry":{"type":"Point","coordinates":[14.242304,40.834912]},"properties":{"lines":"E6","color":"#0059a9","mode":"bus","arr":["E6"],"angle":-61.6,"mi":4}},{"type":"Feature","geometry":{"type":"Point","coordinates":[14.241289,40.835867]},"properties":{"lines":"E6","color":"#0059a9","mode":"bus","arr":["E6"],"angle":39.7,"mi":9}},{"type":"Feature","geometry":{"type":"Point","coordinates":[14.239218,40.83658]},"properties":{"lines":"E6","color":"#0059a9","mode":"bus","arr":["E6"],"angle":1.1,"mi":19}},{"type":"Feature","geometry":{"type":"Point","coordinates":[14.238446,40.837034]},"properties":{"lines":"E6","color":"#0059a9","mode":"bus","arr":["E6"],"angle":-19.3,"mi":21}},{"type":"Feature","geometry":{"type":"Point","coordinates":[14.239764,40.837077]},"properties":{"lines":"E6","color":"#0059a9","mode":"bus","arr":["E6"],"angle":-3.5,"side":-1,"mi":18}},{"type":"Feature","geometry":{"type":"Point","coordinates":[14.240501,40.83721]},"properties":{"lines":"E6","color":"#0059a9","mode":"bus","arr":["E6"],"angle":10.5,"mi":17}},{"type":"Feature","geometry":{"type":"Point","coordinates":[14.241916,40.83791]},"properties":{"lines":"E6","color":"#0059a9","mode":"bus","arr":["E6"],"angle":-48.2,"extra":1,"ei":0}},{"type":"Feature","geometry":{"type":"Point","coordinates":[14.242312,40.837858]},"properties":{"lines":"E6","color":"#0059a9","mode":"bus","arr":["E6"],"angle":12,"mi":13}},{"type":"Feature","geometry":{"type":"Point","coordinates":[14.242986,40.83781]},"properties":{"lines":"E6","color":"#0059a9","mode":"bus","arr":["E6"],"angle":-18.8,"mi":8}},{"type":"Feature","geometry":{"type":"Point","coordinates":[14.244003,40.836828]},"properties":{"lines":"E6","color":"#0059a9","mode":"bus","arr":["E6"],"angle":64.2,"mi":1}},{"type":"Feature","geometry":{"type":"Point","coordinates":[14.252366,40.841652]},"properties":{"lines":"N1, N3, R2","color":"#0059a9","mode":"bus","arr":["N1","N3","R2"],"angle":-85.1,"mi":4}},{"type":"Feature","geometry":{"type":"Point","coordinates":[14.252131,40.840311]},"properties":{"lines":"N1, N3, R2","color":"#0059a9","mode":"bus","arr":["N1","N3","R2"],"angle":-78.7,"extra":1,"ei":0}},{"type":"Feature","geometry":{"type":"Point","coordinates":[14.251975,40.839875]},"properties":{"lines":"N1, N3, R2","color":"#0059a9","mode":"bus","arr":["N1","N3","R2"],"angle":-67.3,"mi":1}},{"type":"Feature","geometry":{"type":"Point","coordinates":[14.251878,40.838922]},"properties":{"lines":"N1, N3, R2","color":"#0059a9","mode":"bus","arr":["N1","N3","R2"],"angle":-70,"side":-1}},{"type":"Feature","geometry":{"type":"Point","coordinates":[14.250314,40.838103]},"properties":{"lines":"N1, N3, R2","color":"#0059a9","mode":"bus","arr":["N1","N3","R2"],"angle":-25.5,"mi":2}},{"type":"Feature","geometry":{"type":"Point","coordinates":[14.225936,40.851682]},"properties":{"lines":"N3, N7","color":"#0059a9","mode":"bus","arr":["N3","N7"],"angle":50.8}},{"type":"Feature","geometry":{"type":"Point","coordinates":[14.225153,40.851248]},"properties":{"lines":"N3, N7","color":"#0059a9","mode":"bus","arr":["N3","N7"],"angle":-89.2,"mi":1}},{"type":"Feature","geometry":{"type":"Point","coordinates":[14.288475,40.854795]},"properties":{"lines":"N5","color":"#0059a9","mode":"bus","arr":["N5"],"angle":82.6,"mi":2}},{"type":"Feature","geometry":{"type":"Point","coordinates":[14.285284,40.853394]},"properties":{"lines":"N5","color":"#0059a9","mode":"bus","arr":["N5"],"angle":-37.1}},{"type":"Feature","geometry":{"type":"Point","coordinates":[14.287416,40.853607]},"properties":{"lines":"N5","color":"#0059a9","mode":"bus","arr":["N5"],"angle":-6.6,"extra":1,"ei":0}},{"type":"Feature","geometry":{"type":"Point","coordinates":[14.284174,40.851424]},"properties":{"lines":"N5","color":"#0059a9","mode":"bus","arr":["N5"],"angle":-70.2,"extra":1,"ei":1}},{"type":"Feature","geometry":{"type":"Point","coordinates":[14.283615,40.850227]},"properties":{"lines":"N5","color":"#0059a9","mode":"bus","arr":["N5"],"angle":-75.8,"side":-1,"mi":1}},{"type":"Feature","geometry":{"type":"Point","coordinates":[14.180029,40.849448]},"properties":{"lines":"N6, R6, S3A, S4A, S4B","color":"#0059a9","mode":"bus","arr":["N6","R6","S3A","S4A","S4B"],"angle":-75.3}},{"type":"Feature","geometry":{"type":"Point","coordinates":[14.180353,40.853922]},"properties":{"lines":"N6, R6, S3, S3A, S4A, S4B","color":"#0059a9","mode":"bus","arr":["N6","R6","S3","S3A","S4A","S4B"],"angle":-82.9,"mi":7}},{"type":"Feature","geometry":{"type":"Point","coordinates":[14.180828,40.850394]},"properties":{"lines":"N6, R6, S3, S3A, S4A, S4B","color":"#0059a9","mode":"bus","arr":["N6","R6","S3","S3A","S4A","S4B"],"angle":88.2,"extra":1,"ei":0}},{"type":"Feature","geometry":{"type":"Point","coordinates":[14.180212,40.852222]},"properties":{"lines":"N6, R6, S3, S3A, S4A, S4B","color":"#0059a9","mode":"bus","arr":["N6","R6","S3","S3A","S4A","S4B"],"angle":81.1,"extra":1,"ei":1}},{"type":"Feature","geometry":{"type":"Point","coordinates":[14.180344,40.855981]},"properties":{"lines":"N6, R6, S3, S3A, S4A, S4B","color":"#0059a9","mode":"bus","arr":["N6","R6","S3","S3A","S4A","S4B"],"angle":-89.7,"extra":1,"ei":2}},{"type":"Feature","geometry":{"type":"Point","coordinates":[14.180683,40.85785]},"properties":{"lines":"N6, R6, S3, S3A, S4A, S4B","color":"#0059a9","mode":"bus","arr":["N6","R6","S3","S3A","S4A","S4B"],"angle":-79.7,"extra":1,"ei":3}},{"type":"Feature","geometry":{"type":"Point","coordinates":[14.179031,40.860796]},"properties":{"lines":"N6, R6, S3, S3A, S4A, S4B","color":"#0059a9","mode":"bus","arr":["N6","R6","S3","S3A","S4A","S4B"],"angle":60.1,"mi":5}},{"type":"Feature","geometry":{"type":"Point","coordinates":[14.180225,40.85926]},"properties":{"lines":"N6, R6, S3, S3A, S4A, S4B","color":"#0059a9","mode":"bus","arr":["N6","R6","S3","S3A","S4A","S4B"],"angle":59.6,"extra":1,"ei":0}},{"type":"Feature","geometry":{"type":"Point","coordinates":[14.177714,40.862524]},"properties":{"lines":"N6, R6, S3, S3A, S4A, S4B","color":"#0059a9","mode":"bus","arr":["N6","R6","S3","S3A","S4A","S4B"],"angle":58.5,"extra":1,"ei":1}},{"type":"Feature","geometry":{"type":"Point","coordinates":[14.176783,40.863096]},"properties":{"lines":"N6, R6, S3, S3A, S4A, S4B","color":"#0059a9","mode":"bus","arr":["N6","R6","S3","S3A","S4A","S4B"],"angle":-9.4,"mi":4}},{"type":"Feature","geometry":{"type":"Point","coordinates":[14.175039,40.862491]},"properties":{"lines":"N6, R6, S3, S3A, S4A, S4B","color":"#0059a9","mode":"bus","arr":["N6","R6","S3","S3A","S4A","S4B"],"angle":-31.8}},{"type":"Feature","geometry":{"type":"Point","coordinates":[14.172246,40.86114]},"properties":{"lines":"N6, R6, S3, S3A, S4A, S4B","color":"#0059a9","mode":"bus","arr":["N6","R6","S3","S3A","S4A","S4B"],"angle":-31.6,"mi":1}},{"type":"Feature","geometry":{"type":"Point","coordinates":[14.172741,40.86279]},"properties":{"lines":"N6, R6, S3, S3A, S4A, S4B","color":"#0059a9","mode":"bus","arr":["N6","R6","S3","S3A","S4A","S4B"],"angle":-29.6,"mi":3}},{"type":"Feature","geometry":{"type":"Point","coordinates":[14.171607,40.861896]},"properties":{"lines":"N6, R6, S3, S3A, S4A, S4B","color":"#0059a9","mode":"bus","arr":["N6","R6","S3","S3A","S4A","S4B"],"angle":-87.8,"extra":1,"ei":0}},{"type":"Feature","geometry":{"type":"Point","coordinates":[14.172324,40.86179]},"properties":{"lines":"N6, R6, S3, S3A, S4A, S4B","color":"#0059a9","mode":"bus","arr":["N6","R6","S3","S3A","S4A","S4B"],"angle":44.1,"mi":2}},{"type":"Feature","geometry":{"type":"Point","coordinates":[14.170436,40.858196]},"properties":{"lines":"N6, R6, S3, S3A, S4A, S4B","color":"#0059a9","mode":"bus","arr":["N6","R6","S3","S3A","S4A","S4B"],"angle":-84.1,"mi":6}},{"type":"Feature","geometry":{"type":"Point","coordinates":[14.171291,40.860068]},"properties":{"lines":"N6, R6, S3, S3A, S4A, S4B","color":"#0059a9","mode":"bus","arr":["N6","R6","S3","S3A","S4A","S4B"],"angle":-74.1,"extra":1,"ei":0}},{"type":"Feature","geometry":{"type":"Point","coordinates":[14.169454,40.856635]},"properties":{"lines":"N6, R6, S3, S3A, S4A, S4B","color":"#0059a9","mode":"bus","arr":["N6","R6","S3","S3A","S4A","S4B"],"angle":-46.9,"extra":1,"ei":1}},{"type":"Feature","geometry":{"type":"Point","coordinates":[14.226737,40.843511]},"properties":{"lines":"NAVF2","color":"#0059a9","mode":"bus","arr":["NAVF2"],"angle":-51.2}},{"type":"Feature","geometry":{"type":"Point","coordinates":[14.224126,40.892379]},"properties":{"lines":"NL1","color":"#0059a9","mode":"bus","arr":["NL1"],"angle":-54.6,"side":-1}},{"type":"Feature","geometry":{"type":"Point","coordinates":[14.223046,40.891476]},"properties":{"lines":"NL1","color":"#0059a9","mode":"bus","arr":["NL1"],"angle":-53.3,"extra":1,"ei":0}},{"type":"Feature","geometry":{"type":"Point","coordinates":[14.227152,40.876506]},"properties":{"lines":"NL1","color":"#0059a9","mode":"bus","arr":["NL1"],"angle":-78.6}},{"type":"Feature","geometry":{"type":"Point","coordinates":[14.223034,40.874817]},"properties":{"lines":"NL1","color":"#0059a9","mode":"bus","arr":["NL1"],"angle":-23.4,"extra":1,"ei":0}},{"type":"Feature","geometry":{"type":"Point","coordinates":[14.224901,40.875503]},"properties":{"lines":"NL1","color":"#0059a9","mode":"bus","arr":["NL1"],"angle":26.5,"extra":1,"ei":1}},{"type":"Feature","geometry":{"type":"Point","coordinates":[14.229184,40.878571]},"properties":{"lines":"NL1","color":"#0059a9","mode":"bus","arr":["NL1"],"angle":10.9,"extra":1,"ei":2}},{"type":"Feature","geometry":{"type":"Point","coordinates":[14.23084,40.879209]},"properties":{"lines":"NL1","color":"#0059a9","mode":"bus","arr":["NL1"],"angle":-87.7,"extra":1,"ei":3}},{"type":"Feature","geometry":{"type":"Point","coordinates":[14.269767,40.853563]},"properties":{"lines":"R5","color":"#0059a9","mode":"bus","arr":["R5"],"angle":81.9}},{"type":"Feature","geometry":{"type":"Point","coordinates":[14.247968,40.904992]},"properties":{"lines":"R5","color":"#0059a9","mode":"bus","arr":["R5"],"angle":50.1,"mi":1}},{"type":"Feature","geometry":{"type":"Point","coordinates":[14.253201,40.900218]},"properties":{"lines":"R5","color":"#0059a9","mode":"bus","arr":["R5"],"angle":50.7,"mi":2}},{"type":"Feature","geometry":{"type":"Point","coordinates":[14.250238,40.902935]},"properties":{"lines":"R5","color":"#0059a9","mode":"bus","arr":["R5"],"angle":50.1,"extra":1,"ei":0}},{"type":"Feature","geometry":{"type":"Point","coordinates":[14.245437,40.907284]},"properties":{"lines":"R5","color":"#0059a9","mode":"bus","arr":["R5"],"angle":50.2,"extra":1,"ei":1}},{"type":"Feature","geometry":{"type":"Point","coordinates":[14.243509,40.9067]},"properties":{"lines":"R5","color":"#0059a9","mode":"bus","arr":["R5"],"angle":-50.2,"mi":5}},{"type":"Feature","geometry":{"type":"Point","coordinates":[14.24247,40.905726]},"properties":{"lines":"R5","color":"#0059a9","mode":"bus","arr":["R5"],"angle":-48.9,"extra":1,"ei":0}},{"type":"Feature","geometry":{"type":"Point","coordinates":[14.245705,40.900707]},"properties":{"lines":"R5","color":"#0059a9","mode":"bus","arr":["R5"],"angle":35.3}},{"type":"Feature","geometry":{"type":"Point","coordinates":[14.241777,40.903205]},"properties":{"lines":"R5","color":"#0059a9","mode":"bus","arr":["R5"],"angle":42,"extra":1,"ei":0,"side":-1}},{"type":"Feature","geometry":{"type":"Point","coordinates":[14.24362,40.901931]},"properties":{"lines":"R5","color":"#0059a9","mode":"bus","arr":["R5"],"angle":42,"extra":1,"ei":1,"side":-1}},{"type":"Feature","geometry":{"type":"Point","coordinates":[14.247551,40.89961]},"properties":{"lines":"R5","color":"#0059a9","mode":"bus","arr":["R5"],"angle":35.5,"extra":1,"ei":2,"side":-1}},{"type":"Feature","geometry":{"type":"Point","coordinates":[14.249611,40.898543]},"properties":{"lines":"R5","color":"#0059a9","mode":"bus","arr":["R5"],"angle":33.9,"extra":1,"ei":3,"side":-1}},{"type":"Feature","geometry":{"type":"Point","coordinates":[14.249786,40.895428]},"properties":{"lines":"R5","color":"#0059a9","mode":"bus","arr":["R5"],"angle":-64.9,"side":-1,"mi":3}},{"type":"Feature","geometry":{"type":"Point","coordinates":[14.250661,40.897059]},"properties":{"lines":"R5","color":"#0059a9","mode":"bus","arr":["R5"],"angle":-66.5,"extra":1,"ei":0}},{"type":"Feature","geometry":{"type":"Point","coordinates":[14.248562,40.893633]},"properties":{"lines":"R5","color":"#0059a9","mode":"bus","arr":["R5"],"angle":-65.2,"extra":1,"ei":1}},{"type":"Feature","geometry":{"type":"Point","coordinates":[14.247174,40.893448]},"properties":{"lines":"R5","color":"#0059a9","mode":"bus","arr":["R5"],"angle":33.6,"side":-1,"mi":4}},{"type":"Feature","geometry":{"type":"Point","coordinates":[14.235618,40.898606]},"properties":{"lines":"R5","color":"#0059a9","mode":"bus","arr":["R5"],"angle":-68.4,"mi":6}},{"type":"Feature","geometry":{"type":"Point","coordinates":[14.183451,40.846019]},"properties":{"lines":"R6","color":"#0059a9","mode":"bus","arr":["R6"],"angle":-88.1}},{"type":"Feature","geometry":{"type":"Point","coordinates":[14.184039,40.844627]},"properties":{"lines":"R6, S2, S3A, S4, S4B","color":"#0059a9","mode":"bus","arr":["R6","S2","S3A","S4","S4B"],"angle":63.5,"side":-1}},{"type":"Feature","geometry":{"type":"Point","coordinates":[14.183328,40.846109]},"properties":{"lines":"R6, S2, S3A, S4, S4B","color":"#0059a9","mode":"bus","arr":["R6","S2","S3A","S4","S4B"],"angle":-83.1,"extra":1,"ei":0}},{"type":"Feature","geometry":{"type":"Point","coordinates":[14.185559,40.842777]},"properties":{"lines":"R6, S2, S3A, S4, S4B","color":"#0059a9","mode":"bus","arr":["R6","S2","S3A","S4","S4B"],"angle":66.1,"extra":1,"ei":1,"side":-1}},{"type":"Feature","geometry":{"type":"Point","coordinates":[14.166599,40.813447]},"properties":{"lines":"R7","color":"#0059a9","mode":"bus","arr":["R7"],"angle":46.6,"side":-1,"mi":2}},{"type":"Feature","geometry":{"type":"Point","coordinates":[14.159426,40.817417]},"properties":{"lines":"R7","color":"#0059a9","mode":"bus","arr":["R7"],"angle":-3.5,"mi":3}},{"type":"Feature","geometry":{"type":"Point","coordinates":[14.162578,40.815476]},"properties":{"lines":"R7","color":"#0059a9","mode":"bus","arr":["R7"],"angle":31.8}},{"type":"Feature","geometry":{"type":"Point","coordinates":[14.165017,40.814358]},"properties":{"lines":"R7","color":"#0059a9","mode":"bus","arr":["R7"],"angle":30.4,"extra":1,"ei":0}},{"type":"Feature","geometry":{"type":"Point","coordinates":[14.160757,40.816329]},"properties":{"lines":"R7","color":"#0059a9","mode":"bus","arr":["R7"],"angle":31.8,"extra":1,"ei":1}},{"type":"Feature","geometry":{"type":"Point","coordinates":[14.16625,40.813853]},"properties":{"lines":"R7","color":"#0059a9","mode":"bus","arr":["R7"],"angle":0.5,"mi":1}},{"type":"Feature","geometry":{"type":"Point","coordinates":[14.183134,40.805956]},"properties":{"lines":"R7","color":"#0059a9","mode":"bus","arr":["R7"],"angle":-66.9}},{"type":"Feature","geometry":{"type":"Point","coordinates":[14.17688,40.801331]},"properties":{"lines":"R7","color":"#0059a9","mode":"bus","arr":["R7"],"angle":-21.2,"extra":1,"ei":0}},{"type":"Feature","geometry":{"type":"Point","coordinates":[14.179204,40.80202]},"properties":{"lines":"R7","color":"#0059a9","mode":"bus","arr":["R7"],"angle":-21.6,"extra":1,"ei":1}},{"type":"Feature","geometry":{"type":"Point","coordinates":[14.181324,40.802958]},"properties":{"lines":"R7","color":"#0059a9","mode":"bus","arr":["R7"],"angle":-52.5,"extra":1,"ei":2}},{"type":"Feature","geometry":{"type":"Point","coordinates":[14.182371,40.804666]},"properties":{"lines":"R7","color":"#0059a9","mode":"bus","arr":["R7"],"angle":-67.1,"extra":1,"ei":3}},{"type":"Feature","geometry":{"type":"Point","coordinates":[14.184389,40.808121]},"properties":{"lines":"R7","color":"#0059a9","mode":"bus","arr":["R7"],"angle":-62.8,"extra":1,"ei":4}},{"type":"Feature","geometry":{"type":"Point","coordinates":[14.185862,40.809637]},"properties":{"lines":"R7","color":"#0059a9","mode":"bus","arr":["R7"],"angle":-47.3,"extra":1,"ei":5}},{"type":"Feature","geometry":{"type":"Point","coordinates":[14.187544,40.811033]},"properties":{"lines":"R7","color":"#0059a9","mode":"bus","arr":["R7"],"angle":-47.3,"extra":1,"ei":6}},{"type":"Feature","geometry":{"type":"Point","coordinates":[14.18783,40.816599]},"properties":{"lines":"R7","color":"#0059a9","mode":"bus","arr":["R7"],"angle":87.1}},{"type":"Feature","geometry":{"type":"Point","coordinates":[14.188572,40.813507]},"properties":{"lines":"R7","color":"#0059a9","mode":"bus","arr":["R7"],"angle":76,"extra":1,"ei":0}},{"type":"Feature","geometry":{"type":"Point","coordinates":[14.187978,40.815341]},"properties":{"lines":"R7","color":"#0059a9","mode":"bus","arr":["R7"],"angle":78.6,"extra":1,"ei":1}},{"type":"Feature","geometry":{"type":"Point","coordinates":[14.18738,40.819072]},"properties":{"lines":"R7","color":"#0059a9","mode":"bus","arr":["R7"],"angle":67.1,"extra":1,"ei":2}},{"type":"Feature","geometry":{"type":"Point","coordinates":[14.191717,40.830336]},"properties":{"lines":"S1","color":"#0059a9","mode":"bus","arr":["S1"],"angle":36}},{"type":"Feature","geometry":{"type":"Point","coordinates":[14.217921,40.846017]},"properties":{"lines":"S2, S5","color":"#0059a9","mode":"bus","arr":["S2","S5"],"angle":6.3,"side":-1}},{"type":"Feature","geometry":{"type":"Point","coordinates":[14.219581,40.846158]},"properties":{"lines":"S2, S5","color":"#0059a9","mode":"bus","arr":["S2","S5"],"angle":-7.6,"extra":1,"ei":0,"side":-1}},{"type":"Feature","geometry":{"type":"Point","coordinates":[14.220867,40.84559]},"properties":{"lines":"S2, S5","color":"#0059a9","mode":"bus","arr":["S2","S5"],"angle":47.4,"mi":1}},{"type":"Feature","geometry":{"type":"Point","coordinates":[14.22221,40.845179]},"properties":{"lines":"S2, S5","color":"#0059a9","mode":"bus","arr":["S2","S5"],"angle":-20.6,"mi":2}},{"type":"Feature","geometry":{"type":"Point","coordinates":[14.221343,40.847145]},"properties":{"lines":"S2","color":"#0059a9","mode":"bus","arr":["S2"],"angle":-32.9}},{"type":"Feature","geometry":{"type":"Point","coordinates":[14.216995,40.846369]},"properties":{"lines":"S2","color":"#0059a9","mode":"bus","arr":["S2"],"angle":39,"mi":1}},{"type":"Feature","geometry":{"type":"Point","coordinates":[14.218687,40.846107]},"properties":{"lines":"S2","color":"#0059a9","mode":"bus","arr":["S2"],"angle":-7.5,"extra":1,"ei":0}},{"type":"Feature","geometry":{"type":"Point","coordinates":[14.187018,40.848563]},"properties":{"lines":"S2, S5","color":"#0059a9","mode":"bus","arr":["S2","S5"],"angle":-56.3}},{"type":"Feature","geometry":{"type":"Point","coordinates":[14.216227,40.851002]},"properties":{"lines":"S2, S5","color":"#0059a9","mode":"bus","arr":["S2","S5"],"angle":16,"mi":3}},{"type":"Feature","geometry":{"type":"Point","coordinates":[14.20313,40.851428]},"properties":{"lines":"S2, S5","color":"#0059a9","mode":"bus","arr":["S2","S5"],"angle":25.5}},{"type":"Feature","geometry":{"type":"Point","coordinates":[14.214733,40.84973]},"properties":{"lines":"S2, S5","color":"#0059a9","mode":"bus","arr":["S2","S5"],"angle":-38,"extra":1,"ei":0}},{"type":"Feature","geometry":{"type":"Point","coordinates":[14.213028,40.848391]},"properties":{"lines":"S2, S5","color":"#0059a9","mode":"bus","arr":["S2","S5"],"angle":-63.6,"extra":1,"ei":1}},{"type":"Feature","geometry":{"type":"Point","coordinates":[14.211276,40.847202]},"properties":{"lines":"S2, S5","color":"#0059a9","mode":"bus","arr":["S2","S5"],"angle":-4,"extra":1,"ei":2}},{"type":"Feature","geometry":{"type":"Point","coordinates":[14.208935,40.847804]},"properties":{"lines":"S2, S5","color":"#0059a9","mode":"bus","arr":["S2","S5"],"angle":23.5,"extra":1,"ei":3}},{"type":"Feature","geometry":{"type":"Point","coordinates":[14.206737,40.848683]},"properties":{"lines":"S2, S5","color":"#0059a9","mode":"bus","arr":["S2","S5"],"angle":39.8,"extra":1,"ei":4}},{"type":"Feature","geometry":{"type":"Point","coordinates":[14.205286,40.850202]},"properties":{"lines":"S2, S5","color":"#0059a9","mode":"bus","arr":["S2","S5"],"angle":54,"extra":1,"ei":5}},{"type":"Feature","geometry":{"type":"Point","coordinates":[14.201047,40.852084]},"properties":{"lines":"S2, S5","color":"#0059a9","mode":"bus","arr":["S2","S5"],"angle":15.3,"extra":1,"ei":6}},{"type":"Feature","geometry":{"type":"Point","coordinates":[14.198582,40.851959]},"properties":{"lines":"S2, S5","color":"#0059a9","mode":"bus","arr":["S2","S5"],"angle":-14.1,"extra":1,"ei":7}},{"type":"Feature","geometry":{"type":"Point","coordinates":[14.196158,40.851514]},"properties":{"lines":"S2, S5","color":"#0059a9","mode":"bus","arr":["S2","S5"],"angle":-10.7,"extra":1,"ei":8}},{"type":"Feature","geometry":{"type":"Point","coordinates":[14.193705,40.851162]},"properties":{"lines":"S2, S5","color":"#0059a9","mode":"bus","arr":["S2","S5"],"angle":-10.3,"extra":1,"ei":9}},{"type":"Feature","geometry":{"type":"Point","coordinates":[14.19123,40.850922]},"properties":{"lines":"S2, S5","color":"#0059a9","mode":"bus","arr":["S2","S5"],"angle":-7.4,"extra":1,"ei":10}},{"type":"Feature","geometry":{"type":"Point","coordinates":[14.188843,40.850468]},"properties":{"lines":"S2, S5","color":"#0059a9","mode":"bus","arr":["S2","S5"],"angle":-44.2,"extra":1,"ei":11}},{"type":"Feature","geometry":{"type":"Point","coordinates":[14.18678,40.847865]},"properties":{"lines":"S2, S5","color":"#0059a9","mode":"bus","arr":["S2","S5"],"angle":-72,"mi":2}},{"type":"Feature","geometry":{"type":"Point","coordinates":[14.187724,40.849022]},"properties":{"lines":"S2, S5","color":"#0059a9","mode":"bus","arr":["S2","S5"],"angle":-47.6,"mi":1}},{"type":"Feature","geometry":{"type":"Point","coordinates":[14.214472,40.837547]},"properties":{"lines":"S3A","color":"#0059a9","mode":"bus","arr":["S3A"],"angle":-67.7}},{"type":"Feature","geometry":{"type":"Point","coordinates":[14.176072,40.821729]},"properties":{"lines":"S4A, S4B","color":"#0059a9","mode":"bus","arr":["S4A","S4B"],"angle":-12.4}},{"type":"Feature","geometry":{"type":"Point","coordinates":[14.161509,40.838621]},"properties":{"lines":"S4A, S4B","color":"#0059a9","mode":"bus","arr":["S4A","S4B"],"angle":-69.3,"mi":3}},{"type":"Feature","geometry":{"type":"Point","coordinates":[14.164524,40.843521]},"properties":{"lines":"S4A, S4B","color":"#0059a9","mode":"bus","arr":["S4A","S4B"],"angle":-89.3}},{"type":"Feature","geometry":{"type":"Point","coordinates":[14.164237,40.84736]},"properties":{"lines":"S4A, S4B","color":"#0059a9","mode":"bus","arr":["S4A","S4B"],"angle":85.5,"mi":1}},{"type":"Feature","geometry":{"type":"Point","coordinates":[14.163851,40.844658]},"properties":{"lines":"S4A, S4B","color":"#0059a9","mode":"bus","arr":["S4A","S4B"],"angle":41.5,"extra":1,"ei":0}},{"type":"Feature","geometry":{"type":"Point","coordinates":[14.162024,40.849178]},"properties":{"lines":"S4A, S4B","color":"#0059a9","mode":"bus","arr":["S4A","S4B"],"angle":65.5,"extra":1,"ei":1}},{"type":"Feature","geometry":{"type":"Point","coordinates":[14.163515,40.851855]},"properties":{"lines":"S4A, S4B","color":"#0059a9","mode":"bus","arr":["S4A","S4B"],"angle":-45.6,"mi":4}},{"type":"Feature","geometry":{"type":"Point","coordinates":[14.165358,40.853483]},"properties":{"lines":"S4A, S4B","color":"#0059a9","mode":"bus","arr":["S4A","S4B"],"angle":-45.1,"side":-1,"mi":6}},{"type":"Feature","geometry":{"type":"Point","coordinates":[14.182685,40.847121]},"properties":{"lines":"S5","color":"#0059a9","mode":"bus","arr":["S5"],"angle":45.4}},{"type":"Feature","geometry":{"type":"Point","coordinates":[14.184174,40.846426]},"properties":{"lines":"S5","color":"#0059a9","mode":"bus","arr":["S5"],"angle":23.5,"extra":1,"ei":0}},{"type":"Feature","geometry":{"type":"Point","coordinates":[14.298829,40.932776]},"properties":{"lines":"169P","color":"#0059a9","mode":"bus","arr":["169P"],"angle":-28,"mi":19}},{"type":"Feature","geometry":{"type":"Point","coordinates":[14.161871,40.856374]},"properties":{"lines":"612, 633, S4A, S5","color":"#0059a9","mode":"bus","arr":["612","633","S4A","S5"],"angle":-4}},{"type":"Feature","geometry":{"type":"Point","coordinates":[14.30497,40.834289]},"properties":{"lines":"412, 421, 422","color":"#d6212b","mode":"tram","arr":["412","421","422"],"angle":45.3,"side":-1}},{"type":"Feature","geometry":{"type":"Point","coordinates":[14.303593,40.835604]},"properties":{"lines":"412, 421, 422","color":"#d6212b","mode":"tram","arr":["412","421","422","173A","194","195","254","421A","455"],"busLines":"173A, 194, 195, 254, 421A, 455","tLines":"254","ntLines":"173A, 194, 195, 421A, 455","angle":43.5,"side":-1}},{"type":"Feature","geometry":{"type":"Point","coordinates":[14.292955,40.840552]},"properties":{"lines":"412, 421, 422","color":"#d6212b","mode":"tram","arr":["412","421","422","173A","194","195","254","421A","455","472"],"busLines":"173A, 194, 195, 254, 421A, 455, 472","tLines":"254","ntLines":"173A, 194, 195, 421A, 455, 472","angle":20.6}},{"type":"Feature","geometry":{"type":"Point","coordinates":[14.301559,40.837143]},"properties":{"lines":"412, 421, 422","color":"#d6212b","mode":"tram","arr":["412","421","422","173A","194","195","254","421A","455","472"],"busLines":"173A, 194, 195, 254, 421A, 455, 472","tLines":"254","ntLines":"173A, 194, 195, 421A, 455, 472","angle":38.5,"extra":1,"ei":0}},{"type":"Feature","geometry":{"type":"Point","coordinates":[14.299496,40.838206]},"properties":{"lines":"412, 421, 422","color":"#d6212b","mode":"tram","arr":["412","421","422","173A","194","195","254","421A","455","472"],"busLines":"173A, 194, 195, 254, 421A, 455, 472","tLines":"254","ntLines":"173A, 194, 195, 421A, 455, 472","angle":33.8,"extra":1,"ei":1}},{"type":"Feature","geometry":{"type":"Point","coordinates":[14.297296,40.839087]},"properties":{"lines":"412, 421, 422","color":"#d6212b","mode":"tram","arr":["412","421","422","173A","194","195","254","421A","455","472"],"busLines":"173A, 194, 195, 254, 421A, 455, 472","tLines":"254","ntLines":"173A, 194, 195, 421A, 455, 472","angle":23.1,"extra":1,"ei":2}},{"type":"Feature","geometry":{"type":"Point","coordinates":[14.295005,40.839837]},"properties":{"lines":"412, 421, 422","color":"#d6212b","mode":"tram","arr":["412","421","422","173A","194","195","254","421A","455","472"],"busLines":"173A, 194, 195, 254, 421A, 455, 472","tLines":"254","ntLines":"173A, 194, 195, 421A, 455, 472","angle":25.3,"extra":1,"ei":3}},{"type":"Feature","geometry":{"type":"Point","coordinates":[14.290483,40.84143]},"properties":{"lines":"412, 421, 422","color":"#d6212b","mode":"tram","arr":["412","421","422","173A","194","195","254","421A","455","472"],"busLines":"173A, 194, 195, 254, 421A, 455, 472","tLines":"254","ntLines":"173A, 194, 195, 421A, 455, 472","angle":26.2,"extra":1,"ei":4}},{"type":"Feature","geometry":{"type":"Point","coordinates":[14.288243,40.842265]},"properties":{"lines":"412, 421, 422","color":"#d6212b","mode":"tram","arr":["412","421","422","173A","194","195","254","421A","455","472"],"busLines":"173A, 194, 195, 254, 421A, 455, 472","tLines":"254","ntLines":"173A, 194, 195, 421A, 455, 472","angle":26.2,"extra":1,"ei":5}},{"type":"Feature","geometry":{"type":"Point","coordinates":[14.285961,40.84303]},"properties":{"lines":"412, 421, 422","color":"#d6212b","mode":"tram","arr":["412","421","422","173A","194","195","254","421A","455","472"],"busLines":"173A, 194, 195, 254, 421A, 455, 472","tLines":"254","ntLines":"173A, 194, 195, 421A, 455, 472","angle":25.1,"extra":1,"ei":6}},{"type":"Feature","geometry":{"type":"Point","coordinates":[14.283798,40.84397]},"properties":{"lines":"412, 421, 422","color":"#d6212b","mode":"tram","arr":["412","421","422","173A","194","195","254","421A","455","472"],"busLines":"173A, 194, 195, 254, 421A, 455, 472","tLines":"254","ntLines":"173A, 194, 195, 421A, 455, 472","angle":30.6,"extra":1,"ei":7}},{"type":"Feature","geometry":{"type":"Point","coordinates":[14.281753,40.844925]},"properties":{"lines":"412, 421, 422","color":"#d6212b","mode":"tram","arr":["412","421","422","116","154","156","173A","175","194","195","196","196BR","254","421A","455","472","475"],"busLines":"116, 154, 156, 173A, 175, 194, 195, 196, 196BR, 254, 421A, 455, 472, 475","tLines":"254","ntLines":"116, 154, 156, 173A, 175, 194, 195, 196, 196BR, 421A, 455, 472, 475","angle":30.2,"side":-1}},{"type":"Feature","geometry":{"type":"Point","coordinates":[14.280341,40.845548]},"properties":{"lines":"412, 421, 422","color":"#d6212b","mode":"tram","arr":["412","421","422","116","154","173A","175","194","195","196","196BR","254","421A","455","472","475","R2"],"busLines":"116, 154, 173A, 175, 194, 195, 196, 196BR, 254, 421A, 455, 472, 475, R2","tLines":"254","ntLines":"116, 154, 173A, 175, 194, 195, 196, 196BR, 421A, 455, 472, 475, R2","angle":30.2,"side":-1}},{"type":"Feature","geometry":{"type":"Point","coordinates":[14.279698,40.84583]},"properties":{"lines":"412, 421, 422","color":"#d6212b","mode":"tram","arr":["412","421","422","116","154","173A","175","194","195","196","196BR","254","421A","455","460","472","475","N1","N3","N5","R2"],"busLines":"116, 154, 173A, 175, 194, 195, 196, 196BR, 254, 421A, 455, 460, 472, 475, N1, N3, N5, R2","tLines":"254","ntLines":"116, 154, 173A, 175, 194, 195, 196, 196BR, 421A, 455, 460, 472, 475, N1, N3, N5, R2","angle":30,"side":-1}},{"type":"Feature","geometry":{"type":"Point","coordinates":[14.278529,40.84632]},"properties":{"lines":"412, 421, 422","color":"#d6212b","mode":"tram","arr":["412","421","422","116","154","173A","175","194","195","196","254","421A","455","460","472","475","N1","N3","N5","R2"],"busLines":"116, 154, 173A, 175, 194, 195, 196, 254, 421A, 455, 460, 472, 475, N1, N3, N5, R2","tLines":"254","ntLines":"116, 154, 173A, 175, 194, 195, 196, 421A, 455, 460, 472, 475, N1, N3, N5, R2","angle":25.7,"side":-1}},{"type":"Feature","geometry":{"type":"Point","coordinates":[14.277279,40.846672]},"properties":{"lines":"412, 421, 422","color":"#d6212b","mode":"tram","arr":["412","421","422","116","154","156","175","195","196","196BR","254","421A","455","472","475","ALIB"],"busLines":"116, 154, 156, 175, 195, 196, 196BR, 254, 421A, 455, 472, 475, ALIB","tLines":"254","ntLines":"116, 154, 156, 175, 195, 196, 196BR, 421A, 455, 472, 475, ALIB","angle":11.1,"side":-1}},{"type":"Feature","geometry":{"type":"Point","coordinates":[14.272981,40.846531]},"properties":{"lines":"412, 421, 422","color":"#d6212b","mode":"tram","arr":["412","421","422","116","154","175","195","196","254","421A","455","472","475","ALIB"],"busLines":"116, 154, 175, 195, 196, 254, 421A, 455, 472, 475, ALIB","tLines":"254","ntLines":"116, 154, 175, 195, 196, 421A, 455, 472, 475, ALIB","angle":-4.9}},{"type":"Feature","geometry":{"type":"Point","coordinates":[14.275588,40.846692]},"properties":{"lines":"412, 421, 422","color":"#d6212b","mode":"tram","arr":["412","421","422","116","154","175","195","196","254","421A","455","472","475","ALIB"],"busLines":"116, 154, 175, 195, 196, 254, 421A, 455, 472, 475, ALIB","tLines":"254","ntLines":"116, 154, 175, 195, 196, 421A, 455, 472, 475, ALIB","angle":-3.3,"extra":1,"ei":0}},{"type":"Feature","geometry":{"type":"Point","coordinates":[14.270613,40.846375]},"properties":{"lines":"412, 421, 422","color":"#d6212b","mode":"tram","arr":["412","421","422","116","154","175","195","196","254","421A","455","472","475","ALIB"],"busLines":"116, 154, 175, 195, 196, 254, 421A, 455, 472, 475, ALIB","tLines":"254","ntLines":"116, 154, 175, 195, 196, 421A, 455, 472, 475, ALIB","angle":-5.4,"extra":1,"ei":1}},{"type":"Feature","geometry":{"type":"Point","coordinates":[14.268745,40.848948]},"properties":{"lines":"412, 421, 422","color":"#d6212b","mode":"tram","arr":["412","421","422","116","151","175","195","196","202","254","302","455","472","475","ALIB"],"busLines":"116, 151, 175, 195, 196, 202, 254, 302, 455, 472, 475, ALIB","tLines":"202, 254","ntLines":"116, 151, 175, 195, 196, 302, 455, 472, 475, ALIB","angle":82.4}},{"type":"Feature","geometry":{"type":"Point","coordinates":[14.269032,40.847321]},"properties":{"lines":"412, 421, 422","color":"#d6212b","mode":"tram","arr":["412","421","422","116","151","175","195","196","202","254","302","455","472","475","ALIB"],"busLines":"116, 151, 175, 195, 196, 202, 254, 302, 455, 472, 475, ALIB","tLines":"202, 254","ntLines":"116, 151, 175, 195, 196, 302, 455, 472, 475, ALIB","angle":82.5,"extra":1,"ei":0}},{"type":"Feature","geometry":{"type":"Point","coordinates":[14.268374,40.851065]},"properties":{"lines":"412, 421, 422","color":"#d6212b","mode":"tram","arr":["412","421","422","116","151","175","195","196","202","254","302","455","472","475","ALIB"],"busLines":"116, 151, 175, 195, 196, 202, 254, 302, 455, 472, 475, ALIB","tLines":"202, 254","ntLines":"116, 151, 175, 195, 196, 302, 455, 472, 475, ALIB","angle":82.6,"extra":1,"ei":1}},{"type":"Feature","geometry":{"type":"Point","coordinates":[14.268202,40.852069]},"properties":{"lines":"412, 421, 422","color":"#d6212b","mode":"tram","arr":["412","421","422","116","151","175","195","196","202","254","302","455","460","472","475","ALIB","C56","N1","N3","R2"],"busLines":"116, 151, 175, 195, 196, 202, 254, 302, 455, 460, 472, 475, ALIB, C56, N1, N3, R2","tLines":"202, 254","ntLines":"116, 151, 175, 195, 196, 302, 455, 460, 472, 475, ALIB, C56, N1, N3, R2","angle":82.7}},{"type":"Feature","geometry":{"type":"Point","coordinates":[14.267991,40.853295]},"properties":{"lines":"412, 421, 422","color":"#d6212b","mode":"tram","arr":["412","421","422","130","151","169","202","254","302","460","C56"],"busLines":"130, 151, 169, 202, 254, 302, 460, C56","tLines":"202, 254","ntLines":"130, 151, 169, 302, 460, C56","angle":82.6}},{"type":"Feature","geometry":{"type":"Point","coordinates":[14.267815,40.853955]},"properties":{"lines":"412, 421, 422","color":"#d6212b","mode":"tram","arr":["412","421","422","130","169","202","254","302","460","C56"],"busLines":"130, 169, 202, 254, 302, 460, C56","tLines":"202, 254","ntLines":"130, 169, 302, 460, C56","angle":75.4}},{"type":"Feature","geometry":{"type":"Point","coordinates":[14.267648,40.85473]},"properties":{"lines":"412, 421, 422","color":"#d6212b","mode":"tram","arr":["412","421","422","130","169","202","254","302","C56"],"busLines":"130, 169, 202, 254, 302, C56","tLines":"202, 254","ntLines":"130, 169, 302, C56","angle":82.4}},{"type":"Feature","geometry":{"type":"Point","coordinates":[14.269155,40.856114]},"properties":{"lines":"412, 421, 422","color":"#d6212b","mode":"tram","arr":["412","421","422","130","169"],"busLines":"130, 169","angle":-32.1}},{"type":"Feature","geometry":{"type":"Point","coordinates":[14.270679,40.856857]},"properties":{"lines":"412, 421, 422","color":"#d6212b","mode":"tram","arr":["412","421","422","130","169"],"busLines":"130, 169","angle":-32.7,"extra":1,"ei":0}},{"type":"Feature","geometry":{"type":"Point","coordinates":[14.271849,40.857416]},"properties":{"lines":"412, 421, 422","color":"#d6212b","mode":"tram","arr":["412","421","422","130","169","191","ALIB"],"busLines":"130, 169, 191, ALIB","angle":-32.3}},{"type":"Feature","geometry":{"type":"Point","coordinates":[14.268696,40.84896]},"properties":{"lines":"422","color":"#d6212b","mode":"tram","arr":["422","116","151","175","195","196","202","254","302","455","472","475","ALIB"],"busLines":"116, 151, 175, 195, 196, 202, 254, 302, 455, 472, 475, ALIB","tLines":"202, 254","ntLines":"116, 151, 175, 195, 196, 302, 455, 472, 475, ALIB","angle":82.4}},{"type":"Feature","geometry":{"type":"Point","coordinates":[14.268972,40.847389]},"properties":{"lines":"422","color":"#d6212b","mode":"tram","arr":["422","116","151","175","195","196","202","254","302","455","472","475","ALIB"],"busLines":"116, 151, 175, 195, 196, 202, 254, 302, 455, 472, 475, ALIB","tLines":"202, 254","ntLines":"116, 151, 175, 195, 196, 302, 455, 472, 475, ALIB","angle":82.7,"extra":1,"ei":0,"side":-1}},{"type":"Feature","geometry":{"type":"Point","coordinates":[14.268321,40.851134]},"properties":{"lines":"422","color":"#d6212b","mode":"tram","arr":["422","116","151","175","195","196","202","254","302","455","472","475","ALIB"],"busLines":"116, 151, 175, 195, 196, 202, 254, 302, 455, 472, 475, ALIB","tLines":"202, 254","ntLines":"116, 151, 175, 195, 196, 302, 455, 472, 475, ALIB","angle":82.9,"extra":1,"ei":1}},{"type":"Feature","geometry":{"type":"Point","coordinates":[14.268185,40.851914]},"properties":{"lines":"422","color":"#d6212b","mode":"tram","arr":["422","116","151","175","195","196","202","254","302","455","460","472","475","ALIB","C56","N1","N3","R2"],"busLines":"116, 151, 175, 195, 196, 202, 254, 302, 455, 460, 472, 475, ALIB, C56, N1, N3, R2","tLines":"202, 254","ntLines":"116, 151, 175, 195, 196, 302, 455, 460, 472, 475, ALIB, C56, N1, N3, R2","angle":82.7}},{"type":"Feature","geometry":{"type":"Point","coordinates":[14.268058,40.852695]},"properties":{"lines":"422","color":"#d6212b","mode":"tram","arr":["422","130","151","169","202","254","302","455","460","472","475","ALIB","C56","N1","N3","R2"],"busLines":"130, 151, 169, 202, 254, 302, 455, 460, 472, 475, ALIB, C56, N1, N3, R2","tLines":"202, 254","ntLines":"130, 151, 169, 302, 455, 460, 472, 475, ALIB, C56, N1, N3, R2","angle":82.8}},{"type":"Feature","geometry":{"type":"Point","coordinates":[14.267923,40.853475]},"properties":{"lines":"422","color":"#d6212b","mode":"tram","arr":["422","130","151","169","202","254","302","460","C56"],"busLines":"130, 151, 169, 202, 254, 302, 460, C56","tLines":"202, 254","ntLines":"130, 151, 169, 302, 460, C56","angle":81}},{"type":"Feature","geometry":{"type":"Point","coordinates":[14.267598,40.854798]},"properties":{"lines":"422","color":"#d6212b","mode":"tram","arr":["422","130","169","202","254","302","C56"],"busLines":"130, 169, 202, 254, 302, C56","tLines":"202, 254","ntLines":"130, 169, 302, C56","angle":82.6}},{"type":"Feature","geometry":{"type":"Point","coordinates":[14.269187,40.856157]},"properties":{"lines":"422","color":"#d6212b","mode":"tram","arr":["422","130","169"],"busLines":"130, 169","angle":-32.1}},{"type":"Feature","geometry":{"type":"Point","coordinates":[14.271814,40.857431]},"properties":{"lines":"422","color":"#d6212b","mode":"tram","arr":["422","130","169","191","ALIB"],"busLines":"130, 169, 191, ALIB","angle":-32.4}},{"type":"Feature","geometry":{"type":"Point","coordinates":[14.273442,40.858536]},"properties":{"lines":"422","color":"#d6212b","mode":"tram","arr":["422"],"angle":-24.7}},{"type":"Feature","geometry":{"type":"Point","coordinates":[14.273334,40.858458]},"properties":{"lines":"412, 421","color":"#d6212b","mode":"tram","arr":["412","421"],"angle":-32.4}},{"type":"Feature","geometry":{"type":"Point","coordinates":[14.275408,40.859141]},"properties":{"lines":"412, 421","color":"#d6212b","mode":"tram","arr":["412","421","130","169","ALIB"],"busLines":"130, 169, ALIB","angle":-32.7}},{"type":"Feature","geometry":{"type":"Point","coordinates":[14.280319,40.86147]},"properties":{"lines":"412, 421","color":"#d6212b","mode":"tram","arr":["412","421","130","169"],"busLines":"130, 169","angle":-32.1}},{"type":"Feature","geometry":{"type":"Point","coordinates":[14.277474,40.86012]},"properties":{"lines":"412, 421","color":"#d6212b","mode":"tram","arr":["412","421","130","169"],"busLines":"130, 169","angle":-32.1,"extra":1,"ei":0}},{"type":"Feature","geometry":{"type":"Point","coordinates":[14.2817,40.862132]},"properties":{"lines":"412, 421","color":"#d6212b","mode":"tram","arr":["412","421","130","169"],"busLines":"130, 169","angle":-33,"extra":1,"ei":1}},{"type":"Feature","geometry":{"type":"Point","coordinates":[14.283794,40.86316]},"properties":{"lines":"412, 421","color":"#d6212b","mode":"tram","arr":["412","421","130","169"],"busLines":"130, 169","angle":-32.7,"extra":1,"ei":2}},{"type":"Feature","geometry":{"type":"Point","coordinates":[14.286081,40.864252]},"properties":{"lines":"412, 421","color":"#d6212b","mode":"tram","arr":["412","421","169"],"busLines":"169","angle":-32.2}},{"type":"Feature","geometry":{"type":"Point","coordinates":[14.289383,40.865822]},"properties":{"lines":"412, 421","color":"#d6212b","mode":"tram","arr":["412","421"],"angle":-32.2}},{"type":"Feature","geometry":{"type":"Point","coordinates":[14.256347,40.84095]},"properties":{"lines":"412, 421","color":"#d6212b","mode":"tram","arr":["412","421","151","154","421A","N1"],"busLines":"151, 154, 421A, N1","angle":-59.6}},{"type":"Feature","geometry":{"type":"Point","coordinates":[14.262414,40.845612]},"properties":{"lines":"412, 421","color":"#d6212b","mode":"tram","arr":["412","421","151","154","202","302","421A","ALIB"],"busLines":"151, 154, 202, 302, 421A, ALIB","tLines":"202","ntLines":"151, 154, 302, 421A, ALIB","angle":-18.6}},{"type":"Feature","geometry":{"type":"Point","coordinates":[14.257956,40.842951]},"properties":{"lines":"412, 421","color":"#d6212b","mode":"tram","arr":["412","421","151","154","202","302","421A","ALIB"],"busLines":"151, 154, 202, 302, 421A, ALIB","tLines":"202","ntLines":"151, 154, 302, 421A, ALIB","angle":-64.9,"extra":1,"ei":0}},{"type":"Feature","geometry":{"type":"Point","coordinates":[14.25953,40.84439]},"properties":{"lines":"412, 421","color":"#d6212b","mode":"tram","arr":["412","421","151","154","202","302","421A","ALIB"],"busLines":"151, 154, 202, 302, 421A, ALIB","tLines":"202","ntLines":"151, 154, 302, 421A, ALIB","angle":-39.7,"extra":1,"ei":1}},{"type":"Feature","geometry":{"type":"Point","coordinates":[14.264032,40.845898]},"properties":{"lines":"412, 421","color":"#d6212b","mode":"tram","arr":["412","421","151","154","202","302","421A","ALIB"],"busLines":"151, 154, 202, 302, 421A, ALIB","tLines":"202","ntLines":"151, 154, 302, 421A, ALIB","angle":-9.7,"extra":1,"ei":2}},{"type":"Feature","geometry":{"type":"Point","coordinates":[14.266513,40.846102]},"properties":{"lines":"412, 421","color":"#d6212b","mode":"tram","arr":["412","421","151","154","202","302","421A","ALIB"],"busLines":"151, 154, 202, 302, 421A, ALIB","tLines":"202","ntLines":"151, 154, 302, 421A, ALIB","angle":-5.1,"extra":1,"ei":3}},{"type":"Feature","geometry":{"type":"Point","coordinates":[14.269,40.846265]},"properties":{"lines":"412, 421","color":"#d6212b","mode":"tram","arr":["412","421","151","154","202","302","421A","ALIB"],"busLines":"151, 154, 202, 302, 421A, ALIB","tLines":"202","ntLines":"151, 154, 302, 421A, ALIB","angle":-5,"extra":1,"ei":4,"side":-1}},{"type":"Feature","geometry":{"type":"Point","coordinates":[14.273259,40.857723]},"properties":{"lines":"422","color":"#d6212b","mode":"tram","arr":["422"],"angle":9.4,"mi":1}},{"type":"Feature","geometry":{"type":"Point","coordinates":[14.274609,40.858071]},"properties":{"lines":"422","color":"#d6212b","mode":"tram","arr":["422"],"angle":-69.8,"side":-1,"mi":2}},{"type":"Feature","geometry":{"type":"Point","coordinates":[14.221924,40.866523]},"properties":{"lines":"L1","color":"#F8E414","mode":"tram","arr":["L1"],"metro":1,"angle":-55.3}},{"type":"Feature","geometry":{"type":"Point","coordinates":[14.268963,40.851731]},"properties":{"lines":"L1","color":"#F8E414","mode":"tram","arr":["L1"],"metro":1,"angle":-9.8}},{"type":"Feature","geometry":{"type":"Point","coordinates":[14.242069,40.855069]},"properties":{"lines":"L1","color":"#F8E414","mode":"tram","arr":["L1"],"metro":1,"angle":-43.2,"mi":3}},{"type":"Feature","geometry":{"type":"Point","coordinates":[14.251164,40.852282]},"properties":{"lines":"L1","color":"#F8E414","mode":"tram","arr":["L1"],"metro":1,"angle":-80.3}},{"type":"Feature","geometry":{"type":"Point","coordinates":[14.248742,40.840927]},"properties":{"lines":"L1","color":"#F8E414","mode":"tram","arr":["L1"],"metro":1,"angle":81.2,"mi":4}},{"type":"Feature","geometry":{"type":"Point","coordinates":[14.239384,40.893203]},"properties":{"lines":"L1","color":"#F8E414","mode":"tram","arr":["L1"],"metro":1,"angle":35,"extra":1,"ei":0}},{"type":"Feature","geometry":{"type":"Point","coordinates":[14.237273,40.894204]},"properties":{"lines":"L1","color":"#F8E414","mode":"tram","arr":["L1"],"metro":1,"angle":24,"extra":1,"ei":1}},{"type":"Feature","geometry":{"type":"Point","coordinates":[14.234981,40.894951]},"properties":{"lines":"L1","color":"#F8E414","mode":"tram","arr":["L1"],"metro":1,"angle":23.3,"extra":1,"ei":2}},{"type":"Feature","geometry":{"type":"Point","coordinates":[14.232595,40.895456]},"properties":{"lines":"L1","color":"#F8E414","mode":"tram","arr":["L1"],"metro":1,"angle":2.1,"extra":1,"ei":3}},{"type":"Feature","geometry":{"type":"Point","coordinates":[14.230107,40.895308]},"properties":{"lines":"L1","color":"#F8E414","mode":"tram","arr":["L1"],"metro":1,"angle":-5.6,"extra":1,"ei":4}},{"type":"Feature","geometry":{"type":"Point","coordinates":[14.227701,40.894882]},"properties":{"lines":"L1","color":"#F8E414","mode":"tram","arr":["L1"],"metro":1,"angle":-30.3,"extra":1,"ei":5}},{"type":"Feature","geometry":{"type":"Point","coordinates":[14.226018,40.893514]},"properties":{"lines":"L1","color":"#F8E414","mode":"tram","arr":["L1"],"metro":1,"angle":-55.2,"extra":1,"ei":6}},{"type":"Feature","geometry":{"type":"Point","coordinates":[14.224596,40.891962]},"properties":{"lines":"L1","color":"#F8E414","mode":"tram","arr":["L1"],"metro":1,"angle":-55.2,"extra":1,"ei":7}},{"type":"Feature","geometry":{"type":"Point","coordinates":[14.223179,40.890408]},"properties":{"lines":"L1","color":"#F8E414","mode":"tram","arr":["L1"],"metro":1,"angle":-55,"extra":1,"ei":8}},{"type":"Feature","geometry":{"type":"Point","coordinates":[14.221972,40.88877]},"properties":{"lines":"L1","color":"#F8E414","mode":"tram","arr":["L1"],"metro":1,"angle":-76.4,"extra":1,"ei":9}},{"type":"Feature","geometry":{"type":"Point","coordinates":[14.222243,40.88693]},"properties":{"lines":"L1","color":"#F8E414","mode":"tram","arr":["L1"],"metro":1,"angle":63.7,"extra":1,"ei":10}},{"type":"Feature","geometry":{"type":"Point","coordinates":[14.223956,40.885587]},"properties":{"lines":"L1","color":"#F8E414","mode":"tram","arr":["L1"],"metro":1,"angle":36.7,"extra":1,"ei":11}},{"type":"Feature","geometry":{"type":"Point","coordinates":[14.22596,40.88446]},"properties":{"lines":"L1","color":"#F8E414","mode":"tram","arr":["L1"],"metro":1,"angle":36.6,"extra":1,"ei":12}},{"type":"Feature","geometry":{"type":"Point","coordinates":[14.227957,40.883327]},"properties":{"lines":"L1","color":"#F8E414","mode":"tram","arr":["L1"],"metro":1,"angle":38.6,"extra":1,"ei":13}},{"type":"Feature","geometry":{"type":"Point","coordinates":[14.229726,40.882]},"properties":{"lines":"L1","color":"#F8E414","mode":"tram","arr":["L1"],"metro":1,"angle":50.9,"extra":1,"ei":14}},{"type":"Feature","geometry":{"type":"Point","coordinates":[14.231089,40.880421]},"properties":{"lines":"L1","color":"#F8E414","mode":"tram","arr":["L1"],"metro":1,"angle":62.4,"extra":1,"ei":15}},{"type":"Feature","geometry":{"type":"Point","coordinates":[14.231983,40.878665]},"properties":{"lines":"L1","color":"#F8E414","mode":"tram","arr":["L1"],"metro":1,"angle":77.3,"extra":1,"ei":16}},{"type":"Feature","geometry":{"type":"Point","coordinates":[14.232146,40.876788]},"properties":{"lines":"L1","color":"#F8E414","mode":"tram","arr":["L1"],"metro":1,"angle":-85.5,"extra":1,"ei":17}},{"type":"Feature","geometry":{"type":"Point","coordinates":[14.231915,40.874908]},"properties":{"lines":"L1","color":"#F8E414","mode":"tram","arr":["L1"],"metro":1,"angle":-84.7,"extra":1,"ei":18}},{"type":"Feature","geometry":{"type":"Point","coordinates":[14.231628,40.873033]},"properties":{"lines":"L1","color":"#F8E414","mode":"tram","arr":["L1"],"metro":1,"angle":-76.2,"extra":1,"ei":19}},{"type":"Feature","geometry":{"type":"Point","coordinates":[14.230445,40.871394]},"properties":{"lines":"L1","color":"#F8E414","mode":"tram","arr":["L1"],"metro":1,"angle":-48.3,"extra":1,"ei":20}},{"type":"Feature","geometry":{"type":"Point","coordinates":[14.228753,40.870005]},"properties":{"lines":"L1","color":"#F8E414","mode":"tram","arr":["L1"],"metro":1,"angle":-47.6,"extra":1,"ei":21}},{"type":"Feature","geometry":{"type":"Point","coordinates":[14.227011,40.868656]},"properties":{"lines":"L1","color":"#F8E414","mode":"tram","arr":["L1"],"metro":1,"angle":-38,"extra":1,"ei":22}},{"type":"Feature","geometry":{"type":"Point","coordinates":[14.224748,40.867915]},"properties":{"lines":"L1","color":"#F8E414","mode":"tram","arr":["L1"],"metro":1,"angle":-13.8,"extra":1,"ei":23}},{"type":"Feature","geometry":{"type":"Point","coordinates":[14.220631,40.863665]},"properties":{"lines":"L1","color":"#F8E414","mode":"tram","arr":["L1"],"metro":1,"angle":-79.9,"extra":1,"ei":24}},{"type":"Feature","geometry":{"type":"Point","coordinates":[14.220193,40.861806]},"properties":{"lines":"L1","color":"#F8E414","mode":"tram","arr":["L1"],"metro":1,"angle":-80.3,"extra":1,"ei":25}},{"type":"Feature","geometry":{"type":"Point","coordinates":[14.219809,40.85994]},"properties":{"lines":"L1","color":"#F8E414","mode":"tram","arr":["L1"],"metro":1,"angle":-81.5,"extra":1,"ei":26}},{"type":"Feature","geometry":{"type":"Point","coordinates":[14.219676,40.858062]},"properties":{"lines":"L1","color":"#F8E414","mode":"tram","arr":["L1"],"metro":1,"angle":82.8,"extra":1,"ei":27}},{"type":"Feature","geometry":{"type":"Point","coordinates":[14.220899,40.856459]},"properties":{"lines":"L1","color":"#F8E414","mode":"tram","arr":["L1"],"metro":1,"angle":40,"extra":1,"ei":28}},{"type":"Feature","geometry":{"type":"Point","coordinates":[14.223223,40.855857]},"properties":{"lines":"L1","color":"#F8E414","mode":"tram","arr":["L1"],"metro":1,"angle":5.5,"extra":1,"ei":29}},{"type":"Feature","geometry":{"type":"Point","coordinates":[14.225719,40.855802]},"properties":{"lines":"L1","color":"#F8E414","mode":"tram","arr":["L1"],"metro":1,"angle":1.8,"extra":1,"ei":30}},{"type":"Feature","geometry":{"type":"Point","coordinates":[14.228143,40.855453]},"properties":{"lines":"L1","color":"#F8E414","mode":"tram","arr":["L1"],"metro":1,"angle":27.7,"extra":1,"ei":31}},{"type":"Feature","geometry":{"type":"Point","coordinates":[14.229912,40.854159]},"properties":{"lines":"L1","color":"#F8E414","mode":"tram","arr":["L1"],"metro":1,"angle":61.1,"extra":1,"ei":32}},{"type":"Feature","geometry":{"type":"Point","coordinates":[14.230483,40.852338]},"properties":{"lines":"L1","color":"#F8E414","mode":"tram","arr":["L1"],"metro":1,"angle":83.2,"extra":1,"ei":33}},{"type":"Feature","geometry":{"type":"Point","coordinates":[14.230794,40.850464]},"properties":{"lines":"L1","color":"#F8E414","mode":"tram","arr":["L1"],"metro":1,"angle":83.5,"extra":1,"ei":34}},{"type":"Feature","geometry":{"type":"Point","coordinates":[14.231052,40.848586]},"properties":{"lines":"L1","color":"#F8E414","mode":"tram","arr":["L1"],"metro":1,"angle":84.1,"extra":1,"ei":35}},{"type":"Feature","geometry":{"type":"Point","coordinates":[14.231318,40.846708]},"properties":{"lines":"L1","color":"#F8E414","mode":"tram","arr":["L1"],"metro":1,"angle":83.8,"extra":1,"ei":36}},{"type":"Feature","geometry":{"type":"Point","coordinates":[14.231586,40.84483]},"properties":{"lines":"L1","color":"#F8E414","mode":"tram","arr":["L1"],"metro":1,"angle":84,"extra":1,"ei":37}},{"type":"Feature","geometry":{"type":"Point","coordinates":[14.231752,40.84295]},"properties":{"lines":"L1","color":"#F8E414","mode":"tram","arr":["L1"],"metro":1,"angle":-81.1,"extra":1,"ei":38}},{"type":"Feature","geometry":{"type":"Point","coordinates":[14.230141,40.841596]},"properties":{"lines":"L1","color":"#F8E414","mode":"tram","arr":["L1"],"metro":1,"angle":-28.4,"extra":1,"ei":39}},{"type":"Feature","geometry":{"type":"Point","coordinates":[14.227724,40.84136]},"properties":{"lines":"L1","color":"#F8E414","mode":"tram","arr":["L1"],"metro":1,"angle":11.3,"extra":1,"ei":40}},{"type":"Feature","geometry":{"type":"Point","coordinates":[14.225689,40.842367]},"properties":{"lines":"L1","color":"#F8E414","mode":"tram","arr":["L1"],"metro":1,"angle":53.1,"extra":1,"ei":41}},{"type":"Feature","geometry":{"type":"Point","coordinates":[14.224938,40.844133]},"properties":{"lines":"L1","color":"#F8E414","mode":"tram","arr":["L1"],"metro":1,"angle":87,"extra":1,"ei":42,"side":-1}},{"type":"Feature","geometry":{"type":"Point","coordinates":[14.225186,40.846002]},"properties":{"lines":"L1","color":"#F8E414","mode":"tram","arr":["L1"],"metro":1,"angle":-75,"extra":1,"ei":43}},{"type":"Feature","geometry":{"type":"Point","coordinates":[14.225962,40.847787]},"properties":{"lines":"L1","color":"#F8E414","mode":"tram","arr":["L1"],"metro":1,"angle":-57.9,"extra":1,"ei":44}},{"type":"Feature","geometry":{"type":"Point","coordinates":[14.228006,40.848783]},"properties":{"lines":"L1","color":"#F8E414","mode":"tram","arr":["L1"],"metro":1,"angle":-17.7,"extra":1,"ei":45}},{"type":"Feature","geometry":{"type":"Point","coordinates":[14.232763,40.849931]},"properties":{"lines":"L1","color":"#F8E414","mode":"tram","arr":["L1"],"metro":1,"angle":-17.7,"extra":1,"ei":46}},{"type":"Feature","geometry":{"type":"Point","coordinates":[14.234695,40.850691]},"properties":{"lines":"L1","color":"#F8E414","mode":"tram","arr":["L1"],"metro":1,"angle":-21.4,"extra":1,"ei":0}},{"type":"Feature","geometry":{"type":"Point","coordinates":[14.236876,40.851604]},"properties":{"lines":"L1","color":"#F8E414","mode":"tram","arr":["L1"],"metro":1,"angle":-32,"extra":1,"ei":1}},{"type":"Feature","geometry":{"type":"Point","coordinates":[14.238834,40.852765]},"properties":{"lines":"L1","color":"#F8E414","mode":"tram","arr":["L1"],"metro":1,"angle":-43.3,"extra":1,"ei":2}},{"type":"Feature","geometry":{"type":"Point","coordinates":[14.240652,40.85406]},"properties":{"lines":"L1","color":"#F8E414","mode":"tram","arr":["L1"],"metro":1,"angle":-43.3,"extra":1,"ei":3}},{"type":"Feature","geometry":{"type":"Point","coordinates":[14.244496,40.856447]},"properties":{"lines":"L1","color":"#F8E414","mode":"tram","arr":["L1"],"metro":1,"angle":-30.4,"extra":1,"ei":4}},{"type":"Feature","geometry":{"type":"Point","coordinates":[14.246678,40.857363]},"properties":{"lines":"L1","color":"#F8E414","mode":"tram","arr":["L1"],"metro":1,"angle":-24.9,"extra":1,"ei":5}},{"type":"Feature","geometry":{"type":"Point","coordinates":[14.249098,40.857591]},"properties":{"lines":"L1","color":"#F8E414","mode":"tram","arr":["L1"],"metro":1,"angle":11.5,"extra":1,"ei":6}},{"type":"Feature","geometry":{"type":"Point","coordinates":[14.25126,40.856735]},"properties":{"lines":"L1","color":"#F8E414","mode":"tram","arr":["L1"],"metro":1,"angle":47.5,"extra":1,"ei":7}},{"type":"Feature","geometry":{"type":"Point","coordinates":[14.251828,40.855254]},"properties":{"lines":"L1","color":"#F8E414","mode":"tram","arr":["L1"],"metro":1,"angle":80.3,"extra":1,"ei":0}},{"type":"Feature","geometry":{"type":"Point","coordinates":[14.25036,40.849743]},"properties":{"lines":"L1","color":"#F8E414","mode":"tram","arr":["L1"],"metro":1,"angle":-64.8,"extra":1,"ei":1}},{"type":"Feature","geometry":{"type":"Point","coordinates":[14.253695,40.840057]},"properties":{"lines":"L1","color":"#F8E414","mode":"tram","arr":["L1"],"metro":1,"angle":-34.3,"extra":1,"ei":0}},{"type":"Feature","geometry":{"type":"Point","coordinates":[14.254708,40.841705]},"properties":{"lines":"L1","color":"#F8E414","mode":"tram","arr":["L1"],"metro":1,"angle":-86.6,"extra":1,"ei":1,"side":-1}},{"type":"Feature","geometry":{"type":"Point","coordinates":[14.255464,40.843454]},"properties":{"lines":"L1","color":"#F8E414","mode":"tram","arr":["L1"],"metro":1,"angle":-54.1,"extra":1,"ei":2,"side":-1}},{"type":"Feature","geometry":{"type":"Point","coordinates":[14.257243,40.844756]},"properties":{"lines":"L1","color":"#F8E414","mode":"tram","arr":["L1"],"metro":1,"angle":-35.7,"extra":1,"ei":3,"side":-1}},{"type":"Feature","geometry":{"type":"Point","coordinates":[14.259159,40.845965]},"properties":{"lines":"L1","color":"#F8E414","mode":"tram","arr":["L1"],"metro":1,"angle":-40.6,"extra":1,"ei":4,"side":-1}},{"type":"Feature","geometry":{"type":"Point","coordinates":[14.261056,40.847193]},"properties":{"lines":"L1","color":"#F8E414","mode":"tram","arr":["L1"],"metro":1,"angle":-40.6,"extra":1,"ei":5,"side":-1}},{"type":"Feature","geometry":{"type":"Point","coordinates":[14.262951,40.848422]},"properties":{"lines":"L1","color":"#F8E414","mode":"tram","arr":["L1"],"metro":1,"angle":-40.6,"extra":1,"ei":6,"side":-1}},{"type":"Feature","geometry":{"type":"Point","coordinates":[14.264845,40.849653]},"properties":{"lines":"L1","color":"#F8E414","mode":"tram","arr":["L1"],"metro":1,"angle":-40.7,"extra":1,"ei":7,"side":-1}},{"type":"Feature","geometry":{"type":"Point","coordinates":[14.266739,40.850884]},"properties":{"lines":"L1","color":"#F8E414","mode":"tram","arr":["L1"],"metro":1,"angle":-40.4,"extra":1,"ei":8,"side":-1}},{"type":"Feature","geometry":{"type":"Point","coordinates":[14.271407,40.85194]},"properties":{"lines":"L1","color":"#F8E414","mode":"tram","arr":["L1"],"metro":1,"angle":2.1,"extra":1,"ei":9,"side":-1}},{"type":"Feature","geometry":{"type":"Point","coordinates":[14.273784,40.851392]},"properties":{"lines":"L1","color":"#F8E414","mode":"tram","arr":["L1"],"metro":1,"angle":20.6,"extra":1,"ei":10}},{"type":"Feature","geometry":{"type":"Point","coordinates":[14.276121,40.850727]},"properties":{"lines":"L1","color":"#F8E414","mode":"tram","arr":["L1"],"metro":1,"angle":20.6,"extra":1,"ei":11}},{"type":"Feature","geometry":{"type":"Point","coordinates":[14.278459,40.850065]},"properties":{"lines":"L1","color":"#F8E414","mode":"tram","arr":["L1"],"metro":1,"angle":18.2,"extra":1,"ei":12}},{"type":"Feature","geometry":{"type":"Point","coordinates":[14.280871,40.850142]},"properties":{"lines":"L1","color":"#F8E414","mode":"tram","arr":["L1"],"metro":1,"angle":-27.5,"extra":1,"ei":13}},{"type":"Feature","geometry":{"type":"Point","coordinates":[14.282563,40.851482]},"properties":{"lines":"L1","color":"#F8E414","mode":"tram","arr":["L1"],"metro":1,"angle":-66.2,"extra":1,"ei":14}},{"type":"Feature","geometry":{"type":"Point","coordinates":[14.282602,40.853341]},"properties":{"lines":"L1","color":"#F8E414","mode":"tram","arr":["L1"],"metro":1,"angle":82.9,"extra":1,"ei":15}},{"type":"Feature","geometry":{"type":"Point","coordinates":[14.282287,40.855215]},"properties":{"lines":"L1","color":"#F8E414","mode":"tram","arr":["L1"],"metro":1,"angle":81.4,"extra":1,"ei":16}},{"type":"Feature","geometry":{"type":"Point","coordinates":[14.281828,40.857071]},"properties":{"lines":"L1","color":"#F8E414","mode":"tram","arr":["L1"],"metro":1,"angle":81.3,"extra":1,"ei":17}},{"type":"Feature","geometry":{"type":"Point","coordinates":[14.249044,40.843494]},"properties":{"lines":"L1","color":"#F8E414","mode":"tram","arr":["L1"],"metro":1,"angle":-85.5,"extra":1,"ei":0}},{"type":"Feature","geometry":{"type":"Point","coordinates":[14.249442,40.839884]},"properties":{"lines":"L1","color":"#F8E414","mode":"tram","arr":["L1"],"metro":1,"angle":43.3,"extra":1,"ei":1}},{"type":"Feature","geometry":{"type":"Point","coordinates":[14.251781,40.839551]},"properties":{"lines":"L1","color":"#F8E414","mode":"tram","arr":["L1"],"metro":1,"angle":-18.3,"extra":1,"ei":2}},{"type":"Feature","geometry":{"type":"Point","coordinates":[14.24047,40.892597]},"properties":{"lines":"L1","color":"#F8E414","mode":"tram","arr":["L1"],"metro":1,"angle":-50.8}},{"type":"Feature","geometry":{"type":"Point","coordinates":[14.281832,40.858686]},"properties":{"lines":"L1","color":"#F8E414","mode":"tram","arr":["L1"],"metro":1,"angle":84.3}},{"type":"Feature","geometry":{"type":"Point","coordinates":[14.282177,40.855882]},"properties":{"lines":"L1","color":"#F8E414","mode":"tram","arr":["L1"],"metro":1,"angle":84.7,"extra":1,"ei":0}},{"type":"Feature","geometry":{"type":"Point","coordinates":[14.281807,40.861429]},"properties":{"lines":"L1","color":"#F8E414","mode":"tram","arr":["L1"],"metro":1,"angle":-47.4,"extra":1,"ei":1}},{"type":"Feature","geometry":{"type":"Point","coordinates":[14.251406,40.85636]},"properties":{"lines":"L1","color":"#F8E414","mode":"tram","arr":["L1"],"metro":1,"angle":-68.6,"mi":2}},{"type":"Feature","geometry":{"type":"Point","coordinates":[14.249515,40.846441]},"properties":{"lines":"L1","color":"#F8E414","mode":"tram","arr":["L1"],"metro":1,"angle":-82,"side":-1,"mi":1}},{"type":"Feature","geometry":{"type":"Point","coordinates":[14.223923,40.831926]},"properties":{"lines":"L6","color":"#179ED6","mode":"tram","arr":["L6"],"metro":1,"angle":-14.8}},{"type":"Feature","geometry":{"type":"Point","coordinates":[14.251675,40.839044]},"properties":{"lines":"L6","color":"#179ED6","mode":"tram","arr":["L6"],"metro":1,"angle":-18.9,"extra":1,"ei":0}},{"type":"Feature","geometry":{"type":"Point","coordinates":[14.249417,40.838261]},"properties":{"lines":"L6","color":"#179ED6","mode":"tram","arr":["L6"],"metro":1,"angle":-36.6,"extra":1,"ei":1}},{"type":"Feature","geometry":{"type":"Point","coordinates":[14.247484,40.837066]},"properties":{"lines":"L6","color":"#179ED6","mode":"tram","arr":["L6"],"metro":1,"angle":-40.5,"extra":1,"ei":2}},{"type":"Feature","geometry":{"type":"Point","coordinates":[14.245564,40.835859]},"properties":{"lines":"L6","color":"#179ED6","mode":"tram","arr":["L6"],"metro":1,"angle":-39.3,"extra":1,"ei":3}},{"type":"Feature","geometry":{"type":"Point","coordinates":[14.24378,40.834551]},"properties":{"lines":"L6","color":"#179ED6","mode":"tram","arr":["L6"],"metro":1,"angle":-53.3,"extra":1,"ei":4}},{"type":"Feature","geometry":{"type":"Point","coordinates":[14.242207,40.8331]},"properties":{"lines":"L6","color":"#179ED6","mode":"tram","arr":["L6"],"metro":1,"angle":-34.5,"extra":1,"ei":5}},{"type":"Feature","geometry":{"type":"Point","coordinates":[14.239853,40.832635]},"properties":{"lines":"L6","color":"#179ED6","mode":"tram","arr":["L6"],"metro":1,"angle":4.3,"extra":1,"ei":6}},{"type":"Feature","geometry":{"type":"Point","coordinates":[14.237439,40.833103]},"properties":{"lines":"L6","color":"#179ED6","mode":"tram","arr":["L6"],"metro":1,"angle":16.5,"extra":1,"ei":7,"side":-1}},{"type":"Feature","geometry":{"type":"Point","coordinates":[14.235029,40.833585]},"properties":{"lines":"L6","color":"#179ED6","mode":"tram","arr":["L6"],"metro":1,"angle":7.1,"extra":1,"ei":8}},{"type":"Feature","geometry":{"type":"Point","coordinates":[14.232551,40.833584]},"properties":{"lines":"L6","color":"#179ED6","mode":"tram","arr":["L6"],"metro":1,"angle":-12.2,"extra":1,"ei":9}},{"type":"Feature","geometry":{"type":"Point","coordinates":[14.230113,40.833177]},"properties":{"lines":"L6","color":"#179ED6","mode":"tram","arr":["L6"],"metro":1,"angle":-12.5,"extra":1,"ei":10,"side":-1}},{"type":"Feature","geometry":{"type":"Point","coordinates":[14.227677,40.832763]},"properties":{"lines":"L6","color":"#179ED6","mode":"tram","arr":["L6"],"metro":1,"angle":-15,"extra":1,"ei":11,"side":-1}},{"type":"Feature","geometry":{"type":"Point","coordinates":[14.220514,40.831117]},"properties":{"lines":"L6","color":"#179ED6","mode":"tram","arr":["L6"],"metro":1,"angle":-18,"extra":1,"ei":12}},{"type":"Feature","geometry":{"type":"Point","coordinates":[14.218091,40.830679]},"properties":{"lines":"L6","color":"#179ED6","mode":"tram","arr":["L6"],"metro":1,"angle":-10.1,"extra":1,"ei":13}},{"type":"Feature","geometry":{"type":"Point","coordinates":[14.215637,40.830331]},"properties":{"lines":"L6","color":"#179ED6","mode":"tram","arr":["L6"],"metro":1,"angle":-12.5,"extra":1,"ei":14}},{"type":"Feature","geometry":{"type":"Point","coordinates":[14.213252,40.829781]},"properties":{"lines":"L6","color":"#179ED6","mode":"tram","arr":["L6"],"metro":1,"angle":-22.5,"extra":1,"ei":15}},{"type":"Feature","geometry":{"type":"Point","coordinates":[14.210994,40.828977]},"properties":{"lines":"L6","color":"#179ED6","mode":"tram","arr":["L6"],"metro":1,"angle":-26.3,"extra":1,"ei":16}},{"type":"Feature","geometry":{"type":"Point","coordinates":[14.208755,40.828142]},"properties":{"lines":"L6","color":"#179ED6","mode":"tram","arr":["L6"],"metro":1,"angle":-26.2,"extra":1,"ei":17}},{"type":"Feature","geometry":{"type":"Point","coordinates":[14.206516,40.827307]},"properties":{"lines":"L6","color":"#179ED6","mode":"tram","arr":["L6"],"metro":1,"angle":-26.1,"extra":1,"ei":18}},{"type":"Feature","geometry":{"type":"Point","coordinates":[14.204148,40.826761]},"properties":{"lines":"L6","color":"#179ED6","mode":"tram","arr":["L6"],"metro":1,"angle":-8,"extra":1,"ei":19,"side":-1}},{"type":"Feature","geometry":{"type":"Point","coordinates":[14.201678,40.826489]},"properties":{"lines":"L6","color":"#179ED6","mode":"tram","arr":["L6"],"metro":1,"angle":-8.3,"extra":1,"ei":20}},{"type":"Feature","geometry":{"type":"Point","coordinates":[14.199209,40.82621]},"properties":{"lines":"L6","color":"#179ED6","mode":"tram","arr":["L6"],"metro":1,"angle":-8.9,"extra":1,"ei":21}},{"type":"Feature","geometry":{"type":"Point","coordinates":[14.196757,40.825859]},"properties":{"lines":"L6","color":"#179ED6","mode":"tram","arr":["L6"],"metro":1,"angle":-14.3,"extra":1,"ei":22}},{"type":"Feature","geometry":{"type":"Point","coordinates":[14.194353,40.825355]},"properties":{"lines":"L6","color":"#179ED6","mode":"tram","arr":["L6"],"metro":1,"angle":-26.3,"extra":1,"ei":23,"side":-1}},{"type":"Feature","geometry":{"type":"Point","coordinates":[14.292348,40.853441]},"properties":{"lines":"L2","color":"#4E78BA","mode":"tram","arr":["L2"],"metro":1,"angle":15.5}},{"type":"Feature","geometry":{"type":"Point","coordinates":[14.298149,40.837867]},"properties":{"lines":"L2","color":"#4E78BA","mode":"tram","arr":["L2"],"metro":1,"angle":42.3}},{"type":"Feature","geometry":{"type":"Point","coordinates":[14.306153,40.832669]},"properties":{"lines":"L2","color":"#4E78BA","mode":"tram","arr":["L2"],"metro":1,"angle":43.6,"extra":1,"ei":0}},{"type":"Feature","geometry":{"type":"Point","coordinates":[14.304308,40.833941]},"properties":{"lines":"L2","color":"#4E78BA","mode":"tram","arr":["L2"],"metro":1,"angle":41.3,"extra":1,"ei":1}},{"type":"Feature","geometry":{"type":"Point","coordinates":[14.302369,40.83513]},"properties":{"lines":"L2","color":"#4E78BA","mode":"tram","arr":["L2"],"metro":1,"angle":38,"extra":1,"ei":2}},{"type":"Feature","geometry":{"type":"Point","coordinates":[14.300419,40.836309]},"properties":{"lines":"L2","color":"#4E78BA","mode":"tram","arr":["L2"],"metro":1,"angle":41,"extra":1,"ei":3}},{"type":"Feature","geometry":{"type":"Point","coordinates":[14.296728,40.838853]},"properties":{"lines":"L2","color":"#4E78BA","mode":"tram","arr":["L2"],"metro":1,"angle":43.5,"extra":1,"ei":4}},{"type":"Feature","geometry":{"type":"Point","coordinates":[14.294992,40.840207]},"properties":{"lines":"L2","color":"#4E78BA","mode":"tram","arr":["L2"],"metro":1,"angle":53.1,"extra":1,"ei":5}},{"type":"Feature","geometry":{"type":"Point","coordinates":[14.294069,40.841938]},"properties":{"lines":"L2","color":"#4E78BA","mode":"tram","arr":["L2"],"metro":1,"angle":83.2,"extra":1,"ei":6}},{"type":"Feature","geometry":{"type":"Point","coordinates":[14.294376,40.843796]},"properties":{"lines":"L2","color":"#4E78BA","mode":"tram","arr":["L2"],"metro":1,"angle":-73,"extra":1,"ei":7}},{"type":"Feature","geometry":{"type":"Point","coordinates":[14.295569,40.846438]},"properties":{"lines":"L2","color":"#4E78BA","mode":"tram","arr":["L2"],"metro":1,"angle":-65.7,"extra":1,"ei":0}},{"type":"Feature","geometry":{"type":"Point","coordinates":[14.296575,40.848166]},"properties":{"lines":"L2","color":"#4E78BA","mode":"tram","arr":["L2"],"metro":1,"angle":-70.4,"extra":1,"ei":1}},{"type":"Feature","geometry":{"type":"Point","coordinates":[14.296872,40.850026]},"properties":{"lines":"L2","color":"#4E78BA","mode":"tram","arr":["L2"],"metro":1,"angle":87,"extra":1,"ei":2}},{"type":"Feature","geometry":{"type":"Point","coordinates":[14.296229,40.851823]},"properties":{"lines":"L2","color":"#4E78BA","mode":"tram","arr":["L2"],"metro":1,"angle":57.4,"extra":1,"ei":3}},{"type":"Feature","geometry":{"type":"Point","coordinates":[14.294318,40.852985]},"properties":{"lines":"L2","color":"#4E78BA","mode":"tram","arr":["L2"],"metro":1,"angle":20.5,"extra":1,"ei":4}},{"type":"Feature","geometry":{"type":"Point","coordinates":[14.28952,40.854019]},"properties":{"lines":"L2","color":"#4E78BA","mode":"tram","arr":["L2"],"metro":1,"angle":10.6,"extra":1,"ei":5}},{"type":"Feature","geometry":{"type":"Point","coordinates":[14.287037,40.853981]},"properties":{"lines":"L2","color":"#4E78BA","mode":"tram","arr":["L2"],"metro":1,"angle":-7.5,"extra":1,"ei":6}},{"type":"Feature","geometry":{"type":"Point","coordinates":[14.284562,40.853736]},"properties":{"lines":"L2","color":"#4E78BA","mode":"tram","arr":["L2"],"metro":1,"angle":-7.6,"extra":1,"ei":7}},{"type":"Feature","geometry":{"type":"Point","coordinates":[14.282087,40.853487]},"properties":{"lines":"L2","color":"#4E78BA","mode":"tram","arr":["L2"],"metro":1,"angle":-7.6,"extra":1,"ei":8}},{"type":"Feature","geometry":{"type":"Point","coordinates":[14.279612,40.85324]},"properties":{"lines":"L2","color":"#4E78BA","mode":"tram","arr":["L2"],"metro":1,"angle":-7.5,"extra":1,"ei":9}},{"type":"Feature","geometry":{"type":"Point","coordinates":[14.219068,40.832721]},"properties":{"lines":"L2","color":"#4E78BA","mode":"tram","arr":["L2"],"metro":1,"angle":-77}},{"type":"Feature","geometry":{"type":"Point","coordinates":[14.126441,40.827282]},"properties":{"lines":"L2","color":"#4E78BA","mode":"tram","arr":["L2"],"metro":1,"angle":46.8,"extra":1,"ei":0}},{"type":"Feature","geometry":{"type":"Point","coordinates":[14.128249,40.825982]},"properties":{"lines":"L2","color":"#4E78BA","mode":"tram","arr":["L2"],"metro":1,"angle":38.1,"extra":1,"ei":1}},{"type":"Feature","geometry":{"type":"Point","coordinates":[14.13038,40.825007]},"properties":{"lines":"L2","color":"#4E78BA","mode":"tram","arr":["L2"],"metro":1,"angle":26.8,"extra":1,"ei":2}},{"type":"Feature","geometry":{"type":"Point","coordinates":[14.132615,40.824164]},"properties":{"lines":"L2","color":"#4E78BA","mode":"tram","arr":["L2"],"metro":1,"angle":26.2,"extra":1,"ei":3}},{"type":"Feature","geometry":{"type":"Point","coordinates":[14.134849,40.823322]},"properties":{"lines":"L2","color":"#4E78BA","mode":"tram","arr":["L2"],"metro":1,"angle":26.8,"extra":1,"ei":4}},{"type":"Feature","geometry":{"type":"Point","coordinates":[14.137123,40.822548]},"properties":{"lines":"L2","color":"#4E78BA","mode":"tram","arr":["L2"],"metro":1,"angle":19.2,"extra":1,"ei":5}},{"type":"Feature","geometry":{"type":"Point","coordinates":[14.139534,40.82206]},"properties":{"lines":"L2","color":"#4E78BA","mode":"tram","arr":["L2"],"metro":1,"angle":13.7,"extra":1,"ei":6}},{"type":"Feature","geometry":{"type":"Point","coordinates":[14.14196,40.821614]},"properties":{"lines":"L2","color":"#4E78BA","mode":"tram","arr":["L2"],"metro":1,"angle":13.7,"extra":1,"ei":7}},{"type":"Feature","geometry":{"type":"Point","coordinates":[14.144386,40.821168]},"properties":{"lines":"L2","color":"#4E78BA","mode":"tram","arr":["L2"],"metro":1,"angle":13.7,"extra":1,"ei":8}},{"type":"Feature","geometry":{"type":"Point","coordinates":[14.146812,40.820722]},"properties":{"lines":"L2","color":"#4E78BA","mode":"tram","arr":["L2"],"metro":1,"angle":13.7,"extra":1,"ei":9}},{"type":"Feature","geometry":{"type":"Point","coordinates":[14.149238,40.820276]},"properties":{"lines":"L2","color":"#4E78BA","mode":"tram","arr":["L2"],"metro":1,"angle":13.7,"extra":1,"ei":10}},{"type":"Feature","geometry":{"type":"Point","coordinates":[14.151664,40.819829]},"properties":{"lines":"L2","color":"#4E78BA","mode":"tram","arr":["L2"],"metro":1,"angle":13.7,"extra":1,"ei":11}},{"type":"Feature","geometry":{"type":"Point","coordinates":[14.154101,40.819422]},"properties":{"lines":"L2","color":"#4E78BA","mode":"tram","arr":["L2"],"metro":1,"angle":10,"extra":1,"ei":12}},{"type":"Feature","geometry":{"type":"Point","coordinates":[14.156565,40.81912]},"properties":{"lines":"L2","color":"#4E78BA","mode":"tram","arr":["L2"],"metro":1,"angle":8.3,"extra":1,"ei":13}},{"type":"Feature","geometry":{"type":"Point","coordinates":[14.159052,40.818975]},"properties":{"lines":"L2","color":"#4E78BA","mode":"tram","arr":["L2"],"metro":1,"angle":0.5,"extra":1,"ei":14}},{"type":"Feature","geometry":{"type":"Point","coordinates":[14.161544,40.819076]},"properties":{"lines":"L2","color":"#4E78BA","mode":"tram","arr":["L2"],"metro":1,"angle":-4.9,"extra":1,"ei":15}},{"type":"Feature","geometry":{"type":"Point","coordinates":[14.164032,40.81924]},"properties":{"lines":"L2","color":"#4E78BA","mode":"tram","arr":["L2"],"metro":1,"angle":-5,"extra":1,"ei":16}},{"type":"Feature","geometry":{"type":"Point","coordinates":[14.166519,40.819401]},"properties":{"lines":"L2","color":"#4E78BA","mode":"tram","arr":["L2"],"metro":1,"angle":-4.2,"extra":1,"ei":17}},{"type":"Feature","geometry":{"type":"Point","coordinates":[14.169011,40.819387]},"properties":{"lines":"L2","color":"#4E78BA","mode":"tram","arr":["L2"],"metro":1,"angle":6.3,"extra":1,"ei":18}},{"type":"Feature","geometry":{"type":"Point","coordinates":[14.171467,40.819051]},"properties":{"lines":"L2","color":"#4E78BA","mode":"tram","arr":["L2"],"metro":1,"angle":11.6,"extra":1,"ei":19}},{"type":"Feature","geometry":{"type":"Point","coordinates":[14.173912,40.81867]},"properties":{"lines":"L2","color":"#4E78BA","mode":"tram","arr":["L2"],"metro":1,"angle":11.6,"extra":1,"ei":20}},{"type":"Feature","geometry":{"type":"Point","coordinates":[14.176357,40.818287]},"properties":{"lines":"L2","color":"#4E78BA","mode":"tram","arr":["L2"],"metro":1,"angle":11.9,"extra":1,"ei":21}},{"type":"Feature","geometry":{"type":"Point","coordinates":[14.178825,40.818017]},"properties":{"lines":"L2","color":"#4E78BA","mode":"tram","arr":["L2"],"metro":1,"angle":2.9,"extra":1,"ei":22}},{"type":"Feature","geometry":{"type":"Point","coordinates":[14.181314,40.818104]},"properties":{"lines":"L2","color":"#4E78BA","mode":"tram","arr":["L2"],"metro":1,"angle":-8.4,"extra":1,"ei":23}},{"type":"Feature","geometry":{"type":"Point","coordinates":[14.183736,40.818551]},"properties":{"lines":"L2","color":"#4E78BA","mode":"tram","arr":["L2"],"metro":1,"angle":-19,"extra":1,"ei":24}},{"type":"Feature","geometry":{"type":"Point","coordinates":[14.186047,40.819265]},"properties":{"lines":"L2","color":"#4E78BA","mode":"tram","arr":["L2"],"metro":1,"angle":-23.4,"extra":1,"ei":25}},{"type":"Feature","geometry":{"type":"Point","coordinates":[14.188301,40.820074]},"properties":{"lines":"L2","color":"#4E78BA","mode":"tram","arr":["L2"],"metro":1,"angle":-25.3,"extra":1,"ei":26}},{"type":"Feature","geometry":{"type":"Point","coordinates":[14.190569,40.820865]},"properties":{"lines":"L2","color":"#4E78BA","mode":"tram","arr":["L2"],"metro":1,"angle":-24.5,"extra":1,"ei":27}},{"type":"Feature","geometry":{"type":"Point","coordinates":[14.192841,40.821647]},"properties":{"lines":"L2","color":"#4E78BA","mode":"tram","arr":["L2"],"metro":1,"angle":-24.3,"extra":1,"ei":28}},{"type":"Feature","geometry":{"type":"Point","coordinates":[14.19511,40.822435]},"properties":{"lines":"L2","color":"#4E78BA","mode":"tram","arr":["L2"],"metro":1,"angle":-24.6,"extra":1,"ei":29}},{"type":"Feature","geometry":{"type":"Point","coordinates":[14.19736,40.823254]},"properties":{"lines":"L2","color":"#4E78BA","mode":"tram","arr":["L2"],"metro":1,"angle":-26,"extra":1,"ei":30}},{"type":"Feature","geometry":{"type":"Point","coordinates":[14.199659,40.823985]},"properties":{"lines":"L2","color":"#4E78BA","mode":"tram","arr":["L2"],"metro":1,"angle":-19,"extra":1,"ei":31}},{"type":"Feature","geometry":{"type":"Point","coordinates":[14.202068,40.824478]},"properties":{"lines":"L2","color":"#4E78BA","mode":"tram","arr":["L2"],"metro":1,"angle":-11.9,"extra":1,"ei":32}},{"type":"Feature","geometry":{"type":"Point","coordinates":[14.204515,40.824853]},"properties":{"lines":"L2","color":"#4E78BA","mode":"tram","arr":["L2"],"metro":1,"angle":-11.5,"extra":1,"ei":33}},{"type":"Feature","geometry":{"type":"Point","coordinates":[14.206961,40.825229]},"properties":{"lines":"L2","color":"#4E78BA","mode":"tram","arr":["L2"],"metro":1,"angle":-11.5,"extra":1,"ei":34}},{"type":"Feature","geometry":{"type":"Point","coordinates":[14.209408,40.825606]},"properties":{"lines":"L2","color":"#4E78BA","mode":"tram","arr":["L2"],"metro":1,"angle":-11.5,"extra":1,"ei":35}},{"type":"Feature","geometry":{"type":"Point","coordinates":[14.211854,40.825982]},"properties":{"lines":"L2","color":"#4E78BA","mode":"tram","arr":["L2"],"metro":1,"angle":-12.7,"extra":1,"ei":36}},{"type":"Feature","geometry":{"type":"Point","coordinates":[14.214223,40.826568]},"properties":{"lines":"L2","color":"#4E78BA","mode":"tram","arr":["L2"],"metro":1,"angle":-24.1,"extra":1,"ei":37}},{"type":"Feature","geometry":{"type":"Point","coordinates":[14.216373,40.82752]},"properties":{"lines":"L2","color":"#4E78BA","mode":"tram","arr":["L2"],"metro":1,"angle":-38.7,"extra":1,"ei":38}},{"type":"Feature","geometry":{"type":"Point","coordinates":[14.21778,40.829054]},"properties":{"lines":"L2","color":"#4E78BA","mode":"tram","arr":["L2"],"metro":1,"angle":-66.6,"extra":1,"ei":39}},{"type":"Feature","geometry":{"type":"Point","coordinates":[14.218539,40.830848]},"properties":{"lines":"L2","color":"#4E78BA","mode":"tram","arr":["L2"],"metro":1,"angle":-78,"extra":1,"ei":40}},{"type":"Feature","geometry":{"type":"Point","coordinates":[14.219599,40.834539]},"properties":{"lines":"L2","color":"#4E78BA","mode":"tram","arr":["L2"],"metro":1,"angle":-74.4,"extra":1,"ei":41,"side":-1}},{"type":"Feature","geometry":{"type":"Point","coordinates":[14.220686,40.836222]},"properties":{"lines":"L2","color":"#4E78BA","mode":"tram","arr":["L2"],"metro":1,"angle":-49.8,"extra":1,"ei":42}},{"type":"Feature","geometry":{"type":"Point","coordinates":[14.222717,40.837289]},"properties":{"lines":"L2","color":"#4E78BA","mode":"tram","arr":["L2"],"metro":1,"angle":-22.6,"extra":1,"ei":43}},{"type":"Feature","geometry":{"type":"Point","coordinates":[14.225133,40.837741]},"properties":{"lines":"L2","color":"#4E78BA","mode":"tram","arr":["L2"],"metro":1,"angle":-7.8,"extra":1,"ei":44}},{"type":"Feature","geometry":{"type":"Point","coordinates":[14.227611,40.83797]},"properties":{"lines":"L2","color":"#4E78BA","mode":"tram","arr":["L2"],"metro":1,"angle":-6.8,"extra":1,"ei":45}},{"type":"Feature","geometry":{"type":"Point","coordinates":[14.230091,40.838193]},"properties":{"lines":"L2","color":"#4E78BA","mode":"tram","arr":["L2"],"metro":1,"angle":-6.7,"extra":1,"ei":46}},{"type":"Feature","geometry":{"type":"Point","coordinates":[14.23257,40.838415]},"properties":{"lines":"L2","color":"#4E78BA","mode":"tram","arr":["L2"],"metro":1,"angle":-6.8,"extra":1,"ei":47}},{"type":"Feature","geometry":{"type":"Point","coordinates":[14.235045,40.83866]},"properties":{"lines":"L2","color":"#4E78BA","mode":"tram","arr":["L2"],"metro":1,"angle":-8.7,"extra":1,"ei":48,"side":-1}},{"type":"Feature","geometry":{"type":"Point","coordinates":[14.23743,40.839178]},"properties":{"lines":"L2","color":"#4E78BA","mode":"tram","arr":["L2"],"metro":1,"angle":-28.6,"extra":1,"ei":49}},{"type":"Feature","geometry":{"type":"Point","coordinates":[14.239418,40.840311]},"properties":{"lines":"L2","color":"#4E78BA","mode":"tram","arr":["L2"],"metro":1,"angle":-43.7,"extra":1,"ei":50}},{"type":"Feature","geometry":{"type":"Point","coordinates":[14.241069,40.841725]},"properties":{"lines":"L2","color":"#4E78BA","mode":"tram","arr":["L2"],"metro":1,"angle":-53,"extra":1,"ei":51}},{"type":"Feature","geometry":{"type":"Point","coordinates":[14.242289,40.843362]},"properties":{"lines":"L2","color":"#4E78BA","mode":"tram","arr":["L2"],"metro":1,"angle":-68.5,"extra":1,"ei":52}},{"type":"Feature","geometry":{"type":"Point","coordinates":[14.243107,40.845146]},"properties":{"lines":"L2","color":"#4E78BA","mode":"tram","arr":["L2"],"metro":1,"angle":-73.5,"extra":1,"ei":53}},{"type":"Feature","geometry":{"type":"Point","coordinates":[14.243739,40.846972]},"properties":{"lines":"L2","color":"#4E78BA","mode":"tram","arr":["L2"],"metro":1,"angle":-76.3,"extra":1,"ei":54}},{"type":"Feature","geometry":{"type":"Point","coordinates":[14.244336,40.848806]},"properties":{"lines":"L2","color":"#4E78BA","mode":"tram","arr":["L2"],"metro":1,"angle":-74.9,"extra":1,"ei":55}},{"type":"Feature","geometry":{"type":"Point","coordinates":[14.245102,40.850601]},"properties":{"lines":"L2","color":"#4E78BA","mode":"tram","arr":["L2"],"metro":1,"angle":-66.4,"extra":1,"ei":56}},{"type":"Feature","geometry":{"type":"Point","coordinates":[14.246618,40.852054]},"properties":{"lines":"L2","color":"#4E78BA","mode":"tram","arr":["L2"],"metro":1,"angle":-31.1,"extra":1,"ei":57}},{"type":"Feature","geometry":{"type":"Point","coordinates":[14.248949,40.852701]},"properties":{"lines":"L2","color":"#4E78BA","mode":"tram","arr":["L2"],"metro":1,"angle":-14.4,"extra":1,"ei":58}},{"type":"Feature","geometry":{"type":"Point","coordinates":[14.251306,40.853313]},"properties":{"lines":"L2","color":"#4E78BA","mode":"tram","arr":["L2"],"metro":1,"angle":-28.6,"extra":1,"ei":59}},{"type":"Feature","geometry":{"type":"Point","coordinates":[14.253202,40.854534]},"properties":{"lines":"L2","color":"#4E78BA","mode":"tram","arr":["L2"],"metro":1,"angle":-36.8,"extra":1,"ei":60}},{"type":"Feature","geometry":{"type":"Point","coordinates":[14.255352,40.855492]},"properties":{"lines":"L2","color":"#4E78BA","mode":"tram","arr":["L2"],"metro":1,"angle":-28.5,"extra":1,"ei":61}},{"type":"Feature","geometry":{"type":"Point","coordinates":[14.257705,40.856083]},"properties":{"lines":"L2","color":"#4E78BA","mode":"tram","arr":["L2"],"metro":1,"angle":-3.9,"extra":1,"ei":62,"side":-1}},{"type":"Feature","geometry":{"type":"Point","coordinates":[14.260069,40.855568]},"properties":{"lines":"L2","color":"#4E78BA","mode":"tram","arr":["L2"],"metro":1,"angle":25.2,"extra":1,"ei":63}},{"type":"Feature","geometry":{"type":"Point","coordinates":[14.262351,40.854803]},"properties":{"lines":"L2","color":"#4E78BA","mode":"tram","arr":["L2"],"metro":1,"angle":23.7,"extra":1,"ei":64}},{"type":"Feature","geometry":{"type":"Point","coordinates":[14.264635,40.854043]},"properties":{"lines":"L2","color":"#4E78BA","mode":"tram","arr":["L2"],"metro":1,"angle":28.7,"extra":1,"ei":65,"side":-1}},{"type":"Feature","geometry":{"type":"Point","coordinates":[14.266752,40.853046]},"properties":{"lines":"L2","color":"#4E78BA","mode":"tram","arr":["L2"],"metro":1,"angle":32.8,"extra":1,"ei":66,"side":-1}},{"type":"Feature","geometry":{"type":"Point","coordinates":[14.269013,40.852288]},"properties":{"lines":"L2","color":"#4E78BA","mode":"tram","arr":["L2"],"metro":1,"angle":3.3,"extra":1,"ei":67,"side":-1}},{"type":"Feature","geometry":{"type":"Point","coordinates":[14.27149,40.852517]},"properties":{"lines":"L2","color":"#4E78BA","mode":"tram","arr":["L2"],"metro":1,"angle":-7.5,"extra":1,"ei":68}},{"type":"Feature","geometry":{"type":"Point","coordinates":[14.273977,40.852598]},"properties":{"lines":"L2","color":"#4E78BA","mode":"tram","arr":["L2"],"metro":1,"angle":3.9,"extra":1,"ei":69}},{"type":"Feature","geometry":{"type":"Point","coordinates":[14.276471,40.852515]},"properties":{"lines":"L2","color":"#4E78BA","mode":"tram","arr":["L2"],"metro":1,"angle":-0.5,"extra":1,"ei":70}},{"type":"Feature","geometry":{"type":"Point","coordinates":[14.27895,40.852721]},"properties":{"lines":"L2","color":"#4E78BA","mode":"tram","arr":["L2"],"metro":1,"angle":-9.7,"extra":1,"ei":71}},{"type":"Feature","geometry":{"type":"Point","coordinates":[14.281385,40.853135]},"properties":{"lines":"L2","color":"#4E78BA","mode":"tram","arr":["L2"],"metro":1,"angle":-13.4,"extra":1,"ei":72}},{"type":"Feature","geometry":{"type":"Point","coordinates":[14.283838,40.853476]},"properties":{"lines":"L2","color":"#4E78BA","mode":"tram","arr":["L2"],"metro":1,"angle":-7.4,"extra":1,"ei":73}},{"type":"Feature","geometry":{"type":"Point","coordinates":[14.286313,40.853723]},"properties":{"lines":"L2","color":"#4E78BA","mode":"tram","arr":["L2"],"metro":1,"angle":-7.5,"extra":1,"ei":74}},{"type":"Feature","geometry":{"type":"Point","coordinates":[14.288795,40.8539]},"properties":{"lines":"L2","color":"#4E78BA","mode":"tram","arr":["L2"],"metro":1,"angle":2.9,"extra":1,"ei":75}},{"type":"Feature","geometry":{"type":"Point","coordinates":[14.291208,40.853449]},"properties":{"lines":"L2","color":"#4E78BA","mode":"tram","arr":["L2"],"metro":1,"angle":19.2,"extra":1,"ei":76}},{"type":"Feature","geometry":{"type":"Point","coordinates":[14.293565,40.852825]},"properties":{"lines":"L2","color":"#4E78BA","mode":"tram","arr":["L2"],"metro":1,"angle":19.4,"extra":1,"ei":77}},{"type":"Feature","geometry":{"type":"Point","coordinates":[14.295661,40.851849]},"properties":{"lines":"L2","color":"#4E78BA","mode":"tram","arr":["L2"],"metro":1,"angle":49.3,"extra":1,"ei":78}},{"type":"Feature","geometry":{"type":"Point","coordinates":[14.296638,40.850139]},"properties":{"lines":"L2","color":"#4E78BA","mode":"tram","arr":["L2"],"metro":1,"angle":81.7,"extra":1,"ei":79}},{"type":"Feature","geometry":{"type":"Point","coordinates":[14.296374,40.848282]},"properties":{"lines":"L2","color":"#4E78BA","mode":"tram","arr":["L2"],"metro":1,"angle":-69.7,"extra":1,"ei":80}},{"type":"Feature","geometry":{"type":"Point","coordinates":[14.295465,40.846525]},"properties":{"lines":"L2","color":"#4E78BA","mode":"tram","arr":["L2"],"metro":1,"angle":-72.5,"extra":1,"ei":81}},{"type":"Feature","geometry":{"type":"Point","coordinates":[14.278567,40.853072]},"properties":{"lines":"L2","color":"#4E78BA","mode":"tram","arr":["L2"],"metro":1,"angle":-14.4}},{"type":"Feature","geometry":{"type":"Point","coordinates":[14.275042,40.852759]},"properties":{"lines":"L2","color":"#4E78BA","mode":"tram","arr":["L2"],"metro":1,"angle":-4.7,"mi":1}},{"type":"Feature","geometry":{"type":"Point","coordinates":[14.27662,40.852857]},"properties":{"lines":"L2","color":"#4E78BA","mode":"tram","arr":["L2"],"metro":1,"angle":-4.7,"extra":1,"ei":0}},{"type":"Feature","geometry":{"type":"Point","coordinates":[14.233394,40.840234]},"properties":{"lines":"F1","color":"#F89329","mode":"tram","arr":["F1"],"metro":1,"angle":64.7}},{"type":"Feature","geometry":{"type":"Point","coordinates":[14.23416,40.838972]},"properties":{"lines":"F1","color":"#F89329","mode":"tram","arr":["F1"],"metro":1,"angle":64.6,"extra":1,"ei":0}},{"type":"Feature","geometry":{"type":"Point","coordinates":[14.240718,40.840766]},"properties":{"lines":"F3","color":"#F89329","mode":"tram","arr":["F3"],"metro":1,"angle":18.8}},{"type":"Feature","geometry":{"type":"Point","coordinates":[14.246507,40.839249]},"properties":{"lines":"F3","color":"#F89329","mode":"tram","arr":["F3"],"metro":1,"angle":19,"extra":1,"ei":0}},{"type":"Feature","geometry":{"type":"Point","coordinates":[14.244145,40.839861]},"properties":{"lines":"F3","color":"#F89329","mode":"tram","arr":["F3"],"metro":1,"angle":18.9,"extra":1,"ei":1}},{"type":"Feature","geometry":{"type":"Point","coordinates":[14.237053,40.841672]},"properties":{"lines":"F3","color":"#F89329","mode":"tram","arr":["F3"],"metro":1,"angle":17.9,"extra":1,"ei":2}},{"type":"Feature","geometry":{"type":"Point","coordinates":[14.234678,40.842254]},"properties":{"lines":"F3","color":"#F89329","mode":"tram","arr":["F3"],"metro":1,"angle":17.9,"extra":1,"ei":3}},{"type":"Feature","geometry":{"type":"Point","coordinates":[14.21619,40.825812]},"properties":{"lines":"F4","color":"#F89329","mode":"tram","arr":["F4"],"metro":1,"angle":-10}},{"type":"Feature","geometry":{"type":"Point","coordinates":[14.218194,40.826141]},"properties":{"lines":"F4","color":"#F89329","mode":"tram","arr":["F4"],"metro":1,"angle":-12.5,"extra":1,"ei":0}},{"type":"Feature","geometry":{"type":"Point","coordinates":[14.213263,40.825852]},"properties":{"lines":"F4","color":"#F89329","mode":"tram","arr":["F4"],"metro":1,"angle":5.6,"extra":1,"ei":1}},{"type":"Feature","geometry":{"type":"Point","coordinates":[14.247955,40.838886]},"properties":{"lines":"F3","color":"#F89329","mode":"tram","arr":["F3"],"metro":1,"angle":-62.5,"mi":1}},{"type":"Feature","geometry":{"type":"Point","coordinates":[14.469744,40.689786]},"properties":{"lines":"E1","color":"#C8102E","mode":"tram","arr":["E1"],"metro":1,"angle":-6.7}},{"type":"Feature","geometry":{"type":"Point","coordinates":[14.38105,40.625908]},"properties":{"lines":"E1","color":"#C8102E","mode":"tram","arr":["E1"],"metro":1,"angle":-16.9,"extra":1,"ei":0}},{"type":"Feature","geometry":{"type":"Point","coordinates":[14.383364,40.626607]},"properties":{"lines":"E1","color":"#C8102E","mode":"tram","arr":["E1"],"metro":1,"angle":-24.9,"extra":1,"ei":1}},{"type":"Feature","geometry":{"type":"Point","coordinates":[14.385633,40.627395]},"properties":{"lines":"E1","color":"#C8102E","mode":"tram","arr":["E1"],"metro":1,"angle":-24.8,"extra":1,"ei":2}},{"type":"Feature","geometry":{"type":"Point","coordinates":[14.387897,40.628191]},"properties":{"lines":"E1","color":"#C8102E","mode":"tram","arr":["E1"],"metro":1,"angle":-24.8,"extra":1,"ei":3}},{"type":"Feature","geometry":{"type":"Point","coordinates":[14.390174,40.628965]},"properties":{"lines":"E1","color":"#C8102E","mode":"tram","arr":["E1"],"metro":1,"angle":-21,"extra":1,"ei":4}},{"type":"Feature","geometry":{"type":"Point","coordinates":[14.392553,40.629538]},"properties":{"lines":"E1","color":"#C8102E","mode":"tram","arr":["E1"],"metro":1,"angle":-17.8,"extra":1,"ei":5}},{"type":"Feature","geometry":{"type":"Point","coordinates":[14.39491,40.630154]},"properties":{"lines":"E1","color":"#C8102E","mode":"tram","arr":["E1"],"metro":1,"angle":-25,"extra":1,"ei":6}},{"type":"Feature","geometry":{"type":"Point","coordinates":[14.397157,40.630976]},"properties":{"lines":"E1","color":"#C8102E","mode":"tram","arr":["E1"],"metro":1,"angle":-23.1,"extra":1,"ei":7}},{"type":"Feature","geometry":{"type":"Point","coordinates":[14.399553,40.6315]},"properties":{"lines":"E1","color":"#C8102E","mode":"tram","arr":["E1"],"metro":1,"angle":-14.7,"extra":1,"ei":8}},{"type":"Feature","geometry":{"type":"Point","coordinates":[14.401929,40.632072]},"properties":{"lines":"E1","color":"#C8102E","mode":"tram","arr":["E1"],"metro":1,"angle":-19.8,"extra":1,"ei":9}},{"type":"Feature","geometry":{"type":"Point","coordinates":[14.404279,40.63271]},"properties":{"lines":"E1","color":"#C8102E","mode":"tram","arr":["E1"],"metro":1,"angle":-19.6,"extra":1,"ei":10}},{"type":"Feature","geometry":{"type":"Point","coordinates":[14.406627,40.633352]},"properties":{"lines":"E1","color":"#C8102E","mode":"tram","arr":["E1"],"metro":1,"angle":-21.3,"extra":1,"ei":11}},{"type":"Feature","geometry":{"type":"Point","coordinates":[14.40884,40.634217]},"properties":{"lines":"E1","color":"#C8102E","mode":"tram","arr":["E1"],"metro":1,"angle":-32.6,"extra":1,"ei":12}},{"type":"Feature","geometry":{"type":"Point","coordinates":[14.41084,40.635343]},"properties":{"lines":"E1","color":"#C8102E","mode":"tram","arr":["E1"],"metro":1,"angle":-39.6,"extra":1,"ei":13}},{"type":"Feature","geometry":{"type":"Point","coordinates":[14.412733,40.636573]},"properties":{"lines":"E1","color":"#C8102E","mode":"tram","arr":["E1"],"metro":1,"angle":-41,"extra":1,"ei":14}},{"type":"Feature","geometry":{"type":"Point","coordinates":[14.41442,40.637953]},"properties":{"lines":"E1","color":"#C8102E","mode":"tram","arr":["E1"],"metro":1,"angle":-56.8,"extra":1,"ei":15}},{"type":"Feature","geometry":{"type":"Point","coordinates":[14.415611,40.63961]},"properties":{"lines":"E1","color":"#C8102E","mode":"tram","arr":["E1"],"metro":1,"angle":-63.1,"extra":1,"ei":16}},{"type":"Feature","geometry":{"type":"Point","coordinates":[14.416755,40.641289]},"properties":{"lines":"E1","color":"#C8102E","mode":"tram","arr":["E1"],"metro":1,"angle":-61,"extra":1,"ei":17}},{"type":"Feature","geometry":{"type":"Point","coordinates":[14.417929,40.642954]},"properties":{"lines":"E1","color":"#C8102E","mode":"tram","arr":["E1"],"metro":1,"angle":-62.6,"extra":1,"ei":18}},{"type":"Feature","geometry":{"type":"Point","coordinates":[14.419078,40.644631]},"properties":{"lines":"E1","color":"#C8102E","mode":"tram","arr":["E1"],"metro":1,"angle":-62.6,"extra":1,"ei":19}},{"type":"Feature","geometry":{"type":"Point","coordinates":[14.420228,40.646307]},"properties":{"lines":"E1","color":"#C8102E","mode":"tram","arr":["E1"],"metro":1,"angle":-62.6,"extra":1,"ei":20}},{"type":"Feature","geometry":{"type":"Point","coordinates":[14.421378,40.647983]},"properties":{"lines":"E1","color":"#C8102E","mode":"tram","arr":["E1"],"metro":1,"angle":-62.6,"extra":1,"ei":21}},{"type":"Feature","geometry":{"type":"Point","coordinates":[14.422527,40.64966]},"properties":{"lines":"E1","color":"#C8102E","mode":"tram","arr":["E1"],"metro":1,"angle":-62.6,"extra":1,"ei":22}},{"type":"Feature","geometry":{"type":"Point","coordinates":[14.423677,40.651336]},"properties":{"lines":"E1","color":"#C8102E","mode":"tram","arr":["E1"],"metro":1,"angle":-62.6,"extra":1,"ei":23}},{"type":"Feature","geometry":{"type":"Point","coordinates":[14.424827,40.653013]},"properties":{"lines":"E1","color":"#C8102E","mode":"tram","arr":["E1"],"metro":1,"angle":-62.6,"extra":1,"ei":24}},{"type":"Feature","geometry":{"type":"Point","coordinates":[14.425977,40.654689]},"properties":{"lines":"E1","color":"#C8102E","mode":"tram","arr":["E1"],"metro":1,"angle":-62.6,"extra":1,"ei":25}},{"type":"Feature","geometry":{"type":"Point","coordinates":[14.427053,40.656391]},"properties":{"lines":"E1","color":"#C8102E","mode":"tram","arr":["E1"],"metro":1,"angle":-68.5,"extra":1,"ei":26}},{"type":"Feature","geometry":{"type":"Point","coordinates":[14.427928,40.658158]},"properties":{"lines":"E1","color":"#C8102E","mode":"tram","arr":["E1"],"metro":1,"angle":-73.4,"extra":1,"ei":27}},{"type":"Feature","geometry":{"type":"Point","coordinates":[14.428642,40.659968]},"properties":{"lines":"E1","color":"#C8102E","mode":"tram","arr":["E1"],"metro":1,"angle":-73.4,"extra":1,"ei":28}},{"type":"Feature","geometry":{"type":"Point","coordinates":[14.429355,40.661778]},"properties":{"lines":"E1","color":"#C8102E","mode":"tram","arr":["E1"],"metro":1,"angle":-73.4,"extra":1,"ei":29}},{"type":"Feature","geometry":{"type":"Point","coordinates":[14.430415,40.663471]},"properties":{"lines":"E1","color":"#C8102E","mode":"tram","arr":["E1"],"metro":1,"angle":-58.7,"extra":1,"ei":30}},{"type":"Feature","geometry":{"type":"Point","coordinates":[14.431626,40.665122]},"properties":{"lines":"E1","color":"#C8102E","mode":"tram","arr":["E1"],"metro":1,"angle":-61.4,"extra":1,"ei":31}},{"type":"Feature","geometry":{"type":"Point","coordinates":[14.432827,40.666777]},"properties":{"lines":"E1","color":"#C8102E","mode":"tram","arr":["E1"],"metro":1,"angle":-61.1,"extra":1,"ei":32}},{"type":"Feature","geometry":{"type":"Point","coordinates":[14.434033,40.668431]},"properties":{"lines":"E1","color":"#C8102E","mode":"tram","arr":["E1"],"metro":1,"angle":-61.1,"extra":1,"ei":33}},{"type":"Feature","geometry":{"type":"Point","coordinates":[14.435239,40.670085]},"properties":{"lines":"E1","color":"#C8102E","mode":"tram","arr":["E1"],"metro":1,"angle":-61.1,"extra":1,"ei":34}},{"type":"Feature","geometry":{"type":"Point","coordinates":[14.436447,40.671738]},"properties":{"lines":"E1","color":"#C8102E","mode":"tram","arr":["E1"],"metro":1,"angle":-61,"extra":1,"ei":35}},{"type":"Feature","geometry":{"type":"Point","coordinates":[14.437653,40.673391]},"properties":{"lines":"E1","color":"#C8102E","mode":"tram","arr":["E1"],"metro":1,"angle":-61.1,"extra":1,"ei":36}},{"type":"Feature","geometry":{"type":"Point","coordinates":[14.43886,40.675044]},"properties":{"lines":"E1","color":"#C8102E","mode":"tram","arr":["E1"],"metro":1,"angle":-61.1,"extra":1,"ei":37}},{"type":"Feature","geometry":{"type":"Point","coordinates":[14.440067,40.676698]},"properties":{"lines":"E1","color":"#C8102E","mode":"tram","arr":["E1"],"metro":1,"angle":-61.1,"extra":1,"ei":38}},{"type":"Feature","geometry":{"type":"Point","coordinates":[14.441273,40.678351]},"properties":{"lines":"E1","color":"#C8102E","mode":"tram","arr":["E1"],"metro":1,"angle":-61.1,"extra":1,"ei":39}},{"type":"Feature","geometry":{"type":"Point","coordinates":[14.44248,40.680004]},"properties":{"lines":"E1","color":"#C8102E","mode":"tram","arr":["E1"],"metro":1,"angle":-60,"extra":1,"ei":40}},{"type":"Feature","geometry":{"type":"Point","coordinates":[14.44407,40.681442]},"properties":{"lines":"E1","color":"#C8102E","mode":"tram","arr":["E1"],"metro":1,"angle":-37.8,"extra":1,"ei":41}},{"type":"Feature","geometry":{"type":"Point","coordinates":[14.44626,40.68234]},"properties":{"lines":"E1","color":"#C8102E","mode":"tram","arr":["E1"],"metro":1,"angle":-24.4,"extra":1,"ei":42}},{"type":"Feature","geometry":{"type":"Point","coordinates":[14.448533,40.683121]},"properties":{"lines":"E1","color":"#C8102E","mode":"tram","arr":["E1"],"metro":1,"angle":-24.4,"extra":1,"ei":43}},{"type":"Feature","geometry":{"type":"Point","coordinates":[14.450806,40.683903]},"properties":{"lines":"E1","color":"#C8102E","mode":"tram","arr":["E1"],"metro":1,"angle":-24.4,"extra":1,"ei":44}},{"type":"Feature","geometry":{"type":"Point","coordinates":[14.453079,40.684684]},"properties":{"lines":"E1","color":"#C8102E","mode":"tram","arr":["E1"],"metro":1,"angle":-24.4,"extra":1,"ei":45}},{"type":"Feature","geometry":{"type":"Point","coordinates":[14.455352,40.685466]},"properties":{"lines":"E1","color":"#C8102E","mode":"tram","arr":["E1"],"metro":1,"angle":-24.5,"extra":1,"ei":46}},{"type":"Feature","geometry":{"type":"Point","coordinates":[14.457624,40.686248]},"properties":{"lines":"E1","color":"#C8102E","mode":"tram","arr":["E1"],"metro":1,"angle":-24.4,"extra":1,"ei":47}},{"type":"Feature","geometry":{"type":"Point","coordinates":[14.459897,40.687029]},"properties":{"lines":"E1","color":"#C8102E","mode":"tram","arr":["E1"],"metro":1,"angle":-24.4,"extra":1,"ei":48}},{"type":"Feature","geometry":{"type":"Point","coordinates":[14.46217,40.687811]},"properties":{"lines":"E1","color":"#C8102E","mode":"tram","arr":["E1"],"metro":1,"angle":-24.4,"extra":1,"ei":49}},{"type":"Feature","geometry":{"type":"Point","coordinates":[14.464443,40.688592]},"properties":{"lines":"E1","color":"#C8102E","mode":"tram","arr":["E1"],"metro":1,"angle":-24.4,"extra":1,"ei":50}},{"type":"Feature","geometry":{"type":"Point","coordinates":[14.46672,40.689365]},"properties":{"lines":"E1","color":"#C8102E","mode":"tram","arr":["E1"],"metro":1,"angle":-20.3,"extra":1,"ei":51}},{"type":"Feature","geometry":{"type":"Point","coordinates":[14.471621,40.690039]},"properties":{"lines":"E1","color":"#C8102E","mode":"tram","arr":["E1"],"metro":1,"angle":-15.4,"extra":1,"ei":52}},{"type":"Feature","geometry":{"type":"Point","coordinates":[14.474067,40.690333]},"properties":{"lines":"E1","color":"#C8102E","mode":"tram","arr":["E1"],"metro":1,"angle":0.1,"extra":1,"ei":53}},{"type":"Feature","geometry":{"type":"Point","coordinates":[14.476436,40.690785]},"properties":{"lines":"E1","color":"#C8102E","mode":"tram","arr":["E1"],"metro":1,"angle":-33.9,"extra":1,"ei":54}},{"type":"Feature","geometry":{"type":"Point","coordinates":[14.478682,40.691545]},"properties":{"lines":"E1","color":"#C8102E","mode":"tram","arr":["E1"],"metro":1,"angle":-12.6,"extra":1,"ei":55}},{"type":"Feature","geometry":{"type":"Point","coordinates":[14.480819,40.692459]},"properties":{"lines":"E1","color":"#C8102E","mode":"tram","arr":["E1"],"metro":1,"angle":-48.5,"extra":1,"ei":56}},{"type":"Feature","geometry":{"type":"Point","coordinates":[14.482164,40.694044]},"properties":{"lines":"E1","color":"#C8102E","mode":"tram","arr":["E1"],"metro":1,"angle":-62.7,"extra":1,"ei":57}},{"type":"Feature","geometry":{"type":"Point","coordinates":[14.483839,40.695364]},"properties":{"lines":"E1","color":"#C8102E","mode":"tram","arr":["E1"],"metro":1,"angle":-25,"extra":1,"ei":58}},{"type":"Feature","geometry":{"type":"Point","coordinates":[14.486061,40.696217]},"properties":{"lines":"E1","color":"#C8102E","mode":"tram","arr":["E1"],"metro":1,"angle":-36.4,"extra":1,"ei":59}},{"type":"Feature","geometry":{"type":"Point","coordinates":[14.487926,40.697471]},"properties":{"lines":"E1","color":"#C8102E","mode":"tram","arr":["E1"],"metro":1,"angle":-42.3,"extra":1,"ei":60}},{"type":"Feature","geometry":{"type":"Point","coordinates":[14.489714,40.698785]},"properties":{"lines":"E1","color":"#C8102E","mode":"tram","arr":["E1"],"metro":1,"angle":-53.4,"extra":1,"ei":61}},{"type":"Feature","geometry":{"type":"Point","coordinates":[14.490836,40.700462]},"properties":{"lines":"E1","color":"#C8102E","mode":"tram","arr":["E1"],"metro":1,"angle":-75.4,"extra":1,"ei":62}},{"type":"Feature","geometry":{"type":"Point","coordinates":[14.490849,40.702334]},"properties":{"lines":"E1","color":"#C8102E","mode":"tram","arr":["E1"],"metro":1,"angle":79,"extra":1,"ei":63}},{"type":"Feature","geometry":{"type":"Point","coordinates":[14.490241,40.704165]},"properties":{"lines":"E1","color":"#C8102E","mode":"tram","arr":["E1"],"metro":1,"angle":75.8,"extra":1,"ei":64}},{"type":"Feature","geometry":{"type":"Point","coordinates":[14.489589,40.705988]},"properties":{"lines":"E1","color":"#C8102E","mode":"tram","arr":["E1"],"metro":1,"angle":74.8,"extra":1,"ei":65}},{"type":"Feature","geometry":{"type":"Point","coordinates":[14.489252,40.707852]},"properties":{"lines":"E1","color":"#C8102E","mode":"tram","arr":["E1"],"metro":1,"angle":-87.1,"extra":1,"ei":66}},{"type":"Feature","geometry":{"type":"Point","coordinates":[14.489674,40.709711]},"properties":{"lines":"E1","color":"#C8102E","mode":"tram","arr":["E1"],"metro":1,"angle":-79.4,"extra":1,"ei":67}},{"type":"Feature","geometry":{"type":"Point","coordinates":[14.490145,40.711566]},"properties":{"lines":"E1","color":"#C8102E","mode":"tram","arr":["E1"],"metro":1,"angle":-79.1,"extra":1,"ei":68}},{"type":"Feature","geometry":{"type":"Point","coordinates":[14.490614,40.713421]},"properties":{"lines":"E1","color":"#C8102E","mode":"tram","arr":["E1"],"metro":1,"angle":-79.2,"extra":1,"ei":69}},{"type":"Feature","geometry":{"type":"Point","coordinates":[14.491085,40.715276]},"properties":{"lines":"E1","color":"#C8102E","mode":"tram","arr":["E1"],"metro":1,"angle":-79.1,"extra":1,"ei":70}},{"type":"Feature","geometry":{"type":"Point","coordinates":[14.491516,40.717135]},"properties":{"lines":"E1","color":"#C8102E","mode":"tram","arr":["E1"],"metro":1,"angle":-84,"extra":1,"ei":71}},{"type":"Feature","geometry":{"type":"Point","coordinates":[14.49168,40.719018]},"properties":{"lines":"E1","color":"#C8102E","mode":"tram","arr":["E1"],"metro":1,"angle":89.7,"extra":1,"ei":72}},{"type":"Feature","geometry":{"type":"Point","coordinates":[14.491496,40.7209]},"properties":{"lines":"E1","color":"#C8102E","mode":"tram","arr":["E1"],"metro":1,"angle":81.6,"extra":1,"ei":73}},{"type":"Feature","geometry":{"type":"Point","coordinates":[14.49094,40.722739]},"properties":{"lines":"E1","color":"#C8102E","mode":"tram","arr":["E1"],"metro":1,"angle":73.6,"extra":1,"ei":74}},{"type":"Feature","geometry":{"type":"Point","coordinates":[14.490236,40.724551]},"properties":{"lines":"E1","color":"#C8102E","mode":"tram","arr":["E1"],"metro":1,"angle":73.7,"extra":1,"ei":75}},{"type":"Feature","geometry":{"type":"Point","coordinates":[14.489533,40.726364]},"properties":{"lines":"E1","color":"#C8102E","mode":"tram","arr":["E1"],"metro":1,"angle":73.7,"extra":1,"ei":76}},{"type":"Feature","geometry":{"type":"Point","coordinates":[14.488838,40.728177]},"properties":{"lines":"E1","color":"#C8102E","mode":"tram","arr":["E1"],"metro":1,"angle":74.1,"extra":1,"ei":77}},{"type":"Feature","geometry":{"type":"Point","coordinates":[14.488129,40.729988]},"properties":{"lines":"E1","color":"#C8102E","mode":"tram","arr":["E1"],"metro":1,"angle":73.5,"extra":1,"ei":78}},{"type":"Feature","geometry":{"type":"Point","coordinates":[14.487429,40.731801]},"properties":{"lines":"E1","color":"#C8102E","mode":"tram","arr":["E1"],"metro":1,"angle":73.6,"extra":1,"ei":79}},{"type":"Feature","geometry":{"type":"Point","coordinates":[14.486726,40.733613]},"properties":{"lines":"E1","color":"#C8102E","mode":"tram","arr":["E1"],"metro":1,"angle":73.6,"extra":1,"ei":80}},{"type":"Feature","geometry":{"type":"Point","coordinates":[14.486023,40.735425]},"properties":{"lines":"E1","color":"#C8102E","mode":"tram","arr":["E1"],"metro":1,"angle":73.5,"extra":1,"ei":81}},{"type":"Feature","geometry":{"type":"Point","coordinates":[14.485319,40.737237]},"properties":{"lines":"E1","color":"#C8102E","mode":"tram","arr":["E1"],"metro":1,"angle":73.7,"extra":1,"ei":82}},{"type":"Feature","geometry":{"type":"Point","coordinates":[14.484616,40.739049]},"properties":{"lines":"E1","color":"#C8102E","mode":"tram","arr":["E1"],"metro":1,"angle":74.1,"extra":1,"ei":83}},{"type":"Feature","geometry":{"type":"Point","coordinates":[14.48401,40.740881]},"properties":{"lines":"E1","color":"#C8102E","mode":"tram","arr":["E1"],"metro":1,"angle":76.3,"extra":1,"ei":84}},{"type":"Feature","geometry":{"type":"Point","coordinates":[14.483435,40.742719]},"properties":{"lines":"E1","color":"#C8102E","mode":"tram","arr":["E1"],"metro":1,"angle":76.8,"extra":1,"ei":85}},{"type":"Feature","geometry":{"type":"Point","coordinates":[14.482862,40.744557]},"properties":{"lines":"E1","color":"#C8102E","mode":"tram","arr":["E1"],"metro":1,"angle":76.6,"extra":1,"ei":86}},{"type":"Feature","geometry":{"type":"Point","coordinates":[14.482287,40.746395]},"properties":{"lines":"E1","color":"#C8102E","mode":"tram","arr":["E1"],"metro":1,"angle":76.4,"extra":1,"ei":87}},{"type":"Feature","geometry":{"type":"Point","coordinates":[14.481466,40.74817]},"properties":{"lines":"E1","color":"#C8102E","mode":"tram","arr":["E1"],"metro":1,"angle":62.4,"extra":1,"ei":88}},{"type":"Feature","geometry":{"type":"Point","coordinates":[14.479885,40.749618]},"properties":{"lines":"E1","color":"#C8102E","mode":"tram","arr":["E1"],"metro":1,"angle":44.7,"extra":1,"ei":89}},{"type":"Feature","geometry":{"type":"Point","coordinates":[14.478162,40.750984]},"properties":{"lines":"E1","color":"#C8102E","mode":"tram","arr":["E1"],"metro":1,"angle":47.8,"extra":1,"ei":90}},{"type":"Feature","geometry":{"type":"Point","coordinates":[14.476447,40.752357]},"properties":{"lines":"E1","color":"#C8102E","mode":"tram","arr":["E1"],"metro":1,"angle":47,"extra":1,"ei":91}},{"type":"Feature","geometry":{"type":"Point","coordinates":[14.474729,40.753727]},"properties":{"lines":"E1","color":"#C8102E","mode":"tram","arr":["E1"],"metro":1,"angle":46.4,"extra":1,"ei":92}},{"type":"Feature","geometry":{"type":"Point","coordinates":[14.473008,40.755095]},"properties":{"lines":"E1","color":"#C8102E","mode":"tram","arr":["E1"],"metro":1,"angle":46.7,"extra":1,"ei":93}},{"type":"Feature","geometry":{"type":"Point","coordinates":[14.471293,40.756467]},"properties":{"lines":"E1","color":"#C8102E","mode":"tram","arr":["E1"],"metro":1,"angle":46.5,"extra":1,"ei":94}},{"type":"Feature","geometry":{"type":"Point","coordinates":[14.469571,40.757835]},"properties":{"lines":"E1","color":"#C8102E","mode":"tram","arr":["E1"],"metro":1,"angle":46.3,"extra":1,"ei":95}},{"type":"Feature","geometry":{"type":"Point","coordinates":[14.467844,40.759198]},"properties":{"lines":"E1","color":"#C8102E","mode":"tram","arr":["E1"],"metro":1,"angle":46,"extra":1,"ei":96}},{"type":"Feature","geometry":{"type":"Point","coordinates":[14.465896,40.760362]},"properties":{"lines":"E1","color":"#C8102E","mode":"tram","arr":["E1"],"metro":1,"angle":27.5,"extra":1,"ei":97}},{"type":"Feature","geometry":{"type":"Point","coordinates":[14.463512,40.760891]},"properties":{"lines":"E1","color":"#C8102E","mode":"tram","arr":["E1"],"metro":1,"angle":10.8,"extra":1,"ei":98}},{"type":"Feature","geometry":{"type":"Point","coordinates":[14.46106,40.761246]},"properties":{"lines":"E1","color":"#C8102E","mode":"tram","arr":["E1"],"metro":1,"angle":9.7,"extra":1,"ei":99}},{"type":"Feature","geometry":{"type":"Point","coordinates":[14.458585,40.761412]},"properties":{"lines":"E1","color":"#C8102E","mode":"tram","arr":["E1"],"metro":1,"angle":-6.6,"extra":1,"ei":100}},{"type":"Feature","geometry":{"type":"Point","coordinates":[14.456288,40.76073]},"properties":{"lines":"E1","color":"#C8102E","mode":"tram","arr":["E1"],"metro":1,"angle":-34,"extra":1,"ei":101}},{"type":"Feature","geometry":{"type":"Point","coordinates":[14.454297,40.759597]},"properties":{"lines":"E1","color":"#C8102E","mode":"tram","arr":["E1"],"metro":1,"angle":-24.5,"extra":1,"ei":102}},{"type":"Feature","geometry":{"type":"Point","coordinates":[14.451842,40.759631]},"properties":{"lines":"E1","color":"#C8102E","mode":"tram","arr":["E1"],"metro":1,"angle":8.6,"extra":1,"ei":103}},{"type":"Feature","geometry":{"type":"Point","coordinates":[14.449203,40.759921]},"properties":{"lines":"E1, E4, E6","color":"#C8102E","mode":"tram","arr":["E1","E4","E6"],"metro":1,"angle":4.4}},{"type":"Feature","geometry":{"type":"Point","coordinates":[14.36959,40.793577]},"properties":{"lines":"E1, E1a, E4, E6","color":"#C8102E","mode":"tram","arr":["E1","E1a","E4","E6"],"metro":1,"angle":49.5}},{"type":"Feature","geometry":{"type":"Point","coordinates":[14.447724,40.760087]},"properties":{"lines":"E1, E1a, E4, E6","color":"#C8102E","mode":"tram","arr":["E1","E1a","E4","E6"],"metro":1,"angle":12.3,"extra":1,"ei":0}},{"type":"Feature","geometry":{"type":"Point","coordinates":[14.445324,40.760608]},"properties":{"lines":"E1, E1a, E4, E6","color":"#C8102E","mode":"tram","arr":["E1","E1a","E4","E6"],"metro":1,"angle":16.7,"extra":1,"ei":1}},{"type":"Feature","geometry":{"type":"Point","coordinates":[14.442933,40.761152]},"properties":{"lines":"E1, E1a, E4, E6","color":"#C8102E","mode":"tram","arr":["E1","E1a","E4","E6"],"metro":1,"angle":16.7,"extra":1,"ei":2}},{"type":"Feature","geometry":{"type":"Point","coordinates":[14.440542,40.761695]},"properties":{"lines":"E1, E1a, E4, E6","color":"#C8102E","mode":"tram","arr":["E1","E1a","E4","E6"],"metro":1,"angle":16.8,"extra":1,"ei":3}},{"type":"Feature","geometry":{"type":"Point","coordinates":[14.438154,40.762245]},"properties":{"lines":"E1, E1a, E4, E6","color":"#C8102E","mode":"tram","arr":["E1","E1a","E4","E6"],"metro":1,"angle":16.6,"extra":1,"ei":4}},{"type":"Feature","geometry":{"type":"Point","coordinates":[14.435763,40.762789]},"properties":{"lines":"E1, E1a, E4, E6","color":"#C8102E","mode":"tram","arr":["E1","E1a","E4","E6"],"metro":1,"angle":16.7,"extra":1,"ei":5}},{"type":"Feature","geometry":{"type":"Point","coordinates":[14.433364,40.763309]},"properties":{"lines":"E1, E1a, E4, E6","color":"#C8102E","mode":"tram","arr":["E1","E1a","E4","E6"],"metro":1,"angle":11.4,"extra":1,"ei":6}},{"type":"Feature","geometry":{"type":"Point","coordinates":[14.430886,40.763533]},"properties":{"lines":"E1, E1a, E4, E6","color":"#C8102E","mode":"tram","arr":["E1","E1a","E4","E6"],"metro":1,"angle":6.2,"extra":1,"ei":7}},{"type":"Feature","geometry":{"type":"Point","coordinates":[14.428402,40.763722]},"properties":{"lines":"E1, E1a, E4, E6","color":"#C8102E","mode":"tram","arr":["E1","E1a","E4","E6"],"metro":1,"angle":6.5,"extra":1,"ei":8}},{"type":"Feature","geometry":{"type":"Point","coordinates":[14.425919,40.763923]},"properties":{"lines":"E1, E1a, E4, E6","color":"#C8102E","mode":"tram","arr":["E1","E1a","E4","E6"],"metro":1,"angle":6.3,"extra":1,"ei":9}},{"type":"Feature","geometry":{"type":"Point","coordinates":[14.423484,40.764299]},"properties":{"lines":"E1, E1a, E4, E6","color":"#C8102E","mode":"tram","arr":["E1","E1a","E4","E6"],"metro":1,"angle":22.3,"extra":1,"ei":10}},{"type":"Feature","geometry":{"type":"Point","coordinates":[14.421185,40.765034]},"properties":{"lines":"E1, E1a, E4, E6","color":"#C8102E","mode":"tram","arr":["E1","E1a","E4","E6"],"metro":1,"angle":23.3,"extra":1,"ei":11}},{"type":"Feature","geometry":{"type":"Point","coordinates":[14.418888,40.765774]},"properties":{"lines":"E1, E1a, E4, E6","color":"#C8102E","mode":"tram","arr":["E1","E1a","E4","E6"],"metro":1,"angle":22.9,"extra":1,"ei":12}},{"type":"Feature","geometry":{"type":"Point","coordinates":[14.416589,40.766511]},"properties":{"lines":"E1, E1a, E4, E6","color":"#C8102E","mode":"tram","arr":["E1","E1a","E4","E6"],"metro":1,"angle":23.1,"extra":1,"ei":13}},{"type":"Feature","geometry":{"type":"Point","coordinates":[14.414445,40.767449]},"properties":{"lines":"E1, E1a, E4, E6","color":"#C8102E","mode":"tram","arr":["E1","E1a","E4","E6"],"metro":1,"angle":44.4,"extra":1,"ei":14}},{"type":"Feature","geometry":{"type":"Point","coordinates":[14.412951,40.768958]},"properties":{"lines":"E1, E1a, E4, E6","color":"#C8102E","mode":"tram","arr":["E1","E1a","E4","E6"],"metro":1,"angle":55.3,"extra":1,"ei":15}},{"type":"Feature","geometry":{"type":"Point","coordinates":[14.411464,40.770471]},"properties":{"lines":"E1, E1a, E4, E6","color":"#C8102E","mode":"tram","arr":["E1","E1a","E4","E6"],"metro":1,"angle":46.5,"extra":1,"ei":16}},{"type":"Feature","geometry":{"type":"Point","coordinates":[14.409518,40.77165]},"properties":{"lines":"E1, E1a, E4, E6","color":"#C8102E","mode":"tram","arr":["E1","E1a","E4","E6"],"metro":1,"angle":37.1,"extra":1,"ei":17}},{"type":"Feature","geometry":{"type":"Point","coordinates":[14.407509,40.77277]},"properties":{"lines":"E1, E1a, E4, E6","color":"#C8102E","mode":"tram","arr":["E1","E1a","E4","E6"],"metro":1,"angle":36.9,"extra":1,"ei":18}},{"type":"Feature","geometry":{"type":"Point","coordinates":[14.405495,40.773886]},"properties":{"lines":"E1, E1a, E4, E6","color":"#C8102E","mode":"tram","arr":["E1","E1a","E4","E6"],"metro":1,"angle":33.9,"extra":1,"ei":19}},{"type":"Feature","geometry":{"type":"Point","coordinates":[14.403341,40.774839]},"properties":{"lines":"E1, E1a, E4, E6","color":"#C8102E","mode":"tram","arr":["E1","E1a","E4","E6"],"metro":1,"angle":29.9,"extra":1,"ei":20}},{"type":"Feature","geometry":{"type":"Point","coordinates":[14.40108,40.77562]},"properties":{"lines":"E1, E1a, E4, E6","color":"#C8102E","mode":"tram","arr":["E1","E1a","E4","E6"],"metro":1,"angle":14.4,"extra":1,"ei":21}},{"type":"Feature","geometry":{"type":"Point","coordinates":[14.398653,40.776064]},"properties":{"lines":"E1, E1a, E4, E6","color":"#C8102E","mode":"tram","arr":["E1","E1a","E4","E6"],"metro":1,"angle":15,"extra":1,"ei":22}},{"type":"Feature","geometry":{"type":"Point","coordinates":[14.396329,40.776746]},"properties":{"lines":"E1, E1a, E4, E6","color":"#C8102E","mode":"tram","arr":["E1","E1a","E4","E6"],"metro":1,"angle":24.3,"extra":1,"ei":23}},{"type":"Feature","geometry":{"type":"Point","coordinates":[14.394055,40.777525]},"properties":{"lines":"E1, E1a, E4, E6","color":"#C8102E","mode":"tram","arr":["E1","E1a","E4","E6"],"metro":1,"angle":24.3,"extra":1,"ei":24}},{"type":"Feature","geometry":{"type":"Point","coordinates":[14.391778,40.778299]},"properties":{"lines":"E1, E1a, E4, E6","color":"#C8102E","mode":"tram","arr":["E1","E1a","E4","E6"],"metro":1,"angle":26.2,"extra":1,"ei":25}},{"type":"Feature","geometry":{"type":"Point","coordinates":[14.389772,40.779402]},"properties":{"lines":"E1, E1a, E4, E6","color":"#C8102E","mode":"tram","arr":["E1","E1a","E4","E6"],"metro":1,"angle":46.8,"extra":1,"ei":26}},{"type":"Feature","geometry":{"type":"Point","coordinates":[14.38814,40.780831]},"properties":{"lines":"E1, E1a, E4, E6","color":"#C8102E","mode":"tram","arr":["E1","E1a","E4","E6"],"metro":1,"angle":49.3,"extra":1,"ei":27}},{"type":"Feature","geometry":{"type":"Point","coordinates":[14.386505,40.782258]},"properties":{"lines":"E1, E1a, E4, E6","color":"#C8102E","mode":"tram","arr":["E1","E1a","E4","E6"],"metro":1,"angle":48.8,"extra":1,"ei":28}},{"type":"Feature","geometry":{"type":"Point","coordinates":[14.384873,40.783687]},"properties":{"lines":"E1, E1a, E4, E6","color":"#C8102E","mode":"tram","arr":["E1","E1a","E4","E6"],"metro":1,"angle":49.4,"extra":1,"ei":29}},{"type":"Feature","geometry":{"type":"Point","coordinates":[14.383273,40.785136]},"properties":{"lines":"E1, E1a, E4, E6","color":"#C8102E","mode":"tram","arr":["E1","E1a","E4","E6"],"metro":1,"angle":50.6,"extra":1,"ei":30}},{"type":"Feature","geometry":{"type":"Point","coordinates":[14.38166,40.786578]},"properties":{"lines":"E1, E1a, E4, E6","color":"#C8102E","mode":"tram","arr":["E1","E1a","E4","E6"],"metro":1,"angle":46.7,"extra":1,"ei":31}},{"type":"Feature","geometry":{"type":"Point","coordinates":[14.37979,40.787825]},"properties":{"lines":"E1, E1a, E4, E6","color":"#C8102E","mode":"tram","arr":["E1","E1a","E4","E6"],"metro":1,"angle":36.5,"extra":1,"ei":32}},{"type":"Feature","geometry":{"type":"Point","coordinates":[14.377662,40.788808]},"properties":{"lines":"E1, E1a, E4, E6","color":"#C8102E","mode":"tram","arr":["E1","E1a","E4","E6"],"metro":1,"angle":28.5,"extra":1,"ei":33}},{"type":"Feature","geometry":{"type":"Point","coordinates":[14.375451,40.789686]},"properties":{"lines":"E1, E1a, E4, E6","color":"#C8102E","mode":"tram","arr":["E1","E1a","E4","E6"],"metro":1,"angle":27.4,"extra":1,"ei":34}},{"type":"Feature","geometry":{"type":"Point","coordinates":[14.373266,40.790596]},"properties":{"lines":"E1, E1a, E4, E6","color":"#C8102E","mode":"tram","arr":["E1","E1a","E4","E6"],"metro":1,"angle":34.1,"extra":1,"ei":35}},{"type":"Feature","geometry":{"type":"Point","coordinates":[14.371459,40.79189]},"properties":{"lines":"E1, E1a, E4, E6","color":"#C8102E","mode":"tram","arr":["E1","E1a","E4","E6"],"metro":1,"angle":49.5,"extra":1,"ei":36}},{"type":"Feature","geometry":{"type":"Point","coordinates":[14.368238,40.794776]},"properties":{"lines":"E1, E1a, E4, E6","color":"#C8102E","mode":"tram","arr":["E1","E1a","E4","E6"],"metro":1,"angle":49.3,"extra":1,"ei":37}},{"type":"Feature","geometry":{"type":"Point","coordinates":[14.366621,40.796215]},"properties":{"lines":"E1, E1a, E4, E6","color":"#C8102E","mode":"tram","arr":["E1","E1a","E4","E6"],"metro":1,"angle":49.7,"extra":1,"ei":38}},{"type":"Feature","geometry":{"type":"Point","coordinates":[14.364996,40.797648]},"properties":{"lines":"E1, E1a, E4, E6","color":"#C8102E","mode":"tram","arr":["E1","E1a","E4","E6"],"metro":1,"angle":49.4,"extra":1,"ei":39}},{"type":"Feature","geometry":{"type":"Point","coordinates":[14.363614,40.799216]},"properties":{"lines":"E1, E1a, E4, E6","color":"#C8102E","mode":"tram","arr":["E1","E1a","E4","E6"],"metro":1,"angle":60.4,"extra":1,"ei":40}},{"type":"Feature","geometry":{"type":"Point","coordinates":[14.362381,40.800858]},"properties":{"lines":"E1, E1a, E4, E6","color":"#C8102E","mode":"tram","arr":["E1","E1a","E4","E6"],"metro":1,"angle":60.4,"extra":1,"ei":41}},{"type":"Feature","geometry":{"type":"Point","coordinates":[14.361146,40.802499]},"properties":{"lines":"E1, E1a, E4, E6","color":"#C8102E","mode":"tram","arr":["E1","E1a","E4","E6"],"metro":1,"angle":60.4,"extra":1,"ei":42}},{"type":"Feature","geometry":{"type":"Point","coordinates":[14.359911,40.804141]},"properties":{"lines":"E1, E1a, E4, E6","color":"#C8102E","mode":"tram","arr":["E1","E1a","E4","E6"],"metro":1,"angle":60.5,"extra":1,"ei":43}},{"type":"Feature","geometry":{"type":"Point","coordinates":[14.358606,40.805749]},"properties":{"lines":"E1, E1a, E4, E6","color":"#C8102E","mode":"tram","arr":["E1","E1a","E4","E6"],"metro":1,"angle":53.4,"extra":1,"ei":44}},{"type":"Feature","geometry":{"type":"Point","coordinates":[14.356992,40.807189]},"properties":{"lines":"E1, E1a, E4, E6","color":"#C8102E","mode":"tram","arr":["E1","E1a","E4","E6"],"metro":1,"angle":49.3,"extra":1,"ei":45}},{"type":"Feature","geometry":{"type":"Point","coordinates":[14.35534,40.808604]},"properties":{"lines":"E1, E1a, E4, E6","color":"#C8102E","mode":"tram","arr":["E1","E1a","E4","E6"],"metro":1,"angle":48.6,"extra":1,"ei":46}},{"type":"Feature","geometry":{"type":"Point","coordinates":[14.353696,40.810026]},"properties":{"lines":"E1, E1a, E4, E6","color":"#C8102E","mode":"tram","arr":["E1","E1a","E4","E6"],"metro":1,"angle":48.6,"extra":1,"ei":47}},{"type":"Feature","geometry":{"type":"Point","coordinates":[14.352057,40.81145]},"properties":{"lines":"E1, E1a, E4, E6","color":"#C8102E","mode":"tram","arr":["E1","E1a","E4","E6"],"metro":1,"angle":49.5,"extra":1,"ei":48}},{"type":"Feature","geometry":{"type":"Point","coordinates":[14.350437,40.812887]},"properties":{"lines":"E1, E1a, E4, E6","color":"#C8102E","mode":"tram","arr":["E1","E1a","E4","E6"],"metro":1,"angle":49.6,"extra":1,"ei":49}},{"type":"Feature","geometry":{"type":"Point","coordinates":[14.348818,40.814325]},"properties":{"lines":"E1, E1a, E4, E6","color":"#C8102E","mode":"tram","arr":["E1","E1a","E4","E6"],"metro":1,"angle":49.6,"extra":1,"ei":50}},{"type":"Feature","geometry":{"type":"Point","coordinates":[14.347198,40.815762]},"properties":{"lines":"E1, E1a, E4, E6","color":"#C8102E","mode":"tram","arr":["E1","E1a","E4","E6"],"metro":1,"angle":49.6,"extra":1,"ei":51}},{"type":"Feature","geometry":{"type":"Point","coordinates":[14.345841,40.817341]},"properties":{"lines":"E1, E1a, E4, E6","color":"#C8102E","mode":"tram","arr":["E1","E1a","E4","E6"],"metro":1,"angle":62.3,"extra":1,"ei":52}},{"type":"Feature","geometry":{"type":"Point","coordinates":[14.344844,40.819071]},"properties":{"lines":"E1, E1a, E4, E6","color":"#C8102E","mode":"tram","arr":["E1","E1a","E4","E6"],"metro":1,"angle":69.2,"extra":1,"ei":53}},{"type":"Feature","geometry":{"type":"Point","coordinates":[14.343987,40.820845]},"properties":{"lines":"E1, E1a, E4, E6","color":"#C8102E","mode":"tram","arr":["E1","E1a","E4","E6"],"metro":1,"angle":69.8,"extra":1,"ei":54}},{"type":"Feature","geometry":{"type":"Point","coordinates":[14.343129,40.822618]},"properties":{"lines":"E1, E1a, E4, E6","color":"#C8102E","mode":"tram","arr":["E1","E1a","E4","E6"],"metro":1,"angle":70.1,"extra":1,"ei":55}},{"type":"Feature","geometry":{"type":"Point","coordinates":[14.342457,40.824432]},"properties":{"lines":"E1, E1a, E4, E6","color":"#C8102E","mode":"tram","arr":["E1","E1a","E4","E6"],"metro":1,"angle":79.4,"extra":1,"ei":56}},{"type":"Feature","geometry":{"type":"Point","coordinates":[14.34189,40.826269]},"properties":{"lines":"E1, E1a, E4, E6","color":"#C8102E","mode":"tram","arr":["E1","E1a","E4","E6"],"metro":1,"angle":71.7,"extra":1,"ei":57}},{"type":"Feature","geometry":{"type":"Point","coordinates":[14.341059,40.82805]},"properties":{"lines":"E1, E1a, E4, E6","color":"#C8102E","mode":"tram","arr":["E1","E1a","E4","E6"],"metro":1,"angle":70.6,"extra":1,"ei":58,"side":-1}},{"type":"Feature","geometry":{"type":"Point","coordinates":[14.339944,40.829735]},"properties":{"lines":"E1, E1a, E4, E6","color":"#C8102E","mode":"tram","arr":["E1","E1a","E4","E6"],"metro":1,"angle":60.7,"extra":1,"ei":59}},{"type":"Feature","geometry":{"type":"Point","coordinates":[14.338675,40.831362]},"properties":{"lines":"E1, E1a, E4, E6","color":"#C8102E","mode":"tram","arr":["E1","E1a","E4","E6"],"metro":1,"angle":59.8,"extra":1,"ei":60,"side":-1}},{"type":"Feature","geometry":{"type":"Point","coordinates":[14.337586,40.833059]},"properties":{"lines":"E1, E1a, E4, E6","color":"#C8102E","mode":"tram","arr":["E1","E1a","E4","E6"],"metro":1,"angle":59.9,"extra":1,"ei":61}},{"type":"Feature","geometry":{"type":"Point","coordinates":[14.335883,40.834426]},"properties":{"lines":"E1, E1a, E4, E6","color":"#C8102E","mode":"tram","arr":["E1","E1a","E4","E6"],"metro":1,"angle":39.8,"extra":1,"ei":62}},{"type":"Feature","geometry":{"type":"Point","coordinates":[14.333866,40.835535]},"properties":{"lines":"E1, E1a, E4, E6","color":"#C8102E","mode":"tram","arr":["E1","E1a","E4","E6"],"metro":1,"angle":34,"extra":1,"ei":63}},{"type":"Feature","geometry":{"type":"Point","coordinates":[14.331795,40.836591]},"properties":{"lines":"E1, E1a, E4, E6","color":"#C8102E","mode":"tram","arr":["E1","E1a","E4","E6"],"metro":1,"angle":33.8,"extra":1,"ei":64}},{"type":"Feature","geometry":{"type":"Point","coordinates":[14.329826,40.837741]},"properties":{"lines":"E1, E1a, E4, E6","color":"#C8102E","mode":"tram","arr":["E1","E1a","E4","E6"],"metro":1,"angle":47.8,"extra":1,"ei":65}},{"type":"Feature","geometry":{"type":"Point","coordinates":[14.328421,40.839299]},"properties":{"lines":"E1, E1a, E4, E6","color":"#C8102E","mode":"tram","arr":["E1","E1a","E4","E6"],"metro":1,"angle":58,"extra":1,"ei":66}},{"type":"Feature","geometry":{"type":"Point","coordinates":[14.327089,40.840896]},"properties":{"lines":"E1, E1a, E4, E6","color":"#C8102E","mode":"tram","arr":["E1","E1a","E4","E6"],"metro":1,"angle":54.1,"extra":1,"ei":67}},{"type":"Feature","geometry":{"type":"Point","coordinates":[14.325209,40.842114]},"properties":{"lines":"E1, E1a, E4, E6","color":"#C8102E","mode":"tram","arr":["E1","E1a","E4","E6"],"metro":1,"angle":32.6,"extra":1,"ei":68}},{"type":"Feature","geometry":{"type":"Point","coordinates":[14.323108,40.843135]},"properties":{"lines":"E1, E1a, E4, E6","color":"#C8102E","mode":"tram","arr":["E1","E1a","E4","E6"],"metro":1,"angle":32.7,"extra":1,"ei":69}},{"type":"Feature","geometry":{"type":"Point","coordinates":[14.321006,40.844154]},"properties":{"lines":"E1, E1a, E4, E6","color":"#C8102E","mode":"tram","arr":["E1","E1a","E4","E6"],"metro":1,"angle":32.1,"extra":1,"ei":70}},{"type":"Feature","geometry":{"type":"Point","coordinates":[14.318781,40.844982]},"properties":{"lines":"E1, E1a, E4, E6","color":"#C8102E","mode":"tram","arr":["E1","E1a","E4","E6"],"metro":1,"angle":13.1,"extra":1,"ei":71}},{"type":"Feature","geometry":{"type":"Point","coordinates":[14.316314,40.844922]},"properties":{"lines":"E1, E1a, E4, E6","color":"#C8102E","mode":"tram","arr":["E1","E1a","E4","E6"],"metro":1,"angle":-16.7,"extra":1,"ei":72}},{"type":"Feature","geometry":{"type":"Point","coordinates":[14.314122,40.844033]},"properties":{"lines":"E1, E1a, E4, E6","color":"#C8102E","mode":"tram","arr":["E1","E1a","E4","E6"],"metro":1,"angle":-32.7,"extra":1,"ei":73}},{"type":"Feature","geometry":{"type":"Point","coordinates":[14.28875,40.844845]},"properties":{"lines":"E1, E1a, E4, E6","color":"#C8102E","mode":"tram","arr":["E1","E1a","E4","E6"],"metro":1,"angle":44.1,"side":-1}},{"type":"Feature","geometry":{"type":"Point","coordinates":[14.311326,40.842673]},"properties":{"lines":"E1, E1a, E4, E6","color":"#C8102E","mode":"tram","arr":["E1","E1a","E4","E6"],"metro":1,"angle":-32.8,"extra":1,"ei":0}},{"type":"Feature","geometry":{"type":"Point","coordinates":[14.309196,40.841693]},"properties":{"lines":"E1, E1a, E4, E6","color":"#C8102E","mode":"tram","arr":["E1","E1a","E4","E6"],"metro":1,"angle":-24.1,"extra":1,"ei":1}},{"type":"Feature","geometry":{"type":"Point","coordinates":[14.306768,40.841316]},"properties":{"lines":"E1, E1a, E4, E6","color":"#C8102E","mode":"tram","arr":["E1","E1a","E4","E6"],"metro":1,"angle":0.2,"extra":1,"ei":2}},{"type":"Feature","geometry":{"type":"Point","coordinates":[14.304282,40.841482]},"properties":{"lines":"E1, E1a, E4, E6","color":"#C8102E","mode":"tram","arr":["E1","E1a","E4","E6"],"metro":1,"angle":5.7,"extra":1,"ei":3}},{"type":"Feature","geometry":{"type":"Point","coordinates":[14.301797,40.841663]},"properties":{"lines":"E1, E1a, E4, E6","color":"#C8102E","mode":"tram","arr":["E1","E1a","E4","E6"],"metro":1,"angle":4.9,"extra":1,"ei":4}},{"type":"Feature","geometry":{"type":"Point","coordinates":[14.299307,40.8418]},"properties":{"lines":"E1, E1a, E4, E6","color":"#C8102E","mode":"tram","arr":["E1","E1a","E4","E6"],"metro":1,"angle":4,"extra":1,"ei":5}},{"type":"Feature","geometry":{"type":"Point","coordinates":[14.296816,40.841929]},"properties":{"lines":"E1, E1a, E4, E6","color":"#C8102E","mode":"tram","arr":["E1","E1a","E4","E6"],"metro":1,"angle":4.9,"extra":1,"ei":6}},{"type":"Feature","geometry":{"type":"Point","coordinates":[14.294432,40.842454]},"properties":{"lines":"E1, E1a, E4, E6","color":"#C8102E","mode":"tram","arr":["E1","E1a","E4","E6"],"metro":1,"angle":21.2,"extra":1,"ei":7}},{"type":"Feature","geometry":{"type":"Point","coordinates":[14.292104,40.843136]},"properties":{"lines":"E1, E1a, E4, E6","color":"#C8102E","mode":"tram","arr":["E1","E1a","E4","E6"],"metro":1,"angle":21.2,"extra":1,"ei":8,"side":-1}},{"type":"Feature","geometry":{"type":"Point","coordinates":[14.289905,40.843997]},"properties":{"lines":"E1, E1a, E4, E6","color":"#C8102E","mode":"tram","arr":["E1","E1a","E4","E6"],"metro":1,"angle":42.2,"extra":1,"ei":9,"side":-1}},{"type":"Feature","geometry":{"type":"Point","coordinates":[14.286419,40.846699]},"properties":{"lines":"E1, E1a, E4, E6","color":"#C8102E","mode":"tram","arr":["E1","E1a","E4","E6"],"metro":1,"angle":49.4,"extra":1,"ei":10,"side":-1}},{"type":"Feature","geometry":{"type":"Point","coordinates":[14.284868,40.848178]},"properties":{"lines":"E1, E1a, E4, E6","color":"#C8102E","mode":"tram","arr":["E1","E1a","E4","E6"],"metro":1,"angle":53.7,"extra":1,"ei":11,"side":-1}},{"type":"Feature","geometry":{"type":"Point","coordinates":[14.283426,40.84972]},"properties":{"lines":"E1, E1a, E4, E6","color":"#C8102E","mode":"tram","arr":["E1","E1a","E4","E6"],"metro":1,"angle":54.4,"extra":1,"ei":12,"side":-1}},{"type":"Feature","geometry":{"type":"Point","coordinates":[14.281913,40.851217]},"properties":{"lines":"E1, E1a, E4, E6","color":"#C8102E","mode":"tram","arr":["E1","E1a","E4","E6"],"metro":1,"angle":40.4,"extra":1,"ei":13,"side":-1}},{"type":"Feature","geometry":{"type":"Point","coordinates":[14.279571,40.851513]},"properties":{"lines":"E1, E1a, E4, E6","color":"#C8102E","mode":"tram","arr":["E1","E1a","E4","E6"],"metro":1,"angle":-22.6,"extra":1,"ei":14}},{"type":"Feature","geometry":{"type":"Point","coordinates":[14.277423,40.850568]},"properties":{"lines":"E1, E1a, E4, E6","color":"#C8102E","mode":"tram","arr":["E1","E1a","E4","E6"],"metro":1,"angle":-13.8,"extra":1,"ei":15}},{"type":"Feature","geometry":{"type":"Point","coordinates":[14.274937,40.850632]},"properties":{"lines":"E1, E1a, E4, E6","color":"#C8102E","mode":"tram","arr":["E1","E1a","E4","E6"],"metro":1,"angle":4.2,"extra":1,"ei":16}},{"type":"Feature","geometry":{"type":"Point","coordinates":[14.272592,40.851211]},"properties":{"lines":"E1, E1a, E4, E6","color":"#C8102E","mode":"tram","arr":["E1","E1a","E4","E6"],"metro":1,"angle":20.8,"extra":1,"ei":17}},{"type":"Feature","geometry":{"type":"Point","coordinates":[14.270664,40.850327]},"properties":{"lines":"E1, E1a, E4, E6","color":"#C8102E","mode":"tram","arr":["E1","E1a","E4","E6"],"metro":1,"angle":-49.7,"extra":1,"ei":18}},{"type":"Feature","geometry":{"type":"Point","coordinates":[14.450248,40.759786]},"properties":{"lines":"E1a","color":"#C8102E","mode":"tram","arr":["E1a"],"metro":1,"angle":8.6}},{"type":"Feature","geometry":{"type":"Point","coordinates":[14.217474,40.930298]},"properties":{"lines":"E2","color":"#7d2b8b","mode":"tram","arr":["E2"],"metro":1,"angle":88.8}},{"type":"Feature","geometry":{"type":"Point","coordinates":[14.213669,40.973121]},"properties":{"lines":"E2","color":"#7d2b8b","mode":"tram","arr":["E2"],"metro":1,"angle":-90,"extra":1,"ei":0}},{"type":"Feature","geometry":{"type":"Point","coordinates":[14.213662,40.971232]},"properties":{"lines":"E2","color":"#7d2b8b","mode":"tram","arr":["E2"],"metro":1,"angle":-89.2,"extra":1,"ei":1}},{"type":"Feature","geometry":{"type":"Point","coordinates":[14.213296,40.96937]},"properties":{"lines":"E2","color":"#7d2b8b","mode":"tram","arr":["E2"],"metro":1,"angle":-77.7,"extra":1,"ei":2}},{"type":"Feature","geometry":{"type":"Point","coordinates":[14.21276,40.967526]},"properties":{"lines":"E2","color":"#7d2b8b","mode":"tram","arr":["E2"],"metro":1,"angle":-77.6,"extra":1,"ei":3}},{"type":"Feature","geometry":{"type":"Point","coordinates":[14.212224,40.965681]},"properties":{"lines":"E2","color":"#7d2b8b","mode":"tram","arr":["E2"],"metro":1,"angle":-77.6,"extra":1,"ei":4}},{"type":"Feature","geometry":{"type":"Point","coordinates":[14.211688,40.963837]},"properties":{"lines":"E2","color":"#7d2b8b","mode":"tram","arr":["E2"],"metro":1,"angle":-77.6,"extra":1,"ei":5}},{"type":"Feature","geometry":{"type":"Point","coordinates":[14.211152,40.961992]},"properties":{"lines":"E2","color":"#7d2b8b","mode":"tram","arr":["E2"],"metro":1,"angle":-77.6,"extra":1,"ei":6}},{"type":"Feature","geometry":{"type":"Point","coordinates":[14.210612,40.960148]},"properties":{"lines":"E2","color":"#7d2b8b","mode":"tram","arr":["E2"],"metro":1,"angle":-77.3,"extra":1,"ei":7}},{"type":"Feature","geometry":{"type":"Point","coordinates":[14.21007,40.958305]},"properties":{"lines":"E2","color":"#7d2b8b","mode":"tram","arr":["E2"],"metro":1,"angle":-77.5,"extra":1,"ei":8}},{"type":"Feature","geometry":{"type":"Point","coordinates":[14.209529,40.956461]},"properties":{"lines":"E2","color":"#7d2b8b","mode":"tram","arr":["E2"],"metro":1,"angle":-77.5,"extra":1,"ei":9}},{"type":"Feature","geometry":{"type":"Point","coordinates":[14.20902,40.954613]},"properties":{"lines":"E2","color":"#7d2b8b","mode":"tram","arr":["E2"],"metro":1,"angle":-80.9,"extra":1,"ei":10}},{"type":"Feature","geometry":{"type":"Point","coordinates":[14.208716,40.952739]},"properties":{"lines":"E2","color":"#7d2b8b","mode":"tram","arr":["E2"],"metro":1,"angle":-85.2,"extra":1,"ei":11}},{"type":"Feature","geometry":{"type":"Point","coordinates":[14.208719,40.950853]},"properties":{"lines":"E2","color":"#7d2b8b","mode":"tram","arr":["E2"],"metro":1,"angle":86.4,"extra":1,"ei":12}},{"type":"Feature","geometry":{"type":"Point","coordinates":[14.208965,40.948975]},"properties":{"lines":"E2","color":"#7d2b8b","mode":"tram","arr":["E2"],"metro":1,"angle":82.3,"extra":1,"ei":13}},{"type":"Feature","geometry":{"type":"Point","coordinates":[14.209554,40.947143]},"properties":{"lines":"E2","color":"#7d2b8b","mode":"tram","arr":["E2"],"metro":1,"angle":72.4,"extra":1,"ei":14}},{"type":"Feature","geometry":{"type":"Point","coordinates":[14.210543,40.945411]},"properties":{"lines":"E2","color":"#7d2b8b","mode":"tram","arr":["E2"],"metro":1,"angle":65.6,"extra":1,"ei":15}},{"type":"Feature","geometry":{"type":"Point","coordinates":[14.211574,40.943691]},"properties":{"lines":"E2","color":"#7d2b8b","mode":"tram","arr":["E2"],"metro":1,"angle":65.6,"extra":1,"ei":16}},{"type":"Feature","geometry":{"type":"Point","coordinates":[14.212605,40.941971]},"properties":{"lines":"E2","color":"#7d2b8b","mode":"tram","arr":["E2"],"metro":1,"angle":65.6,"extra":1,"ei":17}},{"type":"Feature","geometry":{"type":"Point","coordinates":[14.213635,40.94025]},"properties":{"lines":"E2","color":"#7d2b8b","mode":"tram","arr":["E2"],"metro":1,"angle":65.6,"extra":1,"ei":18}},{"type":"Feature","geometry":{"type":"Point","coordinates":[14.214666,40.93853]},"properties":{"lines":"E2","color":"#7d2b8b","mode":"tram","arr":["E2"],"metro":1,"angle":65.6,"extra":1,"ei":19}},{"type":"Feature","geometry":{"type":"Point","coordinates":[14.215697,40.93681]},"properties":{"lines":"E2","color":"#7d2b8b","mode":"tram","arr":["E2"],"metro":1,"angle":65.6,"extra":1,"ei":20}},{"type":"Feature","geometry":{"type":"Point","coordinates":[14.216675,40.935073]},"properties":{"lines":"E2","color":"#7d2b8b","mode":"tram","arr":["E2"],"metro":1,"angle":70.3,"extra":1,"ei":21}},{"type":"Feature","geometry":{"type":"Point","coordinates":[14.21729,40.933246]},"properties":{"lines":"E2","color":"#7d2b8b","mode":"tram","arr":["E2"],"metro":1,"angle":80.8,"extra":1,"ei":22}},{"type":"Feature","geometry":{"type":"Point","coordinates":[14.217613,40.927589]},"properties":{"lines":"E2","color":"#7d2b8b","mode":"tram","arr":["E2"],"metro":1,"angle":85.2,"extra":1,"ei":23}},{"type":"Feature","geometry":{"type":"Point","coordinates":[14.217807,40.925706]},"properties":{"lines":"E2","color":"#7d2b8b","mode":"tram","arr":["E2"],"metro":1,"angle":85.9,"extra":1,"ei":24}},{"type":"Feature","geometry":{"type":"Point","coordinates":[14.217984,40.923822]},"properties":{"lines":"E2","color":"#7d2b8b","mode":"tram","arr":["E2"],"metro":1,"angle":86,"extra":1,"ei":25,"side":-1}},{"type":"Feature","geometry":{"type":"Point","coordinates":[14.217972,40.921934]},"properties":{"lines":"E2","color":"#7d2b8b","mode":"tram","arr":["E2"],"metro":1,"angle":-89,"extra":1,"ei":26}},{"type":"Feature","geometry":{"type":"Point","coordinates":[14.217953,40.920046]},"properties":{"lines":"E2","color":"#7d2b8b","mode":"tram","arr":["E2"],"metro":1,"angle":-89.9,"extra":1,"ei":27}},{"type":"Feature","geometry":{"type":"Point","coordinates":[14.217958,40.918157]},"properties":{"lines":"E2","color":"#7d2b8b","mode":"tram","arr":["E2"],"metro":1,"angle":89.7,"extra":1,"ei":28}},{"type":"Feature","geometry":{"type":"Point","coordinates":[14.21798,40.916269]},"properties":{"lines":"E2","color":"#7d2b8b","mode":"tram","arr":["E2"],"metro":1,"angle":88.9,"extra":1,"ei":29}},{"type":"Feature","geometry":{"type":"Point","coordinates":[14.21807,40.914382]},"properties":{"lines":"E2","color":"#7d2b8b","mode":"tram","arr":["E2"],"metro":1,"angle":85.6,"extra":1,"ei":30}},{"type":"Feature","geometry":{"type":"Point","coordinates":[14.218452,40.912517]},"properties":{"lines":"E2","color":"#7d2b8b","mode":"tram","arr":["E2"],"metro":1,"angle":78.7,"extra":1,"ei":31}},{"type":"Feature","geometry":{"type":"Point","coordinates":[14.21896,40.910668]},"properties":{"lines":"E2","color":"#7d2b8b","mode":"tram","arr":["E2"],"metro":1,"angle":78.2,"extra":1,"ei":32}},{"type":"Feature","geometry":{"type":"Point","coordinates":[14.219448,40.908816]},"properties":{"lines":"E2","color":"#7d2b8b","mode":"tram","arr":["E2"],"metro":1,"angle":79.4,"extra":1,"ei":33}},{"type":"Feature","geometry":{"type":"Point","coordinates":[14.219908,40.90696]},"properties":{"lines":"E2","color":"#7d2b8b","mode":"tram","arr":["E2"],"metro":1,"angle":79.4,"extra":1,"ei":34}},{"type":"Feature","geometry":{"type":"Point","coordinates":[14.220379,40.905105]},"properties":{"lines":"E2","color":"#7d2b8b","mode":"tram","arr":["E2"],"metro":1,"angle":79,"extra":1,"ei":35}},{"type":"Feature","geometry":{"type":"Point","coordinates":[14.220869,40.903254]},"properties":{"lines":"E2","color":"#7d2b8b","mode":"tram","arr":["E2"],"metro":1,"angle":75.2,"extra":1,"ei":36}},{"type":"Feature","geometry":{"type":"Point","coordinates":[14.221726,40.901486]},"properties":{"lines":"E2","color":"#7d2b8b","mode":"tram","arr":["E2"],"metro":1,"angle":64.2,"extra":1,"ei":37}},{"type":"Feature","geometry":{"type":"Point","coordinates":[14.223149,40.899945]},"properties":{"lines":"E2","color":"#7d2b8b","mode":"tram","arr":["E2"],"metro":1,"angle":47.6,"extra":1,"ei":38}},{"type":"Feature","geometry":{"type":"Point","coordinates":[14.225071,40.898758]},"properties":{"lines":"E2","color":"#7d2b8b","mode":"tram","arr":["E2"],"metro":1,"angle":28.4,"extra":1,"ei":39}},{"type":"Feature","geometry":{"type":"Point","coordinates":[14.227324,40.897949]},"properties":{"lines":"E2","color":"#7d2b8b","mode":"tram","arr":["E2"],"metro":1,"angle":23.8,"extra":1,"ei":40}},{"type":"Feature","geometry":{"type":"Point","coordinates":[14.229533,40.897071]},"properties":{"lines":"E2","color":"#7d2b8b","mode":"tram","arr":["E2"],"metro":1,"angle":29.1,"extra":1,"ei":41}},{"type":"Feature","geometry":{"type":"Point","coordinates":[14.231771,40.896242]},"properties":{"lines":"E2","color":"#7d2b8b","mode":"tram","arr":["E2"],"metro":1,"angle":22.3,"extra":1,"ei":42}},{"type":"Feature","geometry":{"type":"Point","coordinates":[14.234077,40.895519]},"properties":{"lines":"E2","color":"#7d2b8b","mode":"tram","arr":["E2"],"metro":1,"angle":23.1,"extra":1,"ei":43,"side":-1}},{"type":"Feature","geometry":{"type":"Point","coordinates":[14.236356,40.89475]},"properties":{"lines":"E2","color":"#7d2b8b","mode":"tram","arr":["E2"],"metro":1,"angle":29.5,"extra":1,"ei":44}},{"type":"Feature","geometry":{"type":"Point","coordinates":[14.238448,40.89372]},"properties":{"lines":"E2","color":"#7d2b8b","mode":"tram","arr":["E2"],"metro":1,"angle":34.7,"extra":1,"ei":45}},{"type":"Feature","geometry":{"type":"Point","coordinates":[14.539794,40.801099]},"properties":{"lines":"E4, E6","color":"#C8102E","mode":"tram","arr":["E4","E6"],"metro":1,"angle":18.4}},{"type":"Feature","geometry":{"type":"Point","coordinates":[14.510497,40.75098]},"properties":{"lines":"E4, E6","color":"#C8102E","mode":"tram","arr":["E4","E6"],"metro":1,"angle":-14.3}},{"type":"Feature","geometry":{"type":"Point","coordinates":[14.538056,40.801236]},"properties":{"lines":"E4, E6","color":"#C8102E","mode":"tram","arr":["E4","E6"],"metro":1,"angle":-22.3,"extra":1,"ei":0}},{"type":"Feature","geometry":{"type":"Point","coordinates":[14.536528,40.799812]},"properties":{"lines":"E4, E6","color":"#C8102E","mode":"tram","arr":["E4","E6"],"metro":1,"angle":-63.1,"extra":1,"ei":1}},{"type":"Feature","geometry":{"type":"Point","coordinates":[14.535394,40.79813]},"properties":{"lines":"E4, E6","color":"#C8102E","mode":"tram","arr":["E4","E6"],"metro":1,"angle":-63,"extra":1,"ei":2}},{"type":"Feature","geometry":{"type":"Point","coordinates":[14.534745,40.796351]},"properties":{"lines":"E4, E6","color":"#C8102E","mode":"tram","arr":["E4","E6"],"metro":1,"angle":79.5,"extra":1,"ei":3}},{"type":"Feature","geometry":{"type":"Point","coordinates":[14.535557,40.794566]},"properties":{"lines":"E4, E6","color":"#C8102E","mode":"tram","arr":["E4","E6"],"metro":1,"angle":70.1,"extra":1,"ei":4}},{"type":"Feature","geometry":{"type":"Point","coordinates":[14.536408,40.792791]},"properties":{"lines":"E4, E6","color":"#C8102E","mode":"tram","arr":["E4","E6"],"metro":1,"angle":70,"extra":1,"ei":5}},{"type":"Feature","geometry":{"type":"Point","coordinates":[14.537262,40.791016]},"properties":{"lines":"E4, E6","color":"#C8102E","mode":"tram","arr":["E4","E6"],"metro":1,"angle":70,"extra":1,"ei":6}},{"type":"Feature","geometry":{"type":"Point","coordinates":[14.537814,40.789186]},"properties":{"lines":"E4, E6","color":"#C8102E","mode":"tram","arr":["E4","E6"],"metro":1,"angle":88.6,"extra":1,"ei":7}},{"type":"Feature","geometry":{"type":"Point","coordinates":[14.537739,40.787298]},"properties":{"lines":"E4, E6","color":"#C8102E","mode":"tram","arr":["E4","E6"],"metro":1,"angle":-88,"extra":1,"ei":8}},{"type":"Feature","geometry":{"type":"Point","coordinates":[14.537653,40.785411]},"properties":{"lines":"E4, E6","color":"#C8102E","mode":"tram","arr":["E4","E6"],"metro":1,"angle":-88,"extra":1,"ei":9}},{"type":"Feature","geometry":{"type":"Point","coordinates":[14.537568,40.783523]},"properties":{"lines":"E4, E6","color":"#C8102E","mode":"tram","arr":["E4","E6"],"metro":1,"angle":-88.1,"extra":1,"ei":10}},{"type":"Feature","geometry":{"type":"Point","coordinates":[14.537482,40.781636]},"properties":{"lines":"E4, E6","color":"#C8102E","mode":"tram","arr":["E4","E6"],"metro":1,"angle":-88,"extra":1,"ei":11}},{"type":"Feature","geometry":{"type":"Point","coordinates":[14.537393,40.779748]},"properties":{"lines":"E4, E6","color":"#C8102E","mode":"tram","arr":["E4","E6"],"metro":1,"angle":-88,"extra":1,"ei":12}},{"type":"Feature","geometry":{"type":"Point","coordinates":[14.537315,40.777861]},"properties":{"lines":"E4, E6","color":"#C8102E","mode":"tram","arr":["E4","E6"],"metro":1,"angle":-89.4,"extra":1,"ei":13}},{"type":"Feature","geometry":{"type":"Point","coordinates":[14.537308,40.775972]},"properties":{"lines":"E4, E6","color":"#C8102E","mode":"tram","arr":["E4","E6"],"metro":1,"angle":-89.8,"extra":1,"ei":14}},{"type":"Feature","geometry":{"type":"Point","coordinates":[14.537302,40.774084]},"properties":{"lines":"E4, E6","color":"#C8102E","mode":"tram","arr":["E4","E6"],"metro":1,"angle":-89.8,"extra":1,"ei":15}},{"type":"Feature","geometry":{"type":"Point","coordinates":[14.537296,40.772195]},"properties":{"lines":"E4, E6","color":"#C8102E","mode":"tram","arr":["E4","E6"],"metro":1,"angle":-89.9,"extra":1,"ei":16}},{"type":"Feature","geometry":{"type":"Point","coordinates":[14.53729,40.770306]},"properties":{"lines":"E4, E6","color":"#C8102E","mode":"tram","arr":["E4","E6"],"metro":1,"angle":-89.9,"extra":1,"ei":17}},{"type":"Feature","geometry":{"type":"Point","coordinates":[14.537285,40.768418]},"properties":{"lines":"E4, E6","color":"#C8102E","mode":"tram","arr":["E4","E6"],"metro":1,"angle":-89.8,"extra":1,"ei":18}},{"type":"Feature","geometry":{"type":"Point","coordinates":[14.537097,40.766538]},"properties":{"lines":"E4, E6","color":"#C8102E","mode":"tram","arr":["E4","E6"],"metro":1,"angle":-82.5,"extra":1,"ei":19}},{"type":"Feature","geometry":{"type":"Point","coordinates":[14.536773,40.764665]},"properties":{"lines":"E4, E6","color":"#C8102E","mode":"tram","arr":["E4","E6"],"metro":1,"angle":-82.6,"extra":1,"ei":20}},{"type":"Feature","geometry":{"type":"Point","coordinates":[14.536199,40.762836]},"properties":{"lines":"E4, E6","color":"#C8102E","mode":"tram","arr":["E4","E6"],"metro":1,"angle":-65.7,"extra":1,"ei":21}},{"type":"Feature","geometry":{"type":"Point","coordinates":[14.534875,40.761238]},"properties":{"lines":"E4, E6","color":"#C8102E","mode":"tram","arr":["E4","E6"],"metro":1,"angle":-55.9,"extra":1,"ei":22}},{"type":"Feature","geometry":{"type":"Point","coordinates":[14.533474,40.759675]},"properties":{"lines":"E4, E6","color":"#C8102E","mode":"tram","arr":["E4","E6"],"metro":1,"angle":-56,"extra":1,"ei":23}},{"type":"Feature","geometry":{"type":"Point","coordinates":[14.532073,40.758112]},"properties":{"lines":"E4, E6","color":"#C8102E","mode":"tram","arr":["E4","E6"],"metro":1,"angle":-55.9,"extra":1,"ei":24}},{"type":"Feature","geometry":{"type":"Point","coordinates":[14.530672,40.756549]},"properties":{"lines":"E4, E6","color":"#C8102E","mode":"tram","arr":["E4","E6"],"metro":1,"angle":-56,"extra":1,"ei":25}},{"type":"Feature","geometry":{"type":"Point","coordinates":[14.529116,40.755081]},"properties":{"lines":"E4, E6","color":"#C8102E","mode":"tram","arr":["E4","E6"],"metro":1,"angle":-41.3,"extra":1,"ei":26}},{"type":"Feature","geometry":{"type":"Point","coordinates":[14.52695,40.754172]},"properties":{"lines":"E4, E6","color":"#C8102E","mode":"tram","arr":["E4","E6"],"metro":1,"angle":-17.2,"extra":1,"ei":27}},{"type":"Feature","geometry":{"type":"Point","coordinates":[14.524533,40.753699]},"properties":{"lines":"E4, E6","color":"#C8102E","mode":"tram","arr":["E4","E6"],"metro":1,"angle":-14.5,"extra":1,"ei":28}},{"type":"Feature","geometry":{"type":"Point","coordinates":[14.522114,40.753231]},"properties":{"lines":"E4, E6","color":"#C8102E","mode":"tram","arr":["E4","E6"],"metro":1,"angle":-14.5,"extra":1,"ei":29}},{"type":"Feature","geometry":{"type":"Point","coordinates":[14.519697,40.752759]},"properties":{"lines":"E4, E6","color":"#C8102E","mode":"tram","arr":["E4","E6"],"metro":1,"angle":-14.4,"extra":1,"ei":30}},{"type":"Feature","geometry":{"type":"Point","coordinates":[14.517276,40.752298]},"properties":{"lines":"E4, E6","color":"#C8102E","mode":"tram","arr":["E4","E6"],"metro":1,"angle":-14.1,"extra":1,"ei":31}},{"type":"Feature","geometry":{"type":"Point","coordinates":[14.514857,40.751829]},"properties":{"lines":"E4, E6","color":"#C8102E","mode":"tram","arr":["E4","E6"],"metro":1,"angle":-14.4,"extra":1,"ei":32}},{"type":"Feature","geometry":{"type":"Point","coordinates":[14.51244,40.751356]},"properties":{"lines":"E4, E6","color":"#C8102E","mode":"tram","arr":["E4","E6"],"metro":1,"angle":-14.3,"extra":1,"ei":33}},{"type":"Feature","geometry":{"type":"Point","coordinates":[14.50759,40.750468]},"properties":{"lines":"E4, E6","color":"#C8102E","mode":"tram","arr":["E4","E6"],"metro":1,"angle":-5.8,"extra":1,"ei":34}},{"type":"Feature","geometry":{"type":"Point","coordinates":[14.50512,40.750655]},"properties":{"lines":"E4, E6","color":"#C8102E","mode":"tram","arr":["E4","E6"],"metro":1,"angle":12.6,"extra":1,"ei":35}},{"type":"Feature","geometry":{"type":"Point","coordinates":[14.502683,40.751065]},"properties":{"lines":"E4, E6","color":"#C8102E","mode":"tram","arr":["E4","E6"],"metro":1,"angle":12.6,"extra":1,"ei":36}},{"type":"Feature","geometry":{"type":"Point","coordinates":[14.500247,40.751479]},"properties":{"lines":"E4, E6","color":"#C8102E","mode":"tram","arr":["E4","E6"],"metro":1,"angle":12.5,"extra":1,"ei":37}},{"type":"Feature","geometry":{"type":"Point","coordinates":[14.497809,40.751885]},"properties":{"lines":"E4, E6","color":"#C8102E","mode":"tram","arr":["E4","E6"],"metro":1,"angle":12.8,"extra":1,"ei":38}},{"type":"Feature","geometry":{"type":"Point","coordinates":[14.495538,40.752636]},"properties":{"lines":"E4, E6","color":"#C8102E","mode":"tram","arr":["E4","E6"],"metro":1,"angle":29.5,"extra":1,"ei":39}},{"type":"Feature","geometry":{"type":"Point","coordinates":[14.493349,40.753544]},"properties":{"lines":"E4, E6","color":"#C8102E","mode":"tram","arr":["E4","E6"],"metro":1,"angle":28.2,"extra":1,"ei":40}},{"type":"Feature","geometry":{"type":"Point","coordinates":[14.49114,40.754423]},"properties":{"lines":"E4, E6","color":"#C8102E","mode":"tram","arr":["E4","E6"],"metro":1,"angle":27.4,"extra":1,"ei":41}},{"type":"Feature","geometry":{"type":"Point","coordinates":[14.48886,40.755186]},"properties":{"lines":"E4, E6","color":"#C8102E","mode":"tram","arr":["E4","E6"],"metro":1,"angle":30.5,"extra":1,"ei":42}},{"type":"Feature","geometry":{"type":"Point","coordinates":[14.487137,40.756526]},"properties":{"lines":"E4, E6","color":"#C8102E","mode":"tram","arr":["E4","E6"],"metro":1,"angle":55.6,"extra":1,"ei":43}},{"type":"Feature","geometry":{"type":"Point","coordinates":[14.485728,40.758085]},"properties":{"lines":"E4, E6","color":"#C8102E","mode":"tram","arr":["E4","E6"],"metro":1,"angle":55.6,"extra":1,"ei":44}},{"type":"Feature","geometry":{"type":"Point","coordinates":[14.484318,40.759643]},"properties":{"lines":"E4, E6","color":"#C8102E","mode":"tram","arr":["E4","E6"],"metro":1,"angle":55.6,"extra":1,"ei":45}},{"type":"Feature","geometry":{"type":"Point","coordinates":[14.482909,40.761202]},"properties":{"lines":"E4, E6","color":"#C8102E","mode":"tram","arr":["E4","E6"],"metro":1,"angle":55.6,"extra":1,"ei":46}},{"type":"Feature","geometry":{"type":"Point","coordinates":[14.4815,40.762761]},"properties":{"lines":"E4, E6","color":"#C8102E","mode":"tram","arr":["E4","E6"],"metro":1,"angle":55.6,"extra":1,"ei":47}},{"type":"Feature","geometry":{"type":"Point","coordinates":[14.48009,40.76432]},"properties":{"lines":"E4, E6","color":"#C8102E","mode":"tram","arr":["E4","E6"],"metro":1,"angle":55.6,"extra":1,"ei":48}},{"type":"Feature","geometry":{"type":"Point","coordinates":[14.478679,40.765878]},"properties":{"lines":"E4, E6","color":"#C8102E","mode":"tram","arr":["E4","E6"],"metro":1,"angle":55.4,"extra":1,"ei":49}},{"type":"Feature","geometry":{"type":"Point","coordinates":[14.477049,40.767286]},"properties":{"lines":"E4, E6","color":"#C8102E","mode":"tram","arr":["E4","E6"],"metro":1,"angle":31.9,"extra":1,"ei":50}},{"type":"Feature","geometry":{"type":"Point","coordinates":[14.475141,40.768414]},"properties":{"lines":"E4, E6","color":"#C8102E","mode":"tram","arr":["E4","E6"],"metro":1,"angle":66.7,"extra":1,"ei":51}},{"type":"Feature","geometry":{"type":"Point","coordinates":[14.474296,40.770191]},"properties":{"lines":"E4, E6","color":"#C8102E","mode":"tram","arr":["E4","E6"],"metro":1,"angle":69.6,"extra":1,"ei":52}},{"type":"Feature","geometry":{"type":"Point","coordinates":[14.472753,40.771606]},"properties":{"lines":"E4, E6","color":"#C8102E","mode":"tram","arr":["E4","E6"],"metro":1,"angle":30.4,"extra":1,"ei":53}},{"type":"Feature","geometry":{"type":"Point","coordinates":[14.470544,40.772483]},"properties":{"lines":"E4, E6","color":"#C8102E","mode":"tram","arr":["E4","E6"],"metro":1,"angle":23.7,"extra":1,"ei":54}},{"type":"Feature","geometry":{"type":"Point","coordinates":[14.468201,40.773125]},"properties":{"lines":"E4, E6","color":"#C8102E","mode":"tram","arr":["E4","E6"],"metro":1,"angle":12.2,"extra":1,"ei":55}},{"type":"Feature","geometry":{"type":"Point","coordinates":[14.465718,40.773262]},"properties":{"lines":"E4, E6","color":"#C8102E","mode":"tram","arr":["E4","E6"],"metro":1,"angle":-1.6,"extra":1,"ei":56}},{"type":"Feature","geometry":{"type":"Point","coordinates":[14.463378,40.772719]},"properties":{"lines":"E4, E6","color":"#C8102E","mode":"tram","arr":["E4","E6"],"metro":1,"angle":-34.6,"extra":1,"ei":57}},{"type":"Feature","geometry":{"type":"Point","coordinates":[14.461723,40.771351]},"properties":{"lines":"E4, E6","color":"#C8102E","mode":"tram","arr":["E4","E6"],"metro":1,"angle":-66.1,"extra":1,"ei":58}},{"type":"Feature","geometry":{"type":"Point","coordinates":[14.461355,40.769498]},"properties":{"lines":"E4, E6","color":"#C8102E","mode":"tram","arr":["E4","E6"],"metro":1,"angle":-89.5,"extra":1,"ei":59}},{"type":"Feature","geometry":{"type":"Point","coordinates":[14.461319,40.767609]},"properties":{"lines":"E4, E6","color":"#C8102E","mode":"tram","arr":["E4","E6"],"metro":1,"angle":-86.5,"extra":1,"ei":60}},{"type":"Feature","geometry":{"type":"Point","coordinates":[14.460436,40.765876]},"properties":{"lines":"E4, E6","color":"#C8102E","mode":"tram","arr":["E4","E6"],"metro":1,"angle":-54.9,"extra":1,"ei":61}},{"type":"Feature","geometry":{"type":"Point","coordinates":[14.459001,40.764331]},"properties":{"lines":"E4, E6","color":"#C8102E","mode":"tram","arr":["E4","E6"],"metro":1,"angle":-54.9,"extra":1,"ei":62}},{"type":"Feature","geometry":{"type":"Point","coordinates":[14.457724,40.762714]},"properties":{"lines":"E4, E6","color":"#C8102E","mode":"tram","arr":["E4","E6"],"metro":1,"angle":-66.3,"extra":1,"ei":63}},{"type":"Feature","geometry":{"type":"Point","coordinates":[14.456339,40.76116]},"properties":{"lines":"E4, E6","color":"#C8102E","mode":"tram","arr":["E4","E6"],"metro":1,"angle":-48.1,"extra":1,"ei":64}},{"type":"Feature","geometry":{"type":"Point","coordinates":[14.454593,40.759811]},"properties":{"lines":"E4, E6","color":"#C8102E","mode":"tram","arr":["E4","E6"],"metro":1,"angle":-36.7,"extra":1,"ei":65}},{"type":"Feature","geometry":{"type":"Point","coordinates":[14.452193,40.759668]},"properties":{"lines":"E4, E6","color":"#C8102E","mode":"tram","arr":["E4","E6"],"metro":1,"angle":8.4,"extra":1,"ei":66}},{"type":"Feature","geometry":{"type":"Point","coordinates":[14.449717,40.759895]},"properties":{"lines":"E4, E6","color":"#C8102E","mode":"tram","arr":["E4","E6"],"metro":1,"angle":1.9,"extra":1,"ei":67}},{"type":"Feature","geometry":{"type":"Point","coordinates":[14.14138,40.861439]},"properties":{"lines":"E5","color":"#0069B4","mode":"tram","arr":["E5"],"metro":1,"angle":-79.3}},{"type":"Feature","geometry":{"type":"Point","coordinates":[14.244173,40.846687]},"properties":{"lines":"E5","color":"#0069B4","mode":"tram","arr":["E5"],"metro":1,"angle":-26.4,"extra":1,"ei":0}},{"type":"Feature","geometry":{"type":"Point","coordinates":[14.24186,40.84599]},"properties":{"lines":"E5","color":"#0069B4","mode":"tram","arr":["E5"],"metro":1,"angle":-16.4,"extra":1,"ei":1}},{"type":"Feature","geometry":{"type":"Point","coordinates":[14.239429,40.845564]},"properties":{"lines":"E5","color":"#0069B4","mode":"tram","arr":["E5"],"metro":1,"angle":-10.6,"extra":1,"ei":2}},{"type":"Feature","geometry":{"type":"Point","coordinates":[14.236967,40.845254]},"properties":{"lines":"E5","color":"#0069B4","mode":"tram","arr":["E5"],"metro":1,"angle":-8.3,"extra":1,"ei":3}},{"type":"Feature","geometry":{"type":"Point","coordinates":[14.234487,40.845041]},"properties":{"lines":"E5","color":"#0069B4","mode":"tram","arr":["E5"],"metro":1,"angle":-5.4,"extra":1,"ei":4}},{"type":"Feature","geometry":{"type":"Point","coordinates":[14.232,40.844871]},"properties":{"lines":"E5","color":"#0069B4","mode":"tram","arr":["E5"],"metro":1,"angle":-5.4,"extra":1,"ei":5}},{"type":"Feature","geometry":{"type":"Point","coordinates":[14.229517,40.844675]},"properties":{"lines":"E5","color":"#0069B4","mode":"tram","arr":["E5"],"metro":1,"angle":-6,"extra":1,"ei":6}},{"type":"Feature","geometry":{"type":"Point","coordinates":[14.227032,40.844491]},"properties":{"lines":"E5","color":"#0069B4","mode":"tram","arr":["E5"],"metro":1,"angle":-5.1,"extra":1,"ei":7}},{"type":"Feature","geometry":{"type":"Point","coordinates":[14.224546,40.844322]},"properties":{"lines":"E5","color":"#0069B4","mode":"tram","arr":["E5"],"metro":1,"angle":-5.1,"extra":1,"ei":8}},{"type":"Feature","geometry":{"type":"Point","coordinates":[14.222061,40.844137]},"properties":{"lines":"E5","color":"#0069B4","mode":"tram","arr":["E5"],"metro":1,"angle":-5.8,"extra":1,"ei":9}},{"type":"Feature","geometry":{"type":"Point","coordinates":[14.219577,40.843947]},"properties":{"lines":"E5","color":"#0069B4","mode":"tram","arr":["E5"],"metro":1,"angle":-5.8,"extra":1,"ei":10}},{"type":"Feature","geometry":{"type":"Point","coordinates":[14.217093,40.843758]},"properties":{"lines":"E5","color":"#0069B4","mode":"tram","arr":["E5"],"metro":1,"angle":-5.6,"extra":1,"ei":11}},{"type":"Feature","geometry":{"type":"Point","coordinates":[14.214609,40.843574]},"properties":{"lines":"E5","color":"#0069B4","mode":"tram","arr":["E5"],"metro":1,"angle":-5.6,"extra":1,"ei":12}},{"type":"Feature","geometry":{"type":"Point","coordinates":[14.212124,40.843389]},"properties":{"lines":"E5","color":"#0069B4","mode":"tram","arr":["E5"],"metro":1,"angle":-6.1,"extra":1,"ei":13}},{"type":"Feature","geometry":{"type":"Point","coordinates":[14.209675,40.84303]},"properties":{"lines":"E5","color":"#0069B4","mode":"tram","arr":["E5"],"metro":1,"angle":-13.5,"extra":1,"ei":14}},{"type":"Feature","geometry":{"type":"Point","coordinates":[14.207207,40.842844]},"properties":{"lines":"E5","color":"#0069B4","mode":"tram","arr":["E5"],"metro":1,"angle":6.1,"extra":1,"ei":15}},{"type":"Feature","geometry":{"type":"Point","coordinates":[14.204767,40.84324]},"properties":{"lines":"E5","color":"#0069B4","mode":"tram","arr":["E5"],"metro":1,"angle":12.9,"extra":1,"ei":16}},{"type":"Feature","geometry":{"type":"Point","coordinates":[14.202335,40.843668]},"properties":{"lines":"E5","color":"#0069B4","mode":"tram","arr":["E5"],"metro":1,"angle":13.5,"extra":1,"ei":17}},{"type":"Feature","geometry":{"type":"Point","coordinates":[14.199906,40.844104]},"properties":{"lines":"E5","color":"#0069B4","mode":"tram","arr":["E5"],"metro":1,"angle":13.4,"extra":1,"ei":18}},{"type":"Feature","geometry":{"type":"Point","coordinates":[14.197467,40.844505]},"properties":{"lines":"E5","color":"#0069B4","mode":"tram","arr":["E5"],"metro":1,"angle":12.8,"extra":1,"ei":19}},{"type":"Feature","geometry":{"type":"Point","coordinates":[14.195034,40.84493]},"properties":{"lines":"E5","color":"#0069B4","mode":"tram","arr":["E5"],"metro":1,"angle":12.7,"extra":1,"ei":20}},{"type":"Feature","geometry":{"type":"Point","coordinates":[14.192599,40.845346]},"properties":{"lines":"E5","color":"#0069B4","mode":"tram","arr":["E5"],"metro":1,"angle":12.7,"extra":1,"ei":21}},{"type":"Feature","geometry":{"type":"Point","coordinates":[14.190164,40.845763]},"properties":{"lines":"E5","color":"#0069B4","mode":"tram","arr":["E5"],"metro":1,"angle":12.6,"extra":1,"ei":22}},{"type":"Feature","geometry":{"type":"Point","coordinates":[14.187728,40.846178]},"properties":{"lines":"E5","color":"#0069B4","mode":"tram","arr":["E5"],"metro":1,"angle":12.9,"extra":1,"ei":23}},{"type":"Feature","geometry":{"type":"Point","coordinates":[14.185292,40.846591]},"properties":{"lines":"E5","color":"#0069B4","mode":"tram","arr":["E5"],"metro":1,"angle":13.1,"extra":1,"ei":24}},{"type":"Feature","geometry":{"type":"Point","coordinates":[14.183011,40.847317]},"properties":{"lines":"E5","color":"#0069B4","mode":"tram","arr":["E5"],"metro":1,"angle":37.2,"extra":1,"ei":25,"side":-1}},{"type":"Feature","geometry":{"type":"Point","coordinates":[14.181123,40.848553]},"properties":{"lines":"E5","color":"#0069B4","mode":"tram","arr":["E5"],"metro":1,"angle":41,"extra":1,"ei":26}},{"type":"Feature","geometry":{"type":"Point","coordinates":[14.179216,40.849771]},"properties":{"lines":"E5","color":"#0069B4","mode":"tram","arr":["E5"],"metro":1,"angle":40,"extra":1,"ei":27}},{"type":"Feature","geometry":{"type":"Point","coordinates":[14.177312,40.850993]},"properties":{"lines":"E5","color":"#0069B4","mode":"tram","arr":["E5"],"metro":1,"angle":40.3,"extra":1,"ei":28}},{"type":"Feature","geometry":{"type":"Point","coordinates":[14.175412,40.852218]},"properties":{"lines":"E5","color":"#0069B4","mode":"tram","arr":["E5"],"metro":1,"angle":40.9,"extra":1,"ei":29}},{"type":"Feature","geometry":{"type":"Point","coordinates":[14.173426,40.853356]},"properties":{"lines":"E5","color":"#0069B4","mode":"tram","arr":["E5"],"metro":1,"angle":31.8,"extra":1,"ei":30}},{"type":"Feature","geometry":{"type":"Point","coordinates":[14.171305,40.854351]},"properties":{"lines":"E5","color":"#0069B4","mode":"tram","arr":["E5"],"metro":1,"angle":31.3,"extra":1,"ei":31}},{"type":"Feature","geometry":{"type":"Point","coordinates":[14.169168,40.855328]},"properties":{"lines":"E5","color":"#0069B4","mode":"tram","arr":["E5"],"metro":1,"angle":31.1,"extra":1,"ei":32}},{"type":"Feature","geometry":{"type":"Point","coordinates":[14.166879,40.856046]},"properties":{"lines":"E5","color":"#0069B4","mode":"tram","arr":["E5"],"metro":1,"angle":10.6,"extra":1,"ei":33,"side":-1}},{"type":"Feature","geometry":{"type":"Point","coordinates":[14.16439,40.856085]},"properties":{"lines":"E5","color":"#0069B4","mode":"tram","arr":["E5"],"metro":1,"angle":-2.6,"extra":1,"ei":34,"side":-1}},{"type":"Feature","geometry":{"type":"Point","coordinates":[14.161896,40.856]},"properties":{"lines":"E5","color":"#0069B4","mode":"tram","arr":["E5"],"metro":1,"angle":-2.8,"extra":1,"ei":35}},{"type":"Feature","geometry":{"type":"Point","coordinates":[14.159415,40.855806]},"properties":{"lines":"E5","color":"#0069B4","mode":"tram","arr":["E5"],"metro":1,"angle":-3.1,"extra":1,"ei":36}},{"type":"Feature","geometry":{"type":"Point","coordinates":[14.156923,40.855693]},"properties":{"lines":"E5","color":"#0069B4","mode":"tram","arr":["E5"],"metro":1,"angle":-3.4,"extra":1,"ei":37}},{"type":"Feature","geometry":{"type":"Point","coordinates":[14.154431,40.855581]},"properties":{"lines":"E5","color":"#0069B4","mode":"tram","arr":["E5"],"metro":1,"angle":-3.2,"extra":1,"ei":38}},{"type":"Feature","geometry":{"type":"Point","coordinates":[14.151939,40.85547]},"properties":{"lines":"E5","color":"#0069B4","mode":"tram","arr":["E5"],"metro":1,"angle":-3.4,"extra":1,"ei":39}},{"type":"Feature","geometry":{"type":"Point","coordinates":[14.149446,40.85536]},"properties":{"lines":"E5","color":"#0069B4","mode":"tram","arr":["E5"],"metro":1,"angle":-3.4,"extra":1,"ei":40}},{"type":"Feature","geometry":{"type":"Point","coordinates":[14.146954,40.855249]},"properties":{"lines":"E5","color":"#0069B4","mode":"tram","arr":["E5"],"metro":1,"angle":-3.5,"extra":1,"ei":41}},{"type":"Feature","geometry":{"type":"Point","coordinates":[14.144465,40.855241]},"properties":{"lines":"E5","color":"#0069B4","mode":"tram","arr":["E5"],"metro":1,"angle":11.2,"extra":1,"ei":42}},{"type":"Feature","geometry":{"type":"Point","coordinates":[14.142306,40.856129]},"properties":{"lines":"E5","color":"#0069B4","mode":"tram","arr":["E5"],"metro":1,"angle":45.8,"extra":1,"ei":43}},{"type":"Feature","geometry":{"type":"Point","coordinates":[14.141184,40.857785]},"properties":{"lines":"E5","color":"#0069B4","mode":"tram","arr":["E5"],"metro":1,"angle":80.1,"extra":1,"ei":44}},{"type":"Feature","geometry":{"type":"Point","coordinates":[14.141165,40.85967]},"properties":{"lines":"E5","color":"#0069B4","mode":"tram","arr":["E5"],"metro":1,"angle":-88.2,"extra":1,"ei":45}},{"type":"Feature","geometry":{"type":"Point","coordinates":[14.142124,40.863353]},"properties":{"lines":"E5","color":"#0069B4","mode":"tram","arr":["E5"],"metro":1,"angle":-65.6,"extra":1,"ei":46}},{"type":"Feature","geometry":{"type":"Point","coordinates":[14.143337,40.865002]},"properties":{"lines":"E5","color":"#0069B4","mode":"tram","arr":["E5"],"metro":1,"angle":-58.7,"extra":1,"ei":47}},{"type":"Feature","geometry":{"type":"Point","coordinates":[14.144581,40.866638]},"properties":{"lines":"E5","color":"#0069B4","mode":"tram","arr":["E5"],"metro":1,"angle":-64.1,"extra":1,"ei":48}},{"type":"Feature","geometry":{"type":"Point","coordinates":[14.145427,40.868413]},"properties":{"lines":"E5","color":"#0069B4","mode":"tram","arr":["E5"],"metro":1,"angle":-71.3,"extra":1,"ei":49}},{"type":"Feature","geometry":{"type":"Point","coordinates":[14.146226,40.870203]},"properties":{"lines":"E5","color":"#0069B4","mode":"tram","arr":["E5"],"metro":1,"angle":-71.1,"extra":1,"ei":50}},{"type":"Feature","geometry":{"type":"Point","coordinates":[14.147215,40.871935]},"properties":{"lines":"E5","color":"#0069B4","mode":"tram","arr":["E5"],"metro":1,"angle":-69.5,"extra":1,"ei":51}},{"type":"Feature","geometry":{"type":"Point","coordinates":[14.148023,40.873722]},"properties":{"lines":"E5","color":"#0069B4","mode":"tram","arr":["E5"],"metro":1,"angle":-71.3,"extra":1,"ei":52}},{"type":"Feature","geometry":{"type":"Point","coordinates":[14.148594,40.875551]},"properties":{"lines":"E5","color":"#0069B4","mode":"tram","arr":["E5"],"metro":1,"angle":-88.5,"extra":1,"ei":53}},{"type":"Feature","geometry":{"type":"Point","coordinates":[14.148119,40.877392]},"properties":{"lines":"E5","color":"#0069B4","mode":"tram","arr":["E5"],"metro":1,"angle":72.2,"extra":1,"ei":54}},{"type":"Feature","geometry":{"type":"Point","coordinates":[14.147045,40.879079]},"properties":{"lines":"E5","color":"#0069B4","mode":"tram","arr":["E5"],"metro":1,"angle":49.3,"extra":1,"ei":55}},{"type":"Feature","geometry":{"type":"Point","coordinates":[14.145005,40.880143]},"properties":{"lines":"E5","color":"#0069B4","mode":"tram","arr":["E5"],"metro":1,"angle":27.6,"extra":1,"ei":56}},{"type":"Feature","geometry":{"type":"Point","coordinates":[14.142714,40.880873]},"properties":{"lines":"E5","color":"#0069B4","mode":"tram","arr":["E5"],"metro":1,"angle":10.3,"extra":1,"ei":57}},{"type":"Feature","geometry":{"type":"Point","coordinates":[14.140238,40.880758]},"properties":{"lines":"E5","color":"#0069B4","mode":"tram","arr":["E5"],"metro":1,"angle":-9.8,"extra":1,"ei":58}},{"type":"Feature","geometry":{"type":"Point","coordinates":[14.137779,40.880433]},"properties":{"lines":"E5","color":"#0069B4","mode":"tram","arr":["E5"],"metro":1,"angle":-9.9,"extra":1,"ei":59}},{"type":"Feature","geometry":{"type":"Point","coordinates":[14.135312,40.880142]},"properties":{"lines":"E5","color":"#0069B4","mode":"tram","arr":["E5"],"metro":1,"angle":-7.9,"extra":1,"ei":60}},{"type":"Feature","geometry":{"type":"Point","coordinates":[14.13283,40.879937]},"properties":{"lines":"E5","color":"#0069B4","mode":"tram","arr":["E5"],"metro":1,"angle":-6.8,"extra":1,"ei":61}},{"type":"Feature","geometry":{"type":"Point","coordinates":[14.130369,40.879628]},"properties":{"lines":"E5","color":"#0069B4","mode":"tram","arr":["E5"],"metro":1,"angle":-9.2,"extra":1,"ei":62}},{"type":"Feature","geometry":{"type":"Point","coordinates":[14.127899,40.879353]},"properties":{"lines":"E5","color":"#0069B4","mode":"tram","arr":["E5"],"metro":1,"angle":-8.3,"extra":1,"ei":63}},{"type":"Feature","geometry":{"type":"Point","coordinates":[14.125429,40.879078]},"properties":{"lines":"E5","color":"#0069B4","mode":"tram","arr":["E5"],"metro":1,"angle":-8.6,"extra":1,"ei":64}},{"type":"Feature","geometry":{"type":"Point","coordinates":[14.122954,40.878844]},"properties":{"lines":"E5","color":"#0069B4","mode":"tram","arr":["E5"],"metro":1,"angle":-1.4,"extra":1,"ei":65}},{"type":"Feature","geometry":{"type":"Point","coordinates":[14.120493,40.879109]},"properties":{"lines":"E5","color":"#0069B4","mode":"tram","arr":["E5"],"metro":1,"angle":14.2,"extra":1,"ei":66}},{"type":"Feature","geometry":{"type":"Point","coordinates":[14.118075,40.879581]},"properties":{"lines":"E5","color":"#0069B4","mode":"tram","arr":["E5"],"metro":1,"angle":14.4,"extra":1,"ei":67}},{"type":"Feature","geometry":{"type":"Point","coordinates":[14.115657,40.880052]},"properties":{"lines":"E5","color":"#0069B4","mode":"tram","arr":["E5"],"metro":1,"angle":14.4,"extra":1,"ei":68}},{"type":"Feature","geometry":{"type":"Point","coordinates":[14.113236,40.88051]},"properties":{"lines":"E5","color":"#0069B4","mode":"tram","arr":["E5"],"metro":1,"angle":11.4,"extra":1,"ei":69}},{"type":"Feature","geometry":{"type":"Point","coordinates":[14.11076,40.880736]},"properties":{"lines":"E5","color":"#0069B4","mode":"tram","arr":["E5"],"metro":1,"angle":2.8,"extra":1,"ei":70}},{"type":"Feature","geometry":{"type":"Point","coordinates":[14.108265,40.880697]},"properties":{"lines":"E5","color":"#0069B4","mode":"tram","arr":["E5"],"metro":1,"angle":-4.9,"extra":1,"ei":71}},{"type":"Feature","geometry":{"type":"Point","coordinates":[14.105802,40.880402]},"properties":{"lines":"E5","color":"#0069B4","mode":"tram","arr":["E5"],"metro":1,"angle":-12.3,"extra":1,"ei":72}},{"type":"Feature","geometry":{"type":"Point","coordinates":[14.103367,40.879986]},"properties":{"lines":"E5","color":"#0069B4","mode":"tram","arr":["E5"],"metro":1,"angle":-12.6,"extra":1,"ei":73}},{"type":"Feature","geometry":{"type":"Point","coordinates":[14.100931,40.879572]},"properties":{"lines":"E5","color":"#0069B4","mode":"tram","arr":["E5"],"metro":1,"angle":-12.9,"extra":1,"ei":74}},{"type":"Feature","geometry":{"type":"Point","coordinates":[14.098497,40.879151]},"properties":{"lines":"E5","color":"#0069B4","mode":"tram","arr":["E5"],"metro":1,"angle":-13.1,"extra":1,"ei":75}},{"type":"Feature","geometry":{"type":"Point","coordinates":[14.096061,40.878736]},"properties":{"lines":"E5","color":"#0069B4","mode":"tram","arr":["E5"],"metro":1,"angle":-12.8,"extra":1,"ei":76}},{"type":"Feature","geometry":{"type":"Point","coordinates":[14.093625,40.878322]},"properties":{"lines":"E5","color":"#0069B4","mode":"tram","arr":["E5"],"metro":1,"angle":-12.6,"extra":1,"ei":77}},{"type":"Feature","geometry":{"type":"Point","coordinates":[14.091191,40.877903]},"properties":{"lines":"E5","color":"#0069B4","mode":"tram","arr":["E5"],"metro":1,"angle":-12.8,"extra":1,"ei":78}},{"type":"Feature","geometry":{"type":"Point","coordinates":[14.088757,40.877484]},"properties":{"lines":"E5","color":"#0069B4","mode":"tram","arr":["E5"],"metro":1,"angle":-12.8,"extra":1,"ei":79}},{"type":"Feature","geometry":{"type":"Point","coordinates":[14.086322,40.877066]},"properties":{"lines":"E5","color":"#0069B4","mode":"tram","arr":["E5"],"metro":1,"angle":-12.6,"extra":1,"ei":80}},{"type":"Feature","geometry":{"type":"Point","coordinates":[14.083886,40.876654]},"properties":{"lines":"E5","color":"#0069B4","mode":"tram","arr":["E5"],"metro":1,"angle":-12.6,"extra":1,"ei":81}},{"type":"Feature","geometry":{"type":"Point","coordinates":[14.08145,40.876238]},"properties":{"lines":"E5","color":"#0069B4","mode":"tram","arr":["E5"],"metro":1,"angle":-13,"extra":1,"ei":82}},{"type":"Feature","geometry":{"type":"Point","coordinates":[14.079018,40.875814]},"properties":{"lines":"E5","color":"#0069B4","mode":"tram","arr":["E5"],"metro":1,"angle":-13,"extra":1,"ei":83}},{"type":"Feature","geometry":{"type":"Point","coordinates":[14.076589,40.875376]},"properties":{"lines":"E5","color":"#0069B4","mode":"tram","arr":["E5"],"metro":1,"angle":-14.1,"extra":1,"ei":84}},{"type":"Feature","geometry":{"type":"Point","coordinates":[14.074173,40.874899]},"properties":{"lines":"E5","color":"#0069B4","mode":"tram","arr":["E5"],"metro":1,"angle":-15,"extra":1,"ei":85}},{"type":"Feature","geometry":{"type":"Point","coordinates":[14.071759,40.87442]},"properties":{"lines":"E5","color":"#0069B4","mode":"tram","arr":["E5"],"metro":1,"angle":-14.7,"extra":1,"ei":86}},{"type":"Feature","geometry":{"type":"Point","coordinates":[14.069353,40.873917]},"properties":{"lines":"E5","color":"#0069B4","mode":"tram","arr":["E5"],"metro":1,"angle":-17.1,"extra":1,"ei":87}},{"type":"Feature","geometry":{"type":"Point","coordinates":[14.066966,40.873362]},"properties":{"lines":"E5","color":"#0069B4","mode":"tram","arr":["E5"],"metro":1,"angle":-17.1,"extra":1,"ei":88}},{"type":"Feature","geometry":{"type":"Point","coordinates":[14.06458,40.872807]},"properties":{"lines":"E5","color":"#0069B4","mode":"tram","arr":["E5"],"metro":1,"angle":-17.1,"extra":1,"ei":89}},{"type":"Feature","geometry":{"type":"Point","coordinates":[14.062193,40.872252]},"properties":{"lines":"E5","color":"#0069B4","mode":"tram","arr":["E5"],"metro":1,"angle":-17.1,"extra":1,"ei":90}},{"type":"Feature","geometry":{"type":"Point","coordinates":[14.059807,40.871698]},"properties":{"lines":"E5","color":"#0069B4","mode":"tram","arr":["E5"],"metro":1,"angle":-17,"extra":1,"ei":91}},{"type":"Feature","geometry":{"type":"Point","coordinates":[14.199762,40.843971]},"properties":{"lines":"E5a","color":"#0069B4","mode":"tram","arr":["E5a"],"metro":1,"angle":13.3}},{"type":"Feature","geometry":{"type":"Point","coordinates":[14.192229,40.842652]},"properties":{"lines":"E5a","color":"#0069B4","mode":"tram","arr":["E5a"],"metro":1,"angle":-12.2,"mi":1}},{"type":"Feature","geometry":{"type":"Point","coordinates":[14.197395,40.843955]},"properties":{"lines":"E5a","color":"#0069B4","mode":"tram","arr":["E5a"],"metro":1,"angle":-15.3,"extra":1,"ei":0}},{"type":"Feature","geometry":{"type":"Point","coordinates":[14.194988,40.843455]},"properties":{"lines":"E5a","color":"#0069B4","mode":"tram","arr":["E5a"],"metro":1,"angle":-15.2,"extra":1,"ei":1}},{"type":"Feature","geometry":{"type":"Point","coordinates":[14.190232,40.842802]},"properties":{"lines":"E5a","color":"#0069B4","mode":"tram","arr":["E5a"],"metro":1,"angle":12,"extra":1,"ei":2}},{"type":"Feature","geometry":{"type":"Point","coordinates":[14.187768,40.843]},"properties":{"lines":"E5a","color":"#0069B4","mode":"tram","arr":["E5a"],"metro":1,"angle":-7.7,"extra":1,"ei":3}},{"type":"Feature","geometry":{"type":"Point","coordinates":[14.395831,40.870109]},"properties":{"lines":"E6","color":"#C8102E","mode":"tram","arr":["E6"],"metro":1,"angle":-23}},{"type":"Feature","geometry":{"type":"Point","coordinates":[14.498789,40.821152]},"properties":{"lines":"E6","color":"#C8102E","mode":"tram","arr":["E6"],"metro":1,"angle":-77.7}},{"type":"Feature","geometry":{"type":"Point","coordinates":[14.583807,40.807627]},"properties":{"lines":"E6","color":"#C8102E","mode":"tram","arr":["E6"],"metro":1,"angle":53.6}},{"type":"Feature","geometry":{"type":"Point","coordinates":[14.617415,40.811487]},"properties":{"lines":"E6","color":"#C8102E","mode":"tram","arr":["E6"],"metro":1,"angle":-45.7,"extra":1,"ei":0}},{"type":"Feature","geometry":{"type":"Point","coordinates":[14.61566,40.810144]},"properties":{"lines":"E6","color":"#C8102E","mode":"tram","arr":["E6"],"metro":1,"angle":-45,"extra":1,"ei":1}},{"type":"Feature","geometry":{"type":"Point","coordinates":[14.613914,40.808794]},"properties":{"lines":"E6","color":"#C8102E","mode":"tram","arr":["E6"],"metro":1,"angle":-45.4,"extra":1,"ei":2}},{"type":"Feature","geometry":{"type":"Point","coordinates":[14.612153,40.807455]},"properties":{"lines":"E6","color":"#C8102E","mode":"tram","arr":["E6"],"metro":1,"angle":-45.3,"extra":1,"ei":3}},{"type":"Feature","geometry":{"type":"Point","coordinates":[14.610436,40.806085]},"properties":{"lines":"E6","color":"#C8102E","mode":"tram","arr":["E6"],"metro":1,"angle":-48.6,"extra":1,"ei":4}},{"type":"Feature","geometry":{"type":"Point","coordinates":[14.608785,40.804669]},"properties":{"lines":"E6","color":"#C8102E","mode":"tram","arr":["E6"],"metro":1,"angle":-48.6,"extra":1,"ei":5}},{"type":"Feature","geometry":{"type":"Point","coordinates":[14.607133,40.803253]},"properties":{"lines":"E6","color":"#C8102E","mode":"tram","arr":["E6"],"metro":1,"angle":-48.5,"extra":1,"ei":6}},{"type":"Feature","geometry":{"type":"Point","coordinates":[14.605478,40.801838]},"properties":{"lines":"E6","color":"#C8102E","mode":"tram","arr":["E6"],"metro":1,"angle":-48.5,"extra":1,"ei":7}},{"type":"Feature","geometry":{"type":"Point","coordinates":[14.603824,40.800423]},"properties":{"lines":"E6","color":"#C8102E","mode":"tram","arr":["E6"],"metro":1,"angle":-48.5,"extra":1,"ei":8}},{"type":"Feature","geometry":{"type":"Point","coordinates":[14.60217,40.799009]},"properties":{"lines":"E6","color":"#C8102E","mode":"tram","arr":["E6"],"metro":1,"angle":-48.6,"extra":1,"ei":9}},{"type":"Feature","geometry":{"type":"Point","coordinates":[14.600521,40.797591]},"properties":{"lines":"E6","color":"#C8102E","mode":"tram","arr":["E6"],"metro":1,"angle":-48.6,"extra":1,"ei":10}},{"type":"Feature","geometry":{"type":"Point","coordinates":[14.598655,40.796385]},"properties":{"lines":"E6","color":"#C8102E","mode":"tram","arr":["E6"],"metro":1,"angle":-15.1,"extra":1,"ei":11}},{"type":"Feature","geometry":{"type":"Point","coordinates":[14.596403,40.79693]},"properties":{"lines":"E6","color":"#C8102E","mode":"tram","arr":["E6"],"metro":1,"angle":45.6,"extra":1,"ei":12}},{"type":"Feature","geometry":{"type":"Point","coordinates":[14.594677,40.798295]},"properties":{"lines":"E6","color":"#C8102E","mode":"tram","arr":["E6"],"metro":1,"angle":46.2,"extra":1,"ei":13}},{"type":"Feature","geometry":{"type":"Point","coordinates":[14.592949,40.799658]},"properties":{"lines":"E6","color":"#C8102E","mode":"tram","arr":["E6"],"metro":1,"angle":45.8,"extra":1,"ei":14}},{"type":"Feature","geometry":{"type":"Point","coordinates":[14.591209,40.801013]},"properties":{"lines":"E6","color":"#C8102E","mode":"tram","arr":["E6"],"metro":1,"angle":45.9,"extra":1,"ei":15}},{"type":"Feature","geometry":{"type":"Point","coordinates":[14.589481,40.802376]},"properties":{"lines":"E6","color":"#C8102E","mode":"tram","arr":["E6"],"metro":1,"angle":46.2,"extra":1,"ei":16}},{"type":"Feature","geometry":{"type":"Point","coordinates":[14.587761,40.803744]},"properties":{"lines":"E6","color":"#C8102E","mode":"tram","arr":["E6"],"metro":1,"angle":47.2,"extra":1,"ei":17}},{"type":"Feature","geometry":{"type":"Point","coordinates":[14.586177,40.805201]},"properties":{"lines":"E6","color":"#C8102E","mode":"tram","arr":["E6"],"metro":1,"angle":53.2,"extra":1,"ei":18}},{"type":"Feature","geometry":{"type":"Point","coordinates":[14.581727,40.809758]},"properties":{"lines":"E6","color":"#C8102E","mode":"tram","arr":["E6"],"metro":1,"angle":53.5,"extra":1,"ei":19}},{"type":"Feature","geometry":{"type":"Point","coordinates":[14.58014,40.811206]},"properties":{"lines":"E6","color":"#C8102E","mode":"tram","arr":["E6"],"metro":1,"angle":37,"extra":1,"ei":20}},{"type":"Feature","geometry":{"type":"Point","coordinates":[14.577815,40.811835]},"properties":{"lines":"E6","color":"#C8102E","mode":"tram","arr":["E6"],"metro":1,"angle":11.7,"extra":1,"ei":21}},{"type":"Feature","geometry":{"type":"Point","coordinates":[14.57536,40.812047]},"properties":{"lines":"E6","color":"#C8102E","mode":"tram","arr":["E6"],"metro":1,"angle":-15.9,"extra":1,"ei":22}},{"type":"Feature","geometry":{"type":"Point","coordinates":[14.573168,40.811152]},"properties":{"lines":"E6","color":"#C8102E","mode":"tram","arr":["E6"],"metro":1,"angle":-29.3,"extra":1,"ei":23}},{"type":"Feature","geometry":{"type":"Point","coordinates":[14.570991,40.810227]},"properties":{"lines":"E6","color":"#C8102E","mode":"tram","arr":["E6"],"metro":1,"angle":-29.3,"extra":1,"ei":24}},{"type":"Feature","geometry":{"type":"Point","coordinates":[14.568814,40.809303]},"properties":{"lines":"E6","color":"#C8102E","mode":"tram","arr":["E6"],"metro":1,"angle":-29.3,"extra":1,"ei":25}},{"type":"Feature","geometry":{"type":"Point","coordinates":[14.566637,40.808378]},"properties":{"lines":"E6","color":"#C8102E","mode":"tram","arr":["E6"],"metro":1,"angle":-29.3,"extra":1,"ei":26}},{"type":"Feature","geometry":{"type":"Point","coordinates":[14.56446,40.807453]},"properties":{"lines":"E6","color":"#C8102E","mode":"tram","arr":["E6"],"metro":1,"angle":-29.3,"extra":1,"ei":27}},{"type":"Feature","geometry":{"type":"Point","coordinates":[14.562283,40.806529]},"properties":{"lines":"E6","color":"#C8102E","mode":"tram","arr":["E6"],"metro":1,"angle":-29.3,"extra":1,"ei":28}},{"type":"Feature","geometry":{"type":"Point","coordinates":[14.560106,40.805604]},"properties":{"lines":"E6","color":"#C8102E","mode":"tram","arr":["E6"],"metro":1,"angle":-29.3,"extra":1,"ei":29}},{"type":"Feature","geometry":{"type":"Point","coordinates":[14.557929,40.80468]},"properties":{"lines":"E6","color":"#C8102E","mode":"tram","arr":["E6"],"metro":1,"angle":-29.3,"extra":1,"ei":30}},{"type":"Feature","geometry":{"type":"Point","coordinates":[14.555752,40.803755]},"properties":{"lines":"E6","color":"#C8102E","mode":"tram","arr":["E6"],"metro":1,"angle":-29.3,"extra":1,"ei":31}},{"type":"Feature","geometry":{"type":"Point","coordinates":[14.553566,40.802844]},"properties":{"lines":"E6","color":"#C8102E","mode":"tram","arr":["E6"],"metro":1,"angle":-25.8,"extra":1,"ei":32}},{"type":"Feature","geometry":{"type":"Point","coordinates":[14.551297,40.802056]},"properties":{"lines":"E6","color":"#C8102E","mode":"tram","arr":["E6"],"metro":1,"angle":-24.4,"extra":1,"ei":33}},{"type":"Feature","geometry":{"type":"Point","coordinates":[14.549024,40.801276]},"properties":{"lines":"E6","color":"#C8102E","mode":"tram","arr":["E6"],"metro":1,"angle":-24.4,"extra":1,"ei":34}},{"type":"Feature","geometry":{"type":"Point","coordinates":[14.54675,40.800495]},"properties":{"lines":"E6","color":"#C8102E","mode":"tram","arr":["E6"],"metro":1,"angle":-24.3,"extra":1,"ei":35}},{"type":"Feature","geometry":{"type":"Point","coordinates":[14.544356,40.80006]},"properties":{"lines":"E6","color":"#C8102E","mode":"tram","arr":["E6"],"metro":1,"angle":3.4,"extra":1,"ei":36}},{"type":"Feature","geometry":{"type":"Point","coordinates":[14.541954,40.800551]},"properties":{"lines":"E6","color":"#C8102E","mode":"tram","arr":["E6"],"metro":1,"angle":18.7,"extra":1,"ei":37}},{"type":"Feature","geometry":{"type":"Point","coordinates":[14.313347,40.843777]},"properties":{"lines":"E6","color":"#C8102E","mode":"tram","arr":["E6"],"metro":1,"angle":-35,"extra":1,"ei":0}},{"type":"Feature","geometry":{"type":"Point","coordinates":[14.315484,40.84475]},"properties":{"lines":"E6","color":"#C8102E","mode":"tram","arr":["E6"],"metro":1,"angle":-27,"extra":1,"ei":1}},{"type":"Feature","geometry":{"type":"Point","coordinates":[14.317857,40.845315]},"properties":{"lines":"E6","color":"#C8102E","mode":"tram","arr":["E6"],"metro":1,"angle":-14.5,"extra":1,"ei":2}},{"type":"Feature","geometry":{"type":"Point","coordinates":[14.320269,40.845804]},"properties":{"lines":"E6","color":"#C8102E","mode":"tram","arr":["E6"],"metro":1,"angle":-15.9,"extra":1,"ei":3,"side":-1}},{"type":"Feature","geometry":{"type":"Point","coordinates":[14.322502,40.846618]},"properties":{"lines":"E6","color":"#C8102E","mode":"tram","arr":["E6"],"metro":1,"angle":-32.6,"extra":1,"ei":4}},{"type":"Feature","geometry":{"type":"Point","coordinates":[14.324605,40.847637]},"properties":{"lines":"E6","color":"#C8102E","mode":"tram","arr":["E6"],"metro":1,"angle":-32.7,"extra":1,"ei":5}},{"type":"Feature","geometry":{"type":"Point","coordinates":[14.3267,40.848664]},"properties":{"lines":"E6","color":"#C8102E","mode":"tram","arr":["E6"],"metro":1,"angle":-33.8,"extra":1,"ei":6}},{"type":"Feature","geometry":{"type":"Point","coordinates":[14.32882,40.849657]},"properties":{"lines":"E6","color":"#C8102E","mode":"tram","arr":["E6"],"metro":1,"angle":-24.9,"extra":1,"ei":7}},{"type":"Feature","geometry":{"type":"Point","coordinates":[14.331162,40.850309]},"properties":{"lines":"E6","color":"#C8102E","mode":"tram","arr":["E6"],"metro":1,"angle":-19.6,"extra":1,"ei":8}},{"type":"Feature","geometry":{"type":"Point","coordinates":[14.333513,40.850945]},"properties":{"lines":"E6","color":"#C8102E","mode":"tram","arr":["E6"],"metro":1,"angle":-19.8,"extra":1,"ei":9}},{"type":"Feature","geometry":{"type":"Point","coordinates":[14.335882,40.851534]},"properties":{"lines":"E6","color":"#C8102E","mode":"tram","arr":["E6"],"metro":1,"angle":-12,"extra":1,"ei":10}},{"type":"Feature","geometry":{"type":"Point","coordinates":[14.338368,40.851667]},"properties":{"lines":"E6","color":"#C8102E","mode":"tram","arr":["E6"],"metro":1,"angle":-1.2,"extra":1,"ei":11}},{"type":"Feature","geometry":{"type":"Point","coordinates":[14.340854,40.851788]},"properties":{"lines":"E6","color":"#C8102E","mode":"tram","arr":["E6"],"metro":1,"angle":-14.2,"extra":1,"ei":12}},{"type":"Feature","geometry":{"type":"Point","coordinates":[14.343193,40.852446]},"properties":{"lines":"E6","color":"#C8102E","mode":"tram","arr":["E6"],"metro":1,"angle":-20.8,"extra":1,"ei":13}},{"type":"Feature","geometry":{"type":"Point","coordinates":[14.345534,40.853103]},"properties":{"lines":"E6","color":"#C8102E","mode":"tram","arr":["E6"],"metro":1,"angle":-20.2,"extra":1,"ei":14}},{"type":"Feature","geometry":{"type":"Point","coordinates":[14.347875,40.853759]},"properties":{"lines":"E6","color":"#C8102E","mode":"tram","arr":["E6"],"metro":1,"angle":-20.4,"extra":1,"ei":15}},{"type":"Feature","geometry":{"type":"Point","coordinates":[14.350219,40.854408]},"properties":{"lines":"E6","color":"#C8102E","mode":"tram","arr":["E6"],"metro":1,"angle":-20,"extra":1,"ei":16}},{"type":"Feature","geometry":{"type":"Point","coordinates":[14.352491,40.855183]},"properties":{"lines":"E6","color":"#C8102E","mode":"tram","arr":["E6"],"metro":1,"angle":-29.3,"extra":1,"ei":17}},{"type":"Feature","geometry":{"type":"Point","coordinates":[14.354718,40.856032]},"properties":{"lines":"E6","color":"#C8102E","mode":"tram","arr":["E6"],"metro":1,"angle":-23.5,"extra":1,"ei":18}},{"type":"Feature","geometry":{"type":"Point","coordinates":[14.357007,40.856785]},"properties":{"lines":"E6","color":"#C8102E","mode":"tram","arr":["E6"],"metro":1,"angle":-24.1,"extra":1,"ei":19}},{"type":"Feature","geometry":{"type":"Point","coordinates":[14.359259,40.857598]},"properties":{"lines":"E6","color":"#C8102E","mode":"tram","arr":["E6"],"metro":1,"angle":-28.7,"extra":1,"ei":20}},{"type":"Feature","geometry":{"type":"Point","coordinates":[14.361452,40.858502]},"properties":{"lines":"E6","color":"#C8102E","mode":"tram","arr":["E6"],"metro":1,"angle":-28.1,"extra":1,"ei":21}},{"type":"Feature","geometry":{"type":"Point","coordinates":[14.363837,40.858933]},"properties":{"lines":"E6","color":"#C8102E","mode":"tram","arr":["E6"],"metro":1,"angle":6.3,"extra":1,"ei":22}},{"type":"Feature","geometry":{"type":"Point","coordinates":[14.366143,40.858246]},"properties":{"lines":"E6","color":"#C8102E","mode":"tram","arr":["E6"],"metro":1,"angle":23.3,"extra":1,"ei":23}},{"type":"Feature","geometry":{"type":"Point","coordinates":[14.368582,40.858132]},"properties":{"lines":"E6","color":"#C8102E","mode":"tram","arr":["E6"],"metro":1,"angle":-16.2,"extra":1,"ei":24}},{"type":"Feature","geometry":{"type":"Point","coordinates":[14.37062,40.859179]},"properties":{"lines":"E6","color":"#C8102E","mode":"tram","arr":["E6"],"metro":1,"angle":-44.1,"extra":1,"ei":25}},{"type":"Feature","geometry":{"type":"Point","coordinates":[14.372743,40.860101]},"properties":{"lines":"E6","color":"#C8102E","mode":"tram","arr":["E6"],"metro":1,"angle":-9,"extra":1,"ei":26}},{"type":"Feature","geometry":{"type":"Point","coordinates":[14.375206,40.859897]},"properties":{"lines":"E6","color":"#C8102E","mode":"tram","arr":["E6"],"metro":1,"angle":11.1,"extra":1,"ei":27}},{"type":"Feature","geometry":{"type":"Point","coordinates":[14.377655,40.859549]},"properties":{"lines":"E6","color":"#C8102E","mode":"tram","arr":["E6"],"metro":1,"angle":-1.2,"extra":1,"ei":28}},{"type":"Feature","geometry":{"type":"Point","coordinates":[14.3801,40.859917]},"properties":{"lines":"E6","color":"#C8102E","mode":"tram","arr":["E6"],"metro":1,"angle":-11.8,"extra":1,"ei":29}},{"type":"Feature","geometry":{"type":"Point","coordinates":[14.382419,40.860554]},"properties":{"lines":"E6","color":"#C8102E","mode":"tram","arr":["E6"],"metro":1,"angle":-37.1,"extra":1,"ei":30}},{"type":"Feature","geometry":{"type":"Point","coordinates":[14.384061,40.861968]},"properties":{"lines":"E6","color":"#C8102E","mode":"tram","arr":["E6"],"metro":1,"angle":-50.7,"extra":1,"ei":31}},{"type":"Feature","geometry":{"type":"Point","coordinates":[14.385937,40.863182]},"properties":{"lines":"E6","color":"#C8102E","mode":"tram","arr":["E6"],"metro":1,"angle":-25.6,"extra":1,"ei":32}},{"type":"Feature","geometry":{"type":"Point","coordinates":[14.387985,40.864207]},"properties":{"lines":"E6","color":"#C8102E","mode":"tram","arr":["E6"],"metro":1,"angle":-51.2,"extra":1,"ei":33}},{"type":"Feature","geometry":{"type":"Point","coordinates":[14.388935,40.865935]},"properties":{"lines":"E6","color":"#C8102E","mode":"tram","arr":["E6"],"metro":1,"angle":-74.5,"extra":1,"ei":34}},{"type":"Feature","geometry":{"type":"Point","coordinates":[14.389637,40.867747]},"properties":{"lines":"E6","color":"#C8102E","mode":"tram","arr":["E6"],"metro":1,"angle":-69.9,"extra":1,"ei":35}},{"type":"Feature","geometry":{"type":"Point","coordinates":[14.391269,40.869107]},"properties":{"lines":"E6","color":"#C8102E","mode":"tram","arr":["E6"],"metro":1,"angle":-24,"extra":1,"ei":36}},{"type":"Feature","geometry":{"type":"Point","coordinates":[14.393713,40.869467]},"properties":{"lines":"E6","color":"#C8102E","mode":"tram","arr":["E6"],"metro":1,"angle":-10.2,"extra":1,"ei":37}},{"type":"Feature","geometry":{"type":"Point","coordinates":[14.398482,40.870258]},"properties":{"lines":"E6","color":"#C8102E","mode":"tram","arr":["E6"],"metro":1,"angle":7.4,"extra":1,"ei":38}},{"type":"Feature","geometry":{"type":"Point","coordinates":[14.400957,40.870009]},"properties":{"lines":"E6","color":"#C8102E","mode":"tram","arr":["E6"],"metro":1,"angle":7.4,"extra":1,"ei":39}},{"type":"Feature","geometry":{"type":"Point","coordinates":[14.403438,40.869827]},"properties":{"lines":"E6","color":"#C8102E","mode":"tram","arr":["E6"],"metro":1,"angle":-1.5,"extra":1,"ei":40}},{"type":"Feature","geometry":{"type":"Point","coordinates":[14.405901,40.87012]},"properties":{"lines":"E6","color":"#C8102E","mode":"tram","arr":["E6"],"metro":1,"angle":-11.4,"extra":1,"ei":41}},{"type":"Feature","geometry":{"type":"Point","coordinates":[14.408348,40.870495]},"properties":{"lines":"E6","color":"#C8102E","mode":"tram","arr":["E6"],"metro":1,"angle":-11.6,"extra":1,"ei":42}},{"type":"Feature","geometry":{"type":"Point","coordinates":[14.410796,40.870865]},"properties":{"lines":"E6","color":"#C8102E","mode":"tram","arr":["E6"],"metro":1,"angle":-11.4,"extra":1,"ei":43}},{"type":"Feature","geometry":{"type":"Point","coordinates":[14.413245,40.871232]},"properties":{"lines":"E6","color":"#C8102E","mode":"tram","arr":["E6"],"metro":1,"angle":-11,"extra":1,"ei":44}},{"type":"Feature","geometry":{"type":"Point","coordinates":[14.415695,40.871598]},"properties":{"lines":"E6","color":"#C8102E","mode":"tram","arr":["E6"],"metro":1,"angle":-11.4,"extra":1,"ei":45}},{"type":"Feature","geometry":{"type":"Point","coordinates":[14.418144,40.871963]},"properties":{"lines":"E6","color":"#C8102E","mode":"tram","arr":["E6"],"metro":1,"angle":-11.3,"extra":1,"ei":46}},{"type":"Feature","geometry":{"type":"Point","coordinates":[14.420594,40.872326]},"properties":{"lines":"E6","color":"#C8102E","mode":"tram","arr":["E6"],"metro":1,"angle":-11.1,"extra":1,"ei":47}},{"type":"Feature","geometry":{"type":"Point","coordinates":[14.423045,40.872686]},"properties":{"lines":"E6","color":"#C8102E","mode":"tram","arr":["E6"],"metro":1,"angle":-10.4,"extra":1,"ei":48}},{"type":"Feature","geometry":{"type":"Point","coordinates":[14.425473,40.873109]},"properties":{"lines":"E6","color":"#C8102E","mode":"tram","arr":["E6"],"metro":1,"angle":-20.3,"extra":1,"ei":49}},{"type":"Feature","geometry":{"type":"Point","coordinates":[14.427754,40.873875]},"properties":{"lines":"E6","color":"#C8102E","mode":"tram","arr":["E6"],"metro":1,"angle":-25.9,"extra":1,"ei":50}},{"type":"Feature","geometry":{"type":"Point","coordinates":[14.430003,40.874694]},"properties":{"lines":"E6","color":"#C8102E","mode":"tram","arr":["E6"],"metro":1,"angle":-25.1,"extra":1,"ei":51}},{"type":"Feature","geometry":{"type":"Point","coordinates":[14.432399,40.875182]},"properties":{"lines":"E6","color":"#C8102E","mode":"tram","arr":["E6"],"metro":1,"angle":-4.5,"extra":1,"ei":52}},{"type":"Feature","geometry":{"type":"Point","coordinates":[14.434873,40.875014]},"properties":{"lines":"E6","color":"#C8102E","mode":"tram","arr":["E6"],"metro":1,"angle":14.6,"extra":1,"ei":53}},{"type":"Feature","geometry":{"type":"Point","coordinates":[14.437221,40.874374]},"properties":{"lines":"E6","color":"#C8102E","mode":"tram","arr":["E6"],"metro":1,"angle":21,"extra":1,"ei":54}},{"type":"Feature","geometry":{"type":"Point","coordinates":[14.439554,40.873702]},"properties":{"lines":"E6","color":"#C8102E","mode":"tram","arr":["E6"],"metro":1,"angle":21.4,"extra":1,"ei":55}},{"type":"Feature","geometry":{"type":"Point","coordinates":[14.44189,40.873037]},"properties":{"lines":"E6","color":"#C8102E","mode":"tram","arr":["E6"],"metro":1,"angle":20.4,"extra":1,"ei":56}},{"type":"Feature","geometry":{"type":"Point","coordinates":[14.44426,40.872458]},"properties":{"lines":"E6","color":"#C8102E","mode":"tram","arr":["E6"],"metro":1,"angle":7.2,"extra":1,"ei":57}},{"type":"Feature","geometry":{"type":"Point","coordinates":[14.446747,40.872565]},"properties":{"lines":"E6","color":"#C8102E","mode":"tram","arr":["E6"],"metro":1,"angle":-5.8,"extra":1,"ei":58}},{"type":"Feature","geometry":{"type":"Point","coordinates":[14.449228,40.872463]},"properties":{"lines":"E6","color":"#C8102E","mode":"tram","arr":["E6"],"metro":1,"angle":8.8,"extra":1,"ei":59}},{"type":"Feature","geometry":{"type":"Point","coordinates":[14.451695,40.872173]},"properties":{"lines":"E6","color":"#C8102E","mode":"tram","arr":["E6"],"metro":1,"angle":8.8,"extra":1,"ei":60}},{"type":"Feature","geometry":{"type":"Point","coordinates":[14.454162,40.871883]},"properties":{"lines":"E6","color":"#C8102E","mode":"tram","arr":["E6"],"metro":1,"angle":8.6,"extra":1,"ei":61}},{"type":"Feature","geometry":{"type":"Point","coordinates":[14.456629,40.871591]},"properties":{"lines":"E6","color":"#C8102E","mode":"tram","arr":["E6"],"metro":1,"angle":9.3,"extra":1,"ei":62}},{"type":"Feature","geometry":{"type":"Point","coordinates":[14.459019,40.871062]},"properties":{"lines":"E6","color":"#C8102E","mode":"tram","arr":["E6"],"metro":1,"angle":21,"extra":1,"ei":63}},{"type":"Feature","geometry":{"type":"Point","coordinates":[14.461357,40.870401]},"properties":{"lines":"E6","color":"#C8102E","mode":"tram","arr":["E6"],"metro":1,"angle":20.3,"extra":1,"ei":64}},{"type":"Feature","geometry":{"type":"Point","coordinates":[14.463692,40.869732]},"properties":{"lines":"E6","color":"#C8102E","mode":"tram","arr":["E6"],"metro":1,"angle":20.1,"extra":1,"ei":65}},{"type":"Feature","geometry":{"type":"Point","coordinates":[14.465917,40.868894]},"properties":{"lines":"E6","color":"#C8102E","mode":"tram","arr":["E6"],"metro":1,"angle":37.3,"extra":1,"ei":66}},{"type":"Feature","geometry":{"type":"Point","coordinates":[14.467767,40.867627]},"properties":{"lines":"E6","color":"#C8102E","mode":"tram","arr":["E6"],"metro":1,"angle":43.6,"extra":1,"ei":67}},{"type":"Feature","geometry":{"type":"Point","coordinates":[14.469525,40.866299]},"properties":{"lines":"E6","color":"#C8102E","mode":"tram","arr":["E6"],"metro":1,"angle":59.7,"extra":1,"ei":68}},{"type":"Feature","geometry":{"type":"Point","coordinates":[14.470565,40.864586]},"properties":{"lines":"E6","color":"#C8102E","mode":"tram","arr":["E6"],"metro":1,"angle":57.1,"extra":1,"ei":69}},{"type":"Feature","geometry":{"type":"Point","coordinates":[14.472075,40.863083]},"properties":{"lines":"E6","color":"#C8102E","mode":"tram","arr":["E6"],"metro":1,"angle":50.9,"extra":1,"ei":70}},{"type":"Feature","geometry":{"type":"Point","coordinates":[14.473666,40.861628]},"properties":{"lines":"E6","color":"#C8102E","mode":"tram","arr":["E6"],"metro":1,"angle":51.5,"extra":1,"ei":71}},{"type":"Feature","geometry":{"type":"Point","coordinates":[14.475246,40.860166]},"properties":{"lines":"E6","color":"#C8102E","mode":"tram","arr":["E6"],"metro":1,"angle":50.1,"extra":1,"ei":72}},{"type":"Feature","geometry":{"type":"Point","coordinates":[14.476803,40.85869]},"properties":{"lines":"E6","color":"#C8102E","mode":"tram","arr":["E6"],"metro":1,"angle":51,"extra":1,"ei":73}},{"type":"Feature","geometry":{"type":"Point","coordinates":[14.47838,40.857226]},"properties":{"lines":"E6","color":"#C8102E","mode":"tram","arr":["E6"],"metro":1,"angle":50.6,"extra":1,"ei":74}},{"type":"Feature","geometry":{"type":"Point","coordinates":[14.479599,40.855609]},"properties":{"lines":"E6","color":"#C8102E","mode":"tram","arr":["E6"],"metro":1,"angle":77.2,"extra":1,"ei":75}},{"type":"Feature","geometry":{"type":"Point","coordinates":[14.480013,40.85396]},"properties":{"lines":"E6","color":"#C8102E","mode":"tram","arr":["E6"],"metro":1,"angle":78,"extra":1,"ei":0}},{"type":"Feature","geometry":{"type":"Point","coordinates":[14.481322,40.852384]},"properties":{"lines":"E6","color":"#C8102E","mode":"tram","arr":["E6"],"metro":1,"angle":42.1,"extra":1,"ei":1}},{"type":"Feature","geometry":{"type":"Point","coordinates":[14.483567,40.851604]},"properties":{"lines":"E6","color":"#C8102E","mode":"tram","arr":["E6"],"metro":1,"angle":24.3,"extra":1,"ei":2}},{"type":"Feature","geometry":{"type":"Point","coordinates":[14.485154,40.850212]},"properties":{"lines":"E6","color":"#C8102E","mode":"tram","arr":["E6"],"metro":1,"angle":63.9,"extra":1,"ei":3}},{"type":"Feature","geometry":{"type":"Point","coordinates":[14.486381,40.84857]},"properties":{"lines":"E6","color":"#C8102E","mode":"tram","arr":["E6"],"metro":1,"angle":54.2,"extra":1,"ei":4}},{"type":"Feature","geometry":{"type":"Point","coordinates":[14.488052,40.847169]},"properties":{"lines":"E6","color":"#C8102E","mode":"tram","arr":["E6"],"metro":1,"angle":52.9,"extra":1,"ei":5}},{"type":"Feature","geometry":{"type":"Point","coordinates":[14.488983,40.845429]},"properties":{"lines":"E6","color":"#C8102E","mode":"tram","arr":["E6"],"metro":1,"angle":71.1,"extra":1,"ei":6}},{"type":"Feature","geometry":{"type":"Point","coordinates":[14.490343,40.843896]},"properties":{"lines":"E6","color":"#C8102E","mode":"tram","arr":["E6"],"metro":1,"angle":36.5,"extra":1,"ei":7}},{"type":"Feature","geometry":{"type":"Point","coordinates":[14.492468,40.842923]},"properties":{"lines":"E6","color":"#C8102E","mode":"tram","arr":["E6"],"metro":1,"angle":44.4,"extra":1,"ei":8}},{"type":"Feature","geometry":{"type":"Point","coordinates":[14.493602,40.841265]},"properties":{"lines":"E6","color":"#C8102E","mode":"tram","arr":["E6"],"metro":1,"angle":63.1,"extra":1,"ei":9}},{"type":"Feature","geometry":{"type":"Point","coordinates":[14.495392,40.839997]},"properties":{"lines":"E6","color":"#C8102E","mode":"tram","arr":["E6"],"metro":1,"angle":23.9,"extra":1,"ei":10}},{"type":"Feature","geometry":{"type":"Point","coordinates":[14.497824,40.83995]},"properties":{"lines":"E6","color":"#C8102E","mode":"tram","arr":["E6"],"metro":1,"angle":-9.1,"extra":1,"ei":11}},{"type":"Feature","geometry":{"type":"Point","coordinates":[14.500025,40.839298]},"properties":{"lines":"E6","color":"#C8102E","mode":"tram","arr":["E6"],"metro":1,"angle":51.2,"extra":1,"ei":12}},{"type":"Feature","geometry":{"type":"Point","coordinates":[14.501017,40.837576]},"properties":{"lines":"E6","color":"#C8102E","mode":"tram","arr":["E6"],"metro":1,"angle":68.8,"extra":1,"ei":13}},{"type":"Feature","geometry":{"type":"Point","coordinates":[14.501762,40.835784]},"properties":{"lines":"E6","color":"#C8102E","mode":"tram","arr":["E6"],"metro":1,"angle":84.3,"extra":1,"ei":14}},{"type":"Feature","geometry":{"type":"Point","coordinates":[14.501983,40.833903]},"properties":{"lines":"E6","color":"#C8102E","mode":"tram","arr":["E6"],"metro":1,"angle":85.3,"extra":1,"ei":15}},{"type":"Feature","geometry":{"type":"Point","coordinates":[14.501936,40.832027]},"properties":{"lines":"E6","color":"#C8102E","mode":"tram","arr":["E6"],"metro":1,"angle":-78.2,"extra":1,"ei":16}},{"type":"Feature","geometry":{"type":"Point","coordinates":[14.501399,40.830183]},"properties":{"lines":"E6","color":"#C8102E","mode":"tram","arr":["E6"],"metro":1,"angle":-78,"extra":1,"ei":17}},{"type":"Feature","geometry":{"type":"Point","coordinates":[14.500862,40.828338]},"properties":{"lines":"E6","color":"#C8102E","mode":"tram","arr":["E6"],"metro":1,"angle":-77.6,"extra":1,"ei":18}},{"type":"Feature","geometry":{"type":"Point","coordinates":[14.500344,40.826491]},"properties":{"lines":"E6","color":"#C8102E","mode":"tram","arr":["E6"],"metro":1,"angle":-78.1,"extra":1,"ei":19}},{"type":"Feature","geometry":{"type":"Point","coordinates":[14.499806,40.824647]},"properties":{"lines":"E6","color":"#C8102E","mode":"tram","arr":["E6"],"metro":1,"angle":-77.1,"extra":1,"ei":20}},{"type":"Feature","geometry":{"type":"Point","coordinates":[14.499267,40.822803]},"properties":{"lines":"E6","color":"#C8102E","mode":"tram","arr":["E6"],"metro":1,"angle":-77.7,"extra":1,"ei":21}},{"type":"Feature","geometry":{"type":"Point","coordinates":[14.498203,40.819113]},"properties":{"lines":"E6","color":"#C8102E","mode":"tram","arr":["E6"],"metro":1,"angle":-77.8,"extra":1,"ei":22}},{"type":"Feature","geometry":{"type":"Point","coordinates":[14.497696,40.817263]},"properties":{"lines":"E6","color":"#C8102E","mode":"tram","arr":["E6"],"metro":1,"angle":-78.9,"extra":1,"ei":23}},{"type":"Feature","geometry":{"type":"Point","coordinates":[14.49724,40.815407]},"properties":{"lines":"E6","color":"#C8102E","mode":"tram","arr":["E6"],"metro":1,"angle":-81,"extra":1,"ei":24}},{"type":"Feature","geometry":{"type":"Point","coordinates":[14.497409,40.813533]},"properties":{"lines":"E6","color":"#C8102E","mode":"tram","arr":["E6"],"metro":1,"angle":79.3,"extra":1,"ei":25}},{"type":"Feature","geometry":{"type":"Point","coordinates":[14.498884,40.812108]},"properties":{"lines":"E6","color":"#C8102E","mode":"tram","arr":["E6"],"metro":1,"angle":24.6,"extra":1,"ei":26}},{"type":"Feature","geometry":{"type":"Point","coordinates":[14.501238,40.811479]},"properties":{"lines":"E6","color":"#C8102E","mode":"tram","arr":["E6"],"metro":1,"angle":20.7,"extra":1,"ei":27}},{"type":"Feature","geometry":{"type":"Point","coordinates":[14.503589,40.810844]},"properties":{"lines":"E6","color":"#C8102E","mode":"tram","arr":["E6"],"metro":1,"angle":18.2,"extra":1,"ei":28}},{"type":"Feature","geometry":{"type":"Point","coordinates":[14.506035,40.810497]},"properties":{"lines":"E6","color":"#C8102E","mode":"tram","arr":["E6"],"metro":1,"angle":6.3,"extra":1,"ei":29}},{"type":"Feature","geometry":{"type":"Point","coordinates":[14.50844,40.810042]},"properties":{"lines":"E6","color":"#C8102E","mode":"tram","arr":["E6"],"metro":1,"angle":27.3,"extra":1,"ei":30}},{"type":"Feature","geometry":{"type":"Point","coordinates":[14.510492,40.808972]},"properties":{"lines":"E6","color":"#C8102E","mode":"tram","arr":["E6"],"metro":1,"angle":37.4,"extra":1,"ei":31}},{"type":"Feature","geometry":{"type":"Point","coordinates":[14.512624,40.80802]},"properties":{"lines":"E6","color":"#C8102E","mode":"tram","arr":["E6"],"metro":1,"angle":18.1,"extra":1,"ei":32}},{"type":"Feature","geometry":{"type":"Point","coordinates":[14.515011,40.807468]},"properties":{"lines":"E6","color":"#C8102E","mode":"tram","arr":["E6"],"metro":1,"angle":16.8,"extra":1,"ei":33}},{"type":"Feature","geometry":{"type":"Point","coordinates":[14.517401,40.806921]},"properties":{"lines":"E6","color":"#C8102E","mode":"tram","arr":["E6"],"metro":1,"angle":16.8,"extra":1,"ei":34}},{"type":"Feature","geometry":{"type":"Point","coordinates":[14.519791,40.806376]},"properties":{"lines":"E6","color":"#C8102E","mode":"tram","arr":["E6"],"metro":1,"angle":16.8,"extra":1,"ei":35}},{"type":"Feature","geometry":{"type":"Point","coordinates":[14.522181,40.805831]},"properties":{"lines":"E6","color":"#C8102E","mode":"tram","arr":["E6"],"metro":1,"angle":16.8,"extra":1,"ei":36}},{"type":"Feature","geometry":{"type":"Point","coordinates":[14.524572,40.805286]},"properties":{"lines":"E6","color":"#C8102E","mode":"tram","arr":["E6"],"metro":1,"angle":16.8,"extra":1,"ei":37}},{"type":"Feature","geometry":{"type":"Point","coordinates":[14.526962,40.804741]},"properties":{"lines":"E6","color":"#C8102E","mode":"tram","arr":["E6"],"metro":1,"angle":16.8,"extra":1,"ei":38}},{"type":"Feature","geometry":{"type":"Point","coordinates":[14.529352,40.804195]},"properties":{"lines":"E6","color":"#C8102E","mode":"tram","arr":["E6"],"metro":1,"angle":16.8,"extra":1,"ei":39}},{"type":"Feature","geometry":{"type":"Point","coordinates":[14.531741,40.803647]},"properties":{"lines":"E6","color":"#C8102E","mode":"tram","arr":["E6"],"metro":1,"angle":17.1,"extra":1,"ei":40}},{"type":"Feature","geometry":{"type":"Point","coordinates":[14.533992,40.802845]},"properties":{"lines":"E6","color":"#C8102E","mode":"tram","arr":["E6"],"metro":1,"angle":29.2,"extra":1,"ei":41}},{"type":"Feature","geometry":{"type":"Point","coordinates":[14.536226,40.802008]},"properties":{"lines":"E6","color":"#C8102E","mode":"tram","arr":["E6"],"metro":1,"angle":21.7,"extra":1,"ei":42}},{"type":"Feature","geometry":{"type":"Point","coordinates":[14.53859,40.801402]},"properties":{"lines":"E6","color":"#C8102E","mode":"tram","arr":["E6"],"metro":1,"angle":18.4,"extra":1,"ei":43}},{"type":"Feature","geometry":{"type":"Point","coordinates":[14.362908,41.194605]},"properties":{"lines":"E7","color":"#7d2b8b","mode":"tram","arr":["E7"],"metro":1,"angle":76.4}},{"type":"Feature","geometry":{"type":"Point","coordinates":[14.367192,41.350324]},"properties":{"lines":"E7","color":"#7d2b8b","mode":"tram","arr":["E7"],"metro":1,"angle":-53.3,"extra":1,"ei":0}},{"type":"Feature","geometry":{"type":"Point","coordinates":[14.365753,41.348782]},"properties":{"lines":"E7","color":"#7d2b8b","mode":"tram","arr":["E7"],"metro":1,"angle":-55.5,"extra":1,"ei":1}},{"type":"Feature","geometry":{"type":"Point","coordinates":[14.36481,41.347053]},"properties":{"lines":"E7","color":"#7d2b8b","mode":"tram","arr":["E7"],"metro":1,"angle":-73.9,"extra":1,"ei":2}},{"type":"Feature","geometry":{"type":"Point","coordinates":[14.363531,41.345457]},"properties":{"lines":"E7","color":"#7d2b8b","mode":"tram","arr":["E7"],"metro":1,"angle":-49.1,"extra":1,"ei":3}},{"type":"Feature","geometry":{"type":"Point","coordinates":[14.361898,41.344028]},"properties":{"lines":"E7","color":"#7d2b8b","mode":"tram","arr":["E7"],"metro":1,"angle":-49.3,"extra":1,"ei":4}},{"type":"Feature","geometry":{"type":"Point","coordinates":[14.360275,41.342593]},"properties":{"lines":"E7","color":"#7d2b8b","mode":"tram","arr":["E7"],"metro":1,"angle":-49.5,"extra":1,"ei":5}},{"type":"Feature","geometry":{"type":"Point","coordinates":[14.358659,41.341154]},"properties":{"lines":"E7","color":"#7d2b8b","mode":"tram","arr":["E7"],"metro":1,"angle":-49.7,"extra":1,"ei":6}},{"type":"Feature","geometry":{"type":"Point","coordinates":[14.357042,41.339715]},"properties":{"lines":"E7","color":"#7d2b8b","mode":"tram","arr":["E7"],"metro":1,"angle":-49.7,"extra":1,"ei":7}},{"type":"Feature","geometry":{"type":"Point","coordinates":[14.35542,41.338279]},"properties":{"lines":"E7","color":"#7d2b8b","mode":"tram","arr":["E7"],"metro":1,"angle":-49.3,"extra":1,"ei":8}},{"type":"Feature","geometry":{"type":"Point","coordinates":[14.353792,41.336847]},"properties":{"lines":"E7","color":"#7d2b8b","mode":"tram","arr":["E7"],"metro":1,"angle":-49.3,"extra":1,"ei":9}},{"type":"Feature","geometry":{"type":"Point","coordinates":[14.352164,41.335415]},"properties":{"lines":"E7","color":"#7d2b8b","mode":"tram","arr":["E7"],"metro":1,"angle":-49.3,"extra":1,"ei":10}},{"type":"Feature","geometry":{"type":"Point","coordinates":[14.350539,41.333982]},"properties":{"lines":"E7","color":"#7d2b8b","mode":"tram","arr":["E7"],"metro":1,"angle":-49.4,"extra":1,"ei":11}},{"type":"Feature","geometry":{"type":"Point","coordinates":[14.348928,41.332539]},"properties":{"lines":"E7","color":"#7d2b8b","mode":"tram","arr":["E7"],"metro":1,"angle":-49.9,"extra":1,"ei":12}},{"type":"Feature","geometry":{"type":"Point","coordinates":[14.347313,41.331099]},"properties":{"lines":"E7","color":"#7d2b8b","mode":"tram","arr":["E7"],"metro":1,"angle":-49.5,"extra":1,"ei":13}},{"type":"Feature","geometry":{"type":"Point","coordinates":[14.345691,41.329663]},"properties":{"lines":"E7","color":"#7d2b8b","mode":"tram","arr":["E7"],"metro":1,"angle":-49.5,"extra":1,"ei":14}},{"type":"Feature","geometry":{"type":"Point","coordinates":[14.344065,41.32823]},"properties":{"lines":"E7","color":"#7d2b8b","mode":"tram","arr":["E7"],"metro":1,"angle":-49.2,"extra":1,"ei":15}},{"type":"Feature","geometry":{"type":"Point","coordinates":[14.34244,41.326796]},"properties":{"lines":"E7","color":"#7d2b8b","mode":"tram","arr":["E7"],"metro":1,"angle":-49.5,"extra":1,"ei":16}},{"type":"Feature","geometry":{"type":"Point","coordinates":[14.340891,41.325317]},"properties":{"lines":"E7","color":"#7d2b8b","mode":"tram","arr":["E7"],"metro":1,"angle":-53.8,"extra":1,"ei":17}},{"type":"Feature","geometry":{"type":"Point","coordinates":[14.339419,41.323791]},"properties":{"lines":"E7","color":"#7d2b8b","mode":"tram","arr":["E7"],"metro":1,"angle":-53.9,"extra":1,"ei":18}},{"type":"Feature","geometry":{"type":"Point","coordinates":[14.338032,41.322226]},"properties":{"lines":"E7","color":"#7d2b8b","mode":"tram","arr":["E7"],"metro":1,"angle":-63.8,"extra":1,"ei":19}},{"type":"Feature","geometry":{"type":"Point","coordinates":[14.337034,41.320495]},"properties":{"lines":"E7","color":"#7d2b8b","mode":"tram","arr":["E7"],"metro":1,"angle":-67.1,"extra":1,"ei":20}},{"type":"Feature","geometry":{"type":"Point","coordinates":[14.33606,41.318756]},"properties":{"lines":"E7","color":"#7d2b8b","mode":"tram","arr":["E7"],"metro":1,"angle":-67,"extra":1,"ei":21}},{"type":"Feature","geometry":{"type":"Point","coordinates":[14.335086,41.317017]},"properties":{"lines":"E7","color":"#7d2b8b","mode":"tram","arr":["E7"],"metro":1,"angle":-67.1,"extra":1,"ei":22}},{"type":"Feature","geometry":{"type":"Point","coordinates":[14.334117,41.315277]},"properties":{"lines":"E7","color":"#7d2b8b","mode":"tram","arr":["E7"],"metro":1,"angle":-67.1,"extra":1,"ei":23}},{"type":"Feature","geometry":{"type":"Point","coordinates":[14.333147,41.313537]},"properties":{"lines":"E7","color":"#7d2b8b","mode":"tram","arr":["E7"],"metro":1,"angle":-67.1,"extra":1,"ei":24}},{"type":"Feature","geometry":{"type":"Point","coordinates":[14.33218,41.311796]},"properties":{"lines":"E7","color":"#7d2b8b","mode":"tram","arr":["E7"],"metro":1,"angle":-67.2,"extra":1,"ei":25}},{"type":"Feature","geometry":{"type":"Point","coordinates":[14.331214,41.310054]},"properties":{"lines":"E7","color":"#7d2b8b","mode":"tram","arr":["E7"],"metro":1,"angle":-67.2,"extra":1,"ei":26}},{"type":"Feature","geometry":{"type":"Point","coordinates":[14.330248,41.308313]},"properties":{"lines":"E7","color":"#7d2b8b","mode":"tram","arr":["E7"],"metro":1,"angle":-67.2,"extra":1,"ei":27}},{"type":"Feature","geometry":{"type":"Point","coordinates":[14.329286,41.30657]},"properties":{"lines":"E7","color":"#7d2b8b","mode":"tram","arr":["E7"],"metro":1,"angle":-67.5,"extra":1,"ei":28}},{"type":"Feature","geometry":{"type":"Point","coordinates":[14.328328,41.304826]},"properties":{"lines":"E7","color":"#7d2b8b","mode":"tram","arr":["E7"],"metro":1,"angle":-67.4,"extra":1,"ei":29}},{"type":"Feature","geometry":{"type":"Point","coordinates":[14.327365,41.303083]},"properties":{"lines":"E7","color":"#7d2b8b","mode":"tram","arr":["E7"],"metro":1,"angle":-67.3,"extra":1,"ei":30}},{"type":"Feature","geometry":{"type":"Point","coordinates":[14.3264,41.301341]},"properties":{"lines":"E7","color":"#7d2b8b","mode":"tram","arr":["E7"],"metro":1,"angle":-67.3,"extra":1,"ei":31}},{"type":"Feature","geometry":{"type":"Point","coordinates":[14.325436,41.2996]},"properties":{"lines":"E7","color":"#7d2b8b","mode":"tram","arr":["E7"],"metro":1,"angle":-67.3,"extra":1,"ei":32}},{"type":"Feature","geometry":{"type":"Point","coordinates":[14.324639,41.297815]},"properties":{"lines":"E7","color":"#7d2b8b","mode":"tram","arr":["E7"],"metro":1,"angle":-75.8,"extra":1,"ei":33}},{"type":"Feature","geometry":{"type":"Point","coordinates":[14.324019,41.295986]},"properties":{"lines":"E7","color":"#7d2b8b","mode":"tram","arr":["E7"],"metro":1,"angle":-78.9,"extra":1,"ei":34}},{"type":"Feature","geometry":{"type":"Point","coordinates":[14.323688,41.294114]},"properties":{"lines":"E7","color":"#7d2b8b","mode":"tram","arr":["E7"],"metro":1,"angle":-82.5,"extra":1,"ei":35}},{"type":"Feature","geometry":{"type":"Point","coordinates":[14.323343,41.292244]},"properties":{"lines":"E7","color":"#7d2b8b","mode":"tram","arr":["E7"],"metro":1,"angle":-79.4,"extra":1,"ei":36}},{"type":"Feature","geometry":{"type":"Point","coordinates":[14.322448,41.290505]},"properties":{"lines":"E7","color":"#7d2b8b","mode":"tram","arr":["E7"],"metro":1,"angle":-52.8,"extra":1,"ei":37}},{"type":"Feature","geometry":{"type":"Point","coordinates":[14.320557,41.289288]},"properties":{"lines":"E7","color":"#7d2b8b","mode":"tram","arr":["E7"],"metro":1,"angle":-36.3,"extra":1,"ei":38}},{"type":"Feature","geometry":{"type":"Point","coordinates":[14.318554,41.28816]},"properties":{"lines":"E7","color":"#7d2b8b","mode":"tram","arr":["E7"],"metro":1,"angle":-36.5,"extra":1,"ei":39}},{"type":"Feature","geometry":{"type":"Point","coordinates":[14.316548,41.287036]},"properties":{"lines":"E7","color":"#7d2b8b","mode":"tram","arr":["E7"],"metro":1,"angle":-36.5,"extra":1,"ei":40}},{"type":"Feature","geometry":{"type":"Point","coordinates":[14.314543,41.285911]},"properties":{"lines":"E7","color":"#7d2b8b","mode":"tram","arr":["E7"],"metro":1,"angle":-37,"extra":1,"ei":41}},{"type":"Feature","geometry":{"type":"Point","coordinates":[14.312731,41.284628]},"properties":{"lines":"E7","color":"#7d2b8b","mode":"tram","arr":["E7"],"metro":1,"angle":-54.3,"extra":1,"ei":42}},{"type":"Feature","geometry":{"type":"Point","coordinates":[14.311759,41.282909]},"properties":{"lines":"E7","color":"#7d2b8b","mode":"tram","arr":["E7"],"metro":1,"angle":-77.9,"extra":1,"ei":43}},{"type":"Feature","geometry":{"type":"Point","coordinates":[14.311505,41.281032]},"properties":{"lines":"E7","color":"#7d2b8b","mode":"tram","arr":["E7"],"metro":1,"angle":-85.4,"extra":1,"ei":44}},{"type":"Feature","geometry":{"type":"Point","coordinates":[14.311304,41.279149]},"properties":{"lines":"E7","color":"#7d2b8b","mode":"tram","arr":["E7"],"metro":1,"angle":-85.4,"extra":1,"ei":45}},{"type":"Feature","geometry":{"type":"Point","coordinates":[14.311103,41.277267]},"properties":{"lines":"E7","color":"#7d2b8b","mode":"tram","arr":["E7"],"metro":1,"angle":-85.6,"extra":1,"ei":46}},{"type":"Feature","geometry":{"type":"Point","coordinates":[14.310924,41.275383]},"properties":{"lines":"E7","color":"#7d2b8b","mode":"tram","arr":["E7"],"metro":1,"angle":-85.9,"extra":1,"ei":47}},{"type":"Feature","geometry":{"type":"Point","coordinates":[14.310935,41.273503]},"properties":{"lines":"E7","color":"#7d2b8b","mode":"tram","arr":["E7"],"metro":1,"angle":77.6,"extra":1,"ei":48}},{"type":"Feature","geometry":{"type":"Point","coordinates":[14.312204,41.271899]},"properties":{"lines":"E7","color":"#7d2b8b","mode":"tram","arr":["E7"],"metro":1,"angle":50.5,"extra":1,"ei":49}},{"type":"Feature","geometry":{"type":"Point","coordinates":[14.313799,41.270446]},"properties":{"lines":"E7","color":"#7d2b8b","mode":"tram","arr":["E7"],"metro":1,"angle":50.2,"extra":1,"ei":50}},{"type":"Feature","geometry":{"type":"Point","coordinates":[14.315595,41.269148]},"properties":{"lines":"E7","color":"#7d2b8b","mode":"tram","arr":["E7"],"metro":1,"angle":32.3,"extra":1,"ei":51}},{"type":"Feature","geometry":{"type":"Point","coordinates":[14.31776,41.268208]},"properties":{"lines":"E7","color":"#7d2b8b","mode":"tram","arr":["E7"],"metro":1,"angle":30,"extra":1,"ei":52}},{"type":"Feature","geometry":{"type":"Point","coordinates":[14.319923,41.267265]},"properties":{"lines":"E7","color":"#7d2b8b","mode":"tram","arr":["E7"],"metro":1,"angle":30,"extra":1,"ei":53}},{"type":"Feature","geometry":{"type":"Point","coordinates":[14.322077,41.266311]},"properties":{"lines":"E7","color":"#7d2b8b","mode":"tram","arr":["E7"],"metro":1,"angle":34.8,"extra":1,"ei":54}},{"type":"Feature","geometry":{"type":"Point","coordinates":[14.323892,41.265022]},"properties":{"lines":"E7","color":"#7d2b8b","mode":"tram","arr":["E7"],"metro":1,"angle":50.9,"extra":1,"ei":55}},{"type":"Feature","geometry":{"type":"Point","coordinates":[14.325422,41.26353]},"properties":{"lines":"E7","color":"#7d2b8b","mode":"tram","arr":["E7"],"metro":1,"angle":52.2,"extra":1,"ei":56}},{"type":"Feature","geometry":{"type":"Point","coordinates":[14.326916,41.262017]},"properties":{"lines":"E7","color":"#7d2b8b","mode":"tram","arr":["E7"],"metro":1,"angle":56.2,"extra":1,"ei":57}},{"type":"Feature","geometry":{"type":"Point","coordinates":[14.328227,41.260411]},"properties":{"lines":"E7","color":"#7d2b8b","mode":"tram","arr":["E7"],"metro":1,"angle":59.6,"extra":1,"ei":58}},{"type":"Feature","geometry":{"type":"Point","coordinates":[14.329435,41.258758]},"properties":{"lines":"E7","color":"#7d2b8b","mode":"tram","arr":["E7"],"metro":1,"angle":61.8,"extra":1,"ei":59}},{"type":"Feature","geometry":{"type":"Point","coordinates":[14.330624,41.257098]},"properties":{"lines":"E7","color":"#7d2b8b","mode":"tram","arr":["E7"],"metro":1,"angle":61.4,"extra":1,"ei":60}},{"type":"Feature","geometry":{"type":"Point","coordinates":[14.331818,41.255439]},"properties":{"lines":"E7","color":"#7d2b8b","mode":"tram","arr":["E7"],"metro":1,"angle":61.4,"extra":1,"ei":61}},{"type":"Feature","geometry":{"type":"Point","coordinates":[14.333013,41.253781]},"properties":{"lines":"E7","color":"#7d2b8b","mode":"tram","arr":["E7"],"metro":1,"angle":61.4,"extra":1,"ei":62}},{"type":"Feature","geometry":{"type":"Point","coordinates":[14.334194,41.252117]},"properties":{"lines":"E7","color":"#7d2b8b","mode":"tram","arr":["E7"],"metro":1,"angle":61.9,"extra":1,"ei":63}},{"type":"Feature","geometry":{"type":"Point","coordinates":[14.335385,41.250457]},"properties":{"lines":"E7","color":"#7d2b8b","mode":"tram","arr":["E7"],"metro":1,"angle":61.4,"extra":1,"ei":64}},{"type":"Feature","geometry":{"type":"Point","coordinates":[14.336581,41.248799]},"properties":{"lines":"E7","color":"#7d2b8b","mode":"tram","arr":["E7"],"metro":1,"angle":61.8,"extra":1,"ei":65}},{"type":"Feature","geometry":{"type":"Point","coordinates":[14.33775,41.247131]},"properties":{"lines":"E7","color":"#7d2b8b","mode":"tram","arr":["E7"],"metro":1,"angle":61.2,"extra":1,"ei":66}},{"type":"Feature","geometry":{"type":"Point","coordinates":[14.338952,41.245476]},"properties":{"lines":"E7","color":"#7d2b8b","mode":"tram","arr":["E7"],"metro":1,"angle":61.2,"extra":1,"ei":67}},{"type":"Feature","geometry":{"type":"Point","coordinates":[14.340144,41.243817]},"properties":{"lines":"E7","color":"#7d2b8b","mode":"tram","arr":["E7"],"metro":1,"angle":61.6,"extra":1,"ei":68}},{"type":"Feature","geometry":{"type":"Point","coordinates":[14.341331,41.242155]},"properties":{"lines":"E7","color":"#7d2b8b","mode":"tram","arr":["E7"],"metro":1,"angle":61.6,"extra":1,"ei":69}},{"type":"Feature","geometry":{"type":"Point","coordinates":[14.342518,41.240493]},"properties":{"lines":"E7","color":"#7d2b8b","mode":"tram","arr":["E7"],"metro":1,"angle":61.5,"extra":1,"ei":70}},{"type":"Feature","geometry":{"type":"Point","coordinates":[14.343716,41.238837]},"properties":{"lines":"E7","color":"#7d2b8b","mode":"tram","arr":["E7"],"metro":1,"angle":61.1,"extra":1,"ei":71}},{"type":"Feature","geometry":{"type":"Point","coordinates":[14.344923,41.237183]},"properties":{"lines":"E7","color":"#7d2b8b","mode":"tram","arr":["E7"],"metro":1,"angle":59.6,"extra":1,"ei":72}},{"type":"Feature","geometry":{"type":"Point","coordinates":[14.346581,41.23579]},"properties":{"lines":"E7","color":"#7d2b8b","mode":"tram","arr":["E7"],"metro":1,"angle":38.5,"extra":1,"ei":73}},{"type":"Feature","geometry":{"type":"Point","coordinates":[14.348568,41.234646]},"properties":{"lines":"E7","color":"#7d2b8b","mode":"tram","arr":["E7"],"metro":1,"angle":37.2,"extra":1,"ei":74}},{"type":"Feature","geometry":{"type":"Point","coordinates":[14.350562,41.23351]},"properties":{"lines":"E7","color":"#7d2b8b","mode":"tram","arr":["E7"],"metro":1,"angle":36.8,"extra":1,"ei":75}},{"type":"Feature","geometry":{"type":"Point","coordinates":[14.352509,41.232332]},"properties":{"lines":"E7","color":"#7d2b8b","mode":"tram","arr":["E7"],"metro":1,"angle":45,"extra":1,"ei":76}},{"type":"Feature","geometry":{"type":"Point","coordinates":[14.353998,41.230826]},"properties":{"lines":"E7","color":"#7d2b8b","mode":"tram","arr":["E7"],"metro":1,"angle":60.7,"extra":1,"ei":77}},{"type":"Feature","geometry":{"type":"Point","coordinates":[14.354939,41.229079]},"properties":{"lines":"E7","color":"#7d2b8b","mode":"tram","arr":["E7"],"metro":1,"angle":69.7,"extra":1,"ei":78}},{"type":"Feature","geometry":{"type":"Point","coordinates":[14.355896,41.227338]},"properties":{"lines":"E7","color":"#7d2b8b","mode":"tram","arr":["E7"],"metro":1,"angle":61.5,"extra":1,"ei":79}},{"type":"Feature","geometry":{"type":"Point","coordinates":[14.357043,41.225661]},"properties":{"lines":"E7","color":"#7d2b8b","mode":"tram","arr":["E7"],"metro":1,"angle":63.3,"extra":1,"ei":80}},{"type":"Feature","geometry":{"type":"Point","coordinates":[14.358177,41.223979]},"properties":{"lines":"E7","color":"#7d2b8b","mode":"tram","arr":["E7"],"metro":1,"angle":60.5,"extra":1,"ei":81}},{"type":"Feature","geometry":{"type":"Point","coordinates":[14.359751,41.222523]},"properties":{"lines":"E7","color":"#7d2b8b","mode":"tram","arr":["E7"],"metro":1,"angle":43.4,"extra":1,"ei":82}},{"type":"Feature","geometry":{"type":"Point","coordinates":[14.361533,41.221201]},"properties":{"lines":"E7","color":"#7d2b8b","mode":"tram","arr":["E7"],"metro":1,"angle":44.6,"extra":1,"ei":83}},{"type":"Feature","geometry":{"type":"Point","coordinates":[14.363317,41.21988]},"properties":{"lines":"E7","color":"#7d2b8b","mode":"tram","arr":["E7"],"metro":1,"angle":43.1,"extra":1,"ei":84}},{"type":"Feature","geometry":{"type":"Point","coordinates":[14.365144,41.218592]},"properties":{"lines":"E7","color":"#7d2b8b","mode":"tram","arr":["E7"],"metro":1,"angle":43,"extra":1,"ei":85}},{"type":"Feature","geometry":{"type":"Point","coordinates":[14.366945,41.217287]},"properties":{"lines":"E7","color":"#7d2b8b","mode":"tram","arr":["E7"],"metro":1,"angle":51.5,"extra":1,"ei":86}},{"type":"Feature","geometry":{"type":"Point","coordinates":[14.367733,41.215535]},"properties":{"lines":"E7","color":"#7d2b8b","mode":"tram","arr":["E7"],"metro":1,"angle":-88.6,"extra":1,"ei":87}},{"type":"Feature","geometry":{"type":"Point","coordinates":[14.367289,41.21368]},"properties":{"lines":"E7","color":"#7d2b8b","mode":"tram","arr":["E7"],"metro":1,"angle":-77.6,"extra":1,"ei":88}},{"type":"Feature","geometry":{"type":"Point","coordinates":[14.367367,41.211818]},"properties":{"lines":"E7","color":"#7d2b8b","mode":"tram","arr":["E7"],"metro":1,"angle":77.3,"extra":1,"ei":89}},{"type":"Feature","geometry":{"type":"Point","coordinates":[14.367691,41.209953]},"properties":{"lines":"E7","color":"#7d2b8b","mode":"tram","arr":["E7"],"metro":1,"angle":-89.1,"extra":1,"ei":90}},{"type":"Feature","geometry":{"type":"Point","coordinates":[14.367191,41.208113]},"properties":{"lines":"E7","color":"#7d2b8b","mode":"tram","arr":["E7"],"metro":1,"angle":-73.4,"extra":1,"ei":91}},{"type":"Feature","geometry":{"type":"Point","coordinates":[14.366477,41.206303]},"properties":{"lines":"E7","color":"#7d2b8b","mode":"tram","arr":["E7"],"metro":1,"angle":-73.4,"extra":1,"ei":92}},{"type":"Feature","geometry":{"type":"Point","coordinates":[14.365764,41.204494]},"properties":{"lines":"E7","color":"#7d2b8b","mode":"tram","arr":["E7"],"metro":1,"angle":-73.4,"extra":1,"ei":93}},{"type":"Feature","geometry":{"type":"Point","coordinates":[14.36505,41.202684]},"properties":{"lines":"E7","color":"#7d2b8b","mode":"tram","arr":["E7"],"metro":1,"angle":-73.4,"extra":1,"ei":94}},{"type":"Feature","geometry":{"type":"Point","coordinates":[14.364337,41.200874]},"properties":{"lines":"E7","color":"#7d2b8b","mode":"tram","arr":["E7"],"metro":1,"angle":-73.4,"extra":1,"ei":95}},{"type":"Feature","geometry":{"type":"Point","coordinates":[14.363624,41.199064]},"properties":{"lines":"E7","color":"#7d2b8b","mode":"tram","arr":["E7"],"metro":1,"angle":-73.4,"extra":1,"ei":96}},{"type":"Feature","geometry":{"type":"Point","coordinates":[14.362911,41.197254]},"properties":{"lines":"E7","color":"#7d2b8b","mode":"tram","arr":["E7"],"metro":1,"angle":-75.5,"extra":1,"ei":97}},{"type":"Feature","geometry":{"type":"Point","coordinates":[14.363894,41.19172]},"properties":{"lines":"E7","color":"#7d2b8b","mode":"tram","arr":["E7"],"metro":1,"angle":75.6,"extra":1,"ei":98}},{"type":"Feature","geometry":{"type":"Point","coordinates":[14.364523,41.189892]},"properties":{"lines":"E7","color":"#7d2b8b","mode":"tram","arr":["E7"],"metro":1,"angle":75,"extra":1,"ei":99}},{"type":"Feature","geometry":{"type":"Point","coordinates":[14.365455,41.188147]},"properties":{"lines":"E7","color":"#7d2b8b","mode":"tram","arr":["E7"],"metro":1,"angle":61,"extra":1,"ei":100}},{"type":"Feature","geometry":{"type":"Point","coordinates":[14.366723,41.18652]},"properties":{"lines":"E7","color":"#7d2b8b","mode":"tram","arr":["E7"],"metro":1,"angle":59.2,"extra":1,"ei":101}},{"type":"Feature","geometry":{"type":"Point","coordinates":[14.36812,41.184957]},"properties":{"lines":"E7","color":"#7d2b8b","mode":"tram","arr":["E7"],"metro":1,"angle":58,"extra":1,"ei":102}},{"type":"Feature","geometry":{"type":"Point","coordinates":[14.369184,41.183258]},"properties":{"lines":"E7","color":"#7d2b8b","mode":"tram","arr":["E7"],"metro":1,"angle":72,"extra":1,"ei":103}},{"type":"Feature","geometry":{"type":"Point","coordinates":[14.369263,41.181413]},"properties":{"lines":"E7","color":"#7d2b8b","mode":"tram","arr":["E7"],"metro":1,"angle":-72.7,"extra":1,"ei":104}},{"type":"Feature","geometry":{"type":"Point","coordinates":[14.367738,41.179965]},"properties":{"lines":"E7","color":"#7d2b8b","mode":"tram","arr":["E7"],"metro":1,"angle":-30.6,"extra":1,"ei":105}},{"type":"Feature","geometry":{"type":"Point","coordinates":[14.365337,41.179605]},"properties":{"lines":"E7","color":"#7d2b8b","mode":"tram","arr":["E7"],"metro":1,"angle":7.1,"extra":1,"ei":106}},{"type":"Feature","geometry":{"type":"Point","coordinates":[14.362866,41.179872]},"properties":{"lines":"E7","color":"#7d2b8b","mode":"tram","arr":["E7"],"metro":1,"angle":7,"extra":1,"ei":107}},{"type":"Feature","geometry":{"type":"Point","coordinates":[14.360395,41.179826]},"properties":{"lines":"E7","color":"#7d2b8b","mode":"tram","arr":["E7"],"metro":1,"angle":-19.4,"extra":1,"ei":108}},{"type":"Feature","geometry":{"type":"Point","coordinates":[14.358386,41.178746]},"properties":{"lines":"E7","color":"#7d2b8b","mode":"tram","arr":["E7"],"metro":1,"angle":-41.5,"extra":1,"ei":109}},{"type":"Feature","geometry":{"type":"Point","coordinates":[14.356248,41.177817]},"properties":{"lines":"E7","color":"#7d2b8b","mode":"tram","arr":["E7"],"metro":1,"angle":-13.3,"extra":1,"ei":110}},{"type":"Feature","geometry":{"type":"Point","coordinates":[14.35378,41.177895]},"properties":{"lines":"E7","color":"#7d2b8b","mode":"tram","arr":["E7"],"metro":1,"angle":11,"extra":1,"ei":111}},{"type":"Feature","geometry":{"type":"Point","coordinates":[14.35132,41.178196]},"properties":{"lines":"E7","color":"#7d2b8b","mode":"tram","arr":["E7"],"metro":1,"angle":1.2,"extra":1,"ei":112}},{"type":"Feature","geometry":{"type":"Point","coordinates":[14.349,41.177613]},"properties":{"lines":"E7","color":"#7d2b8b","mode":"tram","arr":["E7"],"metro":1,"angle":-37.9,"extra":1,"ei":113}},{"type":"Feature","geometry":{"type":"Point","coordinates":[14.347114,41.176375]},"properties":{"lines":"E7","color":"#7d2b8b","mode":"tram","arr":["E7"],"metro":1,"angle":-42,"extra":1,"ei":114}},{"type":"Feature","geometry":{"type":"Point","coordinates":[14.345114,41.175293]},"properties":{"lines":"E7","color":"#7d2b8b","mode":"tram","arr":["E7"],"metro":1,"angle":-17.1,"extra":1,"ei":115}},{"type":"Feature","geometry":{"type":"Point","coordinates":[14.342726,41.174742]},"properties":{"lines":"E7","color":"#7d2b8b","mode":"tram","arr":["E7"],"metro":1,"angle":-17.4,"extra":1,"ei":116}},{"type":"Feature","geometry":{"type":"Point","coordinates":[14.340376,41.174114]},"properties":{"lines":"E7","color":"#7d2b8b","mode":"tram","arr":["E7"],"metro":1,"angle":-27,"extra":1,"ei":117}},{"type":"Feature","geometry":{"type":"Point","coordinates":[14.338264,41.17311]},"properties":{"lines":"E7","color":"#7d2b8b","mode":"tram","arr":["E7"],"metro":1,"angle":-33.4,"extra":1,"ei":118}},{"type":"Feature","geometry":{"type":"Point","coordinates":[14.336177,41.172073]},"properties":{"lines":"E7","color":"#7d2b8b","mode":"tram","arr":["E7"],"metro":1,"angle":-32.3,"extra":1,"ei":119}},{"type":"Feature","geometry":{"type":"Point","coordinates":[14.334518,41.170699]},"properties":{"lines":"E7","color":"#7d2b8b","mode":"tram","arr":["E7"],"metro":1,"angle":-58.8,"extra":1,"ei":120}},{"type":"Feature","geometry":{"type":"Point","coordinates":[14.332807,41.169357]},"properties":{"lines":"E7","color":"#7d2b8b","mode":"tram","arr":["E7"],"metro":1,"angle":-30.7,"extra":1,"ei":121}},{"type":"Feature","geometry":{"type":"Point","coordinates":[14.330393,41.169135]},"properties":{"lines":"E7","color":"#7d2b8b","mode":"tram","arr":["E7"],"metro":1,"angle":13.8,"extra":1,"ei":122}},{"type":"Feature","geometry":{"type":"Point","coordinates":[14.328145,41.169938]},"properties":{"lines":"E7","color":"#7d2b8b","mode":"tram","arr":["E7"],"metro":1,"angle":28.7,"extra":1,"ei":123}},{"type":"Feature","geometry":{"type":"Point","coordinates":[14.325899,41.170745]},"properties":{"lines":"E7","color":"#7d2b8b","mode":"tram","arr":["E7"],"metro":1,"angle":12.6,"extra":1,"ei":124}},{"type":"Feature","geometry":{"type":"Point","coordinates":[14.323479,41.170508]},"properties":{"lines":"E7","color":"#7d2b8b","mode":"tram","arr":["E7"],"metro":1,"angle":-27.6,"extra":1,"ei":125}},{"type":"Feature","geometry":{"type":"Point","coordinates":[14.321531,41.169336]},"properties":{"lines":"E7","color":"#7d2b8b","mode":"tram","arr":["E7"],"metro":1,"angle":-41.7,"extra":1,"ei":126}},{"type":"Feature","geometry":{"type":"Point","coordinates":[14.319655,41.16809]},"properties":{"lines":"E7","color":"#7d2b8b","mode":"tram","arr":["E7"],"metro":1,"angle":-40.6,"extra":1,"ei":127}},{"type":"Feature","geometry":{"type":"Point","coordinates":[14.317522,41.167127]},"properties":{"lines":"E7","color":"#7d2b8b","mode":"tram","arr":["E7"],"metro":1,"angle":-23.6,"extra":1,"ei":128}},{"type":"Feature","geometry":{"type":"Point","coordinates":[14.315279,41.166308]},"properties":{"lines":"E7","color":"#7d2b8b","mode":"tram","arr":["E7"],"metro":1,"angle":-32.2,"extra":1,"ei":129}},{"type":"Feature","geometry":{"type":"Point","coordinates":[14.313245,41.165222]},"properties":{"lines":"E7","color":"#7d2b8b","mode":"tram","arr":["E7"],"metro":1,"angle":-24.9,"extra":1,"ei":130}},{"type":"Feature","geometry":{"type":"Point","coordinates":[14.3108,41.164919]},"properties":{"lines":"E7","color":"#7d2b8b","mode":"tram","arr":["E7"],"metro":1,"angle":-4,"extra":1,"ei":131}},{"type":"Feature","geometry":{"type":"Point","coordinates":[14.308514,41.164255]},"properties":{"lines":"E7","color":"#7d2b8b","mode":"tram","arr":["E7"],"metro":1,"angle":-36.1,"extra":1,"ei":132}},{"type":"Feature","geometry":{"type":"Point","coordinates":[14.306504,41.163135]},"properties":{"lines":"E7","color":"#7d2b8b","mode":"tram","arr":["E7"],"metro":1,"angle":-36.2,"extra":1,"ei":133}},{"type":"Feature","geometry":{"type":"Point","coordinates":[14.304487,41.162021]},"properties":{"lines":"E7","color":"#7d2b8b","mode":"tram","arr":["E7"],"metro":1,"angle":-36.4,"extra":1,"ei":134}},{"type":"Feature","geometry":{"type":"Point","coordinates":[14.302481,41.160898]},"properties":{"lines":"E7","color":"#7d2b8b","mode":"tram","arr":["E7"],"metro":1,"angle":-36.5,"extra":1,"ei":135}},{"type":"Feature","geometry":{"type":"Point","coordinates":[14.300475,41.159773]},"properties":{"lines":"E7","color":"#7d2b8b","mode":"tram","arr":["E7"],"metro":1,"angle":-36.5,"extra":1,"ei":136}},{"type":"Feature","geometry":{"type":"Point","coordinates":[14.298459,41.158659]},"properties":{"lines":"E7","color":"#7d2b8b","mode":"tram","arr":["E7"],"metro":1,"angle":-35.9,"extra":1,"ei":137}},{"type":"Feature","geometry":{"type":"Point","coordinates":[14.296444,41.157544]},"properties":{"lines":"E7","color":"#7d2b8b","mode":"tram","arr":["E7"],"metro":1,"angle":-36.6,"extra":1,"ei":138}},{"type":"Feature","geometry":{"type":"Point","coordinates":[14.29444,41.156418]},"properties":{"lines":"E7","color":"#7d2b8b","mode":"tram","arr":["E7"],"metro":1,"angle":-36.6,"extra":1,"ei":139}},{"type":"Feature","geometry":{"type":"Point","coordinates":[14.292434,41.155293]},"properties":{"lines":"E7","color":"#7d2b8b","mode":"tram","arr":["E7"],"metro":1,"angle":-36.1,"extra":1,"ei":140}},{"type":"Feature","geometry":{"type":"Point","coordinates":[14.290425,41.154172]},"properties":{"lines":"E7","color":"#7d2b8b","mode":"tram","arr":["E7"],"metro":1,"angle":-36.5,"extra":1,"ei":141}},{"type":"Feature","geometry":{"type":"Point","coordinates":[14.288419,41.153048]},"properties":{"lines":"E7","color":"#7d2b8b","mode":"tram","arr":["E7"],"metro":1,"angle":-36.5,"extra":1,"ei":142}},{"type":"Feature","geometry":{"type":"Point","coordinates":[14.286412,41.151925]},"properties":{"lines":"E7","color":"#7d2b8b","mode":"tram","arr":["E7"],"metro":1,"angle":-36.3,"extra":1,"ei":143}},{"type":"Feature","geometry":{"type":"Point","coordinates":[14.284398,41.150809]},"properties":{"lines":"E7","color":"#7d2b8b","mode":"tram","arr":["E7"],"metro":1,"angle":-36.3,"extra":1,"ei":144}},{"type":"Feature","geometry":{"type":"Point","coordinates":[14.282386,41.149691]},"properties":{"lines":"E7","color":"#7d2b8b","mode":"tram","arr":["E7"],"metro":1,"angle":-36.6,"extra":1,"ei":145}},{"type":"Feature","geometry":{"type":"Point","coordinates":[14.28038,41.148567]},"properties":{"lines":"E7","color":"#7d2b8b","mode":"tram","arr":["E7"],"metro":1,"angle":-35.6,"extra":1,"ei":146}},{"type":"Feature","geometry":{"type":"Point","coordinates":[14.278309,41.147512]},"properties":{"lines":"E7","color":"#7d2b8b","mode":"tram","arr":["E7"],"metro":1,"angle":-33.2,"extra":1,"ei":147}},{"type":"Feature","geometry":{"type":"Point","coordinates":[14.276219,41.146479]},"properties":{"lines":"E7","color":"#7d2b8b","mode":"tram","arr":["E7"],"metro":1,"angle":-33.8,"extra":1,"ei":148}},{"type":"Feature","geometry":{"type":"Point","coordinates":[14.274146,41.145427]},"properties":{"lines":"E7","color":"#7d2b8b","mode":"tram","arr":["E7"],"metro":1,"angle":-33.9,"extra":1,"ei":149}},{"type":"Feature","geometry":{"type":"Point","coordinates":[14.27207,41.144378]},"properties":{"lines":"E7","color":"#7d2b8b","mode":"tram","arr":["E7"],"metro":1,"angle":-33.1,"extra":1,"ei":150}},{"type":"Feature","geometry":{"type":"Point","coordinates":[14.27009,41.14323]},"properties":{"lines":"E7","color":"#7d2b8b","mode":"tram","arr":["E7"],"metro":1,"angle":-38.7,"extra":1,"ei":151}},{"type":"Feature","geometry":{"type":"Point","coordinates":[14.268142,41.142049]},"properties":{"lines":"E7","color":"#7d2b8b","mode":"tram","arr":["E7"],"metro":1,"angle":-38.7,"extra":1,"ei":152}},{"type":"Feature","geometry":{"type":"Point","coordinates":[14.266193,41.140869]},"properties":{"lines":"E7","color":"#7d2b8b","mode":"tram","arr":["E7"],"metro":1,"angle":-38.6,"extra":1,"ei":153}},{"type":"Feature","geometry":{"type":"Point","coordinates":[14.264222,41.139709]},"properties":{"lines":"E7","color":"#7d2b8b","mode":"tram","arr":["E7"],"metro":1,"angle":-37.5,"extra":1,"ei":154}},{"type":"Feature","geometry":{"type":"Point","coordinates":[14.262293,41.138511]},"properties":{"lines":"E7","color":"#7d2b8b","mode":"tram","arr":["E7"],"metro":1,"angle":-39.6,"extra":1,"ei":155}},{"type":"Feature","geometry":{"type":"Point","coordinates":[14.26041,41.137274]},"properties":{"lines":"E7","color":"#7d2b8b","mode":"tram","arr":["E7"],"metro":1,"angle":-46.1,"extra":1,"ei":156}},{"type":"Feature","geometry":{"type":"Point","coordinates":[14.258688,41.135907]},"properties":{"lines":"E7","color":"#7d2b8b","mode":"tram","arr":["E7"],"metro":1,"angle":-46.8,"extra":1,"ei":157}},{"type":"Feature","geometry":{"type":"Point","coordinates":[14.25705,41.134482]},"properties":{"lines":"E7","color":"#7d2b8b","mode":"tram","arr":["E7"],"metro":1,"angle":-51.5,"extra":1,"ei":158}},{"type":"Feature","geometry":{"type":"Point","coordinates":[14.255557,41.132969]},"properties":{"lines":"E7","color":"#7d2b8b","mode":"tram","arr":["E7"],"metro":1,"angle":-53.8,"extra":1,"ei":159}},{"type":"Feature","geometry":{"type":"Point","coordinates":[14.254074,41.13145]},"properties":{"lines":"E7","color":"#7d2b8b","mode":"tram","arr":["E7"],"metro":1,"angle":-53.5,"extra":1,"ei":160}},{"type":"Feature","geometry":{"type":"Point","coordinates":[14.252588,41.129932]},"properties":{"lines":"E7","color":"#7d2b8b","mode":"tram","arr":["E7"],"metro":1,"angle":-53.5,"extra":1,"ei":161}},{"type":"Feature","geometry":{"type":"Point","coordinates":[14.251107,41.128412]},"properties":{"lines":"E7","color":"#7d2b8b","mode":"tram","arr":["E7"],"metro":1,"angle":-53.8,"extra":1,"ei":162}},{"type":"Feature","geometry":{"type":"Point","coordinates":[14.249754,41.126829]},"properties":{"lines":"E7","color":"#7d2b8b","mode":"tram","arr":["E7"],"metro":1,"angle":-63.3,"extra":1,"ei":163}},{"type":"Feature","geometry":{"type":"Point","coordinates":[14.248859,41.125071]},"properties":{"lines":"E7","color":"#7d2b8b","mode":"tram","arr":["E7"],"metro":1,"angle":-74.8,"extra":1,"ei":164}},{"type":"Feature","geometry":{"type":"Point","coordinates":[14.248474,41.123209]},"properties":{"lines":"E7","color":"#7d2b8b","mode":"tram","arr":["E7"],"metro":1,"angle":-86.3,"extra":1,"ei":165}},{"type":"Feature","geometry":{"type":"Point","coordinates":[14.24842,41.121321]},"properties":{"lines":"E7","color":"#7d2b8b","mode":"tram","arr":["E7"],"metro":1,"angle":-89.6,"extra":1,"ei":166}},{"type":"Feature","geometry":{"type":"Point","coordinates":[14.248378,41.119433]},"properties":{"lines":"E7","color":"#7d2b8b","mode":"tram","arr":["E7"],"metro":1,"angle":-88.9,"extra":1,"ei":167}},{"type":"Feature","geometry":{"type":"Point","coordinates":[14.248329,41.117544]},"properties":{"lines":"E7","color":"#7d2b8b","mode":"tram","arr":["E7"],"metro":1,"angle":-88.9,"extra":1,"ei":168}},{"type":"Feature","geometry":{"type":"Point","coordinates":[14.248279,41.115656]},"properties":{"lines":"E7","color":"#7d2b8b","mode":"tram","arr":["E7"],"metro":1,"angle":-88.9,"extra":1,"ei":169}},{"type":"Feature","geometry":{"type":"Point","coordinates":[14.24823,41.113768]},"properties":{"lines":"E7","color":"#7d2b8b","mode":"tram","arr":["E7"],"metro":1,"angle":-89.7,"extra":1,"ei":170}},{"type":"Feature","geometry":{"type":"Point","coordinates":[14.248225,41.111879]},"properties":{"lines":"E7","color":"#7d2b8b","mode":"tram","arr":["E7"],"metro":1,"angle":-89.9,"extra":1,"ei":171}},{"type":"Feature","geometry":{"type":"Point","coordinates":[14.24822,41.109991]},"properties":{"lines":"E7","color":"#7d2b8b","mode":"tram","arr":["E7"],"metro":1,"angle":-89.9,"extra":1,"ei":172}},{"type":"Feature","geometry":{"type":"Point","coordinates":[14.248228,41.108102]},"properties":{"lines":"E7","color":"#7d2b8b","mode":"tram","arr":["E7"],"metro":1,"angle":89.2,"extra":1,"ei":173}},{"type":"Feature","geometry":{"type":"Point","coordinates":[14.248287,41.106214]},"properties":{"lines":"E7","color":"#7d2b8b","mode":"tram","arr":["E7"],"metro":1,"angle":89,"extra":1,"ei":174}},{"type":"Feature","geometry":{"type":"Point","coordinates":[14.248327,41.104326]},"properties":{"lines":"E7","color":"#7d2b8b","mode":"tram","arr":["E7"],"metro":1,"angle":89.1,"extra":1,"ei":175}},{"type":"Feature","geometry":{"type":"Point","coordinates":[14.248367,41.102438]},"properties":{"lines":"E7","color":"#7d2b8b","mode":"tram","arr":["E7"],"metro":1,"angle":89.1,"extra":1,"ei":176}},{"type":"Feature","geometry":{"type":"Point","coordinates":[14.248401,41.100549]},"properties":{"lines":"E7","color":"#7d2b8b","mode":"tram","arr":["E7"],"metro":1,"angle":89.3,"extra":1,"ei":177}},{"type":"Feature","geometry":{"type":"Point","coordinates":[14.24843,41.098661]},"properties":{"lines":"E7","color":"#7d2b8b","mode":"tram","arr":["E7"],"metro":1,"angle":89.3,"extra":1,"ei":178}},{"type":"Feature","geometry":{"type":"Point","coordinates":[14.248456,41.096772]},"properties":{"lines":"E7","color":"#7d2b8b","mode":"tram","arr":["E7"],"metro":1,"angle":89.6,"extra":1,"ei":179}},{"type":"Feature","geometry":{"type":"Point","coordinates":[14.248475,41.094884]},"properties":{"lines":"E7","color":"#7d2b8b","mode":"tram","arr":["E7"],"metro":1,"angle":89.6,"extra":1,"ei":180}},{"type":"Feature","geometry":{"type":"Point","coordinates":[14.248498,41.092995]},"properties":{"lines":"E7","color":"#7d2b8b","mode":"tram","arr":["E7"],"metro":1,"angle":89.8,"extra":1,"ei":181}},{"type":"Feature","geometry":{"type":"Point","coordinates":[14.248385,41.09111]},"properties":{"lines":"E7","color":"#7d2b8b","mode":"tram","arr":["E7"],"metro":1,"angle":-82.1,"extra":1,"ei":182}},{"type":"Feature","geometry":{"type":"Point","coordinates":[14.247632,41.089317]},"properties":{"lines":"E7","color":"#7d2b8b","mode":"tram","arr":["E7"],"metro":1,"angle":-66.3,"extra":1,"ei":183}},{"type":"Feature","geometry":{"type":"Point","coordinates":[14.246329,41.087716]},"properties":{"lines":"E7","color":"#7d2b8b","mode":"tram","arr":["E7"],"metro":1,"angle":-55.1,"extra":1,"ei":184}},{"type":"Feature","geometry":{"type":"Point","coordinates":[14.244919,41.086158]},"properties":{"lines":"E7","color":"#7d2b8b","mode":"tram","arr":["E7"],"metro":1,"angle":-55,"extra":1,"ei":185}},{"type":"Feature","geometry":{"type":"Point","coordinates":[14.243594,41.08456]},"properties":{"lines":"E7","color":"#7d2b8b","mode":"tram","arr":["E7"],"metro":1,"angle":-64.6,"extra":1,"ei":186}},{"type":"Feature","geometry":{"type":"Point","coordinates":[14.24284,41.082767]},"properties":{"lines":"E7","color":"#7d2b8b","mode":"tram","arr":["E7"],"metro":1,"angle":-80.5,"extra":1,"ei":187}},{"type":"Feature","geometry":{"type":"Point","coordinates":[14.24282,41.080886]},"properties":{"lines":"E7","color":"#7d2b8b","mode":"tram","arr":["E7"],"metro":1,"angle":82.1,"extra":1,"ei":188}},{"type":"Feature","geometry":{"type":"Point","coordinates":[14.243544,41.079086]},"properties":{"lines":"E7","color":"#7d2b8b","mode":"tram","arr":["E7"],"metro":1,"angle":65.2,"extra":1,"ei":189}},{"type":"Feature","geometry":{"type":"Point","coordinates":[14.244938,41.07753]},"properties":{"lines":"E7","color":"#7d2b8b","mode":"tram","arr":["E7"],"metro":1,"angle":46.4,"extra":1,"ei":190}},{"type":"Feature","geometry":{"type":"Point","coordinates":[14.246818,41.076291]},"properties":{"lines":"E7","color":"#7d2b8b","mode":"tram","arr":["E7"],"metro":1,"angle":36.4,"extra":1,"ei":191}},{"type":"Feature","geometry":{"type":"Point","coordinates":[14.248915,41.075269]},"properties":{"lines":"E7","color":"#7d2b8b","mode":"tram","arr":["E7"],"metro":1,"angle":29.2,"extra":1,"ei":192}},{"type":"Feature","geometry":{"type":"Point","coordinates":[14.251166,41.074455]},"properties":{"lines":"E7","color":"#7d2b8b","mode":"tram","arr":["E7"],"metro":1,"angle":21.9,"extra":1,"ei":193}},{"type":"Feature","geometry":{"type":"Point","coordinates":[14.253488,41.073761]},"properties":{"lines":"E7","color":"#7d2b8b","mode":"tram","arr":["E7"],"metro":1,"angle":21.6,"extra":1,"ei":194}},{"type":"Feature","geometry":{"type":"Point","coordinates":[14.255809,41.073066]},"properties":{"lines":"E7","color":"#7d2b8b","mode":"tram","arr":["E7"],"metro":1,"angle":21.6,"extra":1,"ei":195}},{"type":"Feature","geometry":{"type":"Point","coordinates":[14.297648,41.070066]},"properties":{"lines":"E7","color":"#7d2b8b","mode":"tram","arr":["E7"],"metro":1,"angle":3.4}},{"type":"Feature","geometry":{"type":"Point","coordinates":[14.257768,41.072487]},"properties":{"lines":"E7","color":"#7d2b8b","mode":"tram","arr":["E7"],"metro":1,"angle":18.4,"extra":1,"ei":0}},{"type":"Feature","geometry":{"type":"Point","coordinates":[14.260169,41.071972]},"properties":{"lines":"E7","color":"#7d2b8b","mode":"tram","arr":["E7"],"metro":1,"angle":13,"extra":1,"ei":1}},{"type":"Feature","geometry":{"type":"Point","coordinates":[14.262635,41.071684]},"properties":{"lines":"E7","color":"#7d2b8b","mode":"tram","arr":["E7"],"metro":1,"angle":5.3,"extra":1,"ei":2}},{"type":"Feature","geometry":{"type":"Point","coordinates":[14.265126,41.071558]},"properties":{"lines":"E7","color":"#7d2b8b","mode":"tram","arr":["E7"],"metro":1,"angle":3.6,"extra":1,"ei":3}},{"type":"Feature","geometry":{"type":"Point","coordinates":[14.267617,41.07144]},"properties":{"lines":"E7","color":"#7d2b8b","mode":"tram","arr":["E7"],"metro":1,"angle":3.6,"extra":1,"ei":4}},{"type":"Feature","geometry":{"type":"Point","coordinates":[14.270109,41.071323]},"properties":{"lines":"E7","color":"#7d2b8b","mode":"tram","arr":["E7"],"metro":1,"angle":3.6,"extra":1,"ei":5}},{"type":"Feature","geometry":{"type":"Point","coordinates":[14.272601,41.071205]},"properties":{"lines":"E7","color":"#7d2b8b","mode":"tram","arr":["E7"],"metro":1,"angle":3.6,"extra":1,"ei":6}},{"type":"Feature","geometry":{"type":"Point","coordinates":[14.275093,41.07109]},"properties":{"lines":"E7","color":"#7d2b8b","mode":"tram","arr":["E7"],"metro":1,"angle":3.4,"extra":1,"ei":7}},{"type":"Feature","geometry":{"type":"Point","coordinates":[14.277585,41.070977]},"properties":{"lines":"E7","color":"#7d2b8b","mode":"tram","arr":["E7"],"metro":1,"angle":3.4,"extra":1,"ei":8}},{"type":"Feature","geometry":{"type":"Point","coordinates":[14.280077,41.070864]},"properties":{"lines":"E7","color":"#7d2b8b","mode":"tram","arr":["E7"],"metro":1,"angle":3.4,"extra":1,"ei":9}},{"type":"Feature","geometry":{"type":"Point","coordinates":[14.282569,41.070751]},"properties":{"lines":"E7","color":"#7d2b8b","mode":"tram","arr":["E7"],"metro":1,"angle":3.4,"extra":1,"ei":10}},{"type":"Feature","geometry":{"type":"Point","coordinates":[14.285061,41.070637]},"properties":{"lines":"E7","color":"#7d2b8b","mode":"tram","arr":["E7"],"metro":1,"angle":3.4,"extra":1,"ei":11}},{"type":"Feature","geometry":{"type":"Point","coordinates":[14.287553,41.070524]},"properties":{"lines":"E7","color":"#7d2b8b","mode":"tram","arr":["E7"],"metro":1,"angle":3.4,"extra":1,"ei":12}},{"type":"Feature","geometry":{"type":"Point","coordinates":[14.290046,41.07041]},"properties":{"lines":"E7","color":"#7d2b8b","mode":"tram","arr":["E7"],"metro":1,"angle":3.4,"extra":1,"ei":13}},{"type":"Feature","geometry":{"type":"Point","coordinates":[14.292538,41.070298]},"properties":{"lines":"E7","color":"#7d2b8b","mode":"tram","arr":["E7"],"metro":1,"angle":3.4,"extra":1,"ei":14}},{"type":"Feature","geometry":{"type":"Point","coordinates":[14.29503,41.070185]},"properties":{"lines":"E7","color":"#7d2b8b","mode":"tram","arr":["E7"],"metro":1,"angle":3.4,"extra":1,"ei":15}},{"type":"Feature","geometry":{"type":"Point","coordinates":[14.300014,41.069959]},"properties":{"lines":"E7","color":"#7d2b8b","mode":"tram","arr":["E7"],"metro":1,"angle":3.4,"extra":1,"ei":16}},{"type":"Feature","geometry":{"type":"Point","coordinates":[14.302506,41.069847]},"properties":{"lines":"E7","color":"#7d2b8b","mode":"tram","arr":["E7"],"metro":1,"angle":3.5,"extra":1,"ei":17}},{"type":"Feature","geometry":{"type":"Point","coordinates":[14.304998,41.069731]},"properties":{"lines":"E7","color":"#7d2b8b","mode":"tram","arr":["E7"],"metro":1,"angle":3.5,"extra":1,"ei":18}},{"type":"Feature","geometry":{"type":"Point","coordinates":[14.30749,41.069616]},"properties":{"lines":"E7","color":"#7d2b8b","mode":"tram","arr":["E7"],"metro":1,"angle":3.5,"extra":1,"ei":19}},{"type":"Feature","geometry":{"type":"Point","coordinates":[14.309982,41.069503]},"properties":{"lines":"E7","color":"#7d2b8b","mode":"tram","arr":["E7"],"metro":1,"angle":3.2,"extra":1,"ei":20}},{"type":"Feature","geometry":{"type":"Point","coordinates":[14.312475,41.069397]},"properties":{"lines":"E7","color":"#7d2b8b","mode":"tram","arr":["E7"],"metro":1,"angle":3.3,"extra":1,"ei":21}},{"type":"Feature","geometry":{"type":"Point","coordinates":[14.314967,41.069282]},"properties":{"lines":"E7","color":"#7d2b8b","mode":"tram","arr":["E7"],"metro":1,"angle":3.6,"extra":1,"ei":22}},{"type":"Feature","geometry":{"type":"Point","coordinates":[14.317459,41.069166]},"properties":{"lines":"E7","color":"#7d2b8b","mode":"tram","arr":["E7"],"metro":1,"angle":3.6,"extra":1,"ei":23}},{"type":"Feature","geometry":{"type":"Point","coordinates":[14.319951,41.06905]},"properties":{"lines":"E7","color":"#7d2b8b","mode":"tram","arr":["E7"],"metro":1,"angle":3.5,"extra":1,"ei":24}},{"type":"Feature","geometry":{"type":"Point","coordinates":[14.322443,41.068938]},"properties":{"lines":"E7","color":"#7d2b8b","mode":"tram","arr":["E7"],"metro":1,"angle":3.3,"extra":1,"ei":25}},{"type":"Feature","geometry":{"type":"Point","coordinates":[14.324935,41.068828]},"properties":{"lines":"E7","color":"#7d2b8b","mode":"tram","arr":["E7"],"metro":1,"angle":3.5,"extra":1,"ei":26}},{"type":"Feature","geometry":{"type":"Point","coordinates":[14.327427,41.068711]},"properties":{"lines":"E7","color":"#7d2b8b","mode":"tram","arr":["E7"],"metro":1,"angle":3.5,"extra":1,"ei":27}},{"type":"Feature","geometry":{"type":"Point","coordinates":[14.329918,41.068589]},"properties":{"lines":"E7","color":"#7d2b8b","mode":"tram","arr":["E7"],"metro":1,"angle":5.7,"extra":1,"ei":28}},{"type":"Feature","geometry":{"type":"Point","coordinates":[14.332376,41.068261]},"properties":{"lines":"E7","color":"#7d2b8b","mode":"tram","arr":["E7"],"metro":1,"angle":14.2,"extra":1,"ei":29}},{"type":"Feature","geometry":{"type":"Point","coordinates":[14.334673,41.067531]},"properties":{"lines":"E7","color":"#7d2b8b","mode":"tram","arr":["E7"],"metro":1,"angle":28.6,"extra":1,"ei":30}},{"type":"Feature","geometry":{"type":"Point","coordinates":[14.336746,41.066482]},"properties":{"lines":"E7","color":"#7d2b8b","mode":"tram","arr":["E7"],"metro":1,"angle":38.7,"extra":1,"ei":31}},{"type":"Feature","geometry":{"type":"Point","coordinates":[14.36656,41.045692]},"properties":{"lines":"E7","color":"#7d2b8b","mode":"tram","arr":["E7"],"metro":1,"angle":42.9}},{"type":"Feature","geometry":{"type":"Point","coordinates":[14.420512,41.002836]},"properties":{"lines":"E7","color":"#7d2b8b","mode":"tram","arr":["E7"],"metro":1,"angle":84}},{"type":"Feature","geometry":{"type":"Point","coordinates":[14.338795,41.065097]},"properties":{"lines":"E7","color":"#7d2b8b","mode":"tram","arr":["E7"],"metro":1,"angle":42.7,"extra":1,"ei":0}},{"type":"Feature","geometry":{"type":"Point","coordinates":[14.340628,41.063815]},"properties":{"lines":"E7","color":"#7d2b8b","mode":"tram","arr":["E7"],"metro":1,"angle":42.8,"extra":1,"ei":1}},{"type":"Feature","geometry":{"type":"Point","coordinates":[14.34246,41.062532]},"properties":{"lines":"E7","color":"#7d2b8b","mode":"tram","arr":["E7"],"metro":1,"angle":42.7,"extra":1,"ei":2}},{"type":"Feature","geometry":{"type":"Point","coordinates":[14.344294,41.06125]},"properties":{"lines":"E7","color":"#7d2b8b","mode":"tram","arr":["E7"],"metro":1,"angle":42.7,"extra":1,"ei":3}},{"type":"Feature","geometry":{"type":"Point","coordinates":[14.346128,41.059969]},"properties":{"lines":"E7","color":"#7d2b8b","mode":"tram","arr":["E7"],"metro":1,"angle":42.7,"extra":1,"ei":4}},{"type":"Feature","geometry":{"type":"Point","coordinates":[14.347962,41.058688]},"properties":{"lines":"E7","color":"#7d2b8b","mode":"tram","arr":["E7"],"metro":1,"angle":42.7,"extra":1,"ei":5}},{"type":"Feature","geometry":{"type":"Point","coordinates":[14.349792,41.057403]},"properties":{"lines":"E7","color":"#7d2b8b","mode":"tram","arr":["E7"],"metro":1,"angle":42.8,"extra":1,"ei":6}},{"type":"Feature","geometry":{"type":"Point","coordinates":[14.351627,41.056122]},"properties":{"lines":"E7","color":"#7d2b8b","mode":"tram","arr":["E7"],"metro":1,"angle":42.7,"extra":1,"ei":7}},{"type":"Feature","geometry":{"type":"Point","coordinates":[14.353461,41.054841]},"properties":{"lines":"E7","color":"#7d2b8b","mode":"tram","arr":["E7"],"metro":1,"angle":42.7,"extra":1,"ei":8}},{"type":"Feature","geometry":{"type":"Point","coordinates":[14.355295,41.05356]},"properties":{"lines":"E7","color":"#7d2b8b","mode":"tram","arr":["E7"],"metro":1,"angle":42.7,"extra":1,"ei":9}},{"type":"Feature","geometry":{"type":"Point","coordinates":[14.35713,41.052279]},"properties":{"lines":"E7","color":"#7d2b8b","mode":"tram","arr":["E7"],"metro":1,"angle":42.7,"extra":1,"ei":10}},{"type":"Feature","geometry":{"type":"Point","coordinates":[14.358964,41.050998]},"properties":{"lines":"E7","color":"#7d2b8b","mode":"tram","arr":["E7"],"metro":1,"angle":42.7,"extra":1,"ei":11}},{"type":"Feature","geometry":{"type":"Point","coordinates":[14.360799,41.049717]},"properties":{"lines":"E7","color":"#7d2b8b","mode":"tram","arr":["E7"],"metro":1,"angle":42.7,"extra":1,"ei":12}},{"type":"Feature","geometry":{"type":"Point","coordinates":[14.362633,41.048436]},"properties":{"lines":"E7","color":"#7d2b8b","mode":"tram","arr":["E7"],"metro":1,"angle":42.7,"extra":1,"ei":13}},{"type":"Feature","geometry":{"type":"Point","coordinates":[14.364467,41.047155]},"properties":{"lines":"E7","color":"#7d2b8b","mode":"tram","arr":["E7"],"metro":1,"angle":42.7,"extra":1,"ei":14}},{"type":"Feature","geometry":{"type":"Point","coordinates":[14.368131,41.044588]},"properties":{"lines":"E7","color":"#7d2b8b","mode":"tram","arr":["E7"],"metro":1,"angle":42.9,"extra":1,"ei":15}},{"type":"Feature","geometry":{"type":"Point","coordinates":[14.369961,41.043304]},"properties":{"lines":"E7","color":"#7d2b8b","mode":"tram","arr":["E7"],"metro":1,"angle":42.9,"extra":1,"ei":16}},{"type":"Feature","geometry":{"type":"Point","coordinates":[14.371794,41.042021]},"properties":{"lines":"E7","color":"#7d2b8b","mode":"tram","arr":["E7"],"metro":1,"angle":42.8,"extra":1,"ei":17}},{"type":"Feature","geometry":{"type":"Point","coordinates":[14.373625,41.040737]},"properties":{"lines":"E7","color":"#7d2b8b","mode":"tram","arr":["E7"],"metro":1,"angle":42.8,"extra":1,"ei":18}},{"type":"Feature","geometry":{"type":"Point","coordinates":[14.375457,41.039454]},"properties":{"lines":"E7","color":"#7d2b8b","mode":"tram","arr":["E7"],"metro":1,"angle":42.7,"extra":1,"ei":19}},{"type":"Feature","geometry":{"type":"Point","coordinates":[14.377293,41.038174]},"properties":{"lines":"E7","color":"#7d2b8b","mode":"tram","arr":["E7"],"metro":1,"angle":42.7,"extra":1,"ei":20}},{"type":"Feature","geometry":{"type":"Point","coordinates":[14.379128,41.036894]},"properties":{"lines":"E7","color":"#7d2b8b","mode":"tram","arr":["E7"],"metro":1,"angle":42.7,"extra":1,"ei":21}},{"type":"Feature","geometry":{"type":"Point","coordinates":[14.380964,41.035614]},"properties":{"lines":"E7","color":"#7d2b8b","mode":"tram","arr":["E7"],"metro":1,"angle":42.7,"extra":1,"ei":22}},{"type":"Feature","geometry":{"type":"Point","coordinates":[14.382797,41.034332]},"properties":{"lines":"E7","color":"#7d2b8b","mode":"tram","arr":["E7"],"metro":1,"angle":42.8,"extra":1,"ei":23}},{"type":"Feature","geometry":{"type":"Point","coordinates":[14.38463,41.03305]},"properties":{"lines":"E7","color":"#7d2b8b","mode":"tram","arr":["E7"],"metro":1,"angle":42.8,"extra":1,"ei":24}},{"type":"Feature","geometry":{"type":"Point","coordinates":[14.386463,41.031767]},"properties":{"lines":"E7","color":"#7d2b8b","mode":"tram","arr":["E7"],"metro":1,"angle":43.4,"extra":1,"ei":25}},{"type":"Feature","geometry":{"type":"Point","coordinates":[14.388294,41.030484]},"properties":{"lines":"E7","color":"#7d2b8b","mode":"tram","arr":["E7"],"metro":1,"angle":42.6,"extra":1,"ei":26}},{"type":"Feature","geometry":{"type":"Point","coordinates":[14.390132,41.029206]},"properties":{"lines":"E7","color":"#7d2b8b","mode":"tram","arr":["E7"],"metro":1,"angle":42.6,"extra":1,"ei":27}},{"type":"Feature","geometry":{"type":"Point","coordinates":[14.391969,41.027927]},"properties":{"lines":"E7","color":"#7d2b8b","mode":"tram","arr":["E7"],"metro":1,"angle":42.8,"extra":1,"ei":28}},{"type":"Feature","geometry":{"type":"Point","coordinates":[14.393801,41.026644]},"properties":{"lines":"E7","color":"#7d2b8b","mode":"tram","arr":["E7"],"metro":1,"angle":42.7,"extra":1,"ei":29}},{"type":"Feature","geometry":{"type":"Point","coordinates":[14.416826,41.009965]},"properties":{"lines":"E7","color":"#7d2b8b","mode":"tram","arr":["E7"],"metro":1,"angle":55.2,"extra":1,"ei":0}},{"type":"Feature","geometry":{"type":"Point","coordinates":[14.41813,41.008356]},"properties":{"lines":"E7","color":"#7d2b8b","mode":"tram","arr":["E7"],"metro":1,"angle":61.6,"extra":1,"ei":1}},{"type":"Feature","geometry":{"type":"Point","coordinates":[14.419187,41.006646]},"properties":{"lines":"E7","color":"#7d2b8b","mode":"tram","arr":["E7"],"metro":1,"angle":66.3,"extra":1,"ei":2}},{"type":"Feature","geometry":{"type":"Point","coordinates":[14.419989,41.00486]},"properties":{"lines":"E7","color":"#7d2b8b","mode":"tram","arr":["E7"],"metro":1,"angle":75.1,"extra":1,"ei":3}},{"type":"Feature","geometry":{"type":"Point","coordinates":[14.42081,41.00114]},"properties":{"lines":"E7","color":"#7d2b8b","mode":"tram","arr":["E7"],"metro":1,"angle":81.3,"extra":1,"ei":4}},{"type":"Feature","geometry":{"type":"Point","coordinates":[14.420927,40.99926]},"properties":{"lines":"E7","color":"#7d2b8b","mode":"tram","arr":["E7"],"metro":1,"angle":-83.7,"extra":1,"ei":5}},{"type":"Feature","geometry":{"type":"Point","coordinates":[14.420406,40.997415]},"properties":{"lines":"E7","color":"#7d2b8b","mode":"tram","arr":["E7"],"metro":1,"angle":-76.9,"extra":1,"ei":6}},{"type":"Feature","geometry":{"type":"Point","coordinates":[14.419838,40.995576]},"properties":{"lines":"E7","color":"#7d2b8b","mode":"tram","arr":["E7"],"metro":1,"angle":-77,"extra":1,"ei":7}},{"type":"Feature","geometry":{"type":"Point","coordinates":[14.405949,41.018419]},"properties":{"lines":"E7","color":"#7d2b8b","mode":"tram","arr":["E7"],"metro":1,"angle":42.8}},{"type":"Feature","geometry":{"type":"Point","coordinates":[14.396162,41.025009]},"properties":{"lines":"E7","color":"#7d2b8b","mode":"tram","arr":["E7"],"metro":1,"angle":40.6,"extra":1,"ei":0}},{"type":"Feature","geometry":{"type":"Point","coordinates":[14.39813,41.023849]},"properties":{"lines":"E7","color":"#7d2b8b","mode":"tram","arr":["E7"],"metro":1,"angle":34.6,"extra":1,"ei":1}},{"type":"Feature","geometry":{"type":"Point","coordinates":[14.400153,41.022744]},"properties":{"lines":"E7","color":"#7d2b8b","mode":"tram","arr":["E7"],"metro":1,"angle":39.3,"extra":1,"ei":2}},{"type":"Feature","geometry":{"type":"Point","coordinates":[14.40197,41.021451]},"properties":{"lines":"E7","color":"#7d2b8b","mode":"tram","arr":["E7"],"metro":1,"angle":46.4,"extra":1,"ei":3}},{"type":"Feature","geometry":{"type":"Point","coordinates":[14.403699,41.020089]},"properties":{"lines":"E7","color":"#7d2b8b","mode":"tram","arr":["E7"],"metro":1,"angle":46,"extra":1,"ei":4}},{"type":"Feature","geometry":{"type":"Point","coordinates":[14.407301,41.017474]},"properties":{"lines":"E7","color":"#7d2b8b","mode":"tram","arr":["E7"],"metro":1,"angle":42.7,"extra":1,"ei":5}},{"type":"Feature","geometry":{"type":"Point","coordinates":[14.409135,41.016193]},"properties":{"lines":"E7","color":"#7d2b8b","mode":"tram","arr":["E7"],"metro":1,"angle":43.1,"extra":1,"ei":6}},{"type":"Feature","geometry":{"type":"Point","coordinates":[14.410949,41.014895]},"properties":{"lines":"E7","color":"#7d2b8b","mode":"tram","arr":["E7"],"metro":1,"angle":42.6,"extra":1,"ei":7}},{"type":"Feature","geometry":{"type":"Point","coordinates":[14.412776,41.013609]},"properties":{"lines":"E7","color":"#7d2b8b","mode":"tram","arr":["E7"],"metro":1,"angle":43.9,"extra":1,"ei":8}},{"type":"Feature","geometry":{"type":"Point","coordinates":[14.414515,41.012255]},"properties":{"lines":"E7","color":"#7d2b8b","mode":"tram","arr":["E7"],"metro":1,"angle":49.6,"extra":1,"ei":9}},{"type":"Feature","geometry":{"type":"Point","coordinates":[14.416046,41.010764]},"properties":{"lines":"E7","color":"#7d2b8b","mode":"tram","arr":["E7"],"metro":1,"angle":52.8,"extra":1,"ei":10}},{"type":"Feature","geometry":{"type":"Point","coordinates":[14.388524,41.001509]},"properties":{"lines":"E7","color":"#7d2b8b","mode":"tram","arr":["E7"],"metro":1,"angle":-4.8}},{"type":"Feature","geometry":{"type":"Point","coordinates":[14.313415,41.015174]},"properties":{"lines":"E7","color":"#7d2b8b","mode":"tram","arr":["E7"],"metro":1,"angle":2.2}},{"type":"Feature","geometry":{"type":"Point","coordinates":[14.420979,41.001536]},"properties":{"lines":"E7","color":"#7d2b8b","mode":"tram","arr":["E7"],"metro":1,"angle":-77.8,"extra":1,"ei":0}},{"type":"Feature","geometry":{"type":"Point","coordinates":[14.422153,41.003187]},"properties":{"lines":"E7","color":"#7d2b8b","mode":"tram","arr":["E7"],"metro":1,"angle":-55.8,"extra":1,"ei":1}},{"type":"Feature","geometry":{"type":"Point","coordinates":[14.423409,41.004814]},"properties":{"lines":"E7","color":"#7d2b8b","mode":"tram","arr":["E7"],"metro":1,"angle":-69,"extra":1,"ei":2}},{"type":"Feature","geometry":{"type":"Point","coordinates":[14.423793,41.006665]},"properties":{"lines":"E7","color":"#7d2b8b","mode":"tram","arr":["E7"],"metro":1,"angle":87.2,"extra":1,"ei":3}},{"type":"Feature","geometry":{"type":"Point","coordinates":[14.423144,41.008473]},"properties":{"lines":"E7","color":"#7d2b8b","mode":"tram","arr":["E7"],"metro":1,"angle":62.4,"extra":1,"ei":4}},{"type":"Feature","geometry":{"type":"Point","coordinates":[14.421571,41.009922]},"properties":{"lines":"E7","color":"#7d2b8b","mode":"tram","arr":["E7"],"metro":1,"angle":38.3,"extra":1,"ei":5}},{"type":"Feature","geometry":{"type":"Point","coordinates":[14.419349,41.010752]},"properties":{"lines":"E7","color":"#7d2b8b","mode":"tram","arr":["E7"],"metro":1,"angle":14.3,"extra":1,"ei":6}},{"type":"Feature","geometry":{"type":"Point","coordinates":[14.416873,41.010817]},"properties":{"lines":"E7","color":"#7d2b8b","mode":"tram","arr":["E7"],"metro":1,"angle":-9.9,"extra":1,"ei":7}},{"type":"Feature","geometry":{"type":"Point","coordinates":[14.414578,41.010109]},"properties":{"lines":"E7","color":"#7d2b8b","mode":"tram","arr":["E7"],"metro":1,"angle":-33.3,"extra":1,"ei":8}},{"type":"Feature","geometry":{"type":"Point","coordinates":[14.412544,41.009014]},"properties":{"lines":"E7","color":"#7d2b8b","mode":"tram","arr":["E7"],"metro":1,"angle":-35.6,"extra":1,"ei":9}},{"type":"Feature","geometry":{"type":"Point","coordinates":[14.41051,41.007918]},"properties":{"lines":"E7","color":"#7d2b8b","mode":"tram","arr":["E7"],"metro":1,"angle":-35.3,"extra":1,"ei":10}},{"type":"Feature","geometry":{"type":"Point","coordinates":[14.40848,41.006819]},"properties":{"lines":"E7","color":"#7d2b8b","mode":"tram","arr":["E7"],"metro":1,"angle":-35.6,"extra":1,"ei":11}},{"type":"Feature","geometry":{"type":"Point","coordinates":[14.406448,41.005722]},"properties":{"lines":"E7","color":"#7d2b8b","mode":"tram","arr":["E7"],"metro":1,"angle":-35.4,"extra":1,"ei":12}},{"type":"Feature","geometry":{"type":"Point","coordinates":[14.404414,41.004626]},"properties":{"lines":"E7","color":"#7d2b8b","mode":"tram","arr":["E7"],"metro":1,"angle":-35.8,"extra":1,"ei":13}},{"type":"Feature","geometry":{"type":"Point","coordinates":[14.402311,41.003613]},"properties":{"lines":"E7","color":"#7d2b8b","mode":"tram","arr":["E7"],"metro":1,"angle":-26.7,"extra":1,"ei":14}},{"type":"Feature","geometry":{"type":"Point","coordinates":[14.399957,41.003002]},"properties":{"lines":"E7","color":"#7d2b8b","mode":"tram","arr":["E7"],"metro":1,"angle":-12.4,"extra":1,"ei":15}},{"type":"Feature","geometry":{"type":"Point","coordinates":[14.397502,41.002658]},"properties":{"lines":"E7","color":"#7d2b8b","mode":"tram","arr":["E7"],"metro":1,"angle":-10.2,"extra":1,"ei":16}},{"type":"Feature","geometry":{"type":"Point","coordinates":[14.395045,41.002323]},"properties":{"lines":"E7","color":"#7d2b8b","mode":"tram","arr":["E7"],"metro":1,"angle":-10.4,"extra":1,"ei":17}},{"type":"Feature","geometry":{"type":"Point","coordinates":[14.39259,41.001979]},"properties":{"lines":"E7","color":"#7d2b8b","mode":"tram","arr":["E7"],"metro":1,"angle":-10.3,"extra":1,"ei":18}},{"type":"Feature","geometry":{"type":"Point","coordinates":[14.390131,41.001651]},"properties":{"lines":"E7","color":"#7d2b8b","mode":"tram","arr":["E7"],"metro":1,"angle":-8.8,"extra":1,"ei":19}},{"type":"Feature","geometry":{"type":"Point","coordinates":[14.385153,41.001401]},"properties":{"lines":"E7","color":"#7d2b8b","mode":"tram","arr":["E7"],"metro":1,"angle":-1.8,"extra":1,"ei":20}},{"type":"Feature","geometry":{"type":"Point","coordinates":[14.382658,41.001339]},"properties":{"lines":"E7","color":"#7d2b8b","mode":"tram","arr":["E7"],"metro":1,"angle":-1.8,"extra":1,"ei":21}},{"type":"Feature","geometry":{"type":"Point","coordinates":[14.380162,41.001301]},"properties":{"lines":"E7","color":"#7d2b8b","mode":"tram","arr":["E7"],"metro":1,"angle":1.3,"extra":1,"ei":22}},{"type":"Feature","geometry":{"type":"Point","coordinates":[14.377673,41.00144]},"properties":{"lines":"E7","color":"#7d2b8b","mode":"tram","arr":["E7"],"metro":1,"angle":5,"extra":1,"ei":23}},{"type":"Feature","geometry":{"type":"Point","coordinates":[14.375186,41.001603]},"properties":{"lines":"E7","color":"#7d2b8b","mode":"tram","arr":["E7"],"metro":1,"angle":5,"extra":1,"ei":24}},{"type":"Feature","geometry":{"type":"Point","coordinates":[14.372699,41.00177]},"properties":{"lines":"E7","color":"#7d2b8b","mode":"tram","arr":["E7"],"metro":1,"angle":5,"extra":1,"ei":25}},{"type":"Feature","geometry":{"type":"Point","coordinates":[14.370211,41.001934]},"properties":{"lines":"E7","color":"#7d2b8b","mode":"tram","arr":["E7"],"metro":1,"angle":5,"extra":1,"ei":26}},{"type":"Feature","geometry":{"type":"Point","coordinates":[14.367725,41.0021]},"properties":{"lines":"E7","color":"#7d2b8b","mode":"tram","arr":["E7"],"metro":1,"angle":5,"extra":1,"ei":27}},{"type":"Feature","geometry":{"type":"Point","coordinates":[14.365237,41.002265]},"properties":{"lines":"E7","color":"#7d2b8b","mode":"tram","arr":["E7"],"metro":1,"angle":4.4,"extra":1,"ei":28}},{"type":"Feature","geometry":{"type":"Point","coordinates":[14.362747,41.002235]},"properties":{"lines":"E7","color":"#7d2b8b","mode":"tram","arr":["E7"],"metro":1,"angle":-7.7,"extra":1,"ei":29}},{"type":"Feature","geometry":{"type":"Point","coordinates":[14.360289,41.001904]},"properties":{"lines":"E7","color":"#7d2b8b","mode":"tram","arr":["E7"],"metro":1,"angle":-10.2,"extra":1,"ei":30}},{"type":"Feature","geometry":{"type":"Point","coordinates":[14.357807,41.001748]},"properties":{"lines":"E7","color":"#7d2b8b","mode":"tram","arr":["E7"],"metro":1,"angle":1.8,"extra":1,"ei":31}},{"type":"Feature","geometry":{"type":"Point","coordinates":[14.355318,41.001895]},"properties":{"lines":"E7","color":"#7d2b8b","mode":"tram","arr":["E7"],"metro":1,"angle":5,"extra":1,"ei":32}},{"type":"Feature","geometry":{"type":"Point","coordinates":[14.352831,41.00206]},"properties":{"lines":"E7","color":"#7d2b8b","mode":"tram","arr":["E7"],"metro":1,"angle":5,"extra":1,"ei":33}},{"type":"Feature","geometry":{"type":"Point","coordinates":[14.350344,41.002225]},"properties":{"lines":"E7","color":"#7d2b8b","mode":"tram","arr":["E7"],"metro":1,"angle":4.9,"extra":1,"ei":34}},{"type":"Feature","geometry":{"type":"Point","coordinates":[14.347857,41.002391]},"properties":{"lines":"E7","color":"#7d2b8b","mode":"tram","arr":["E7"],"metro":1,"angle":4.9,"extra":1,"ei":35}},{"type":"Feature","geometry":{"type":"Point","coordinates":[14.345365,41.002459]},"properties":{"lines":"E7","color":"#7d2b8b","mode":"tram","arr":["E7"],"metro":1,"angle":-3.9,"extra":1,"ei":36}},{"type":"Feature","geometry":{"type":"Point","coordinates":[14.342895,41.002192]},"properties":{"lines":"E7","color":"#7d2b8b","mode":"tram","arr":["E7"],"metro":1,"angle":-9.5,"extra":1,"ei":37}},{"type":"Feature","geometry":{"type":"Point","coordinates":[14.340432,41.001882]},"properties":{"lines":"E7","color":"#7d2b8b","mode":"tram","arr":["E7"],"metro":1,"angle":-9.4,"extra":1,"ei":38}},{"type":"Feature","geometry":{"type":"Point","coordinates":[14.337002,41.001777]},"properties":{"lines":"E7","color":"#7d2b8b","mode":"tram","arr":["E7"],"metro":1,"angle":9.1,"extra":1,"ei":0}},{"type":"Feature","geometry":{"type":"Point","coordinates":[14.334635,41.002352]},"properties":{"lines":"E7","color":"#7d2b8b","mode":"tram","arr":["E7"],"metro":1,"angle":26.4,"extra":1,"ei":1}},{"type":"Feature","geometry":{"type":"Point","coordinates":[14.33261,41.003442]},"properties":{"lines":"E7","color":"#7d2b8b","mode":"tram","arr":["E7"],"metro":1,"angle":43.9,"extra":1,"ei":2}},{"type":"Feature","geometry":{"type":"Point","coordinates":[14.331052,41.004914]},"properties":{"lines":"E7","color":"#7d2b8b","mode":"tram","arr":["E7"],"metro":1,"angle":55,"extra":1,"ei":3}},{"type":"Feature","geometry":{"type":"Point","coordinates":[14.329626,41.006464]},"properties":{"lines":"E7","color":"#7d2b8b","mode":"tram","arr":["E7"],"metro":1,"angle":55.1,"extra":1,"ei":4}},{"type":"Feature","geometry":{"type":"Point","coordinates":[14.328201,41.008015]},"properties":{"lines":"E7","color":"#7d2b8b","mode":"tram","arr":["E7"],"metro":1,"angle":55.2,"extra":1,"ei":5}},{"type":"Feature","geometry":{"type":"Point","coordinates":[14.326777,41.009566]},"properties":{"lines":"E7","color":"#7d2b8b","mode":"tram","arr":["E7"],"metro":1,"angle":55.2,"extra":1,"ei":6}},{"type":"Feature","geometry":{"type":"Point","coordinates":[14.325351,41.011116]},"properties":{"lines":"E7","color":"#7d2b8b","mode":"tram","arr":["E7"],"metro":1,"angle":55,"extra":1,"ei":7}},{"type":"Feature","geometry":{"type":"Point","coordinates":[14.323807,41.012597]},"properties":{"lines":"E7","color":"#7d2b8b","mode":"tram","arr":["E7"],"metro":1,"angle":45.9,"extra":1,"ei":8}},{"type":"Feature","geometry":{"type":"Point","coordinates":[14.321882,41.013793]},"properties":{"lines":"E7","color":"#7d2b8b","mode":"tram","arr":["E7"],"metro":1,"angle":32.6,"extra":1,"ei":9}},{"type":"Feature","geometry":{"type":"Point","coordinates":[14.319641,41.014616]},"properties":{"lines":"E7","color":"#7d2b8b","mode":"tram","arr":["E7"],"metro":1,"angle":19.5,"extra":1,"ei":10}},{"type":"Feature","geometry":{"type":"Point","coordinates":[14.317211,41.015026]},"properties":{"lines":"E7","color":"#7d2b8b","mode":"tram","arr":["E7"],"metro":1,"angle":5.9,"extra":1,"ei":11}},{"type":"Feature","geometry":{"type":"Point","coordinates":[14.30973,41.01529]},"properties":{"lines":"E7","color":"#7d2b8b","mode":"tram","arr":["E7"],"metro":1,"angle":2.5,"extra":1,"ei":12}},{"type":"Feature","geometry":{"type":"Point","coordinates":[14.307236,41.015372]},"properties":{"lines":"E7","color":"#7d2b8b","mode":"tram","arr":["E7"],"metro":1,"angle":2.4,"extra":1,"ei":13}},{"type":"Feature","geometry":{"type":"Point","coordinates":[14.304741,41.015454]},"properties":{"lines":"E7","color":"#7d2b8b","mode":"tram","arr":["E7"],"metro":1,"angle":2.5,"extra":1,"ei":14}},{"type":"Feature","geometry":{"type":"Point","coordinates":[14.302247,41.015536]},"properties":{"lines":"E7","color":"#7d2b8b","mode":"tram","arr":["E7"],"metro":1,"angle":2.6,"extra":1,"ei":15}},{"type":"Feature","geometry":{"type":"Point","coordinates":[14.299753,41.015618]},"properties":{"lines":"E7","color":"#7d2b8b","mode":"tram","arr":["E7"],"metro":1,"angle":2.5,"extra":1,"ei":16}},{"type":"Feature","geometry":{"type":"Point","coordinates":[14.297259,41.015701]},"properties":{"lines":"E7","color":"#7d2b8b","mode":"tram","arr":["E7"],"metro":1,"angle":2.4,"extra":1,"ei":17}},{"type":"Feature","geometry":{"type":"Point","coordinates":[14.294764,41.015782]},"properties":{"lines":"E7","color":"#7d2b8b","mode":"tram","arr":["E7"],"metro":1,"angle":2.4,"extra":1,"ei":18}},{"type":"Feature","geometry":{"type":"Point","coordinates":[14.29227,41.015864]},"properties":{"lines":"E7","color":"#7d2b8b","mode":"tram","arr":["E7"],"metro":1,"angle":2.5,"extra":1,"ei":19}},{"type":"Feature","geometry":{"type":"Point","coordinates":[14.289776,41.015946]},"properties":{"lines":"E7","color":"#7d2b8b","mode":"tram","arr":["E7"],"metro":1,"angle":2.5,"extra":1,"ei":20}},{"type":"Feature","geometry":{"type":"Point","coordinates":[14.287282,41.016029]},"properties":{"lines":"E7","color":"#7d2b8b","mode":"tram","arr":["E7"],"metro":1,"angle":2.6,"extra":1,"ei":21}},{"type":"Feature","geometry":{"type":"Point","coordinates":[14.284788,41.016111]},"properties":{"lines":"E7","color":"#7d2b8b","mode":"tram","arr":["E7"],"metro":1,"angle":2.7,"extra":1,"ei":22}},{"type":"Feature","geometry":{"type":"Point","coordinates":[14.282293,41.016193]},"properties":{"lines":"E7","color":"#7d2b8b","mode":"tram","arr":["E7"],"metro":1,"angle":2.4,"extra":1,"ei":23}},{"type":"Feature","geometry":{"type":"Point","coordinates":[14.263463,41.015013]},"properties":{"lines":"E7","color":"#7d2b8b","mode":"tram","arr":["E7"],"metro":1,"angle":-19.1,"mi":1}},{"type":"Feature","geometry":{"type":"Point","coordinates":[14.279686,41.016178]},"properties":{"lines":"E7","color":"#7d2b8b","mode":"tram","arr":["E7"],"metro":1,"angle":-4.3,"extra":1,"ei":0}},{"type":"Feature","geometry":{"type":"Point","coordinates":[14.277197,41.016035]},"properties":{"lines":"E7","color":"#7d2b8b","mode":"tram","arr":["E7"],"metro":1,"angle":-4.4,"extra":1,"ei":1}},{"type":"Feature","geometry":{"type":"Point","coordinates":[14.274708,41.01589]},"properties":{"lines":"E7","color":"#7d2b8b","mode":"tram","arr":["E7"],"metro":1,"angle":-4.3,"extra":1,"ei":2}},{"type":"Feature","geometry":{"type":"Point","coordinates":[14.272218,41.015746]},"properties":{"lines":"E7","color":"#7d2b8b","mode":"tram","arr":["E7"],"metro":1,"angle":-4.4,"extra":1,"ei":3}},{"type":"Feature","geometry":{"type":"Point","coordinates":[14.269729,41.015602]},"properties":{"lines":"E7","color":"#7d2b8b","mode":"tram","arr":["E7"],"metro":1,"angle":-4.4,"extra":1,"ei":4}},{"type":"Feature","geometry":{"type":"Point","coordinates":[14.26724,41.015456]},"properties":{"lines":"E7","color":"#7d2b8b","mode":"tram","arr":["E7"],"metro":1,"angle":-4.5,"extra":1,"ei":5}},{"type":"Feature","geometry":{"type":"Point","coordinates":[14.260341,41.013615]},"properties":{"lines":"E7","color":"#7d2b8b","mode":"tram","arr":["E7"],"metro":1,"angle":-42.4,"extra":1,"ei":6}},{"type":"Feature","geometry":{"type":"Point","coordinates":[14.258729,41.012178]},"properties":{"lines":"E7","color":"#7d2b8b","mode":"tram","arr":["E7"],"metro":1,"angle":-55.1,"extra":1,"ei":7}},{"type":"Feature","geometry":{"type":"Point","coordinates":[14.257312,41.010624]},"properties":{"lines":"E7","color":"#7d2b8b","mode":"tram","arr":["E7"],"metro":1,"angle":-54.6,"extra":1,"ei":8}},{"type":"Feature","geometry":{"type":"Point","coordinates":[14.25568,41.0092]},"properties":{"lines":"E7","color":"#7d2b8b","mode":"tram","arr":["E7"],"metro":1,"angle":-44.1,"extra":1,"ei":9}},{"type":"Feature","geometry":{"type":"Point","coordinates":[14.253872,41.007898]},"properties":{"lines":"E7","color":"#7d2b8b","mode":"tram","arr":["E7"],"metro":1,"angle":-43.9,"extra":1,"ei":10}},{"type":"Feature","geometry":{"type":"Point","coordinates":[14.252078,41.006584]},"properties":{"lines":"E7","color":"#7d2b8b","mode":"tram","arr":["E7"],"metro":1,"angle":-44.1,"extra":1,"ei":11}},{"type":"Feature","geometry":{"type":"Point","coordinates":[14.253107,41.013988]},"properties":{"lines":"E7","color":"#7d2b8b","mode":"tram","arr":["E7"],"metro":1,"angle":68.3}},{"type":"Feature","geometry":{"type":"Point","coordinates":[14.251891,41.006533]},"properties":{"lines":"E7","color":"#7d2b8b","mode":"tram","arr":["E7"],"metro":1,"angle":-48.4,"extra":1,"ei":0}},{"type":"Feature","geometry":{"type":"Point","coordinates":[14.253448,41.008004]},"properties":{"lines":"E7","color":"#7d2b8b","mode":"tram","arr":["E7"],"metro":1,"angle":-59.6,"extra":1,"ei":1}},{"type":"Feature","geometry":{"type":"Point","coordinates":[14.254276,41.009773]},"properties":{"lines":"E7","color":"#7d2b8b","mode":"tram","arr":["E7"],"metro":1,"angle":-81,"extra":1,"ei":2}},{"type":"Feature","geometry":{"type":"Point","coordinates":[14.254216,41.011649]},"properties":{"lines":"E7","color":"#7d2b8b","mode":"tram","arr":["E7"],"metro":1,"angle":78,"extra":1,"ei":3}},{"type":"Feature","geometry":{"type":"Point","coordinates":[14.252439,41.015174]},"properties":{"lines":"E7","color":"#7d2b8b","mode":"tram","arr":["E7"],"metro":1,"angle":63.1,"extra":1,"ei":4}},{"type":"Feature","geometry":{"type":"Point","coordinates":[14.250969,41.016692]},"properties":{"lines":"E7","color":"#7d2b8b","mode":"tram","arr":["E7"],"metro":1,"angle":45.6,"extra":1,"ei":5}},{"type":"Feature","geometry":{"type":"Point","coordinates":[14.249062,41.017909]},"properties":{"lines":"E7","color":"#7d2b8b","mode":"tram","arr":["E7"],"metro":1,"angle":38.5,"extra":1,"ei":6}},{"type":"Feature","geometry":{"type":"Point","coordinates":[14.247117,41.019093]},"properties":{"lines":"E7","color":"#7d2b8b","mode":"tram","arr":["E7"],"metro":1,"angle":38.9,"extra":1,"ei":7}},{"type":"Feature","geometry":{"type":"Point","coordinates":[14.245165,41.020271]},"properties":{"lines":"E7","color":"#7d2b8b","mode":"tram","arr":["E7"],"metro":1,"angle":38.6,"extra":1,"ei":8}},{"type":"Feature","geometry":{"type":"Point","coordinates":[14.329681,40.981091]},"properties":{"lines":"E7","color":"#7d2b8b","mode":"tram","arr":["E7"],"metro":1,"angle":50.8}},{"type":"Feature","geometry":{"type":"Point","coordinates":[14.245894,41.019857]},"properties":{"lines":"E7","color":"#7d2b8b","mode":"tram","arr":["E7"],"metro":1,"angle":37.1,"extra":1,"ei":0}},{"type":"Feature","geometry":{"type":"Point","coordinates":[14.247882,41.018714]},"properties":{"lines":"E7","color":"#7d2b8b","mode":"tram","arr":["E7"],"metro":1,"angle":37.4,"extra":1,"ei":1}},{"type":"Feature","geometry":{"type":"Point","coordinates":[14.24986,41.017562]},"properties":{"lines":"E7","color":"#7d2b8b","mode":"tram","arr":["E7"],"metro":1,"angle":37.4,"extra":1,"ei":2}},{"type":"Feature","geometry":{"type":"Point","coordinates":[14.251844,41.016415]},"properties":{"lines":"E7","color":"#7d2b8b","mode":"tram","arr":["E7"],"metro":1,"angle":37.6,"extra":1,"ei":3}},{"type":"Feature","geometry":{"type":"Point","coordinates":[14.253825,41.015267]},"properties":{"lines":"E7","color":"#7d2b8b","mode":"tram","arr":["E7"],"metro":1,"angle":37.3,"extra":1,"ei":4}},{"type":"Feature","geometry":{"type":"Point","coordinates":[14.255812,41.014123]},"properties":{"lines":"E7","color":"#7d2b8b","mode":"tram","arr":["E7"],"metro":1,"angle":37.3,"extra":1,"ei":5}},{"type":"Feature","geometry":{"type":"Point","coordinates":[14.257796,41.012977]},"properties":{"lines":"E7","color":"#7d2b8b","mode":"tram","arr":["E7"],"metro":1,"angle":37.4,"extra":1,"ei":6}},{"type":"Feature","geometry":{"type":"Point","coordinates":[14.259781,41.011831]},"properties":{"lines":"E7","color":"#7d2b8b","mode":"tram","arr":["E7"],"metro":1,"angle":37.2,"extra":1,"ei":7}},{"type":"Feature","geometry":{"type":"Point","coordinates":[14.261789,41.010709]},"properties":{"lines":"E7","color":"#7d2b8b","mode":"tram","arr":["E7"],"metro":1,"angle":35.7,"extra":1,"ei":8}},{"type":"Feature","geometry":{"type":"Point","coordinates":[14.263845,41.009639]},"properties":{"lines":"E7","color":"#7d2b8b","mode":"tram","arr":["E7"],"metro":1,"angle":32.4,"extra":1,"ei":9}},{"type":"Feature","geometry":{"type":"Point","coordinates":[14.265957,41.008632]},"properties":{"lines":"E7","color":"#7d2b8b","mode":"tram","arr":["E7"],"metro":1,"angle":31.8,"extra":1,"ei":10}},{"type":"Feature","geometry":{"type":"Point","coordinates":[14.268111,41.007677]},"properties":{"lines":"E7","color":"#7d2b8b","mode":"tram","arr":["E7"],"metro":1,"angle":29.4,"extra":1,"ei":11}},{"type":"Feature","geometry":{"type":"Point","coordinates":[14.270296,41.006764]},"properties":{"lines":"E7","color":"#7d2b8b","mode":"tram","arr":["E7"],"metro":1,"angle":28.5,"extra":1,"ei":12}},{"type":"Feature","geometry":{"type":"Point","coordinates":[14.27253,41.005922]},"properties":{"lines":"E7","color":"#7d2b8b","mode":"tram","arr":["E7"],"metro":1,"angle":24.9,"extra":1,"ei":13}},{"type":"Feature","geometry":{"type":"Point","coordinates":[14.274818,41.005166]},"properties":{"lines":"E7","color":"#7d2b8b","mode":"tram","arr":["E7"],"metro":1,"angle":23.1,"extra":1,"ei":14}},{"type":"Feature","geometry":{"type":"Point","coordinates":[14.277132,41.004457]},"properties":{"lines":"E7","color":"#7d2b8b","mode":"tram","arr":["E7"],"metro":1,"angle":21.5,"extra":1,"ei":15}},{"type":"Feature","geometry":{"type":"Point","coordinates":[14.279457,41.003769]},"properties":{"lines":"E7","color":"#7d2b8b","mode":"tram","arr":["E7"],"metro":1,"angle":21.3,"extra":1,"ei":16}},{"type":"Feature","geometry":{"type":"Point","coordinates":[14.281785,41.003087]},"properties":{"lines":"E7","color":"#7d2b8b","mode":"tram","arr":["E7"],"metro":1,"angle":21.3,"extra":1,"ei":17}},{"type":"Feature","geometry":{"type":"Point","coordinates":[14.284108,41.002395]},"properties":{"lines":"E7","color":"#7d2b8b","mode":"tram","arr":["E7"],"metro":1,"angle":21.5,"extra":1,"ei":18}},{"type":"Feature","geometry":{"type":"Point","coordinates":[14.28643,41.0017]},"properties":{"lines":"E7","color":"#7d2b8b","mode":"tram","arr":["E7"],"metro":1,"angle":21.6,"extra":1,"ei":19}},{"type":"Feature","geometry":{"type":"Point","coordinates":[14.288751,41.001005]},"properties":{"lines":"E7","color":"#7d2b8b","mode":"tram","arr":["E7"],"metro":1,"angle":21.5,"extra":1,"ei":20}},{"type":"Feature","geometry":{"type":"Point","coordinates":[14.291076,41.000316]},"properties":{"lines":"E7","color":"#7d2b8b","mode":"tram","arr":["E7"],"metro":1,"angle":21.4,"extra":1,"ei":21}},{"type":"Feature","geometry":{"type":"Point","coordinates":[14.293401,40.99963]},"properties":{"lines":"E7","color":"#7d2b8b","mode":"tram","arr":["E7"],"metro":1,"angle":21.5,"extra":1,"ei":22}},{"type":"Feature","geometry":{"type":"Point","coordinates":[14.295721,40.998931]},"properties":{"lines":"E7","color":"#7d2b8b","mode":"tram","arr":["E7"],"metro":1,"angle":21.5,"extra":1,"ei":23}},{"type":"Feature","geometry":{"type":"Point","coordinates":[14.298034,40.998222]},"properties":{"lines":"E7","color":"#7d2b8b","mode":"tram","arr":["E7"],"metro":1,"angle":22.6,"extra":1,"ei":24}},{"type":"Feature","geometry":{"type":"Point","coordinates":[14.300328,40.997476]},"properties":{"lines":"E7","color":"#7d2b8b","mode":"tram","arr":["E7"],"metro":1,"angle":24.7,"extra":1,"ei":25}},{"type":"Feature","geometry":{"type":"Point","coordinates":[14.302573,40.99665]},"properties":{"lines":"E7","color":"#7d2b8b","mode":"tram","arr":["E7"],"metro":1,"angle":26.6,"extra":1,"ei":26}},{"type":"Feature","geometry":{"type":"Point","coordinates":[14.304782,40.995771]},"properties":{"lines":"E7","color":"#7d2b8b","mode":"tram","arr":["E7"],"metro":1,"angle":30,"extra":1,"ei":27}},{"type":"Feature","geometry":{"type":"Point","coordinates":[14.306937,40.994817]},"properties":{"lines":"E7","color":"#7d2b8b","mode":"tram","arr":["E7"],"metro":1,"angle":31.1,"extra":1,"ei":28}},{"type":"Feature","geometry":{"type":"Point","coordinates":[14.309058,40.993822]},"properties":{"lines":"E7","color":"#7d2b8b","mode":"tram","arr":["E7"],"metro":1,"angle":33.5,"extra":1,"ei":29}},{"type":"Feature","geometry":{"type":"Point","coordinates":[14.311136,40.992775]},"properties":{"lines":"E7","color":"#7d2b8b","mode":"tram","arr":["E7"],"metro":1,"angle":35.1,"extra":1,"ei":30}},{"type":"Feature","geometry":{"type":"Point","coordinates":[14.313154,40.991664]},"properties":{"lines":"E7","color":"#7d2b8b","mode":"tram","arr":["E7"],"metro":1,"angle":36.6,"extra":1,"ei":31}},{"type":"Feature","geometry":{"type":"Point","coordinates":[14.315157,40.990536]},"properties":{"lines":"E7","color":"#7d2b8b","mode":"tram","arr":["E7"],"metro":1,"angle":36.7,"extra":1,"ei":32}},{"type":"Feature","geometry":{"type":"Point","coordinates":[14.317155,40.989404]},"properties":{"lines":"E7","color":"#7d2b8b","mode":"tram","arr":["E7"],"metro":1,"angle":36.9,"extra":1,"ei":33}},{"type":"Feature","geometry":{"type":"Point","coordinates":[14.319145,40.988264]},"properties":{"lines":"E7","color":"#7d2b8b","mode":"tram","arr":["E7"],"metro":1,"angle":37.1,"extra":1,"ei":34}},{"type":"Feature","geometry":{"type":"Point","coordinates":[14.321141,40.987128]},"properties":{"lines":"E7","color":"#7d2b8b","mode":"tram","arr":["E7"],"metro":1,"angle":36.7,"extra":1,"ei":35}},{"type":"Feature","geometry":{"type":"Point","coordinates":[14.323122,40.98598]},"properties":{"lines":"E7","color":"#7d2b8b","mode":"tram","arr":["E7"],"metro":1,"angle":37.9,"extra":1,"ei":36}},{"type":"Feature","geometry":{"type":"Point","coordinates":[14.325038,40.984769]},"properties":{"lines":"E7","color":"#7d2b8b","mode":"tram","arr":["E7"],"metro":1,"angle":42,"extra":1,"ei":37}},{"type":"Feature","geometry":{"type":"Point","coordinates":[14.326843,40.983465]},"properties":{"lines":"E7","color":"#7d2b8b","mode":"tram","arr":["E7"],"metro":1,"angle":45.5,"extra":1,"ei":38}},{"type":"Feature","geometry":{"type":"Point","coordinates":[14.328551,40.982089]},"properties":{"lines":"E7","color":"#7d2b8b","mode":"tram","arr":["E7"],"metro":1,"angle":49,"extra":1,"ei":39}},{"type":"Feature","geometry":{"type":"Point","coordinates":[14.331639,40.979124]},"properties":{"lines":"E7","color":"#7d2b8b","mode":"tram","arr":["E7"],"metro":1,"angle":56,"extra":1,"ei":40}},{"type":"Feature","geometry":{"type":"Point","coordinates":[14.332989,40.977536]},"properties":{"lines":"E7","color":"#7d2b8b","mode":"tram","arr":["E7"],"metro":1,"angle":59.7,"extra":1,"ei":41}},{"type":"Feature","geometry":{"type":"Point","coordinates":[14.334206,40.975888]},"properties":{"lines":"E7","color":"#7d2b8b","mode":"tram","arr":["E7"],"metro":1,"angle":62.7,"extra":1,"ei":42}},{"type":"Feature","geometry":{"type":"Point","coordinates":[14.335301,40.974191]},"properties":{"lines":"E7","color":"#7d2b8b","mode":"tram","arr":["E7"],"metro":1,"angle":65.4,"extra":1,"ei":43}},{"type":"Feature","geometry":{"type":"Point","coordinates":[14.336258,40.972447]},"properties":{"lines":"E7","color":"#7d2b8b","mode":"tram","arr":["E7"],"metro":1,"angle":69.3,"extra":1,"ei":44}},{"type":"Feature","geometry":{"type":"Point","coordinates":[14.337067,40.970661]},"properties":{"lines":"E7","color":"#7d2b8b","mode":"tram","arr":["E7"],"metro":1,"angle":72.1,"extra":1,"ei":45}},{"type":"Feature","geometry":{"type":"Point","coordinates":[14.337753,40.968845]},"properties":{"lines":"E7","color":"#7d2b8b","mode":"tram","arr":["E7"],"metro":1,"angle":75.4,"extra":1,"ei":46}},{"type":"Feature","geometry":{"type":"Point","coordinates":[14.338277,40.966999]},"properties":{"lines":"E7","color":"#7d2b8b","mode":"tram","arr":["E7"],"metro":1,"angle":79.6,"extra":1,"ei":47}},{"type":"Feature","geometry":{"type":"Point","coordinates":[14.338661,40.965133]},"properties":{"lines":"E7","color":"#7d2b8b","mode":"tram","arr":["E7"],"metro":1,"angle":82.7,"extra":1,"ei":48}},{"type":"Feature","geometry":{"type":"Point","coordinates":[14.338894,40.963254]},"properties":{"lines":"E7","color":"#7d2b8b","mode":"tram","arr":["E7"],"metro":1,"angle":86.6,"extra":1,"ei":49}},{"type":"Feature","geometry":{"type":"Point","coordinates":[14.338981,40.961366]},"properties":{"lines":"E7","color":"#7d2b8b","mode":"tram","arr":["E7"],"metro":1,"angle":89.8,"extra":1,"ei":50}},{"type":"Feature","geometry":{"type":"Point","coordinates":[14.338946,40.959478]},"properties":{"lines":"E7","color":"#7d2b8b","mode":"tram","arr":["E7"],"metro":1,"angle":-88.7,"extra":1,"ei":51}},{"type":"Feature","geometry":{"type":"Point","coordinates":[14.33889,40.95759]},"properties":{"lines":"E7","color":"#7d2b8b","mode":"tram","arr":["E7"],"metro":1,"angle":-88.8,"extra":1,"ei":52}},{"type":"Feature","geometry":{"type":"Point","coordinates":[14.338834,40.955702]},"properties":{"lines":"E7","color":"#7d2b8b","mode":"tram","arr":["E7"],"metro":1,"angle":-88.7,"extra":1,"ei":53}},{"type":"Feature","geometry":{"type":"Point","coordinates":[14.338779,40.953814]},"properties":{"lines":"E7","color":"#7d2b8b","mode":"tram","arr":["E7"],"metro":1,"angle":-88.7,"extra":1,"ei":54}},{"type":"Feature","geometry":{"type":"Point","coordinates":[14.33872,40.951926]},"properties":{"lines":"E7","color":"#7d2b8b","mode":"tram","arr":["E7"],"metro":1,"angle":-88.4,"extra":1,"ei":55}},{"type":"Feature","geometry":{"type":"Point","coordinates":[14.338589,40.95004]},"properties":{"lines":"E7","color":"#7d2b8b","mode":"tram","arr":["E7"],"metro":1,"angle":-85.4,"extra":1,"ei":56}},{"type":"Feature","geometry":{"type":"Point","coordinates":[14.338315,40.948163]},"properties":{"lines":"E7","color":"#7d2b8b","mode":"tram","arr":["E7"],"metro":1,"angle":-82,"extra":1,"ei":57}},{"type":"Feature","geometry":{"type":"Point","coordinates":[14.33789,40.946302]},"properties":{"lines":"E7","color":"#7d2b8b","mode":"tram","arr":["E7"],"metro":1,"angle":-78.4,"extra":1,"ei":58}},{"type":"Feature","geometry":{"type":"Point","coordinates":[14.337318,40.944464]},"properties":{"lines":"E7","color":"#7d2b8b","mode":"tram","arr":["E7"],"metro":1,"angle":-75.2,"extra":1,"ei":59}},{"type":"Feature","geometry":{"type":"Point","coordinates":[14.336608,40.942654]},"properties":{"lines":"E7","color":"#7d2b8b","mode":"tram","arr":["E7"],"metro":1,"angle":-71.6,"extra":1,"ei":60}},{"type":"Feature","geometry":{"type":"Point","coordinates":[14.335768,40.940876]},"properties":{"lines":"E7","color":"#7d2b8b","mode":"tram","arr":["E7"],"metro":1,"angle":-69.8,"extra":1,"ei":61}},{"type":"Feature","geometry":{"type":"Point","coordinates":[14.334901,40.939105]},"properties":{"lines":"E7","color":"#7d2b8b","mode":"tram","arr":["E7"],"metro":1,"angle":-69.7,"extra":1,"ei":62}},{"type":"Feature","geometry":{"type":"Point","coordinates":[14.334034,40.937334]},"properties":{"lines":"E7","color":"#7d2b8b","mode":"tram","arr":["E7"],"metro":1,"angle":-69.6,"extra":1,"ei":63}},{"type":"Feature","geometry":{"type":"Point","coordinates":[14.333167,40.935563]},"properties":{"lines":"E7","color":"#7d2b8b","mode":"tram","arr":["E7"],"metro":1,"angle":-69.7,"extra":1,"ei":64}},{"type":"Feature","geometry":{"type":"Point","coordinates":[14.332299,40.933792]},"properties":{"lines":"E7","color":"#7d2b8b","mode":"tram","arr":["E7"],"metro":1,"angle":-69.7,"extra":1,"ei":65}},{"type":"Feature","geometry":{"type":"Point","coordinates":[14.331431,40.932021]},"properties":{"lines":"E7","color":"#7d2b8b","mode":"tram","arr":["E7"],"metro":1,"angle":-69.6,"extra":1,"ei":66}},{"type":"Feature","geometry":{"type":"Point","coordinates":[14.330565,40.93025]},"properties":{"lines":"E7","color":"#7d2b8b","mode":"tram","arr":["E7"],"metro":1,"angle":-69.7,"extra":1,"ei":67}},{"type":"Feature","geometry":{"type":"Point","coordinates":[14.329697,40.928479]},"properties":{"lines":"E7","color":"#7d2b8b","mode":"tram","arr":["E7"],"metro":1,"angle":-69.7,"extra":1,"ei":68}},{"type":"Feature","geometry":{"type":"Point","coordinates":[14.328879,40.926695]},"properties":{"lines":"E7","color":"#7d2b8b","mode":"tram","arr":["E7"],"metro":1,"angle":-73.5,"extra":1,"ei":69,"side":-1}},{"type":"Feature","geometry":{"type":"Point","coordinates":[14.328338,40.924853]},"properties":{"lines":"E7","color":"#7d2b8b","mode":"tram","arr":["E7"],"metro":1,"angle":-81.6,"extra":1,"ei":70,"side":-1}},{"type":"Feature","geometry":{"type":"Point","coordinates":[14.328077,40.922975]},"properties":{"lines":"E7","color":"#7d2b8b","mode":"tram","arr":["E7"],"metro":1,"angle":-85,"extra":1,"ei":71,"side":-1}},{"type":"Feature","geometry":{"type":"Point","coordinates":[14.327856,40.921094]},"properties":{"lines":"E7","color":"#7d2b8b","mode":"tram","arr":["E7"],"metro":1,"angle":-84.9,"extra":1,"ei":72}},{"type":"Feature","geometry":{"type":"Point","coordinates":[14.327632,40.919213]},"properties":{"lines":"E7","color":"#7d2b8b","mode":"tram","arr":["E7"],"metro":1,"angle":-84.8,"extra":1,"ei":73}},{"type":"Feature","geometry":{"type":"Point","coordinates":[14.327404,40.917333]},"properties":{"lines":"E7","color":"#7d2b8b","mode":"tram","arr":["E7"],"metro":1,"angle":-85.2,"extra":1,"ei":74}},{"type":"Feature","geometry":{"type":"Point","coordinates":[14.327182,40.915451]},"properties":{"lines":"E7","color":"#7d2b8b","mode":"tram","arr":["E7"],"metro":1,"angle":-85.1,"extra":1,"ei":75}},{"type":"Feature","geometry":{"type":"Point","coordinates":[14.327109,40.913566]},"properties":{"lines":"E7","color":"#7d2b8b","mode":"tram","arr":["E7"],"metro":1,"angle":88.8,"extra":1,"ei":76}},{"type":"Feature","geometry":{"type":"Point","coordinates":[14.327242,40.911681]},"properties":{"lines":"E7","color":"#7d2b8b","mode":"tram","arr":["E7"],"metro":1,"angle":83.7,"extra":1,"ei":77}},{"type":"Feature","geometry":{"type":"Point","coordinates":[14.327645,40.909818]},"properties":{"lines":"E7","color":"#7d2b8b","mode":"tram","arr":["E7"],"metro":1,"angle":78.3,"extra":1,"ei":78}},{"type":"Feature","geometry":{"type":"Point","coordinates":[14.330628,40.896287]},"properties":{"lines":"E7","color":"#7d2b8b","mode":"tram","arr":["E7"],"metro":1,"angle":-76}},{"type":"Feature","geometry":{"type":"Point","coordinates":[14.328548,40.907283]},"properties":{"lines":"E7","color":"#7d2b8b","mode":"tram","arr":["E7"],"metro":1,"angle":72.3,"extra":1,"ei":0}},{"type":"Feature","geometry":{"type":"Point","coordinates":[14.32931,40.905485]},"properties":{"lines":"E7","color":"#7d2b8b","mode":"tram","arr":["E7"],"metro":1,"angle":72.3,"extra":1,"ei":1}},{"type":"Feature","geometry":{"type":"Point","coordinates":[14.330073,40.903687]},"properties":{"lines":"E7","color":"#7d2b8b","mode":"tram","arr":["E7"],"metro":1,"angle":72.3,"extra":1,"ei":2}},{"type":"Feature","geometry":{"type":"Point","coordinates":[14.330754,40.90187]},"properties":{"lines":"E7","color":"#7d2b8b","mode":"tram","arr":["E7"],"metro":1,"angle":77.8,"extra":1,"ei":3}},{"type":"Feature","geometry":{"type":"Point","coordinates":[14.331088,40.9]},"properties":{"lines":"E7","color":"#7d2b8b","mode":"tram","arr":["E7"],"metro":1,"angle":86.6,"extra":1,"ei":4}},{"type":"Feature","geometry":{"type":"Point","coordinates":[14.331041,40.898114]},"properties":{"lines":"E7","color":"#7d2b8b","mode":"tram","arr":["E7"],"metro":1,"angle":-84.5,"extra":1,"ei":5}},{"type":"Feature","geometry":{"type":"Point","coordinates":[14.329822,40.894467]},"properties":{"lines":"E7","color":"#7d2b8b","mode":"tram","arr":["E7"],"metro":1,"angle":-67,"extra":1,"ei":6}},{"type":"Feature","geometry":{"type":"Point","coordinates":[14.328675,40.892792]},"properties":{"lines":"E7","color":"#7d2b8b","mode":"tram","arr":["E7"],"metro":1,"angle":-58.3,"extra":1,"ei":7}},{"type":"Feature","geometry":{"type":"Point","coordinates":[14.327282,40.891224]},"properties":{"lines":"E7","color":"#7d2b8b","mode":"tram","arr":["E7"],"metro":1,"angle":-55.2,"extra":1,"ei":8}},{"type":"Feature","geometry":{"type":"Point","coordinates":[14.325951,40.889629]},"properties":{"lines":"E7","color":"#7d2b8b","mode":"tram","arr":["E7"],"metro":1,"angle":-62.7,"extra":1,"ei":9}},{"type":"Feature","geometry":{"type":"Point","coordinates":[14.325024,40.887878]},"properties":{"lines":"E7","color":"#7d2b8b","mode":"tram","arr":["E7"],"metro":1,"angle":-72,"extra":1,"ei":10}},{"type":"Feature","geometry":{"type":"Point","coordinates":[14.324268,40.886078]},"properties":{"lines":"E7","color":"#7d2b8b","mode":"tram","arr":["E7"],"metro":1,"angle":-72.2,"extra":1,"ei":11}},{"type":"Feature","geometry":{"type":"Point","coordinates":[14.302422,40.870237]},"properties":{"lines":"E7","color":"#7d2b8b","mode":"tram","arr":["E7"],"metro":1,"angle":-25.6}},{"type":"Feature","geometry":{"type":"Point","coordinates":[14.323544,40.88434]},"properties":{"lines":"E7","color":"#7d2b8b","mode":"tram","arr":["E7"],"metro":1,"angle":-73.2,"extra":1,"ei":0}},{"type":"Feature","geometry":{"type":"Point","coordinates":[14.32286,40.882524]},"properties":{"lines":"E7","color":"#7d2b8b","mode":"tram","arr":["E7"],"metro":1,"angle":-74.2,"extra":1,"ei":1}},{"type":"Feature","geometry":{"type":"Point","coordinates":[14.322186,40.880705]},"properties":{"lines":"E7","color":"#7d2b8b","mode":"tram","arr":["E7"],"metro":1,"angle":-74.3,"extra":1,"ei":2}},{"type":"Feature","geometry":{"type":"Point","coordinates":[14.321487,40.878892]},"properties":{"lines":"E7","color":"#7d2b8b","mode":"tram","arr":["E7"],"metro":1,"angle":-71.5,"extra":1,"ei":3}},{"type":"Feature","geometry":{"type":"Point","coordinates":[14.320507,40.877157]},"properties":{"lines":"E7","color":"#7d2b8b","mode":"tram","arr":["E7"],"metro":1,"angle":-62.5,"extra":1,"ei":4}},{"type":"Feature","geometry":{"type":"Point","coordinates":[14.319164,40.875569]},"properties":{"lines":"E7","color":"#7d2b8b","mode":"tram","arr":["E7"],"metro":1,"angle":-52,"extra":1,"ei":5}},{"type":"Feature","geometry":{"type":"Point","coordinates":[14.317454,40.874198]},"properties":{"lines":"E7","color":"#7d2b8b","mode":"tram","arr":["E7"],"metro":1,"angle":-41.4,"extra":1,"ei":6}},{"type":"Feature","geometry":{"type":"Point","coordinates":[14.31543,40.873098]},"properties":{"lines":"E7","color":"#7d2b8b","mode":"tram","arr":["E7"],"metro":1,"angle":-30.1,"extra":1,"ei":7}},{"type":"Feature","geometry":{"type":"Point","coordinates":[14.313162,40.872316]},"properties":{"lines":"E7","color":"#7d2b8b","mode":"tram","arr":["E7"],"metro":1,"angle":-18.9,"extra":1,"ei":8}},{"type":"Feature","geometry":{"type":"Point","coordinates":[14.310739,40.871871]},"properties":{"lines":"E7","color":"#7d2b8b","mode":"tram","arr":["E7"],"metro":1,"angle":-9.6,"extra":1,"ei":9}},{"type":"Feature","geometry":{"type":"Point","coordinates":[14.308274,40.871572]},"properties":{"lines":"E7","color":"#7d2b8b","mode":"tram","arr":["E7"],"metro":1,"angle":-9.1,"extra":1,"ei":10}},{"type":"Feature","geometry":{"type":"Point","coordinates":[14.305823,40.871217]},"properties":{"lines":"E7","color":"#7d2b8b","mode":"tram","arr":["E7"],"metro":1,"angle":-14.3,"extra":1,"ei":11}},{"type":"Feature","geometry":{"type":"Point","coordinates":[14.298958,40.868977]},"properties":{"lines":"E7","color":"#7d2b8b","mode":"tram","arr":["E7"],"metro":1,"angle":-26.1,"extra":1,"ei":12}},{"type":"Feature","geometry":{"type":"Point","coordinates":[14.296959,40.86787]},"properties":{"lines":"E7","color":"#7d2b8b","mode":"tram","arr":["E7"],"metro":1,"angle":-48.8,"extra":1,"ei":13}},{"type":"Feature","geometry":{"type":"Point","coordinates":[14.295779,40.866224]},"properties":{"lines":"E7","color":"#7d2b8b","mode":"tram","arr":["E7"],"metro":1,"angle":-74.1,"extra":1,"ei":14}},{"type":"Feature","geometry":{"type":"Point","coordinates":[14.29564,40.864354]},"properties":{"lines":"E7","color":"#7d2b8b","mode":"tram","arr":["E7"],"metro":1,"angle":80.6,"extra":1,"ei":15}},{"type":"Feature","geometry":{"type":"Point","coordinates":[14.296415,40.862563]},"properties":{"lines":"E7","color":"#7d2b8b","mode":"tram","arr":["E7"],"metro":1,"angle":70.1,"extra":1,"ei":16}},{"type":"Feature","geometry":{"type":"Point","coordinates":[14.29679,40.860707]},"properties":{"lines":"E7","color":"#7d2b8b","mode":"tram","arr":["E7"],"metro":1,"angle":87.9,"extra":1,"ei":17}},{"type":"Feature","geometry":{"type":"Point","coordinates":[14.297053,40.858831]},"properties":{"lines":"E7","color":"#7d2b8b","mode":"tram","arr":["E7"],"metro":1,"angle":81.4,"extra":1,"ei":18}},{"type":"Feature","geometry":{"type":"Point","coordinates":[14.297426,40.856964]},"properties":{"lines":"E7","color":"#7d2b8b","mode":"tram","arr":["E7"],"metro":1,"angle":81.4,"extra":1,"ei":19}},{"type":"Feature","geometry":{"type":"Point","coordinates":[14.297779,40.855094]},"properties":{"lines":"E7","color":"#7d2b8b","mode":"tram","arr":["E7"],"metro":1,"angle":83.1,"extra":1,"ei":20}},{"type":"Feature","geometry":{"type":"Point","coordinates":[14.296998,40.853375]},"properties":{"lines":"E7","color":"#7d2b8b","mode":"tram","arr":["E7"],"metro":1,"angle":-46.5,"extra":1,"ei":21}},{"type":"Feature","geometry":{"type":"Point","coordinates":[14.294744,40.85279]},"properties":{"lines":"E7","color":"#7d2b8b","mode":"tram","arr":["E7"],"metro":1,"angle":8.2,"extra":1,"ei":22}},{"type":"Feature","geometry":{"type":"Point","coordinates":[14.292366,40.853357]},"properties":{"lines":"E7","color":"#7d2b8b","mode":"tram","arr":["E7"],"metro":1,"angle":19.1,"extra":1,"ei":23}},{"type":"Feature","geometry":{"type":"Point","coordinates":[14.296752,40.850888]},"properties":{"lines":"E7","color":"#7d2b8b","mode":"tram","arr":["E7"],"metro":1,"angle":77.1}},{"type":"Feature","geometry":{"type":"Point","coordinates":[14.292586,40.853389]},"properties":{"lines":"E7","color":"#7d2b8b","mode":"tram","arr":["E7"],"metro":1,"angle":16.4,"extra":1,"ei":0}},{"type":"Feature","geometry":{"type":"Point","coordinates":[14.294936,40.852765]},"properties":{"lines":"E7","color":"#7d2b8b","mode":"tram","arr":["E7"],"metro":1,"angle":30.3,"extra":1,"ei":1}},{"type":"Feature","geometry":{"type":"Point","coordinates":[14.296893,40.84951]},"properties":{"lines":"E7","color":"#7d2b8b","mode":"tram","arr":["E7"],"metro":1,"angle":-89.2,"extra":1,"ei":2}},{"type":"Feature","geometry":{"type":"Point","coordinates":[14.296314,40.847688]},"properties":{"lines":"E7","color":"#7d2b8b","mode":"tram","arr":["E7"],"metro":1,"angle":-66.1,"extra":1,"ei":3}},{"type":"Feature","geometry":{"type":"Point","coordinates":[14.295288,40.845966]},"properties":{"lines":"E7","color":"#7d2b8b","mode":"tram","arr":["E7"],"metro":1,"angle":-66,"extra":1,"ei":4}},{"type":"Feature","geometry":{"type":"Point","coordinates":[14.288371,40.85394]},"properties":{"lines":"E7","color":"#7d2b8b","mode":"tram","arr":["E7"],"metro":1,"angle":-1.4,"mi":1}},{"type":"Feature","geometry":{"type":"Point","coordinates":[14.295665,40.8468]},"properties":{"lines":"E7","color":"#7d2b8b","mode":"tram","arr":["E7"],"metro":1,"angle":-67.3,"extra":1,"ei":0}},{"type":"Feature","geometry":{"type":"Point","coordinates":[14.296608,40.848547]},"properties":{"lines":"E7","color":"#7d2b8b","mode":"tram","arr":["E7"],"metro":1,"angle":-75.3,"extra":1,"ei":1}},{"type":"Feature","geometry":{"type":"Point","coordinates":[14.296642,40.850416]},"properties":{"lines":"E7","color":"#7d2b8b","mode":"tram","arr":["E7"],"metro":1,"angle":76.5,"extra":1,"ei":2}},{"type":"Feature","geometry":{"type":"Point","coordinates":[14.29547,40.852055]},"properties":{"lines":"E7","color":"#7d2b8b","mode":"tram","arr":["E7"],"metro":1,"angle":44.6,"extra":1,"ei":3}},{"type":"Feature","geometry":{"type":"Point","coordinates":[14.293292,40.852936]},"properties":{"lines":"E7","color":"#7d2b8b","mode":"tram","arr":["E7"],"metro":1,"angle":19.1,"extra":1,"ei":4}},{"type":"Feature","geometry":{"type":"Point","coordinates":[14.290935,40.853558]},"properties":{"lines":"E7","color":"#7d2b8b","mode":"tram","arr":["E7"],"metro":1,"angle":19.2,"extra":1,"ei":5}},{"type":"Feature","geometry":{"type":"Point","coordinates":[14.286026,40.853732]},"properties":{"lines":"E7","color":"#7d2b8b","mode":"tram","arr":["E7"],"metro":1,"angle":-7.4,"extra":1,"ei":6}},{"type":"Feature","geometry":{"type":"Point","coordinates":[14.283551,40.853485]},"properties":{"lines":"E7","color":"#7d2b8b","mode":"tram","arr":["E7"],"metro":1,"angle":-7.6,"extra":1,"ei":7}},{"type":"Feature","geometry":{"type":"Point","coordinates":[14.281102,40.853124]},"properties":{"lines":"E7","color":"#7d2b8b","mode":"tram","arr":["E7"],"metro":1,"angle":-13.5,"extra":1,"ei":8}},{"type":"Feature","geometry":{"type":"Point","coordinates":[14.278664,40.852723]},"properties":{"lines":"E7","color":"#7d2b8b","mode":"tram","arr":["E7"],"metro":1,"angle":-8.8,"extra":1,"ei":9}},{"type":"Feature","geometry":{"type":"Point","coordinates":[14.27618,40.852559]},"properties":{"lines":"E7","color":"#7d2b8b","mode":"tram","arr":["E7"],"metro":1,"angle":0.8,"extra":1,"ei":10}},{"type":"Feature","geometry":{"type":"Point","coordinates":[14.273687,40.852651]},"properties":{"lines":"E7","color":"#7d2b8b","mode":"tram","arr":["E7"],"metro":1,"angle":3.2,"extra":1,"ei":11}},{"type":"Feature","geometry":{"type":"Point","coordinates":[14.486558,40.910603]},"properties":{"lines":"E8","color":"#C8102E","mode":"tram","arr":["E8"],"metro":1,"angle":-18.9}},{"type":"Feature","geometry":{"type":"Point","coordinates":[14.330091,40.889049]},"properties":{"lines":"E8","color":"#C8102E","mode":"tram","arr":["E8"],"metro":1,"angle":-77.3,"extra":1,"ei":0}},{"type":"Feature","geometry":{"type":"Point","coordinates":[14.330691,40.89088]},"properties":{"lines":"E8","color":"#C8102E","mode":"tram","arr":["E8"],"metro":1,"angle":-69.6,"extra":1,"ei":1}},{"type":"Feature","geometry":{"type":"Point","coordinates":[14.331875,40.892539]},"properties":{"lines":"E8","color":"#C8102E","mode":"tram","arr":["E8"],"metro":1,"angle":-58.9,"extra":1,"ei":2}},{"type":"Feature","geometry":{"type":"Point","coordinates":[14.333166,40.894156]},"properties":{"lines":"E8","color":"#C8102E","mode":"tram","arr":["E8"],"metro":1,"angle":-58.7,"extra":1,"ei":3}},{"type":"Feature","geometry":{"type":"Point","coordinates":[14.334457,40.895772]},"properties":{"lines":"E8","color":"#C8102E","mode":"tram","arr":["E8"],"metro":1,"angle":-58.9,"extra":1,"ei":4}},{"type":"Feature","geometry":{"type":"Point","coordinates":[14.335746,40.89739]},"properties":{"lines":"E8","color":"#C8102E","mode":"tram","arr":["E8"],"metro":1,"angle":-58.9,"extra":1,"ei":5}},{"type":"Feature","geometry":{"type":"Point","coordinates":[14.337036,40.899006]},"properties":{"lines":"E8","color":"#C8102E","mode":"tram","arr":["E8"],"metro":1,"angle":-58.8,"extra":1,"ei":6}},{"type":"Feature","geometry":{"type":"Point","coordinates":[14.338324,40.900624]},"properties":{"lines":"E8","color":"#C8102E","mode":"tram","arr":["E8"],"metro":1,"angle":-59.5,"extra":1,"ei":7}},{"type":"Feature","geometry":{"type":"Point","coordinates":[14.339591,40.902252]},"properties":{"lines":"E8","color":"#C8102E","mode":"tram","arr":["E8"],"metro":1,"angle":-59.5,"extra":1,"ei":8}},{"type":"Feature","geometry":{"type":"Point","coordinates":[14.340823,40.903894]},"properties":{"lines":"E8","color":"#C8102E","mode":"tram","arr":["E8"],"metro":1,"angle":-61,"extra":1,"ei":9}},{"type":"Feature","geometry":{"type":"Point","coordinates":[14.342035,40.905545]},"properties":{"lines":"E8","color":"#C8102E","mode":"tram","arr":["E8"],"metro":1,"angle":-58.7,"extra":1,"ei":10}},{"type":"Feature","geometry":{"type":"Point","coordinates":[14.343768,40.906875]},"properties":{"lines":"E8","color":"#C8102E","mode":"tram","arr":["E8"],"metro":1,"angle":-31.1,"extra":1,"ei":11}},{"type":"Feature","geometry":{"type":"Point","coordinates":[14.346113,40.9075]},"properties":{"lines":"E8","color":"#C8102E","mode":"tram","arr":["E8"],"metro":1,"angle":-13.3,"extra":1,"ei":12}},{"type":"Feature","geometry":{"type":"Point","coordinates":[14.348533,40.907957]},"properties":{"lines":"E8","color":"#C8102E","mode":"tram","arr":["E8"],"metro":1,"angle":-17.6,"extra":1,"ei":13}},{"type":"Feature","geometry":{"type":"Point","coordinates":[14.35097,40.908361]},"properties":{"lines":"E8","color":"#C8102E","mode":"tram","arr":["E8"],"metro":1,"angle":-9.6,"extra":1,"ei":14}},{"type":"Feature","geometry":{"type":"Point","coordinates":[14.35343,40.908682]},"properties":{"lines":"E8","color":"#C8102E","mode":"tram","arr":["E8"],"metro":1,"angle":-10.7,"extra":1,"ei":15}},{"type":"Feature","geometry":{"type":"Point","coordinates":[14.355882,40.909035]},"properties":{"lines":"E8","color":"#C8102E","mode":"tram","arr":["E8"],"metro":1,"angle":-10.8,"extra":1,"ei":16}},{"type":"Feature","geometry":{"type":"Point","coordinates":[14.358333,40.909395]},"properties":{"lines":"E8","color":"#C8102E","mode":"tram","arr":["E8"],"metro":1,"angle":-11,"extra":1,"ei":17}},{"type":"Feature","geometry":{"type":"Point","coordinates":[14.360784,40.909755]},"properties":{"lines":"E8","color":"#C8102E","mode":"tram","arr":["E8"],"metro":1,"angle":-10.8,"extra":1,"ei":18}},{"type":"Feature","geometry":{"type":"Point","coordinates":[14.363261,40.909979]},"properties":{"lines":"E8","color":"#C8102E","mode":"tram","arr":["E8"],"metro":1,"angle":-5.8,"extra":1,"ei":19}},{"type":"Feature","geometry":{"type":"Point","coordinates":[14.36573,40.910255]},"properties":{"lines":"E8","color":"#C8102E","mode":"tram","arr":["E8"],"metro":1,"angle":-9.4,"extra":1,"ei":20}},{"type":"Feature","geometry":{"type":"Point","coordinates":[14.368194,40.910562]},"properties":{"lines":"E8","color":"#C8102E","mode":"tram","arr":["E8"],"metro":1,"angle":-9.2,"extra":1,"ei":21}},{"type":"Feature","geometry":{"type":"Point","coordinates":[14.370658,40.910867]},"properties":{"lines":"E8","color":"#C8102E","mode":"tram","arr":["E8"],"metro":1,"angle":-9.4,"extra":1,"ei":22}},{"type":"Feature","geometry":{"type":"Point","coordinates":[14.373116,40.911192]},"properties":{"lines":"E8","color":"#C8102E","mode":"tram","arr":["E8"],"metro":1,"angle":-13.2,"extra":1,"ei":23}},{"type":"Feature","geometry":{"type":"Point","coordinates":[14.375493,40.911764]},"properties":{"lines":"E8","color":"#C8102E","mode":"tram","arr":["E8"],"metro":1,"angle":-19.9,"extra":1,"ei":24}},{"type":"Feature","geometry":{"type":"Point","coordinates":[14.377839,40.912409]},"properties":{"lines":"E8","color":"#C8102E","mode":"tram","arr":["E8"],"metro":1,"angle":-20.1,"extra":1,"ei":25}},{"type":"Feature","geometry":{"type":"Point","coordinates":[14.38019,40.913043]},"properties":{"lines":"E8","color":"#C8102E","mode":"tram","arr":["E8"],"metro":1,"angle":-17.3,"extra":1,"ei":26}},{"type":"Feature","geometry":{"type":"Point","coordinates":[14.382631,40.913425]},"properties":{"lines":"E8","color":"#C8102E","mode":"tram","arr":["E8"],"metro":1,"angle":-5.8,"extra":1,"ei":27}},{"type":"Feature","geometry":{"type":"Point","coordinates":[14.385122,40.913397]},"properties":{"lines":"E8","color":"#C8102E","mode":"tram","arr":["E8"],"metro":1,"angle":6,"extra":1,"ei":28}},{"type":"Feature","geometry":{"type":"Point","coordinates":[14.387589,40.91349]},"properties":{"lines":"E8","color":"#C8102E","mode":"tram","arr":["E8"],"metro":1,"angle":-15.1,"extra":1,"ei":29}},{"type":"Feature","geometry":{"type":"Point","coordinates":[14.389994,40.913998]},"properties":{"lines":"E8","color":"#C8102E","mode":"tram","arr":["E8"],"metro":1,"angle":-15.4,"extra":1,"ei":30}},{"type":"Feature","geometry":{"type":"Point","coordinates":[14.392357,40.914599]},"properties":{"lines":"E8","color":"#C8102E","mode":"tram","arr":["E8"],"metro":1,"angle":-17.9,"extra":1,"ei":31}},{"type":"Feature","geometry":{"type":"Point","coordinates":[14.394769,40.915086]},"properties":{"lines":"E8","color":"#C8102E","mode":"tram","arr":["E8"],"metro":1,"angle":-13.7,"extra":1,"ei":32}},{"type":"Feature","geometry":{"type":"Point","coordinates":[14.397193,40.915537]},"properties":{"lines":"E8","color":"#C8102E","mode":"tram","arr":["E8"],"metro":1,"angle":-13.6,"extra":1,"ei":33}},{"type":"Feature","geometry":{"type":"Point","coordinates":[14.399619,40.915982]},"properties":{"lines":"E8","color":"#C8102E","mode":"tram","arr":["E8"],"metro":1,"angle":-13.6,"extra":1,"ei":34}},{"type":"Feature","geometry":{"type":"Point","coordinates":[14.402018,40.916501]},"properties":{"lines":"E8","color":"#C8102E","mode":"tram","arr":["E8"],"metro":1,"angle":-21.3,"extra":1,"ei":35}},{"type":"Feature","geometry":{"type":"Point","coordinates":[14.404285,40.917285]},"properties":{"lines":"E8","color":"#C8102E","mode":"tram","arr":["E8"],"metro":1,"angle":-32.4,"extra":1,"ei":36}},{"type":"Feature","geometry":{"type":"Point","coordinates":[14.406134,40.918549]},"properties":{"lines":"E8","color":"#C8102E","mode":"tram","arr":["E8"],"metro":1,"angle":-45.6,"extra":1,"ei":37}},{"type":"Feature","geometry":{"type":"Point","coordinates":[14.407959,40.919832]},"properties":{"lines":"E8","color":"#C8102E","mode":"tram","arr":["E8"],"metro":1,"angle":-33.5,"extra":1,"ei":38}},{"type":"Feature","geometry":{"type":"Point","coordinates":[14.410276,40.920486]},"properties":{"lines":"E8","color":"#C8102E","mode":"tram","arr":["E8"],"metro":1,"angle":-6.6,"extra":1,"ei":39}},{"type":"Feature","geometry":{"type":"Point","coordinates":[14.412759,40.92036]},"properties":{"lines":"E8","color":"#C8102E","mode":"tram","arr":["E8"],"metro":1,"angle":7.5,"extra":1,"ei":40}},{"type":"Feature","geometry":{"type":"Point","coordinates":[14.415089,40.919742]},"properties":{"lines":"E8","color":"#C8102E","mode":"tram","arr":["E8"],"metro":1,"angle":34,"extra":1,"ei":41}},{"type":"Feature","geometry":{"type":"Point","coordinates":[14.416723,40.918339]},"properties":{"lines":"E8","color":"#C8102E","mode":"tram","arr":["E8"],"metro":1,"angle":58.9,"extra":1,"ei":42}},{"type":"Feature","geometry":{"type":"Point","coordinates":[14.418029,40.91673]},"properties":{"lines":"E8","color":"#C8102E","mode":"tram","arr":["E8"],"metro":1,"angle":57.7,"extra":1,"ei":43}},{"type":"Feature","geometry":{"type":"Point","coordinates":[14.419766,40.915403]},"properties":{"lines":"E8","color":"#C8102E","mode":"tram","arr":["E8"],"metro":1,"angle":30.2,"extra":1,"ei":44}},{"type":"Feature","geometry":{"type":"Point","coordinates":[14.422116,40.914786]},"properties":{"lines":"E8","color":"#C8102E","mode":"tram","arr":["E8"],"metro":1,"angle":15.3,"extra":1,"ei":45}},{"type":"Feature","geometry":{"type":"Point","coordinates":[14.424564,40.914478]},"properties":{"lines":"E8","color":"#C8102E","mode":"tram","arr":["E8"],"metro":1,"angle":-3.3,"extra":1,"ei":46}},{"type":"Feature","geometry":{"type":"Point","coordinates":[14.42691,40.91506]},"properties":{"lines":"E8","color":"#C8102E","mode":"tram","arr":["E8"],"metro":1,"angle":-33.4,"extra":1,"ei":47}},{"type":"Feature","geometry":{"type":"Point","coordinates":[14.428714,40.916358]},"properties":{"lines":"E8","color":"#C8102E","mode":"tram","arr":["E8"],"metro":1,"angle":-46.3,"extra":1,"ei":48}},{"type":"Feature","geometry":{"type":"Point","coordinates":[14.430437,40.917725]},"properties":{"lines":"E8","color":"#C8102E","mode":"tram","arr":["E8"],"metro":1,"angle":-46.4,"extra":1,"ei":49}},{"type":"Feature","geometry":{"type":"Point","coordinates":[14.432199,40.919061]},"properties":{"lines":"E8","color":"#C8102E","mode":"tram","arr":["E8"],"metro":1,"angle":-37.9,"extra":1,"ei":50}},{"type":"Feature","geometry":{"type":"Point","coordinates":[14.43448,40.919788]},"properties":{"lines":"E8","color":"#C8102E","mode":"tram","arr":["E8"],"metro":1,"angle":-14.5,"extra":1,"ei":51}},{"type":"Feature","geometry":{"type":"Point","coordinates":[14.436907,40.920225]},"properties":{"lines":"E8","color":"#C8102E","mode":"tram","arr":["E8"],"metro":1,"angle":-6.3,"extra":1,"ei":52}},{"type":"Feature","geometry":{"type":"Point","coordinates":[14.439368,40.91999]},"properties":{"lines":"E8","color":"#C8102E","mode":"tram","arr":["E8"],"metro":1,"angle":13.3,"extra":1,"ei":53}},{"type":"Feature","geometry":{"type":"Point","coordinates":[14.441798,40.919554]},"properties":{"lines":"E8","color":"#C8102E","mode":"tram","arr":["E8"],"metro":1,"angle":13.3,"extra":1,"ei":54}},{"type":"Feature","geometry":{"type":"Point","coordinates":[14.444228,40.91912]},"properties":{"lines":"E8","color":"#C8102E","mode":"tram","arr":["E8"],"metro":1,"angle":13.5,"extra":1,"ei":55}},{"type":"Feature","geometry":{"type":"Point","coordinates":[14.446655,40.918678]},"properties":{"lines":"E8","color":"#C8102E","mode":"tram","arr":["E8"],"metro":1,"angle":13.6,"extra":1,"ei":56}},{"type":"Feature","geometry":{"type":"Point","coordinates":[14.449082,40.918236]},"properties":{"lines":"E8","color":"#C8102E","mode":"tram","arr":["E8"],"metro":1,"angle":13.6,"extra":1,"ei":57}},{"type":"Feature","geometry":{"type":"Point","coordinates":[14.451509,40.917793]},"properties":{"lines":"E8","color":"#C8102E","mode":"tram","arr":["E8"],"metro":1,"angle":13.7,"extra":1,"ei":58}},{"type":"Feature","geometry":{"type":"Point","coordinates":[14.453921,40.917308]},"properties":{"lines":"E8","color":"#C8102E","mode":"tram","arr":["E8"],"metro":1,"angle":12.3,"extra":1,"ei":59}},{"type":"Feature","geometry":{"type":"Point","coordinates":[14.456363,40.916916]},"properties":{"lines":"E8","color":"#C8102E","mode":"tram","arr":["E8"],"metro":1,"angle":12,"extra":1,"ei":60}},{"type":"Feature","geometry":{"type":"Point","coordinates":[14.458805,40.916524]},"properties":{"lines":"E8","color":"#C8102E","mode":"tram","arr":["E8"],"metro":1,"angle":12,"extra":1,"ei":61}},{"type":"Feature","geometry":{"type":"Point","coordinates":[14.461275,40.91636]},"properties":{"lines":"E8","color":"#C8102E","mode":"tram","arr":["E8"],"metro":1,"angle":-8.6,"extra":1,"ei":62}},{"type":"Feature","geometry":{"type":"Point","coordinates":[14.463611,40.917005]},"properties":{"lines":"E8","color":"#C8102E","mode":"tram","arr":["E8"],"metro":1,"angle":-24.4,"extra":1,"ei":63}},{"type":"Feature","geometry":{"type":"Point","coordinates":[14.465884,40.917785]},"properties":{"lines":"E8","color":"#C8102E","mode":"tram","arr":["E8"],"metro":1,"angle":-24.4,"extra":1,"ei":64}},{"type":"Feature","geometry":{"type":"Point","coordinates":[14.468156,40.918568]},"properties":{"lines":"E8","color":"#C8102E","mode":"tram","arr":["E8"],"metro":1,"angle":-25,"extra":1,"ei":65}},{"type":"Feature","geometry":{"type":"Point","coordinates":[14.470574,40.918935]},"properties":{"lines":"E8","color":"#C8102E","mode":"tram","arr":["E8"],"metro":1,"angle":3.7,"extra":1,"ei":66}},{"type":"Feature","geometry":{"type":"Point","coordinates":[14.472981,40.918455]},"properties":{"lines":"E8","color":"#C8102E","mode":"tram","arr":["E8"],"metro":1,"angle":18.1,"extra":1,"ei":67}},{"type":"Feature","geometry":{"type":"Point","coordinates":[14.475294,40.917759]},"properties":{"lines":"E8","color":"#C8102E","mode":"tram","arr":["E8"],"metro":1,"angle":31.8,"extra":1,"ei":68}},{"type":"Feature","geometry":{"type":"Point","coordinates":[14.476972,40.916387]},"properties":{"lines":"E8","color":"#C8102E","mode":"tram","arr":["E8"],"metro":1,"angle":56.3,"extra":1,"ei":69}},{"type":"Feature","geometry":{"type":"Point","coordinates":[14.478424,40.914852]},"properties":{"lines":"E8","color":"#C8102E","mode":"tram","arr":["E8"],"metro":1,"angle":49.8,"extra":1,"ei":70}},{"type":"Feature","geometry":{"type":"Point","coordinates":[14.479855,40.91331]},"properties":{"lines":"E8","color":"#C8102E","mode":"tram","arr":["E8"],"metro":1,"angle":57.4,"extra":1,"ei":71}},{"type":"Feature","geometry":{"type":"Point","coordinates":[14.481427,40.911846]},"properties":{"lines":"E8","color":"#C8102E","mode":"tram","arr":["E8"],"metro":1,"angle":45.9,"extra":1,"ei":72}},{"type":"Feature","geometry":{"type":"Point","coordinates":[14.483412,40.910731]},"properties":{"lines":"E8","color":"#C8102E","mode":"tram","arr":["E8"],"metro":1,"angle":24.2,"extra":1,"ei":73}},{"type":"Feature","geometry":{"type":"Point","coordinates":[14.488171,40.911133]},"properties":{"lines":"E8","color":"#C8102E","mode":"tram","arr":["E8"],"metro":1,"angle":-22.5,"extra":1,"ei":74}},{"type":"Feature","geometry":{"type":"Point","coordinates":[14.490478,40.911856]},"properties":{"lines":"E8","color":"#C8102E","mode":"tram","arr":["E8"],"metro":1,"angle":-22.4,"extra":1,"ei":75}},{"type":"Feature","geometry":{"type":"Point","coordinates":[14.492889,40.912276]},"properties":{"lines":"E8","color":"#C8102E","mode":"tram","arr":["E8"],"metro":1,"angle":1.6,"extra":1,"ei":76}},{"type":"Feature","geometry":{"type":"Point","coordinates":[14.495256,40.911744]},"properties":{"lines":"E8","color":"#C8102E","mode":"tram","arr":["E8"],"metro":1,"angle":28.3,"extra":1,"ei":77}},{"type":"Feature","geometry":{"type":"Point","coordinates":[14.497449,40.910842]},"properties":{"lines":"E8","color":"#C8102E","mode":"tram","arr":["E8"],"metro":1,"angle":28.9,"extra":1,"ei":78}},{"type":"Feature","geometry":{"type":"Point","coordinates":[14.49967,40.909987]},"properties":{"lines":"E8","color":"#C8102E","mode":"tram","arr":["E8"],"metro":1,"angle":19,"extra":1,"ei":79}},{"type":"Feature","geometry":{"type":"Point","coordinates":[14.502131,40.909777]},"properties":{"lines":"E8","color":"#C8102E","mode":"tram","arr":["E8"],"metro":1,"angle":-5.7,"extra":1,"ei":80}},{"type":"Feature","geometry":{"type":"Point","coordinates":[14.504602,40.91005]},"properties":{"lines":"E8","color":"#C8102E","mode":"tram","arr":["E8"],"metro":1,"angle":-8.4,"extra":1,"ei":81}},{"type":"Feature","geometry":{"type":"Point","coordinates":[14.507044,40.91041]},"properties":{"lines":"E8","color":"#C8102E","mode":"tram","arr":["E8"],"metro":1,"angle":-24,"extra":1,"ei":82}},{"type":"Feature","geometry":{"type":"Point","coordinates":[14.508851,40.911668]},"properties":{"lines":"E8","color":"#C8102E","mode":"tram","arr":["E8"],"metro":1,"angle":-54.7,"extra":1,"ei":83}},{"type":"Feature","geometry":{"type":"Point","coordinates":[14.51028,40.913216]},"properties":{"lines":"E8","color":"#C8102E","mode":"tram","arr":["E8"],"metro":1,"angle":-55.5,"extra":1,"ei":84}},{"type":"Feature","geometry":{"type":"Point","coordinates":[14.511133,40.914962]},"properties":{"lines":"E8","color":"#C8102E","mode":"tram","arr":["E8"],"metro":1,"angle":-82,"extra":1,"ei":85}},{"type":"Feature","geometry":{"type":"Point","coordinates":[14.51168,40.916797]},"properties":{"lines":"E8","color":"#C8102E","mode":"tram","arr":["E8"],"metro":1,"angle":-65.1,"extra":1,"ei":86}},{"type":"Feature","geometry":{"type":"Point","coordinates":[14.513233,40.918254]},"properties":{"lines":"E8","color":"#C8102E","mode":"tram","arr":["E8"],"metro":1,"angle":-42.5,"extra":1,"ei":87}},{"type":"Feature","geometry":{"type":"Point","coordinates":[14.515073,40.91953]},"properties":{"lines":"E8","color":"#C8102E","mode":"tram","arr":["E8"],"metro":1,"angle":-40.8,"extra":1,"ei":88}},{"type":"Feature","geometry":{"type":"Point","coordinates":[14.516859,40.920848]},"properties":{"lines":"E8","color":"#C8102E","mode":"tram","arr":["E8"],"metro":1,"angle":-48,"extra":1,"ei":89}},{"type":"Feature","geometry":{"type":"Point","coordinates":[14.518432,40.922314]},"properties":{"lines":"E8","color":"#C8102E","mode":"tram","arr":["E8"],"metro":1,"angle":-52.1,"extra":1,"ei":90}},{"type":"Feature","geometry":{"type":"Point","coordinates":[14.51997,40.923801]},"properties":{"lines":"E8","color":"#C8102E","mode":"tram","arr":["E8"],"metro":1,"angle":-51.5,"extra":1,"ei":91}},{"type":"Feature","geometry":{"type":"Point","coordinates":[14.521515,40.925285]},"properties":{"lines":"E8","color":"#C8102E","mode":"tram","arr":["E8"],"metro":1,"angle":-53,"extra":1,"ei":92}},{"type":"Feature","geometry":{"type":"Point","coordinates":[14.523058,40.926769]},"properties":{"lines":"E8","color":"#C8102E","mode":"tram","arr":["E8"],"metro":1,"angle":-51.4,"extra":1,"ei":93}},{"type":"Feature","geometry":{"type":"Point","coordinates":[14.524593,40.928256]},"properties":{"lines":"E8","color":"#C8102E","mode":"tram","arr":["E8"],"metro":1,"angle":-50.4,"extra":1,"ei":94}},{"type":"Feature","geometry":{"type":"Point","coordinates":[14.526665,40.929267]},"properties":{"lines":"E8","color":"#C8102E","mode":"tram","arr":["E8"],"metro":1,"angle":-28,"extra":1,"ei":95}},{"type":"Feature","geometry":{"type":"Point","coordinates":[14.528854,40.930173]},"properties":{"lines":"E8","color":"#C8102E","mode":"tram","arr":["E8"],"metro":1,"angle":-31.7,"extra":1,"ei":96}},{"type":"Feature","geometry":{"type":"Point","coordinates":[14.530285,40.931656]},"properties":{"lines":"E8","color":"#C8102E","mode":"tram","arr":["E8"],"metro":1,"angle":-73.5,"extra":1,"ei":97}},{"type":"Feature","geometry":{"type":"Point","coordinates":[14.530472,40.93353]},"properties":{"lines":"E8","color":"#C8102E","mode":"tram","arr":["E8"],"metro":1,"angle":-89.9,"extra":1,"ei":98}},{"type":"Feature","geometry":{"type":"Point","coordinates":[14.530486,40.935418]},"properties":{"lines":"E8","color":"#C8102E","mode":"tram","arr":["E8"],"metro":1,"angle":-89.6,"extra":1,"ei":99}},{"type":"Feature","geometry":{"type":"Point","coordinates":[14.530497,40.937307]},"properties":{"lines":"E8","color":"#C8102E","mode":"tram","arr":["E8"],"metro":1,"angle":-89.7,"extra":1,"ei":100}},{"type":"Feature","geometry":{"type":"Point","coordinates":[14.530512,40.939195]},"properties":{"lines":"E8","color":"#C8102E","mode":"tram","arr":["E8"],"metro":1,"angle":-89.9,"extra":1,"ei":101}},{"type":"Feature","geometry":{"type":"Point","coordinates":[14.530529,40.941084]},"properties":{"lines":"E8","color":"#C8102E","mode":"tram","arr":["E8"],"metro":1,"angle":-89.1,"extra":1,"ei":102}},{"type":"Feature","geometry":{"type":"Point","coordinates":[14.530551,40.942972]},"properties":{"lines":"E8","color":"#C8102E","mode":"tram","arr":["E8"],"metro":1,"angle":-89.6,"extra":1,"ei":103}},{"type":"Feature","geometry":{"type":"Point","coordinates":[14.530577,40.944861]},"properties":{"lines":"E8","color":"#C8102E","mode":"tram","arr":["E8"],"metro":1,"angle":-89,"extra":1,"ei":104}},{"type":"Feature","geometry":{"type":"Point","coordinates":[14.53058,40.946749]},"properties":{"lines":"E8","color":"#C8102E","mode":"tram","arr":["E8"],"metro":1,"angle":-89.7,"extra":1,"ei":105}},{"type":"Feature","geometry":{"type":"Point","coordinates":[14.530594,40.948638]},"properties":{"lines":"E8","color":"#C8102E","mode":"tram","arr":["E8"],"metro":1,"angle":-89.7,"extra":1,"ei":106}},{"type":"Feature","geometry":{"type":"Point","coordinates":[14.530602,40.950526]},"properties":{"lines":"E8","color":"#C8102E","mode":"tram","arr":["E8"],"metro":1,"angle":-87.9,"extra":1,"ei":107}},{"type":"Feature","geometry":{"type":"Point","coordinates":[14.531481,40.952253]},"properties":{"lines":"E8","color":"#C8102E","mode":"tram","arr":["E8"],"metro":1,"angle":-52.3,"extra":1,"ei":108}},{"type":"Feature","geometry":{"type":"Point","coordinates":[14.533031,40.953733]},"properties":{"lines":"E8","color":"#C8102E","mode":"tram","arr":["E8"],"metro":1,"angle":-51.7,"extra":1,"ei":109}},{"type":"Feature","geometry":{"type":"Point","coordinates":[14.534559,40.955227]},"properties":{"lines":"E8","color":"#C8102E","mode":"tram","arr":["E8"],"metro":1,"angle":-52,"extra":1,"ei":110}},{"type":"Feature","geometry":{"type":"Point","coordinates":[14.536313,40.956559]},"properties":{"lines":"E8","color":"#C8102E","mode":"tram","arr":["E8"],"metro":1,"angle":-36.1,"extra":1,"ei":111}},{"type":"Feature","geometry":{"type":"Point","coordinates":[14.538388,40.957608]},"properties":{"lines":"E8","color":"#C8102E","mode":"tram","arr":["E8"],"metro":1,"angle":-32.4,"extra":1,"ei":112}},{"type":"Feature","geometry":{"type":"Point","coordinates":[14.540461,40.958655]},"properties":{"lines":"E8","color":"#C8102E","mode":"tram","arr":["E8"],"metro":1,"angle":-43.7,"extra":1,"ei":113}},{"type":"Feature","geometry":{"type":"Point","coordinates":[14.542206,40.959981]},"properties":{"lines":"E8","color":"#C8102E","mode":"tram","arr":["E8"],"metro":1,"angle":-37.3,"extra":1,"ei":114}},{"type":"Feature","geometry":{"type":"Point","coordinates":[14.544257,40.961055]},"properties":{"lines":"E8","color":"#C8102E","mode":"tram","arr":["E8"],"metro":1,"angle":-34.8,"extra":1,"ei":115}},{"type":"Feature","geometry":{"type":"Point","coordinates":[14.546311,40.962129]},"properties":{"lines":"E8","color":"#C8102E","mode":"tram","arr":["E8"],"metro":1,"angle":-34.2,"extra":1,"ei":116}},{"type":"Feature","geometry":{"type":"Point","coordinates":[14.548466,40.963079]},"properties":{"lines":"E8","color":"#C8102E","mode":"tram","arr":["E8"],"metro":1,"angle":-27.8,"extra":1,"ei":117}},{"type":"Feature","geometry":{"type":"Point","coordinates":[14.550683,40.963948]},"properties":{"lines":"E8","color":"#C8102E","mode":"tram","arr":["E8"],"metro":1,"angle":-27.5,"extra":1,"ei":118}},{"type":"Feature","geometry":{"type":"Point","coordinates":[14.55289,40.964831]},"properties":{"lines":"E8","color":"#C8102E","mode":"tram","arr":["E8"],"metro":1,"angle":-27.9,"extra":1,"ei":119}},{"type":"Feature","geometry":{"type":"Point","coordinates":[14.555094,40.965718]},"properties":{"lines":"E8","color":"#C8102E","mode":"tram","arr":["E8"],"metro":1,"angle":-29,"extra":1,"ei":120}},{"type":"Feature","geometry":{"type":"Point","coordinates":[14.557333,40.966543]},"properties":{"lines":"E8","color":"#C8102E","mode":"tram","arr":["E8"],"metro":1,"angle":-14.7,"extra":1,"ei":121}},{"type":"Feature","geometry":{"type":"Point","coordinates":[14.559778,40.966385]},"properties":{"lines":"E8","color":"#C8102E","mode":"tram","arr":["E8"],"metro":1,"angle":18.4,"extra":1,"ei":122}},{"type":"Feature","geometry":{"type":"Point","coordinates":[14.562065,40.965642]},"properties":{"lines":"E8","color":"#C8102E","mode":"tram","arr":["E8"],"metro":1,"angle":27.1,"extra":1,"ei":123}},{"type":"Feature","geometry":{"type":"Point","coordinates":[14.564293,40.964789]},"properties":{"lines":"E8","color":"#C8102E","mode":"tram","arr":["E8"],"metro":1,"angle":26.7,"extra":1,"ei":124}},{"type":"Feature","geometry":{"type":"Point","coordinates":[14.566555,40.963992]},"properties":{"lines":"E8","color":"#C8102E","mode":"tram","arr":["E8"],"metro":1,"angle":21.2,"extra":1,"ei":125}},{"type":"Feature","geometry":{"type":"Point","coordinates":[14.569012,40.963735]},"properties":{"lines":"E8","color":"#C8102E","mode":"tram","arr":["E8"],"metro":1,"angle":1.5,"extra":1,"ei":126}},{"type":"Feature","geometry":{"type":"Point","coordinates":[14.571448,40.963409]},"properties":{"lines":"E8","color":"#C8102E","mode":"tram","arr":["E8"],"metro":1,"angle":23.4,"extra":1,"ei":127}},{"type":"Feature","geometry":{"type":"Point","coordinates":[14.573419,40.962277]},"properties":{"lines":"E8","color":"#C8102E","mode":"tram","arr":["E8"],"metro":1,"angle":44.9,"extra":1,"ei":128}},{"type":"Feature","geometry":{"type":"Point","coordinates":[14.575066,40.96086]},"properties":{"lines":"E8","color":"#C8102E","mode":"tram","arr":["E8"],"metro":1,"angle":49.5,"extra":1,"ei":129}},{"type":"Feature","geometry":{"type":"Point","coordinates":[14.576557,40.959347]},"properties":{"lines":"E8","color":"#C8102E","mode":"tram","arr":["E8"],"metro":1,"angle":51.3,"extra":1,"ei":130}},{"type":"Feature","geometry":{"type":"Point","coordinates":[14.57855,40.958252]},"properties":{"lines":"E8","color":"#C8102E","mode":"tram","arr":["E8"],"metro":1,"angle":20.8,"extra":1,"ei":131}},{"type":"Feature","geometry":{"type":"Point","coordinates":[14.58096,40.957763]},"properties":{"lines":"E8","color":"#C8102E","mode":"tram","arr":["E8"],"metro":1,"angle":14.3,"extra":1,"ei":132}},{"type":"Feature","geometry":{"type":"Point","coordinates":[14.583281,40.957104]},"properties":{"lines":"E8","color":"#C8102E","mode":"tram","arr":["E8"],"metro":1,"angle":34.5,"extra":1,"ei":133}},{"type":"Feature","geometry":{"type":"Point","coordinates":[14.585131,40.955838]},"properties":{"lines":"E8","color":"#C8102E","mode":"tram","arr":["E8"],"metro":1,"angle":39.9,"extra":1,"ei":134}},{"type":"Feature","geometry":{"type":"Point","coordinates":[14.587383,40.955079]},"properties":{"lines":"E8","color":"#C8102E","mode":"tram","arr":["E8"],"metro":1,"angle":12.3,"extra":1,"ei":135}},{"type":"Feature","geometry":{"type":"Point","coordinates":[14.589823,40.954677]},"properties":{"lines":"E8","color":"#C8102E","mode":"tram","arr":["E8"],"metro":1,"angle":12.2,"extra":1,"ei":136}},{"type":"Feature","geometry":{"type":"Point","coordinates":[14.592267,40.954297]},"properties":{"lines":"E8","color":"#C8102E","mode":"tram","arr":["E8"],"metro":1,"angle":7.6,"extra":1,"ei":137}},{"type":"Feature","geometry":{"type":"Point","coordinates":[14.594753,40.954376]},"properties":{"lines":"E8","color":"#C8102E","mode":"tram","arr":["E8"],"metro":1,"angle":-6.3,"extra":1,"ei":138}},{"type":"Feature","geometry":{"type":"Point","coordinates":[14.59723,40.954593]},"properties":{"lines":"E8","color":"#C8102E","mode":"tram","arr":["E8"],"metro":1,"angle":-14.7,"extra":1,"ei":139}},{"type":"Feature","geometry":{"type":"Point","coordinates":[14.599587,40.955213]},"properties":{"lines":"E8","color":"#C8102E","mode":"tram","arr":["E8"],"metro":1,"angle":-15,"extra":1,"ei":140}},{"type":"Feature","geometry":{"type":"Point","coordinates":[14.60206,40.95524]},"properties":{"lines":"E8","color":"#C8102E","mode":"tram","arr":["E8"],"metro":1,"angle":8.5,"extra":1,"ei":141}},{"type":"Feature","geometry":{"type":"Point","coordinates":[14.604522,40.954928]},"properties":{"lines":"E8","color":"#C8102E","mode":"tram","arr":["E8"],"metro":1,"angle":9,"extra":1,"ei":142}},{"type":"Feature","geometry":{"type":"Point","coordinates":[14.607006,40.954824]},"properties":{"lines":"E8","color":"#C8102E","mode":"tram","arr":["E8"],"metro":1,"angle":-4.5,"extra":1,"ei":143}},{"type":"Feature","geometry":{"type":"Point","coordinates":[14.609429,40.95526]},"properties":{"lines":"E8","color":"#C8102E","mode":"tram","arr":["E8"],"metro":1,"angle":-16,"extra":1,"ei":144}},{"type":"Feature","geometry":{"type":"Point","coordinates":[14.611829,40.955781]},"properties":{"lines":"E8","color":"#C8102E","mode":"tram","arr":["E8"],"metro":1,"angle":-15.6,"extra":1,"ei":145}},{"type":"Feature","geometry":{"type":"Point","coordinates":[14.614275,40.955996]},"properties":{"lines":"E8","color":"#C8102E","mode":"tram","arr":["E8"],"metro":1,"angle":12.6,"extra":1,"ei":146}},{"type":"Feature","geometry":{"type":"Point","coordinates":[14.616162,40.954858]},"properties":{"lines":"E8","color":"#C8102E","mode":"tram","arr":["E8"],"metro":1,"angle":62,"extra":1,"ei":147}},{"type":"Feature","geometry":{"type":"Point","coordinates":[14.617063,40.953099]},"properties":{"lines":"E8","color":"#C8102E","mode":"tram","arr":["E8"],"metro":1,"angle":69.7,"extra":1,"ei":148}},{"type":"Feature","geometry":{"type":"Point","coordinates":[14.104992,40.834064]},"properties":{"lines":"E9","color":"#0069B4","mode":"tram","arr":["E9"],"metro":1,"angle":1.3}},{"type":"Feature","geometry":{"type":"Point","coordinates":[14.046427,40.812028]},"properties":{"lines":"E9","color":"#0069B4","mode":"tram","arr":["E9"],"metro":1,"angle":-25.1,"extra":1,"ei":0}},{"type":"Feature","geometry":{"type":"Point","coordinates":[14.048621,40.812925]},"properties":{"lines":"E9","color":"#0069B4","mode":"tram","arr":["E9"],"metro":1,"angle":-33.9,"extra":1,"ei":1}},{"type":"Feature","geometry":{"type":"Point","coordinates":[14.050492,40.814169]},"properties":{"lines":"E9","color":"#0069B4","mode":"tram","arr":["E9"],"metro":1,"angle":-45.1,"extra":1,"ei":2}},{"type":"Feature","geometry":{"type":"Point","coordinates":[14.052269,40.815494]},"properties":{"lines":"E9","color":"#0069B4","mode":"tram","arr":["E9"],"metro":1,"angle":-41.2,"extra":1,"ei":3}},{"type":"Feature","geometry":{"type":"Point","coordinates":[14.054395,40.816466]},"properties":{"lines":"E9","color":"#0069B4","mode":"tram","arr":["E9"],"metro":1,"angle":-23,"extra":1,"ei":4}},{"type":"Feature","geometry":{"type":"Point","coordinates":[14.056682,40.817223]},"properties":{"lines":"E9","color":"#0069B4","mode":"tram","arr":["E9"],"metro":1,"angle":-23.8,"extra":1,"ei":5}},{"type":"Feature","geometry":{"type":"Point","coordinates":[14.05897,40.817979]},"properties":{"lines":"E9","color":"#0069B4","mode":"tram","arr":["E9"],"metro":1,"angle":-23.6,"extra":1,"ei":6}},{"type":"Feature","geometry":{"type":"Point","coordinates":[14.061354,40.818518]},"properties":{"lines":"E9","color":"#0069B4","mode":"tram","arr":["E9"],"metro":1,"angle":-8.9,"extra":1,"ei":7}},{"type":"Feature","geometry":{"type":"Point","coordinates":[14.063843,40.818532]},"properties":{"lines":"E9","color":"#0069B4","mode":"tram","arr":["E9"],"metro":1,"angle":5.8,"extra":1,"ei":8}},{"type":"Feature","geometry":{"type":"Point","coordinates":[14.066331,40.818428]},"properties":{"lines":"E9","color":"#0069B4","mode":"tram","arr":["E9"],"metro":1,"angle":-2.1,"extra":1,"ei":9}},{"type":"Feature","geometry":{"type":"Point","coordinates":[14.068653,40.818993]},"properties":{"lines":"E9","color":"#0069B4","mode":"tram","arr":["E9"],"metro":1,"angle":-32.9,"extra":1,"ei":10}},{"type":"Feature","geometry":{"type":"Point","coordinates":[14.070484,40.820248]},"properties":{"lines":"E9","color":"#0069B4","mode":"tram","arr":["E9"],"metro":1,"angle":-56.5,"extra":1,"ei":11}},{"type":"Feature","geometry":{"type":"Point","coordinates":[14.0721,40.821669]},"properties":{"lines":"E9","color":"#0069B4","mode":"tram","arr":["E9"],"metro":1,"angle":-39.2,"extra":1,"ei":12}},{"type":"Feature","geometry":{"type":"Point","coordinates":[14.073788,40.823049]},"properties":{"lines":"E9","color":"#0069B4","mode":"tram","arr":["E9"],"metro":1,"angle":-52.8,"extra":1,"ei":13}},{"type":"Feature","geometry":{"type":"Point","coordinates":[14.075299,40.824553]},"properties":{"lines":"E9","color":"#0069B4","mode":"tram","arr":["E9"],"metro":1,"angle":-52.8,"extra":1,"ei":14}},{"type":"Feature","geometry":{"type":"Point","coordinates":[14.076861,40.826023]},"properties":{"lines":"E9","color":"#0069B4","mode":"tram","arr":["E9"],"metro":1,"angle":-45.1,"extra":1,"ei":15}},{"type":"Feature","geometry":{"type":"Point","coordinates":[14.078856,40.827148]},"properties":{"lines":"E9","color":"#0069B4","mode":"tram","arr":["E9"],"metro":1,"angle":-33.5,"extra":1,"ei":16}},{"type":"Feature","geometry":{"type":"Point","coordinates":[14.080948,40.828179]},"properties":{"lines":"E9","color":"#0069B4","mode":"tram","arr":["E9"],"metro":1,"angle":-32.7,"extra":1,"ei":17}},{"type":"Feature","geometry":{"type":"Point","coordinates":[14.083107,40.82912]},"properties":{"lines":"E9","color":"#0069B4","mode":"tram","arr":["E9"],"metro":1,"angle":-22.9,"extra":1,"ei":18}},{"type":"Feature","geometry":{"type":"Point","coordinates":[14.085395,40.829875]},"properties":{"lines":"E9","color":"#0069B4","mode":"tram","arr":["E9"],"metro":1,"angle":-24.2,"extra":1,"ei":19}},{"type":"Feature","geometry":{"type":"Point","coordinates":[14.087709,40.830584]},"properties":{"lines":"E9","color":"#0069B4","mode":"tram","arr":["E9"],"metro":1,"angle":-20.9,"extra":1,"ei":20}},{"type":"Feature","geometry":{"type":"Point","coordinates":[14.090092,40.831129]},"properties":{"lines":"E9","color":"#0069B4","mode":"tram","arr":["E9"],"metro":1,"angle":-8.8,"extra":1,"ei":21}},{"type":"Feature","geometry":{"type":"Point","coordinates":[14.092579,40.831288]},"properties":{"lines":"E9","color":"#0069B4","mode":"tram","arr":["E9"],"metro":1,"angle":-4.4,"extra":1,"ei":22}},{"type":"Feature","geometry":{"type":"Point","coordinates":[14.095069,40.831427]},"properties":{"lines":"E9","color":"#0069B4","mode":"tram","arr":["E9"],"metro":1,"angle":-4.3,"extra":1,"ei":23}},{"type":"Feature","geometry":{"type":"Point","coordinates":[14.097559,40.831566]},"properties":{"lines":"E9","color":"#0069B4","mode":"tram","arr":["E9"],"metro":1,"angle":-4.1,"extra":1,"ei":24}},{"type":"Feature","geometry":{"type":"Point","coordinates":[14.099966,40.832013]},"properties":{"lines":"E9","color":"#0069B4","mode":"tram","arr":["E9"],"metro":1,"angle":-26,"extra":1,"ei":25}},{"type":"Feature","geometry":{"type":"Point","coordinates":[14.101969,40.833129]},"properties":{"lines":"E9","color":"#0069B4","mode":"tram","arr":["E9"],"metro":1,"angle":-40.8,"extra":1,"ei":26}},{"type":"Feature","geometry":{"type":"Point","coordinates":[14.106599,40.833978]},"properties":{"lines":"E9","color":"#0069B4","mode":"tram","arr":["E9"],"metro":1,"angle":8.9,"extra":1,"ei":27}},{"type":"Feature","geometry":{"type":"Point","coordinates":[14.108962,40.833394]},"properties":{"lines":"E9","color":"#0069B4","mode":"tram","arr":["E9"],"metro":1,"angle":27.9,"extra":1,"ei":28}},{"type":"Feature","geometry":{"type":"Point","coordinates":[14.111007,40.832315]},"properties":{"lines":"E9","color":"#0069B4","mode":"tram","arr":["E9"],"metro":1,"angle":37.2,"extra":1,"ei":29}},{"type":"Feature","geometry":{"type":"Point","coordinates":[14.112996,40.831174]},"properties":{"lines":"E9","color":"#0069B4","mode":"tram","arr":["E9"],"metro":1,"angle":32.9,"extra":1,"ei":30}},{"type":"Feature","geometry":{"type":"Point","coordinates":[14.11529,40.83044]},"properties":{"lines":"E9","color":"#0069B4","mode":"tram","arr":["E9"],"metro":1,"angle":19.8,"extra":1,"ei":31}},{"type":"Feature","geometry":{"type":"Point","coordinates":[14.117429,40.829492]},"properties":{"lines":"E9","color":"#0069B4","mode":"tram","arr":["E9"],"metro":1,"angle":36.8,"extra":1,"ei":32}},{"type":"Feature","geometry":{"type":"Point","coordinates":[14.119482,40.828429]},"properties":{"lines":"E9","color":"#0069B4","mode":"tram","arr":["E9"],"metro":1,"angle":22.2,"extra":1,"ei":33}},{"type":"Feature","geometry":{"type":"Point","coordinates":[14.121765,40.827685]},"properties":{"lines":"E9","color":"#0069B4","mode":"tram","arr":["E9"],"metro":1,"angle":33.9,"extra":1,"ei":34}},{"type":"Feature","geometry":{"type":"Point","coordinates":[14.123434,40.826296]},"properties":{"lines":"E9","color":"#0069B4","mode":"tram","arr":["E9"],"metro":1,"angle":52.6,"extra":1,"ei":35}},{"type":"Feature","geometry":{"type":"Point","coordinates":[14.125031,40.824849]},"properties":{"lines":"E9","color":"#0069B4","mode":"tram","arr":["E9"],"metro":1,"angle":39.6,"extra":1,"ei":36}},{"type":"Feature","geometry":{"type":"Point","coordinates":[14.127285,40.824081]},"properties":{"lines":"E9","color":"#0069B4","mode":"tram","arr":["E9"],"metro":1,"angle":10.9,"extra":1,"ei":37}},{"type":"Feature","geometry":{"type":"Point","coordinates":[14.129755,40.823819]},"properties":{"lines":"E9","color":"#0069B4","mode":"tram","arr":["E9"],"metro":1,"angle":16,"extra":1,"ei":38}},{"type":"Feature","geometry":{"type":"Point","coordinates":[14.131879,40.822849]},"properties":{"lines":"E9","color":"#0069B4","mode":"tram","arr":["E9"],"metro":1,"angle":36.4,"extra":1,"ei":39}},{"type":"Feature","geometry":{"type":"Point","coordinates":[14.133865,40.821705]},"properties":{"lines":"E9","color":"#0069B4","mode":"tram","arr":["E9"],"metro":1,"angle":35.7,"extra":1,"ei":40}},{"type":"Feature","geometry":{"type":"Point","coordinates":[14.135635,40.820383]},"properties":{"lines":"E9","color":"#0069B4","mode":"tram","arr":["E9"],"metro":1,"angle":47.6,"extra":1,"ei":41}},{"type":"Feature","geometry":{"type":"Point","coordinates":[14.137563,40.819212]},"properties":{"lines":"E9","color":"#0069B4","mode":"tram","arr":["E9"],"metro":1,"angle":20.7,"extra":1,"ei":42}},{"type":"Feature","geometry":{"type":"Point","coordinates":[14.140029,40.818981]},"properties":{"lines":"E9","color":"#0069B4","mode":"tram","arr":["E9"],"metro":1,"angle":-1,"extra":1,"ei":43}},{"type":"Feature","geometry":{"type":"Point","coordinates":[14.142523,40.819065]},"properties":{"lines":"E9","color":"#0069B4","mode":"tram","arr":["E9"],"metro":1,"angle":-3,"extra":1,"ei":44}},{"type":"Feature","geometry":{"type":"Point","coordinates":[14.145017,40.819142]},"properties":{"lines":"E9","color":"#0069B4","mode":"tram","arr":["E9"],"metro":1,"angle":-3.4,"extra":1,"ei":45}},{"type":"Feature","geometry":{"type":"Point","coordinates":[14.147511,40.819234]},"properties":{"lines":"E9","color":"#0069B4","mode":"tram","arr":["E9"],"metro":1,"angle":-0.8,"extra":1,"ei":46}},{"type":"Feature","geometry":{"type":"Point","coordinates":[14.150005,40.819164]},"properties":{"lines":"E9","color":"#0069B4","mode":"tram","arr":["E9"],"metro":1,"angle":5.2,"extra":1,"ei":47}},{"type":"Feature","geometry":{"type":"Point","coordinates":[14.152491,40.818994]},"properties":{"lines":"E9","color":"#0069B4","mode":"tram","arr":["E9"],"metro":1,"angle":5.3,"extra":1,"ei":48}},{"type":"Feature","geometry":{"type":"Point","coordinates":[14.154969,40.818769]},"properties":{"lines":"E9","color":"#0069B4","mode":"tram","arr":["E9"],"metro":1,"angle":8.1,"extra":1,"ei":49}},{"type":"Feature","geometry":{"type":"Point","coordinates":[14.157414,40.818395]},"properties":{"lines":"E9","color":"#0069B4","mode":"tram","arr":["E9"],"metro":1,"angle":17.3,"extra":1,"ei":50}},{"type":"Feature","geometry":{"type":"Point","coordinates":[14.1596,40.817496]},"properties":{"lines":"E9","color":"#0069B4","mode":"tram","arr":["E9"],"metro":1,"angle":32.1,"extra":1,"ei":51}},{"type":"Feature","geometry":{"type":"Point","coordinates":[14.161711,40.816488]},"properties":{"lines":"E9","color":"#0069B4","mode":"tram","arr":["E9"],"metro":1,"angle":32,"extra":1,"ei":52}},{"type":"Feature","geometry":{"type":"Point","coordinates":[14.163839,40.815501]},"properties":{"lines":"E9","color":"#0069B4","mode":"tram","arr":["E9"],"metro":1,"angle":27,"extra":1,"ei":53}},{"type":"Feature","geometry":{"type":"Point","coordinates":[14.16627,40.815152]},"properties":{"lines":"E9","color":"#0069B4","mode":"tram","arr":["E9"],"metro":1,"angle":4.4,"extra":1,"ei":54}},{"type":"Feature","geometry":{"type":"Point","coordinates":[14.206518,40.829446]},"properties":{"lines":"E9, E9a","color":"#0069B4","mode":"tram","arr":["E9","E9a"],"metro":1,"angle":-31.6}},{"type":"Feature","geometry":{"type":"Point","coordinates":[14.168034,40.815053]},"properties":{"lines":"E9, E9a","color":"#0069B4","mode":"tram","arr":["E9","E9a"],"metro":1,"angle":2,"extra":1,"ei":0}},{"type":"Feature","geometry":{"type":"Point","coordinates":[14.170402,40.815553]},"properties":{"lines":"E9, E9a","color":"#0069B4","mode":"tram","arr":["E9","E9a"],"metro":1,"angle":-25.9,"extra":1,"ei":1}},{"type":"Feature","geometry":{"type":"Point","coordinates":[14.172652,40.816371]},"properties":{"lines":"E9, E9a","color":"#0069B4","mode":"tram","arr":["E9","E9a"],"metro":1,"angle":-25.8,"extra":1,"ei":2}},{"type":"Feature","geometry":{"type":"Point","coordinates":[14.174901,40.817191]},"properties":{"lines":"E9, E9a","color":"#0069B4","mode":"tram","arr":["E9","E9a"],"metro":1,"angle":-25.8,"extra":1,"ei":3}},{"type":"Feature","geometry":{"type":"Point","coordinates":[14.177157,40.818]},"properties":{"lines":"E9, E9a","color":"#0069B4","mode":"tram","arr":["E9","E9a"],"metro":1,"angle":-25.2,"extra":1,"ei":4}},{"type":"Feature","geometry":{"type":"Point","coordinates":[14.179389,40.818846]},"properties":{"lines":"E9, E9a","color":"#0069B4","mode":"tram","arr":["E9","E9a"],"metro":1,"angle":-26.3,"extra":1,"ei":5}},{"type":"Feature","geometry":{"type":"Point","coordinates":[14.181638,40.819666]},"properties":{"lines":"E9, E9a","color":"#0069B4","mode":"tram","arr":["E9","E9a"],"metro":1,"angle":-25.6,"extra":1,"ei":6}},{"type":"Feature","geometry":{"type":"Point","coordinates":[14.183892,40.820477]},"properties":{"lines":"E9, E9a","color":"#0069B4","mode":"tram","arr":["E9","E9a"],"metro":1,"angle":-25.3,"extra":1,"ei":7}},{"type":"Feature","geometry":{"type":"Point","coordinates":[14.186153,40.821279]},"properties":{"lines":"E9, E9a","color":"#0069B4","mode":"tram","arr":["E9","E9a"],"metro":1,"angle":-23.1,"extra":1,"ei":8}},{"type":"Feature","geometry":{"type":"Point","coordinates":[14.188514,40.82189]},"properties":{"lines":"E9, E9a","color":"#0069B4","mode":"tram","arr":["E9","E9a"],"metro":1,"angle":-17.9,"extra":1,"ei":9}},{"type":"Feature","geometry":{"type":"Point","coordinates":[14.19088,40.82249]},"properties":{"lines":"E9, E9a","color":"#0069B4","mode":"tram","arr":["E9","E9a"],"metro":1,"angle":-24.3,"extra":1,"ei":10}},{"type":"Feature","geometry":{"type":"Point","coordinates":[14.192692,40.823747]},"properties":{"lines":"E9, E9a","color":"#0069B4","mode":"tram","arr":["E9","E9a"],"metro":1,"angle":-59.9,"extra":1,"ei":11}},{"type":"Feature","geometry":{"type":"Point","coordinates":[14.193675,40.825482]},"properties":{"lines":"E9, E9a","color":"#0069B4","mode":"tram","arr":["E9","E9a"],"metro":1,"angle":-66.9,"extra":1,"ei":12}},{"type":"Feature","geometry":{"type":"Point","coordinates":[14.195414,40.826667]},"properties":{"lines":"E9, E9a","color":"#0069B4","mode":"tram","arr":["E9","E9a"],"metro":1,"angle":-15.6,"extra":1,"ei":13}},{"type":"Feature","geometry":{"type":"Point","coordinates":[14.197823,40.827163]},"properties":{"lines":"E9, E9a","color":"#0069B4","mode":"tram","arr":["E9","E9a"],"metro":1,"angle":-15.2,"extra":1,"ei":14}},{"type":"Feature","geometry":{"type":"Point","coordinates":[14.20024,40.827636]},"properties":{"lines":"E9, E9a","color":"#0069B4","mode":"tram","arr":["E9","E9a"],"metro":1,"angle":-14.7,"extra":1,"ei":15}},{"type":"Feature","geometry":{"type":"Point","coordinates":[14.202651,40.828127]},"properties":{"lines":"E9, E9a","color":"#0069B4","mode":"tram","arr":["E9","E9a"],"metro":1,"angle":-16.2,"extra":1,"ei":16}},{"type":"Feature","geometry":{"type":"Point","coordinates":[14.205005,40.828746]},"properties":{"lines":"E9, E9a","color":"#0069B4","mode":"tram","arr":["E9","E9a"],"metro":1,"angle":-27.3,"extra":1,"ei":17}},{"type":"Feature","geometry":{"type":"Point","coordinates":[14.209279,40.830697]},"properties":{"lines":"E9, E9a","color":"#0069B4","mode":"tram","arr":["E9","E9a"],"metro":1,"angle":-30.9,"extra":1,"ei":18}},{"type":"Feature","geometry":{"type":"Point","coordinates":[14.211421,40.831668]},"properties":{"lines":"E9, E9a","color":"#0069B4","mode":"tram","arr":["E9","E9a"],"metro":1,"angle":-30.9,"extra":1,"ei":19}},{"type":"Feature","geometry":{"type":"Point","coordinates":[14.213562,40.832639]},"properties":{"lines":"E9, E9a","color":"#0069B4","mode":"tram","arr":["E9","E9a"],"metro":1,"angle":-30.9,"extra":1,"ei":20}},{"type":"Feature","geometry":{"type":"Point","coordinates":[14.215703,40.833611]},"properties":{"lines":"E9, E9a","color":"#0069B4","mode":"tram","arr":["E9","E9a"],"metro":1,"angle":-30.9,"extra":1,"ei":21}},{"type":"Feature","geometry":{"type":"Point","coordinates":[14.217849,40.834576]},"properties":{"lines":"E9, E9a","color":"#0069B4","mode":"tram","arr":["E9","E9a"],"metro":1,"angle":-30.8,"extra":1,"ei":22}},{"type":"Feature","geometry":{"type":"Point","coordinates":[14.219831,40.835718]},"properties":{"lines":"E9, E9a","color":"#0069B4","mode":"tram","arr":["E9","E9a"],"metro":1,"angle":-40.2,"extra":1,"ei":23}},{"type":"Feature","geometry":{"type":"Point","coordinates":[14.221744,40.836932]},"properties":{"lines":"E9, E9a","color":"#0069B4","mode":"tram","arr":["E9","E9a"],"metro":1,"angle":-40.2,"extra":1,"ei":24}},{"type":"Feature","geometry":{"type":"Point","coordinates":[14.223496,40.838275]},"properties":{"lines":"E9, E9a","color":"#0069B4","mode":"tram","arr":["E9","E9a"],"metro":1,"angle":-46.3,"extra":1,"ei":25,"side":-1}},{"type":"Feature","geometry":{"type":"Point","coordinates":[14.225506,40.839368]},"properties":{"lines":"E9, E9a","color":"#0069B4","mode":"tram","arr":["E9","E9a"],"metro":1,"angle":-25.3,"extra":1,"ei":26}},{"type":"Feature","geometry":{"type":"Point","coordinates":[14.227738,40.840214]},"properties":{"lines":"E9, E9a","color":"#0069B4","mode":"tram","arr":["E9","E9a"],"metro":1,"angle":-27.5,"extra":1,"ei":27,"side":-1}},{"type":"Feature","geometry":{"type":"Point","coordinates":[14.229953,40.841086]},"properties":{"lines":"E9, E9a","color":"#0069B4","mode":"tram","arr":["E9","E9a"],"metro":1,"angle":-27.5,"extra":1,"ei":28}},{"type":"Feature","geometry":{"type":"Point","coordinates":[14.232167,40.841957]},"properties":{"lines":"E9, E9a","color":"#0069B4","mode":"tram","arr":["E9","E9a"],"metro":1,"angle":-27.5,"extra":1,"ei":29}},{"type":"Feature","geometry":{"type":"Point","coordinates":[14.234398,40.842806]},"properties":{"lines":"E9, E9a","color":"#0069B4","mode":"tram","arr":["E9","E9a"],"metro":1,"angle":-26.5,"extra":1,"ei":30}},{"type":"Feature","geometry":{"type":"Point","coordinates":[14.236633,40.843648]},"properties":{"lines":"E9, E9a","color":"#0069B4","mode":"tram","arr":["E9","E9a"],"metro":1,"angle":-26.6,"extra":1,"ei":31}},{"type":"Feature","geometry":{"type":"Point","coordinates":[14.238855,40.844509]},"properties":{"lines":"E9, E9a","color":"#0069B4","mode":"tram","arr":["E9","E9a"],"metro":1,"angle":-27.2,"extra":1,"ei":32}},{"type":"Feature","geometry":{"type":"Point","coordinates":[14.241076,40.845371]},"properties":{"lines":"E9, E9a","color":"#0069B4","mode":"tram","arr":["E9","E9a"],"metro":1,"angle":-27.2,"extra":1,"ei":33}},{"type":"Feature","geometry":{"type":"Point","coordinates":[14.243304,40.846223]},"properties":{"lines":"E9, E9a","color":"#0069B4","mode":"tram","arr":["E9","E9a"],"metro":1,"angle":-26.5,"extra":1,"ei":34}}]}