{"type":"FeatureCollection","features":[{"type":"Feature","geometry":{"type":"Point","coordinates":[14.249295,40.879123]},"properties":{"name":"Porta Miano","lines":"3M","arr":["3M"],"terminus":1,"mode":"bus","color":"#0059a9","colorDark":"#00294f","angle":122.2,"snapDist":4,"label":1}},{"type":"Feature","geometry":{"type":"Point","coordinates":[14.248669,40.87925]},"properties":{"name":"Miano a Capodimonte","lines":"3M, 178, C67","arr":["3M","178","C67"],"terminus":0,"mode":"bus","color":"#0059a9","colorDark":"#00294f","angle":267.7,"snapDist":2,"label":1}},{"type":"Feature","geometry":{"type":"Point","coordinates":[14.248713,40.876817]},"properties":{"name":"Miano","lines":"3M, 178, C67","arr":["3M","178","C67"],"terminus":0,"mode":"bus","color":"#0059a9","colorDark":"#00294f","angle":272.3,"snapDist":1,"label":1}},{"type":"Feature","geometry":{"type":"Point","coordinates":[14.248576,40.874041]},"properties":{"name":"Miano - L Ieti","lines":"3M, 168, 178, 460, 663, C67","arr":["3M","168","178","460","663","C67"],"terminus":0,"mode":"bus","color":"#0059a9","colorDark":"#00294f","angle":254.5,"snapDist":1,"label":1}},{"type":"Feature","geometry":{"type":"Point","coordinates":[14.24954,40.872003]},"properties":{"name":"Miano - de Martin","lines":"3M, 168, 178, 460, 663, C67","arr":["3M","168","178","460","663","C67"],"terminus":0,"mode":"bus","color":"#0059a9","colorDark":"#00294f","angle":251.6,"snapDist":0,"label":1}},{"type":"Feature","geometry":{"type":"Point","coordinates":[14.250117,40.870197]},"properties":{"name":"Miano - Museo di Capodimonte e Real Bosco","lines":"3M, 168, 178, 460, 663, C67","arr":["3M","168","178","460","663","C67"],"terminus":0,"mode":"bus","color":"#0059a9","colorDark":"#00294f","angle":258.9,"snapDist":3,"label":1}},{"type":"Feature","geometry":{"type":"Point","coordinates":[14.248676,40.866983]},"properties":{"name":"Capodimonte","lines":"3M, 168, 178, 204, 460, C63, C67","arr":["3M","168","178","204","460","C63","C67"],"terminus":1,"mode":"bus","color":"#0059a9","colorDark":"#00294f","angle":62.7,"snapDist":5,"label":1}},{"type":"Feature","geometry":{"type":"Point","coordinates":[14.247422,40.865599]},"properties":{"name":"Capodimonte - Basilica dell'Incoronata e Catacombe di S.Gennaro","lines":"3M, 168, 178, 204, 460, C63, C67","arr":["3M","168","178","204","460","C63","C67"],"terminus":0,"mode":"bus","color":"#0059a9","colorDark":"#00294f","angle":140.6,"snapDist":4,"label":1}},{"type":"Feature","geometry":{"type":"Point","coordinates":[14.248434,40.86483]},"properties":{"name":"Amedeo di Savoia 269","lines":"3M, 168, 178, 204, 460, C63","arr":["3M","168","178","204","460","C63"],"terminus":0,"mode":"bus","color":"#0059a9","colorDark":"#00294f","angle":270.2,"snapDist":6,"label":1}},{"type":"Feature","geometry":{"type":"Point","coordinates":[14.248427,40.862992]},"properties":{"name":"Amedeo di Savoia 205","lines":"3M, 168, 178, 204, 460, C63","arr":["3M","168","178","204","460","C63"],"terminus":0,"mode":"bus","color":"#0059a9","colorDark":"#00294f","angle":270.2,"snapDist":5,"label":1}},{"type":"Feature","geometry":{"type":"Point","coordinates":[14.248433,40.860137]},"properties":{"name":"Amedeo di Savoia 193","lines":"3M, 168, 178, 204, 460, C63","arr":["3M","168","178","204","460","C63"],"terminus":0,"mode":"bus","color":"#0059a9","colorDark":"#00294f","angle":269.3,"snapDist":6,"label":1}},{"type":"Feature","geometry":{"type":"Point","coordinates":[14.248408,40.858569]},"properties":{"name":"S.Teresa degli Scalzi","lines":"3M, 168, 178, 204, 460, C63","arr":["3M","168","178","204","460","C63"],"terminus":0,"mode":"bus","color":"#0059a9","colorDark":"#00294f","angle":270.4,"snapDist":4,"label":1}},{"type":"Feature","geometry":{"type":"Point","coordinates":[14.248392,40.85651]},"properties":{"name":"S.Teresa degli Scalzi","lines":"3M, 168, 178, 204, 460, C63","arr":["3M","168","178","204","460","C63"],"terminus":0,"mode":"bus","color":"#0059a9","colorDark":"#00294f","angle":270.4,"snapDist":5,"label":1}},{"type":"Feature","geometry":{"type":"Point","coordinates":[14.249176,40.854039]},"properties":{"name":"S.Teresa degli Scalzi","lines":"3M, 168, 178, 204, 460, C63","arr":["3M","168","178","204","460","C63"],"terminus":0,"mode":"bus","color":"#0059a9","colorDark":"#00294f","angle":246.7,"snapDist":7,"label":1}},{"type":"Feature","geometry":{"type":"Point","coordinates":[14.249981,40.851501]},"properties":{"name":"Pessina","lines":"3M, 139, 147, 168, 178, 182, 184, 201, 204, 460, 584, C56, C63, N3","arr":["3M","139","147","168","178","182","184","201","204","460","584","C56","C63","N3"],"terminus":0,"mode":"bus","color":"#0059a9","colorDark":"#00294f","angle":266,"snapDist":4,"label":1}},{"type":"Feature","geometry":{"type":"Point","coordinates":[14.249728,40.848533]},"properties":{"name":"Dante - M1","lines":"3M, 139, 168, 178, 182, 184, 201, 204, 460, 584, C63, N3, NAVF2","arr":["3M","139","168","178","182","184","201","204","460","584","C63","N3","NAVF2"],"terminus":1,"mode":"bus","color":"#0059a9","colorDark":"#00294f","angle":291.5,"snapDist":8,"label":1}},{"type":"Feature","geometry":{"type":"Point","coordinates":[14.249963,40.849801]},"properties":{"name":"Dante - PortAlba","lines":"3M, 139, 168, 178, 182, 184, 201, 204, 460, 584, C63, N3, NAVF2","arr":["3M","139","168","178","182","184","201","204","460","584","C63","N3","NAVF2"],"terminus":0,"mode":"bus","color":"#0059a9","colorDark":"#00294f","angle":94.5,"snapDist":11,"label":1}},{"type":"Feature","geometry":{"type":"Point","coordinates":[14.250755,40.851977]},"properties":{"name":"Broggia - Belle Arti","lines":"3M, 139, 168, 178, 182, 184, 201, 204, 460, 584, C63, N3","arr":["3M","139","168","178","182","184","201","204","460","584","C63","N3"],"terminus":0,"mode":"bus","color":"#0059a9","colorDark":"#00294f","angle":174.7,"snapDist":7,"label":1}},{"type":"Feature","geometry":{"type":"Point","coordinates":[14.251608,40.852472]},"properties":{"name":"Costantinopoli","lines":"3M, 139, 147, 168, 178, 182, 184, 201, 201BR, 204, 460, 584, C56, C63, N3","arr":["3M","139","147","168","178","182","184","201","201BR","204","460","584","C56","C63","N3"],"terminus":1,"mode":"bus","color":"#0059a9","colorDark":"#00294f","angle":84.6,"snapDist":8,"label":1}},{"type":"Feature","geometry":{"type":"Point","coordinates":[14.250238,40.85296]},"properties":{"name":"Museo Nazionale","lines":"3M, 139, 147, 168, 178, 204, 460, C63, N3","arr":["3M","139","147","168","178","204","460","C63","N3"],"terminus":1,"mode":"bus","color":"#0059a9","colorDark":"#00294f","angle":343.7,"snapDist":6,"label":1}},{"type":"Feature","geometry":{"type":"Point","coordinates":[14.249005,40.85433]},"properties":{"name":"Santa Teresa degli Scalzi 38","lines":"3M, 168, 178, 204, 460, C63","arr":["3M","168","178","204","460","C63"],"terminus":0,"mode":"bus","color":"#0059a9","colorDark":"#00294f","angle":65.6,"snapDist":7,"label":1}},{"type":"Feature","geometry":{"type":"Point","coordinates":[14.248413,40.855708]},"properties":{"name":"S.Teresa degli Scalzi - Leopardi","lines":"3M, 168, 178, 204, 460, C63","arr":["3M","168","178","204","460","C63"],"terminus":0,"mode":"bus","color":"#0059a9","colorDark":"#00294f","angle":80.1,"snapDist":11,"label":1}},{"type":"Feature","geometry":{"type":"Point","coordinates":[14.248408,40.858641]},"properties":{"name":"S.Teresa degli Scalzi","lines":"3M, 168, 178, 204, 460, C63","arr":["3M","168","178","204","460","C63"],"terminus":0,"mode":"bus","color":"#0059a9","colorDark":"#00294f","angle":89.3,"snapDist":11,"label":0}},{"type":"Feature","geometry":{"type":"Point","coordinates":[14.248434,40.860092]},"properties":{"name":"Amedeo di Savoia 180","lines":"3M, 168, 178, 204, 460, C63","arr":["3M","168","178","204","460","C63"],"terminus":0,"mode":"bus","color":"#0059a9","colorDark":"#00294f","angle":89.3,"snapDist":10,"label":1}},{"type":"Feature","geometry":{"type":"Point","coordinates":[14.248427,40.863039]},"properties":{"name":"Amedeo di Savoia","lines":"3M, 168, 178, 204, 460, C63","arr":["3M","168","178","204","460","C63"],"terminus":0,"mode":"bus","color":"#0059a9","colorDark":"#00294f","angle":90.2,"snapDist":12,"label":1}},{"type":"Feature","geometry":{"type":"Point","coordinates":[14.248434,40.864857]},"properties":{"name":"Amedeo di Savoia 280","lines":"3M, 168, 178, 204, 460, C63","arr":["3M","168","178","204","460","C63"],"terminus":0,"mode":"bus","color":"#0059a9","colorDark":"#00294f","angle":89.4,"snapDist":11,"label":1}},{"type":"Feature","geometry":{"type":"Point","coordinates":[14.248706,40.865476]},"properties":{"name":"Tondo di Capodimonte","lines":"3M, 168, 178, 204, 460, C63, C67","arr":["3M","168","178","204","460","C63","C67"],"terminus":0,"mode":"bus","color":"#0059a9","colorDark":"#00294f","angle":103.5,"snapDist":10,"label":1}},{"type":"Feature","geometry":{"type":"Point","coordinates":[14.247283,40.865609]},"properties":{"name":"Capodimonte - Basilica dell'Incoronata e Catacombe di S.Gennaro","lines":"3M, 168, 178, 204, 460, C63, C67","arr":["3M","168","178","204","460","C63","C67"],"terminus":0,"mode":"bus","color":"#0059a9","colorDark":"#00294f","angle":321.1,"snapDist":2,"label":0}},{"type":"Feature","geometry":{"type":"Point","coordinates":[14.248727,40.866498]},"properties":{"name":"Capodimonte","lines":"3M, 168, 178, 204, 460, C63, C67","arr":["3M","168","178","204","460","C63","C67"],"terminus":0,"mode":"bus","color":"#0059a9","colorDark":"#00294f","angle":255.5,"snapDist":3,"label":0}},{"type":"Feature","geometry":{"type":"Point","coordinates":[14.250002,40.870641]},"properties":{"name":"Miano - Museo di Capodimonte e Real Bosco","lines":"3M, 168, 178, 460, 663, C65, C67","arr":["3M","168","178","460","663","C65","C67"],"terminus":0,"mode":"bus","color":"#0059a9","colorDark":"#00294f","angle":79.1,"snapDist":9,"label":0}},{"type":"Feature","geometry":{"type":"Point","coordinates":[14.24918,40.872783]},"properties":{"name":"Miano","lines":"3M, 168, 178, 460, 663, C65, C67","arr":["3M","168","178","460","663","C65","C67"],"terminus":0,"mode":"bus","color":"#0059a9","colorDark":"#00294f","angle":69.3,"snapDist":11,"label":1}},{"type":"Feature","geometry":{"type":"Point","coordinates":[14.248585,40.875209]},"properties":{"name":"Miano - Deposito A.N.M Garittone","lines":"3M, 178, C67","arr":["3M","178","C67"],"terminus":0,"mode":"bus","color":"#0059a9","colorDark":"#00294f","angle":96.1,"snapDist":13,"label":1}},{"type":"Feature","geometry":{"type":"Point","coordinates":[14.248725,40.877039]},"properties":{"name":"Miano - Poste","lines":"3M, 178, C67","arr":["3M","178","C67"],"terminus":0,"mode":"bus","color":"#0059a9","colorDark":"#00294f","angle":92.3,"snapDist":11,"label":1}},{"type":"Feature","geometry":{"type":"Point","coordinates":[14.24868,40.878997]},"properties":{"name":"Miano","lines":"3M, 178, C67","arr":["3M","178","C67"],"terminus":0,"mode":"bus","color":"#0059a9","colorDark":"#00294f","angle":88.8,"snapDist":10,"label":1}},{"type":"Feature","geometry":{"type":"Point","coordinates":[14.336304,40.811086]},"properties":{"name":"Gianturco","lines":"5, 158, 176, 177","arr":["5","158","176","177"],"terminus":1,"mode":"bus","color":"#0059a9","colorDark":"#00294f","angle":248.9,"snapDist":36,"label":1}},{"type":"Feature","geometry":{"type":"Point","coordinates":[14.335938,40.812685]},"properties":{"name":"Gianturco","lines":"5, 176, 177","arr":["5","176","177"],"terminus":0,"mode":"bus","color":"#0059a9","colorDark":"#00294f","angle":88.4,"snapDist":9,"label":0}},{"type":"Feature","geometry":{"type":"Point","coordinates":[14.338774,40.813951]},"properties":{"name":"San Ciro","lines":"5, 158, 176, 177, 254, 455","arr":["5","158","176","177","254","455"],"terminus":0,"mode":"bus","color":"#0059a9","colorDark":"#00294f","angle":229.4,"snapDist":9,"label":1}},{"type":"Feature","geometry":{"type":"Point","coordinates":[14.337287,40.811115]},"properties":{"name":"Umberto - Villa Comunale","lines":"5, 158, 176, 177, 455","arr":["5","158","176","177","455"],"terminus":0,"mode":"bus","color":"#0059a9","colorDark":"#00294f","angle":294,"snapDist":1,"label":1}},{"type":"Feature","geometry":{"type":"Point","coordinates":[14.338059,40.808362]},"properties":{"name":"Marittima","lines":"5, 176, 177, 455","arr":["5","176","177","455"],"terminus":0,"mode":"bus","color":"#0059a9","colorDark":"#00294f","angle":230.2,"snapDist":2,"label":1}},{"type":"Feature","geometry":{"type":"Point","coordinates":[14.339664,40.806948]},"properties":{"name":"Marittima","lines":"5, 176, 177, 455","arr":["5","176","177","455"],"terminus":0,"mode":"bus","color":"#0059a9","colorDark":"#00294f","angle":229.3,"snapDist":3,"label":0}},{"type":"Feature","geometry":{"type":"Point","coordinates":[14.340706,40.806038]},"properties":{"name":"Consiglio","lines":"5, 176, 177, 455","arr":["5","176","177","455"],"terminus":0,"mode":"bus","color":"#0059a9","colorDark":"#00294f","angle":228.2,"snapDist":3,"label":1}},{"type":"Feature","geometry":{"type":"Point","coordinates":[14.344392,40.80321]},"properties":{"name":"Umberto","lines":"5, 176, 177, 455","arr":["5","176","177","455"],"terminus":0,"mode":"bus","color":"#0059a9","colorDark":"#00294f","angle":218,"snapDist":3,"label":1}},{"type":"Feature","geometry":{"type":"Point","coordinates":[14.346741,40.801825]},"properties":{"name":"Umberto","lines":"5, 176, 177, 455","arr":["5","176","177","455"],"terminus":0,"mode":"bus","color":"#0059a9","colorDark":"#00294f","angle":218,"snapDist":4,"label":1}},{"type":"Feature","geometry":{"type":"Point","coordinates":[14.349372,40.800277]},"properties":{"name":"Umberto","lines":"5, 176, 177, 455","arr":["5","176","177","455"],"terminus":0,"mode":"bus","color":"#0059a9","colorDark":"#00294f","angle":217.6,"snapDist":2,"label":1}},{"type":"Feature","geometry":{"type":"Point","coordinates":[14.3517,40.801543]},"properties":{"name":"Gen. Niglio","lines":"5, 176, 177","arr":["5","176","177"],"terminus":0,"mode":"bus","color":"#0059a9","colorDark":"#00294f","angle":140.7,"snapDist":7,"label":1}},{"type":"Feature","geometry":{"type":"Point","coordinates":[14.35241,40.802687]},"properties":{"name":"Resina - Villa Durante","lines":"5, 176, 177","arr":["5","176","177"],"terminus":0,"mode":"bus","color":"#0059a9","colorDark":"#00294f","angle":52.9,"snapDist":9,"label":1}},{"type":"Feature","geometry":{"type":"Point","coordinates":[14.353084,40.803708]},"properties":{"name":"Moro","lines":"5, 176, 177","arr":["5","176","177"],"terminus":0,"mode":"bus","color":"#0059a9","colorDark":"#00294f","angle":170.2,"snapDist":7,"label":1}},{"type":"Feature","geometry":{"type":"Point","coordinates":[14.35405,40.804137]},"properties":{"name":"Moro","lines":"5, 176, 177","arr":["5","176","177"],"terminus":0,"mode":"bus","color":"#0059a9","colorDark":"#00294f","angle":128.7,"snapDist":9,"label":0}},{"type":"Feature","geometry":{"type":"Point","coordinates":[14.355093,40.805281]},"properties":{"name":"Gramsci","lines":"5, 176, 177","arr":["5","176","177"],"terminus":0,"mode":"bus","color":"#0059a9","colorDark":"#00294f","angle":114.2,"snapDist":9,"label":1}},{"type":"Feature","geometry":{"type":"Point","coordinates":[14.354917,40.806497]},"properties":{"name":"Tirone di Moccia","lines":"5, 176, 177","arr":["5","176","177"],"terminus":0,"mode":"bus","color":"#0059a9","colorDark":"#00294f","angle":47.5,"snapDist":7,"label":1}},{"type":"Feature","geometry":{"type":"Point","coordinates":[14.35311,40.807876]},"properties":{"name":"Tirone di Moccia","lines":"5, 176, 177","arr":["5","176","177"],"terminus":0,"mode":"bus","color":"#0059a9","colorDark":"#00294f","angle":55.9,"snapDist":6,"label":0}},{"type":"Feature","geometry":{"type":"Point","coordinates":[14.354187,40.808456]},"properties":{"name":"Panoramica","lines":"5, 176, 177","arr":["5","176","177"],"terminus":0,"mode":"bus","color":"#0059a9","colorDark":"#00294f","angle":194.9,"snapDist":11,"label":1}},{"type":"Feature","geometry":{"type":"Point","coordinates":[14.356362,40.808515]},"properties":{"name":"Panoramica","lines":"5, 176, 177","arr":["5","176","177"],"terminus":0,"mode":"bus","color":"#0059a9","colorDark":"#00294f","angle":60.9,"snapDist":6,"label":0}},{"type":"Feature","geometry":{"type":"Point","coordinates":[14.356897,40.81008]},"properties":{"name":"Panoramica","lines":"5, 176, 177","arr":["5","176","177"],"terminus":0,"mode":"bus","color":"#0059a9","colorDark":"#00294f","angle":131.3,"snapDist":8,"label":1}},{"type":"Feature","geometry":{"type":"Point","coordinates":[14.357516,40.812031]},"properties":{"name":"Panoramica","lines":"5, 176, 177","arr":["5","176","177"],"terminus":0,"mode":"bus","color":"#0059a9","colorDark":"#00294f","angle":52.3,"snapDist":7,"label":1}},{"type":"Feature","geometry":{"type":"Point","coordinates":[14.356783,40.812735]},"properties":{"name":"Panoramica","lines":"5, 176, 177","arr":["5","176","177"],"terminus":0,"mode":"bus","color":"#0059a9","colorDark":"#00294f","angle":52.8,"snapDist":9,"label":0}},{"type":"Feature","geometry":{"type":"Point","coordinates":[14.363722,40.818028]},"properties":{"name":"Cozzolino - Semmola","lines":"5","arr":["5"],"terminus":0,"mode":"bus","color":"#0059a9","colorDark":"#00294f","angle":209.8,"snapDist":5,"label":1}},{"type":"Feature","geometry":{"type":"Point","coordinates":[14.36599,40.816268]},"properties":{"name":"Cozzolino","lines":"5","arr":["5"],"terminus":0,"mode":"bus","color":"#0059a9","colorDark":"#00294f","angle":250.8,"snapDist":2,"label":1}},{"type":"Feature","geometry":{"type":"Point","coordinates":[14.366434,40.815206]},"properties":{"name":"Cozzolino","lines":"5","arr":["5"],"terminus":0,"mode":"bus","color":"#0059a9","colorDark":"#00294f","angle":252.8,"snapDist":5,"label":0}},{"type":"Feature","geometry":{"type":"Point","coordinates":[14.366862,40.814159]},"properties":{"name":"Cozzolino","lines":"5","arr":["5"],"terminus":0,"mode":"bus","color":"#0059a9","colorDark":"#00294f","angle":252.8,"snapDist":0,"label":1}},{"type":"Feature","geometry":{"type":"Point","coordinates":[14.368123,40.811146]},"properties":{"name":"Cozzolino","lines":"5","arr":["5"],"terminus":0,"mode":"bus","color":"#0059a9","colorDark":"#00294f","angle":251.5,"snapDist":5,"label":1}},{"type":"Feature","geometry":{"type":"Point","coordinates":[14.368735,40.807927]},"properties":{"name":"Cozzolino","lines":"5","arr":["5"],"terminus":0,"mode":"bus","color":"#0059a9","colorDark":"#00294f","angle":248.4,"snapDist":4,"label":1}},{"type":"Feature","geometry":{"type":"Point","coordinates":[14.370783,40.804022]},"properties":{"name":"Cozzolino","lines":"5","arr":["5"],"terminus":0,"mode":"bus","color":"#0059a9","colorDark":"#00294f","angle":256.7,"snapDist":2,"label":1}},{"type":"Feature","geometry":{"type":"Point","coordinates":[14.37158,40.802143]},"properties":{"name":"Cozzolino","lines":"5","arr":["5"],"terminus":0,"mode":"bus","color":"#0059a9","colorDark":"#00294f","angle":237.6,"snapDist":2,"label":0}},{"type":"Feature","geometry":{"type":"Point","coordinates":[14.373616,40.799973]},"properties":{"name":"Cozzolino","lines":"5","arr":["5"],"terminus":0,"mode":"bus","color":"#0059a9","colorDark":"#00294f","angle":229.7,"snapDist":5,"label":1}},{"type":"Feature","geometry":{"type":"Point","coordinates":[14.376267,40.797368]},"properties":{"name":"Cozzolino","lines":"5","arr":["5"],"terminus":0,"mode":"bus","color":"#0059a9","colorDark":"#00294f","angle":238.3,"snapDist":4,"label":1}},{"type":"Feature","geometry":{"type":"Point","coordinates":[14.37862,40.797087]},"properties":{"name":"De Nicola","lines":"5","arr":["5"],"terminus":0,"mode":"bus","color":"#0059a9","colorDark":"#00294f","angle":113.7,"snapDist":10,"label":1}},{"type":"Feature","geometry":{"type":"Point","coordinates":[14.379001,40.798637]},"properties":{"name":"De Nicola","lines":"5","arr":["5"],"terminus":0,"mode":"bus","color":"#0059a9","colorDark":"#00294f","angle":79.8,"snapDist":8,"label":0}},{"type":"Feature","geometry":{"type":"Point","coordinates":[14.37768,40.802114]},"properties":{"name":"Vesuvio","lines":"5","arr":["5"],"terminus":0,"mode":"bus","color":"#0059a9","colorDark":"#00294f","angle":71,"snapDist":20,"label":1}},{"type":"Feature","geometry":{"type":"Point","coordinates":[14.377517,40.805378]},"properties":{"name":"Vesuvio","lines":"5","arr":["5"],"terminus":0,"mode":"bus","color":"#0059a9","colorDark":"#00294f","angle":100.5,"snapDist":11,"label":1}},{"type":"Feature","geometry":{"type":"Point","coordinates":[14.377097,40.807096]},"properties":{"name":"Vesuvio","lines":"5","arr":["5"],"terminus":0,"mode":"bus","color":"#0059a9","colorDark":"#00294f","angle":86,"snapDist":10,"label":0}},{"type":"Feature","geometry":{"type":"Point","coordinates":[14.37828,40.810263]},"properties":{"name":"Vesuvio","lines":"5","arr":["5"],"terminus":0,"mode":"bus","color":"#0059a9","colorDark":"#00294f","angle":127,"snapDist":9,"label":1}},{"type":"Feature","geometry":{"type":"Point","coordinates":[14.382844,40.819969]},"properties":{"name":"Vesuvio","lines":"5","arr":["5"],"terminus":1,"mode":"bus","color":"#0059a9","colorDark":"#00294f","angle":106.7,"snapDist":7,"label":1}},{"type":"Feature","geometry":{"type":"Point","coordinates":[14.383159,40.816335]},"properties":{"name":"Vesuvio","lines":"5","arr":["5"],"terminus":0,"mode":"bus","color":"#0059a9","colorDark":"#00294f","angle":261.9,"snapDist":6,"label":1}},{"type":"Feature","geometry":{"type":"Point","coordinates":[14.37729,40.809201]},"properties":{"name":"Vesuvio","lines":"5","arr":["5"],"terminus":0,"mode":"bus","color":"#0059a9","colorDark":"#00294f","angle":299.2,"snapDist":1,"label":0}},{"type":"Feature","geometry":{"type":"Point","coordinates":[14.377096,40.807291]},"properties":{"name":"Vesuvio","lines":"5","arr":["5"],"terminus":0,"mode":"bus","color":"#0059a9","colorDark":"#00294f","angle":270,"snapDist":0,"label":0}},{"type":"Feature","geometry":{"type":"Point","coordinates":[14.37741,40.804979]},"properties":{"name":"Vesuvio","lines":"5","arr":["5"],"terminus":0,"mode":"bus","color":"#0059a9","colorDark":"#00294f","angle":282.9,"snapDist":1,"label":0}},{"type":"Feature","geometry":{"type":"Point","coordinates":[14.377704,40.802062]},"properties":{"name":"Vesuvio","lines":"5","arr":["5"],"terminus":0,"mode":"bus","color":"#0059a9","colorDark":"#00294f","angle":251,"snapDist":10,"label":0}},{"type":"Feature","geometry":{"type":"Point","coordinates":[14.378431,40.800179]},"properties":{"name":"De Nicola","lines":"5","arr":["5"],"terminus":0,"mode":"bus","color":"#0059a9","colorDark":"#00294f","angle":254.4,"snapDist":5,"label":1}},{"type":"Feature","geometry":{"type":"Point","coordinates":[14.378827,40.797484]},"properties":{"name":"De Nicola","lines":"5","arr":["5"],"terminus":0,"mode":"bus","color":"#0059a9","colorDark":"#00294f","angle":289.8,"snapDist":0,"label":0}},{"type":"Feature","geometry":{"type":"Point","coordinates":[14.376363,40.797251]},"properties":{"name":"Cozzolino","lines":"5","arr":["5"],"terminus":0,"mode":"bus","color":"#0059a9","colorDark":"#00294f","angle":58.5,"snapDist":8,"label":0}},{"type":"Feature","geometry":{"type":"Point","coordinates":[14.373465,40.800117]},"properties":{"name":"Cozzolino","lines":"5","arr":["5"],"terminus":0,"mode":"bus","color":"#0059a9","colorDark":"#00294f","angle":58.2,"snapDist":9,"label":0}},{"type":"Feature","geometry":{"type":"Point","coordinates":[14.372139,40.80158]},"properties":{"name":"Cozzolino","lines":"5","arr":["5"],"terminus":0,"mode":"bus","color":"#0059a9","colorDark":"#00294f","angle":50.4,"snapDist":7,"label":0}},{"type":"Feature","geometry":{"type":"Point","coordinates":[14.368942,40.807526]},"properties":{"name":"Cozzolino","lines":"5","arr":["5"],"terminus":0,"mode":"bus","color":"#0059a9","colorDark":"#00294f","angle":64.2,"snapDist":8,"label":0}},{"type":"Feature","geometry":{"type":"Point","coordinates":[14.368286,40.810714]},"properties":{"name":"Cozzolino","lines":"5","arr":["5"],"terminus":0,"mode":"bus","color":"#0059a9","colorDark":"#00294f","angle":76.4,"snapDist":12,"label":0}},{"type":"Feature","geometry":{"type":"Point","coordinates":[14.366837,40.81422]},"properties":{"name":"Cozzolino","lines":"5","arr":["5"],"terminus":0,"mode":"bus","color":"#0059a9","colorDark":"#00294f","angle":72.8,"snapDist":9,"label":0}},{"type":"Feature","geometry":{"type":"Point","coordinates":[14.365971,40.816311]},"properties":{"name":"Cozzolino","lines":"5","arr":["5"],"terminus":0,"mode":"bus","color":"#0059a9","colorDark":"#00294f","angle":70.8,"snapDist":9,"label":0}},{"type":"Feature","geometry":{"type":"Point","coordinates":[14.36381,40.81799]},"properties":{"name":"Cozzolino - Semmola","lines":"5","arr":["5"],"terminus":0,"mode":"bus","color":"#0059a9","colorDark":"#00294f","angle":29.8,"snapDist":5,"label":0}},{"type":"Feature","geometry":{"type":"Point","coordinates":[14.361836,40.818304]},"properties":{"name":"Cook","lines":"5, 176, 177","arr":["5","176","177"],"terminus":0,"mode":"bus","color":"#0059a9","colorDark":"#00294f","angle":332.7,"snapDist":1,"label":1}},{"type":"Feature","geometry":{"type":"Point","coordinates":[14.356152,40.813622]},"properties":{"name":"Ulivi","lines":"5, 176, 177","arr":["5","176","177"],"terminus":0,"mode":"bus","color":"#0059a9","colorDark":"#00294f","angle":266,"snapDist":1,"label":1}},{"type":"Feature","geometry":{"type":"Point","coordinates":[14.357835,40.81169]},"properties":{"name":"Panoramica","lines":"5, 176, 177","arr":["5","176","177"],"terminus":0,"mode":"bus","color":"#0059a9","colorDark":"#00294f","angle":250.2,"snapDist":3,"label":0}},{"type":"Feature","geometry":{"type":"Point","coordinates":[14.356675,40.809889]},"properties":{"name":"Panoramica","lines":"5, 176, 177","arr":["5","176","177"],"terminus":0,"mode":"bus","color":"#0059a9","colorDark":"#00294f","angle":311.3,"snapDist":2,"label":0}},{"type":"Feature","geometry":{"type":"Point","coordinates":[14.354644,40.804677]},"properties":{"name":"Gramsci","lines":"5, 176, 177","arr":["5","176","177"],"terminus":0,"mode":"bus","color":"#0059a9","colorDark":"#00294f","angle":310.7,"snapDist":0,"label":0}},{"type":"Feature","geometry":{"type":"Point","coordinates":[14.354051,40.804138]},"properties":{"name":"Moro","lines":"5, 176, 177","arr":["5","176","177"],"terminus":0,"mode":"bus","color":"#0059a9","colorDark":"#00294f","angle":308.7,"snapDist":1,"label":0}},{"type":"Feature","geometry":{"type":"Point","coordinates":[14.352833,40.803677]},"properties":{"name":"Moro","lines":"5, 176, 177","arr":["5","176","177"],"terminus":0,"mode":"bus","color":"#0059a9","colorDark":"#00294f","angle":351.5,"snapDist":2,"label":0}},{"type":"Feature","geometry":{"type":"Point","coordinates":[14.351333,40.802997]},"properties":{"name":"Plinio","lines":"5","arr":["5"],"terminus":0,"mode":"bus","color":"#0059a9","colorDark":"#00294f","angle":318.2,"snapDist":3,"label":1}},{"type":"Feature","geometry":{"type":"Point","coordinates":[14.350452,40.802354]},"properties":{"name":"Plinio","lines":"5","arr":["5"],"terminus":0,"mode":"bus","color":"#0059a9","colorDark":"#00294f","angle":314.8,"snapDist":0,"label":0}},{"type":"Feature","geometry":{"type":"Point","coordinates":[14.347328,40.801478]},"properties":{"name":"Umberto","lines":"5","arr":["5"],"terminus":0,"mode":"bus","color":"#0059a9","colorDark":"#00294f","angle":38,"snapDist":4,"label":0}},{"type":"Feature","geometry":{"type":"Point","coordinates":[14.3444,40.803206]},"properties":{"name":"Umberto","lines":"5","arr":["5"],"terminus":0,"mode":"bus","color":"#0059a9","colorDark":"#00294f","angle":38,"snapDist":6,"label":0}},{"type":"Feature","geometry":{"type":"Point","coordinates":[14.34057,40.806154]},"properties":{"name":"Consiglio","lines":"5","arr":["5"],"terminus":0,"mode":"bus","color":"#0059a9","colorDark":"#00294f","angle":48.6,"snapDist":6,"label":0}},{"type":"Feature","geometry":{"type":"Point","coordinates":[14.33678,40.810041]},"properties":{"name":"San Pasquale","lines":"5","arr":["5"],"terminus":0,"mode":"bus","color":"#0059a9","colorDark":"#00294f","angle":66.5,"snapDist":8,"label":1}},{"type":"Feature","geometry":{"type":"Point","coordinates":[14.338796,40.81419]},"properties":{"name":"San Ciro","lines":"5, 158, 176, 177","arr":["5","158","176","177"],"terminus":0,"mode":"bus","color":"#0059a9","colorDark":"#00294f","angle":330.1,"snapDist":13,"label":0}},{"type":"Feature","geometry":{"type":"Point","coordinates":[14.335933,40.812813]},"properties":{"name":"Gianturco","lines":"5, 176, 177","arr":["5","176","177"],"terminus":0,"mode":"bus","color":"#0059a9","colorDark":"#00294f","angle":268.4,"snapDist":2,"label":0}},{"type":"Feature","geometry":{"type":"Point","coordinates":[14.280479,40.846656]},"properties":{"name":"Brin - Attestamento","lines":"116, 154, 173A, 175, 194, 196, 196BR, 455, 460, 472, 475, N1, N3, N5","arr":["116","154","173A","175","194","196","196BR","455","460","472","475","N1","N3","N5"],"terminus":1,"mode":"bus","color":"#0059a9","colorDark":"#00294f","angle":150.9,"snapDist":10,"label":1}},{"type":"Feature","geometry":{"type":"Point","coordinates":[14.280101,40.845789]},"properties":{"name":"Volta - Brin","lines":"116, 154, 173A, 175, 194, 196, 196BR, 455, 460, 472, 475, N1, N3, N5, R2","arr":["116","154","173A","175","194","196","196BR","455","460","472","475","N1","N3","N5","R2"],"terminus":0,"mode":"bus","color":"#0059a9","colorDark":"#00294f","angle":30.1,"snapDist":5,"label":0}},{"type":"Feature","geometry":{"type":"Point","coordinates":[14.278163,40.846572]},"properties":{"name":"Volta - Lucci","lines":"116, 154, 173A, 175, 196, 455, 460, 472, 475, N1, N3, N5, R2","arr":["116","154","173A","175","196","455","460","472","475","N1","N3","N5","R2"],"terminus":0,"mode":"bus","color":"#0059a9","colorDark":"#00294f","angle":20.6,"snapDist":5,"label":1}},{"type":"Feature","geometry":{"type":"Point","coordinates":[14.276606,40.846726]},"properties":{"name":"Vespucci - Lucci","lines":"116, 154, 175, 195, 196, 254, 421A, 472, 475","arr":["116","154","175","195","196","254","421A","472","475"],"terminus":0,"mode":"bus","color":"#0059a9","colorDark":"#00294f","angle":360,"snapDist":3,"label":1}},{"type":"Feature","geometry":{"type":"Point","coordinates":[14.274747,40.846661]},"properties":{"name":"Vespucci - Prefettura","lines":"116, 154, 175, 195, 196, 254, 472, 475","arr":["116","154","175","195","196","254","472","475"],"terminus":0,"mode":"bus","color":"#0059a9","colorDark":"#00294f","angle":355.4,"snapDist":1,"label":1}},{"type":"Feature","geometry":{"type":"Point","coordinates":[14.272338,40.846506]},"properties":{"name":"Vespucci - Loreto Mare Ospedale","lines":"116, 154, 175, 195, 196, 254, 472, 475","arr":["116","154","175","195","196","254","472","475"],"terminus":0,"mode":"bus","color":"#0059a9","colorDark":"#00294f","angle":355.2,"snapDist":3,"label":1}},{"type":"Feature","geometry":{"type":"Point","coordinates":[14.270107,40.846355]},"properties":{"name":"Vespucci - Garibaldi","lines":"116, 154, 175, 195, 196, 254, 472, 475","arr":["116","154","175","195","196","254","472","475"],"terminus":0,"mode":"bus","color":"#0059a9","colorDark":"#00294f","angle":355.1,"snapDist":4,"label":1}},{"type":"Feature","geometry":{"type":"Point","coordinates":[14.268683,40.849171]},"properties":{"name":"Garibaldi - Circumvesuviana","lines":"116, 151, 175, 195, 196, 254, 472, 475","arr":["116","151","175","195","196","254","472","475"],"terminus":1,"mode":"bus","color":"#0059a9","colorDark":"#00294f","angle":82.2,"snapDist":6,"label":1}},{"type":"Feature","geometry":{"type":"Point","coordinates":[14.268258,40.851636]},"properties":{"name":"Garibaldi","lines":"116, 151, 175, 195, 254, 472, 475","arr":["116","151","175","195","254","472","475"],"terminus":0,"mode":"bus","color":"#0059a9","colorDark":"#00294f","angle":82.4,"snapDist":7,"label":0}},{"type":"Feature","geometry":{"type":"Point","coordinates":[14.272051,40.851205]},"properties":{"name":"Garibaldi - Lucci","lines":"116, 175, 195, 196, 472, 475, N1, N3, R2","arr":["116","175","195","196","472","475","N1","N3","R2"],"terminus":0,"mode":"bus","color":"#0059a9","colorDark":"#00294f","angle":241.1,"snapDist":5,"label":1}},{"type":"Feature","geometry":{"type":"Point","coordinates":[14.275487,40.850487]},"properties":{"name":"Galileo Ferraris - Circumvesuviana E.A.V.","lines":"116, 175, 196, 472, 475, N1, N3, R2","arr":["116","175","196","472","475","N1","N3","R2"],"terminus":0,"mode":"bus","color":"#0059a9","colorDark":"#00294f","angle":183.6,"snapDist":8,"label":1}},{"type":"Feature","geometry":{"type":"Point","coordinates":[14.279167,40.849908]},"properties":{"name":"Galileo Ferraris","lines":"116, 196, 472, 475, N1, N3, R2","arr":["116","196","472","475","N1","N3","R2"],"terminus":0,"mode":"bus","color":"#0059a9","colorDark":"#00294f","angle":198.9,"snapDist":7,"label":1}},{"type":"Feature","geometry":{"type":"Point","coordinates":[14.28084,40.849475]},"properties":{"name":"Galileo Ferraris - Poste","lines":"116, 196, 472, 475, N1, N3, R2","arr":["116","196","472","475","N1","N3","R2"],"terminus":0,"mode":"bus","color":"#0059a9","colorDark":"#00294f","angle":198.9,"snapDist":7,"label":1}},{"type":"Feature","geometry":{"type":"Point","coordinates":[14.282882,40.849387]},"properties":{"name":"Galileo Ferraris - Brin","lines":"116, 196, 472, 475, N1, N3, R2","arr":["116","196","472","475","N1","N3","R2"],"terminus":0,"mode":"bus","color":"#0059a9","colorDark":"#00294f","angle":172.4,"snapDist":9,"label":1}},{"type":"Feature","geometry":{"type":"Point","coordinates":[14.286475,40.849761]},"properties":{"name":"Galileo Ferraris - Questura","lines":"116, 196, 196BR, 475","arr":["116","196","196BR","475"],"terminus":0,"mode":"bus","color":"#0059a9","colorDark":"#00294f","angle":172.5,"snapDist":9,"label":1}},{"type":"Feature","geometry":{"type":"Point","coordinates":[14.288818,40.849797]},"properties":{"name":"Galileo Ferraris - Gianturco","lines":"116, 196, 196BR, 475","arr":["116","196","196BR","475"],"terminus":0,"mode":"bus","color":"#0059a9","colorDark":"#00294f","angle":188.1,"snapDist":11,"label":1}},{"type":"Feature","geometry":{"type":"Point","coordinates":[14.291484,40.849141]},"properties":{"name":"Galileo Ferraris - Brecce a Sant'Erasmo","lines":"116, 196, 196BR, 475","arr":["116","196","196BR","475"],"terminus":0,"mode":"bus","color":"#0059a9","colorDark":"#00294f","angle":197.9,"snapDist":11,"label":1}},{"type":"Feature","geometry":{"type":"Point","coordinates":[14.294799,40.848161]},"properties":{"name":"Galileo Ferraris - Manifattura Tabacchi","lines":"116, 196, 196BR, 475","arr":["116","196","196BR","475"],"terminus":0,"mode":"bus","color":"#0059a9","colorDark":"#00294f","angle":203.6,"snapDist":9,"label":1}},{"type":"Feature","geometry":{"type":"Point","coordinates":[14.299665,40.846384]},"properties":{"name":"Ferraris","lines":"116, 196, 196BR, 475","arr":["116","196","196BR","475"],"terminus":0,"mode":"bus","color":"#0059a9","colorDark":"#00294f","angle":204.1,"snapDist":5,"label":1}},{"type":"Feature","geometry":{"type":"Point","coordinates":[14.302167,40.845402]},"properties":{"name":"Repubbliche Marinare - Autostrade","lines":"116, 196, 196BR, 475","arr":["116","196","196BR","475"],"terminus":0,"mode":"bus","color":"#0059a9","colorDark":"#00294f","angle":180.3,"snapDist":4,"label":1}},{"type":"Feature","geometry":{"type":"Point","coordinates":[14.301746,40.843598]},"properties":{"name":"Testa","lines":"116, 195, 472","arr":["116","195","472"],"terminus":0,"mode":"bus","color":"#0059a9","colorDark":"#00294f","angle":217.6,"snapDist":7,"label":1}},{"type":"Feature","geometry":{"type":"Point","coordinates":[14.305274,40.842724]},"properties":{"name":"Volpicella","lines":"116, 472","arr":["116","472"],"terminus":0,"mode":"bus","color":"#0059a9","colorDark":"#00294f","angle":139,"snapDist":11,"label":1}},{"type":"Feature","geometry":{"type":"Point","coordinates":[14.306443,40.843493]},"properties":{"name":"Volpicella - Repubbliche Marinare","lines":"116, 472","arr":["116","472"],"terminus":0,"mode":"bus","color":"#0059a9","colorDark":"#00294f","angle":139,"snapDist":12,"label":1}},{"type":"Feature","geometry":{"type":"Point","coordinates":[14.307662,40.843316]},"properties":{"name":"Repubbliche Marinare","lines":"116, 472, 475","arr":["116","472","475"],"terminus":0,"mode":"bus","color":"#0059a9","colorDark":"#00294f","angle":205.9,"snapDist":6,"label":1}},{"type":"Feature","geometry":{"type":"Point","coordinates":[14.3097,40.843271]},"properties":{"name":"Achille Lauro","lines":"116","arr":["116"],"terminus":0,"mode":"bus","color":"#0059a9","colorDark":"#00294f","angle":151.4,"snapDist":10,"label":1}},{"type":"Feature","geometry":{"type":"Point","coordinates":[14.312315,40.845646]},"properties":{"name":"Achille Lauro","lines":"116","arr":["116"],"terminus":0,"mode":"bus","color":"#0059a9","colorDark":"#00294f","angle":97.6,"snapDist":11,"label":1}},{"type":"Feature","geometry":{"type":"Point","coordinates":[14.314428,40.846139]},"properties":{"name":"Volpicella","lines":"116","arr":["116"],"terminus":0,"mode":"bus","color":"#0059a9","colorDark":"#00294f","angle":175,"snapDist":7,"label":1}},{"type":"Feature","geometry":{"type":"Point","coordinates":[14.319302,40.846798]},"properties":{"name":"Volpicella - Cavalcavia Autostrada","lines":"116, 195, 472","arr":["116","195","472"],"terminus":0,"mode":"bus","color":"#0059a9","colorDark":"#00294f","angle":167.3,"snapDist":8,"label":1}},{"type":"Feature","geometry":{"type":"Point","coordinates":[14.320894,40.847081]},"properties":{"name":"Volpicella - Abbeveratoio","lines":"116, 195, 472","arr":["116","195","472"],"terminus":0,"mode":"bus","color":"#0059a9","colorDark":"#00294f","angle":162.2,"snapDist":11,"label":1}},{"type":"Feature","geometry":{"type":"Point","coordinates":[14.323106,40.84811]},"properties":{"name":"Volpicella","lines":"116, 195, 472","arr":["116","195","472"],"terminus":0,"mode":"bus","color":"#0059a9","colorDark":"#00294f","angle":149.3,"snapDist":11,"label":1}},{"type":"Feature","geometry":{"type":"Point","coordinates":[14.324373,40.84866]},"properties":{"name":"Volpicella","lines":"116, 195, 472","arr":["116","195","472"],"terminus":0,"mode":"bus","color":"#0059a9","colorDark":"#00294f","angle":151.8,"snapDist":7,"label":0}},{"type":"Feature","geometry":{"type":"Point","coordinates":[14.326238,40.849402]},"properties":{"name":"Volpicella","lines":"116, 195, 472","arr":["116","195","472"],"terminus":0,"mode":"bus","color":"#0059a9","colorDark":"#00294f","angle":151.6,"snapDist":8,"label":1}},{"type":"Feature","geometry":{"type":"Point","coordinates":[14.328364,40.850164]},"properties":{"name":"Volpicella","lines":"116, 195, 472","arr":["116","195","472"],"terminus":0,"mode":"bus","color":"#0059a9","colorDark":"#00294f","angle":157.2,"snapDist":9,"label":0}},{"type":"Feature","geometry":{"type":"Point","coordinates":[14.331692,40.851153]},"properties":{"name":"De Meis - Longo","lines":"116, 195, 472","arr":["116","195","472"],"terminus":0,"mode":"bus","color":"#0059a9","colorDark":"#00294f","angle":159.1,"snapDist":10,"label":1}},{"type":"Feature","geometry":{"type":"Point","coordinates":[14.332319,40.851094]},"properties":{"name":"Bartolo Longo","lines":"116, 195","arr":["116","195"],"terminus":0,"mode":"bus","color":"#0059a9","colorDark":"#00294f","angle":246,"snapDist":3,"label":1}},{"type":"Feature","geometry":{"type":"Point","coordinates":[14.333182,40.8497]},"properties":{"name":"Bartolo Longo","lines":"116, 158, 195, 472","arr":["116","158","195","472"],"terminus":0,"mode":"bus","color":"#0059a9","colorDark":"#00294f","angle":242.2,"snapDist":2,"label":0}},{"type":"Feature","geometry":{"type":"Point","coordinates":[14.33466,40.848636]},"properties":{"name":"Bartolo Longo","lines":"116, 158, 195, 472","arr":["116","158","195","472"],"terminus":0,"mode":"bus","color":"#0059a9","colorDark":"#00294f","angle":215.5,"snapDist":5,"label":1}},{"type":"Feature","geometry":{"type":"Point","coordinates":[14.338663,40.848161]},"properties":{"name":"Metamorfosi","lines":"116, 158, 195, 472","arr":["116","158","195","472"],"terminus":0,"mode":"bus","color":"#0059a9","colorDark":"#00294f","angle":158.7,"snapDist":9,"label":1}},{"type":"Feature","geometry":{"type":"Point","coordinates":[14.340515,40.848631]},"properties":{"name":"Metamorfosi - Amazzoni","lines":"116, 158, 173A, 195, 472","arr":["116","158","173A","195","472"],"terminus":0,"mode":"bus","color":"#0059a9","colorDark":"#00294f","angle":165.4,"snapDist":9,"label":1}},{"type":"Feature","geometry":{"type":"Point","coordinates":[14.343424,40.84947]},"properties":{"name":"Metamorfosi","lines":"116, 158, 195, 472","arr":["116","158","195","472"],"terminus":0,"mode":"bus","color":"#0059a9","colorDark":"#00294f","angle":159.7,"snapDist":6,"label":1}},{"type":"Feature","geometry":{"type":"Point","coordinates":[14.34615,40.850414]},"properties":{"name":"Metamorfosi - Ospedale del Mare","lines":"116, 158, 195, 472","arr":["116","158","195","472"],"terminus":0,"mode":"bus","color":"#0059a9","colorDark":"#00294f","angle":154.8,"snapDist":5,"label":1}},{"type":"Feature","geometry":{"type":"Point","coordinates":[14.346295,40.850591]},"properties":{"name":"Metamorfosi - Ospedale del Mare","lines":"116, 158, 173, 173A, 175, 195, 472","arr":["116","158","173","173A","175","195","472"],"terminus":0,"mode":"bus","color":"#0059a9","colorDark":"#00294f","angle":335.4,"snapDist":0,"label":0}},{"type":"Feature","geometry":{"type":"Point","coordinates":[14.340157,40.852897]},"properties":{"name":"Martiri della Libertà - de Meis","lines":"116, 158, 173, 173A, 195, 472","arr":["116","158","173","173A","195","472"],"terminus":0,"mode":"bus","color":"#0059a9","colorDark":"#00294f","angle":67.7,"snapDist":11,"label":1}},{"type":"Feature","geometry":{"type":"Point","coordinates":[14.341415,40.85407]},"properties":{"name":"De Meis - Mattioli","lines":"116, 158, 472","arr":["116","158","472"],"terminus":0,"mode":"bus","color":"#0059a9","colorDark":"#00294f","angle":156.9,"snapDist":6,"label":1}},{"type":"Feature","geometry":{"type":"Point","coordinates":[14.345028,40.855226]},"properties":{"name":"De Meis","lines":"116, 158, 472","arr":["116","158","472"],"terminus":0,"mode":"bus","color":"#0059a9","colorDark":"#00294f","angle":157,"snapDist":9,"label":1}},{"type":"Feature","geometry":{"type":"Point","coordinates":[14.3472,40.855908]},"properties":{"name":"Riccardi - Censi dell'Arco","lines":"116, 158, 472","arr":["116","158","472"],"terminus":0,"mode":"bus","color":"#0059a9","colorDark":"#00294f","angle":159,"snapDist":7,"label":1}},{"type":"Feature","geometry":{"type":"Point","coordinates":[14.350444,40.856732]},"properties":{"name":"Riccardi -Europa","lines":"116, 158, 472","arr":["116","158","472"],"terminus":0,"mode":"bus","color":"#0059a9","colorDark":"#00294f","angle":161.6,"snapDist":8,"label":1}},{"type":"Feature","geometry":{"type":"Point","coordinates":[14.353131,40.857395]},"properties":{"name":"Riccardi - Giordano","lines":"116, 158, 472","arr":["116","158","472"],"terminus":0,"mode":"bus","color":"#0059a9","colorDark":"#00294f","angle":162.6,"snapDist":6,"label":1}},{"type":"Feature","geometry":{"type":"Point","coordinates":[14.356099,40.858264]},"properties":{"name":"Riccardi","lines":"116, 158, 472","arr":["116","158","472"],"terminus":0,"mode":"bus","color":"#0059a9","colorDark":"#00294f","angle":144.9,"snapDist":9,"label":1}},{"type":"Feature","geometry":{"type":"Point","coordinates":[14.360188,40.860414]},"properties":{"name":"Riccardi - Piazza della Libertà","lines":"116, 158, 472","arr":["116","158","472"],"terminus":1,"mode":"bus","color":"#0059a9","colorDark":"#00294f","angle":146.3,"snapDist":8,"label":1}},{"type":"Feature","geometry":{"type":"Point","coordinates":[14.359553,40.861095]},"properties":{"name":"Don Minzoni - Moscati","lines":"116, 158, 472","arr":["116","158","472"],"terminus":0,"mode":"bus","color":"#0059a9","colorDark":"#00294f","angle":41.9,"snapDist":6,"label":1}},{"type":"Feature","geometry":{"type":"Point","coordinates":[14.356443,40.863263]},"properties":{"name":"Don Minzoni - Coppi","lines":"116, 158, 472","arr":["116","158","472"],"terminus":0,"mode":"bus","color":"#0059a9","colorDark":"#00294f","angle":42.8,"snapDist":6,"label":1}},{"type":"Feature","geometry":{"type":"Point","coordinates":[14.355076,40.864219]},"properties":{"name":"Don Minzoni","lines":"116, 158, 472","arr":["116","158","472"],"terminus":0,"mode":"bus","color":"#0059a9","colorDark":"#00294f","angle":42.5,"snapDist":5,"label":1}},{"type":"Feature","geometry":{"type":"Point","coordinates":[14.353612,40.865795]},"properties":{"name":"Don Minzoni","lines":"116, 158, 472","arr":["116","158","472"],"terminus":0,"mode":"bus","color":"#0059a9","colorDark":"#00294f","angle":60.6,"snapDist":7,"label":0}},{"type":"Feature","geometry":{"type":"Point","coordinates":[14.352587,40.867157]},"properties":{"name":"Don Minzoni - Argine","lines":"116, 158, 472","arr":["116","158","472"],"terminus":0,"mode":"bus","color":"#0059a9","colorDark":"#00294f","angle":66.8,"snapDist":7,"label":1}},{"type":"Feature","geometry":{"type":"Point","coordinates":[14.355559,40.869107]},"properties":{"name":"Serao","lines":"116, 158, 472","arr":["116","158","472"],"terminus":0,"mode":"bus","color":"#0059a9","colorDark":"#00294f","angle":63.5,"snapDist":12,"label":1}},{"type":"Feature","geometry":{"type":"Point","coordinates":[14.356068,40.870125]},"properties":{"name":"Serao - Moro","lines":"116, 158, 472","arr":["116","158","472"],"terminus":0,"mode":"bus","color":"#0059a9","colorDark":"#00294f","angle":77.1,"snapDist":10,"label":1}},{"type":"Feature","geometry":{"type":"Point","coordinates":[14.354613,40.869862]},"properties":{"name":"Serao - Attestamento","lines":"116, 158","arr":["116","158"],"terminus":1,"mode":"bus","color":"#0059a9","colorDark":"#00294f","angle":151.8,"snapDist":13,"label":1}},{"type":"Feature","geometry":{"type":"Point","coordinates":[14.355487,40.869217]},"properties":{"name":"Serao","lines":"116, 158","arr":["116","158"],"terminus":0,"mode":"bus","color":"#0059a9","colorDark":"#00294f","angle":243.5,"snapDist":3,"label":0}},{"type":"Feature","geometry":{"type":"Point","coordinates":[14.347667,40.866967]},"properties":{"name":"Argine","lines":"116, 158","arr":["116","158"],"terminus":0,"mode":"bus","color":"#0059a9","colorDark":"#00294f","angle":334.5,"snapDist":18,"label":1}},{"type":"Feature","geometry":{"type":"Point","coordinates":[14.343246,40.865101]},"properties":{"name":"Argine - Istituto Agrario","lines":"116, 158, 191","arr":["116","158","191"],"terminus":0,"mode":"bus","color":"#0059a9","colorDark":"#00294f","angle":330.7,"snapDist":3,"label":1}},{"type":"Feature","geometry":{"type":"Point","coordinates":[14.343333,40.864923]},"properties":{"name":"Argine","lines":"116, 158","arr":["116","158"],"terminus":0,"mode":"bus","color":"#0059a9","colorDark":"#00294f","angle":148.9,"snapDist":3,"label":1}},{"type":"Feature","geometry":{"type":"Point","coordinates":[14.350876,40.867591]},"properties":{"name":"Argine - Don Minzoni","lines":"116, 158","arr":["116","158"],"terminus":0,"mode":"bus","color":"#0059a9","colorDark":"#00294f","angle":171.4,"snapDist":10,"label":1}},{"type":"Feature","geometry":{"type":"Point","coordinates":[14.352834,40.866823]},"properties":{"name":"Don Minzoni - Argine","lines":"116, 158","arr":["116","158"],"terminus":0,"mode":"bus","color":"#0059a9","colorDark":"#00294f","angle":240.9,"snapDist":4,"label":0}},{"type":"Feature","geometry":{"type":"Point","coordinates":[14.353495,40.86595]},"properties":{"name":"Don Minzoni - Buonanno","lines":"116, 158","arr":["116","158"],"terminus":0,"mode":"bus","color":"#0059a9","colorDark":"#00294f","angle":239.8,"snapDist":2,"label":1}},{"type":"Feature","geometry":{"type":"Point","coordinates":[14.354765,40.864431]},"properties":{"name":"Don Minzoni","lines":"116, 158","arr":["116","158"],"terminus":0,"mode":"bus","color":"#0059a9","colorDark":"#00294f","angle":221.8,"snapDist":6,"label":0}},{"type":"Feature","geometry":{"type":"Point","coordinates":[14.356929,40.862922]},"properties":{"name":"Don Minzoni - Platani","lines":"116, 158","arr":["116","158"],"terminus":0,"mode":"bus","color":"#0059a9","colorDark":"#00294f","angle":222.8,"snapDist":5,"label":1}},{"type":"Feature","geometry":{"type":"Point","coordinates":[14.359327,40.861254]},"properties":{"name":"Don Minzoni - Riccardi","lines":"116, 158","arr":["116","158"],"terminus":0,"mode":"bus","color":"#0059a9","colorDark":"#00294f","angle":223.4,"snapDist":3,"label":1}},{"type":"Feature","geometry":{"type":"Point","coordinates":[14.359432,40.860035]},"properties":{"name":"Riccardi - Piazza della Libertà","lines":"116, 158","arr":["116","158"],"terminus":0,"mode":"bus","color":"#0059a9","colorDark":"#00294f","angle":326.9,"snapDist":3,"label":0}},{"type":"Feature","geometry":{"type":"Point","coordinates":[14.356688,40.858591]},"properties":{"name":"Riccardi - Ghandi","lines":"116, 158","arr":["116","158"],"terminus":0,"mode":"bus","color":"#0059a9","colorDark":"#00294f","angle":322.1,"snapDist":3,"label":1}},{"type":"Feature","geometry":{"type":"Point","coordinates":[14.353015,40.857367]},"properties":{"name":"Riccardi - Giordano","lines":"116, 158","arr":["116","158"],"terminus":0,"mode":"bus","color":"#0059a9","colorDark":"#00294f","angle":342.6,"snapDist":3,"label":0}},{"type":"Feature","geometry":{"type":"Point","coordinates":[14.349574,40.856521]},"properties":{"name":"De Meis - Europa","lines":"116, 158","arr":["116","158"],"terminus":0,"mode":"bus","color":"#0059a9","colorDark":"#00294f","angle":342.2,"snapDist":6,"label":1}},{"type":"Feature","geometry":{"type":"Point","coordinates":[14.347103,40.85588]},"properties":{"name":"De Meis - Censi dell'Arco","lines":"116, 158","arr":["116","158"],"terminus":0,"mode":"bus","color":"#0059a9","colorDark":"#00294f","angle":339,"snapDist":2,"label":1}},{"type":"Feature","geometry":{"type":"Point","coordinates":[14.3437,40.8548]},"properties":{"name":"De Meis","lines":"116, 158","arr":["116","158"],"terminus":0,"mode":"bus","color":"#0059a9","colorDark":"#00294f","angle":337.1,"snapDist":1,"label":0}},{"type":"Feature","geometry":{"type":"Point","coordinates":[14.340066,40.853638]},"properties":{"name":"De Meis","lines":"116, 158","arr":["116","158"],"terminus":0,"mode":"bus","color":"#0059a9","colorDark":"#00294f","angle":337.1,"snapDist":2,"label":1}},{"type":"Feature","geometry":{"type":"Point","coordinates":[14.336805,40.852728]},"properties":{"name":"De Meis-Rione de Gasperi","lines":"116, 158","arr":["116","158"],"terminus":0,"mode":"bus","color":"#0059a9","colorDark":"#00294f","angle":338,"snapDist":5,"label":1}},{"type":"Feature","geometry":{"type":"Point","coordinates":[14.334504,40.851996]},"properties":{"name":"De Meis - Aprea","lines":"116, 158","arr":["116","158"],"terminus":0,"mode":"bus","color":"#0059a9","colorDark":"#00294f","angle":337.7,"snapDist":2,"label":1}},{"type":"Feature","geometry":{"type":"Point","coordinates":[14.330593,40.850837]},"properties":{"name":"De Meis - Longo","lines":"116, 195","arr":["116","195"],"terminus":0,"mode":"bus","color":"#0059a9","colorDark":"#00294f","angle":338.7,"snapDist":4,"label":0}},{"type":"Feature","geometry":{"type":"Point","coordinates":[14.328156,40.850099]},"properties":{"name":"Volpicella","lines":"116, 195","arr":["116","195"],"terminus":0,"mode":"bus","color":"#0059a9","colorDark":"#00294f","angle":337.2,"snapDist":5,"label":0}},{"type":"Feature","geometry":{"type":"Point","coordinates":[14.326485,40.849503]},"properties":{"name":"Volpicella","lines":"116, 195","arr":["116","195"],"terminus":0,"mode":"bus","color":"#0059a9","colorDark":"#00294f","angle":331.6,"snapDist":6,"label":0}},{"type":"Feature","geometry":{"type":"Point","coordinates":[14.324551,40.848732]},"properties":{"name":"Volpicella","lines":"116, 195","arr":["116","195"],"terminus":0,"mode":"bus","color":"#0059a9","colorDark":"#00294f","angle":331.8,"snapDist":5,"label":0}},{"type":"Feature","geometry":{"type":"Point","coordinates":[14.321939,40.847586]},"properties":{"name":"Volpicella - Abbeveratoio","lines":"116, 195","arr":["116","195"],"terminus":0,"mode":"bus","color":"#0059a9","colorDark":"#00294f","angle":329.3,"snapDist":3,"label":0}},{"type":"Feature","geometry":{"type":"Point","coordinates":[14.319208,40.846782]},"properties":{"name":"Volpicella - Autostrada","lines":"116, 195","arr":["116","195"],"terminus":0,"mode":"bus","color":"#0059a9","colorDark":"#00294f","angle":347.3,"snapDist":4,"label":1}},{"type":"Feature","geometry":{"type":"Point","coordinates":[14.315981,40.846332]},"properties":{"name":"Volpicella","lines":"116, 475","arr":["116","475"],"terminus":0,"mode":"bus","color":"#0059a9","colorDark":"#00294f","angle":349.5,"snapDist":3,"label":0}},{"type":"Feature","geometry":{"type":"Point","coordinates":[14.312537,40.846002]},"properties":{"name":"Volpicella","lines":"116, 475","arr":["116","475"],"terminus":0,"mode":"bus","color":"#0059a9","colorDark":"#00294f","angle":20.9,"snapDist":1,"label":0}},{"type":"Feature","geometry":{"type":"Point","coordinates":[14.310964,40.845605]},"properties":{"name":"Volpicella","lines":"116, 475","arr":["116","475"],"terminus":0,"mode":"bus","color":"#0059a9","colorDark":"#00294f","angle":334,"snapDist":1,"label":1}},{"type":"Feature","geometry":{"type":"Point","coordinates":[14.306422,40.844046]},"properties":{"name":"Repubbliche Marinare - Volpicella","lines":"116, 156, 195, 475","arr":["116","156","195","475"],"terminus":0,"mode":"bus","color":"#0059a9","colorDark":"#00294f","angle":40.4,"snapDist":10,"label":1}},{"type":"Feature","geometry":{"type":"Point","coordinates":[14.304776,40.845049]},"properties":{"name":"Repubbliche Marinare","lines":"116, 156, 195, 475","arr":["116","156","195","475"],"terminus":0,"mode":"bus","color":"#0059a9","colorDark":"#00294f","angle":31.1,"snapDist":13,"label":1}},{"type":"Feature","geometry":{"type":"Point","coordinates":[14.29984,40.846469]},"properties":{"name":"Ferraris - Imparato","lines":"116, 156, 475","arr":["116","156","475"],"terminus":0,"mode":"bus","color":"#0059a9","colorDark":"#00294f","angle":24.5,"snapDist":11,"label":1}},{"type":"Feature","geometry":{"type":"Point","coordinates":[14.294245,40.848344]},"properties":{"name":"Galileo Ferraris - Manifattura Tabacchi","lines":"116, 156, 196, 196BR, 475","arr":["116","156","196","196BR","475"],"terminus":0,"mode":"bus","color":"#0059a9","colorDark":"#00294f","angle":23.6,"snapDist":5,"label":0}},{"type":"Feature","geometry":{"type":"Point","coordinates":[14.290917,40.849279]},"properties":{"name":"Galileo Ferraris - Gianturco","lines":"116, 156, 196, 196BR, 475","arr":["116","156","196","196BR","475"],"terminus":0,"mode":"bus","color":"#0059a9","colorDark":"#00294f","angle":17.9,"snapDist":7,"label":0}},{"type":"Feature","geometry":{"type":"Point","coordinates":[14.286986,40.849812]},"properties":{"name":"Galileo Ferraris -Polizia di Stato","lines":"116, 156, 196, 196BR, 475","arr":["116","156","196","196BR","475"],"terminus":0,"mode":"bus","color":"#0059a9","colorDark":"#00294f","angle":352.5,"snapDist":5,"label":1}},{"type":"Feature","geometry":{"type":"Point","coordinates":[14.28457,40.84956]},"properties":{"name":"Galileo Ferraris - Brin","lines":"116, 156, 196, 196BR, 475","arr":["116","156","196","196BR","475"],"terminus":0,"mode":"bus","color":"#0059a9","colorDark":"#00294f","angle":352.2,"snapDist":8,"label":0}},{"type":"Feature","geometry":{"type":"Point","coordinates":[14.281147,40.849401]},"properties":{"name":"Galileo Ferraris - Poste","lines":"116, 156, 196, 196BR, 475","arr":["116","156","196","196BR","475"],"terminus":0,"mode":"bus","color":"#0059a9","colorDark":"#00294f","angle":17.6,"snapDist":6,"label":0}},{"type":"Feature","geometry":{"type":"Point","coordinates":[14.278659,40.85004]},"properties":{"name":"Galileo Ferraris - Autostrada","lines":"116, 156, 196, 196BR, 475","arr":["116","156","196","196BR","475"],"terminus":0,"mode":"bus","color":"#0059a9","colorDark":"#00294f","angle":18.9,"snapDist":7,"label":1}},{"type":"Feature","geometry":{"type":"Point","coordinates":[14.273692,40.850517]},"properties":{"name":"Galileo Ferraris - Circumvesuviana E.A.V.","lines":"116, 156, 175, 196, 196BR, 475","arr":["116","156","175","196","196BR","475"],"terminus":0,"mode":"bus","color":"#0059a9","colorDark":"#00294f","angle":353.4,"snapDist":7,"label":0}},{"type":"Feature","geometry":{"type":"Point","coordinates":[14.276969,40.847371]},"properties":{"name":"Lucci/Stella Polare","lines":"116, 156, 175, 195, 196, 196BR","arr":["116","156","175","195","196","196BR"],"terminus":0,"mode":"bus","color":"#0059a9","colorDark":"#00294f","angle":225.7,"snapDist":5,"label":1}},{"type":"Feature","geometry":{"type":"Point","coordinates":[14.279224,40.844944]},"properties":{"name":"Ponte della Maddalena - Provveditorato","lines":"116, 154, 156, 175, 196, 196BR","arr":["116","154","156","175","196","196BR"],"terminus":0,"mode":"bus","color":"#0059a9","colorDark":"#00294f","angle":199.3,"snapDist":3,"label":1}},{"type":"Feature","geometry":{"type":"Point","coordinates":[14.251295,40.83374]},"properties":{"name":"Cesario Console - Plebiscito","lines":"128","arr":["128"],"terminus":1,"mode":"bus","color":"#0059a9","colorDark":"#00294f","angle":54.6,"snapDist":8,"label":1}},{"type":"Feature","geometry":{"type":"Point","coordinates":[14.249406,40.832979]},"properties":{"name":"Santa Lucia - Orsini","lines":"128, E6","arr":["128","E6"],"terminus":0,"mode":"bus","color":"#0059a9","colorDark":"#00294f","angle":314.9,"snapDist":7,"label":1}},{"type":"Feature","geometry":{"type":"Point","coordinates":[14.248735,40.831243]},"properties":{"name":"Santa Lucia - Regione Campania","lines":"128, E6","arr":["128","E6"],"terminus":0,"mode":"bus","color":"#0059a9","colorDark":"#00294f","angle":270,"snapDist":2,"label":1}},{"type":"Feature","geometry":{"type":"Point","coordinates":[14.249631,40.831224]},"properties":{"name":"Orsini 20","lines":"128, E6","arr":["128","E6"],"terminus":0,"mode":"bus","color":"#0059a9","colorDark":"#00294f","angle":109.7,"snapDist":12,"label":1}},{"type":"Feature","geometry":{"type":"Point","coordinates":[14.250418,40.832736]},"properties":{"name":"Orsini 46","lines":"128, E6","arr":["128","E6"],"terminus":0,"mode":"bus","color":"#0059a9","colorDark":"#00294f","angle":112.9,"snapDist":8,"label":1}},{"type":"Feature","geometry":{"type":"Point","coordinates":[14.250978,40.834495]},"properties":{"name":"Acton - Plebiscito","lines":"128, 140, 154, E6, N1","arr":["128","140","154","E6","N1"],"terminus":0,"mode":"bus","color":"#0059a9","colorDark":"#00294f","angle":55.4,"snapDist":6,"label":1}},{"type":"Feature","geometry":{"type":"Point","coordinates":[14.243467,40.832397]},"properties":{"name":"Morelli","lines":"128, 140, 151, 154, E6, N1","arr":["128","140","151","154","E6","N1"],"terminus":0,"mode":"bus","color":"#0059a9","colorDark":"#00294f","angle":55.3,"snapDist":8,"label":1}},{"type":"Feature","geometry":{"type":"Point","coordinates":[14.241304,40.832293]},"properties":{"name":"Vittoria","lines":"128, 140, 151, N1, R7","arr":["128","140","151","N1","R7"],"terminus":1,"mode":"bus","color":"#0059a9","colorDark":"#00294f","angle":8.7,"snapDist":1,"label":1}},{"type":"Feature","geometry":{"type":"Point","coordinates":[14.236903,40.833375]},"properties":{"name":"Riviera di Chiaia","lines":"128, 140, 151, N1, R7","arr":["128","140","151","N1","R7"],"terminus":0,"mode":"bus","color":"#0059a9","colorDark":"#00294f","angle":5.6,"snapDist":6,"label":1}},{"type":"Feature","geometry":{"type":"Point","coordinates":[14.236545,40.833887]},"properties":{"name":"S.Pasquale - Poerio","lines":"128","arr":["128"],"terminus":0,"mode":"bus","color":"#0059a9","colorDark":"#00294f","angle":180,"snapDist":11,"label":1}},{"type":"Feature","geometry":{"type":"Point","coordinates":[14.236877,40.835513]},"properties":{"name":"Carducci - Mille","lines":"128","arr":["128"],"terminus":0,"mode":"bus","color":"#0059a9","colorDark":"#00294f","angle":91.1,"snapDist":14,"label":1}},{"type":"Feature","geometry":{"type":"Point","coordinates":[14.235649,40.836635]},"properties":{"name":"Colonna - Amedeo","lines":"128","arr":["128"],"terminus":0,"mode":"bus","color":"#0059a9","colorDark":"#00294f","angle":5.1,"snapDist":15,"label":1}},{"type":"Feature","geometry":{"type":"Point","coordinates":[14.23368,40.837236]},"properties":{"name":"Amedeo","lines":"128","arr":["128"],"terminus":0,"mode":"bus","color":"#0059a9","colorDark":"#00294f","angle":342,"snapDist":7,"label":1}},{"type":"Feature","geometry":{"type":"Point","coordinates":[14.231307,40.836517]},"properties":{"name":"Crispi-Amedeo","lines":"128","arr":["128"],"terminus":0,"mode":"bus","color":"#0059a9","colorDark":"#00294f","angle":337.9,"snapDist":4,"label":1}},{"type":"Feature","geometry":{"type":"Point","coordinates":[14.229088,40.835836]},"properties":{"name":"Crispi-Pontano","lines":"128","arr":["128"],"terminus":0,"mode":"bus","color":"#0059a9","colorDark":"#00294f","angle":337.9,"snapDist":4,"label":1}},{"type":"Feature","geometry":{"type":"Point","coordinates":[14.226513,40.835502]},"properties":{"name":"Crispi-Beneventano","lines":"128","arr":["128"],"terminus":0,"mode":"bus","color":"#0059a9","colorDark":"#00294f","angle":355.6,"snapDist":3,"label":1}},{"type":"Feature","geometry":{"type":"Point","coordinates":[14.224889,40.835412]},"properties":{"name":"Schipa - Arco Mirelli","lines":"128","arr":["128"],"terminus":0,"mode":"bus","color":"#0059a9","colorDark":"#00294f","angle":356,"snapDist":3,"label":1}},{"type":"Feature","geometry":{"type":"Point","coordinates":[14.223434,40.835335]},"properties":{"name":"Schipa - Santa Maria della Neve","lines":"128","arr":["128"],"terminus":0,"mode":"bus","color":"#0059a9","colorDark":"#00294f","angle":356,"snapDist":3,"label":1}},{"type":"Feature","geometry":{"type":"Point","coordinates":[14.221692,40.835243]},"properties":{"name":"Schipa - Vittorio Emanuele","lines":"128","arr":["128"],"terminus":0,"mode":"bus","color":"#0059a9","colorDark":"#00294f","angle":355.9,"snapDist":3,"label":1}},{"type":"Feature","geometry":{"type":"Point","coordinates":[14.222352,40.836267]},"properties":{"name":"Vittorio Emanuele - Mercadante","lines":"128, C16","arr":["128","C16"],"terminus":0,"mode":"bus","color":"#0059a9","colorDark":"#00294f","angle":180.8,"snapDist":4,"label":1}},{"type":"Feature","geometry":{"type":"Point","coordinates":[14.224997,40.836473]},"properties":{"name":"Vittorio Emanuele II - Pontano","lines":"128, C16","arr":["128","C16"],"terminus":0,"mode":"bus","color":"#0059a9","colorDark":"#00294f","angle":185.9,"snapDist":5,"label":1}},{"type":"Feature","geometry":{"type":"Point","coordinates":[14.228359,40.836416]},"properties":{"name":"Vittorio Emanuele II - Tasso","lines":"128, C16","arr":["128","C16"],"terminus":0,"mode":"bus","color":"#0059a9","colorDark":"#00294f","angle":162.4,"snapDist":8,"label":1}},{"type":"Feature","geometry":{"type":"Point","coordinates":[14.227089,40.837428]},"properties":{"name":"Tasso - Ospedale Internazionale","lines":"128","arr":["128"],"terminus":0,"mode":"bus","color":"#0059a9","colorDark":"#00294f","angle":74,"snapDist":8,"label":1}},{"type":"Feature","geometry":{"type":"Point","coordinates":[14.225047,40.837603]},"properties":{"name":"Tasso - Chiesa","lines":"128","arr":["128"],"terminus":0,"mode":"bus","color":"#0059a9","colorDark":"#00294f","angle":357.3,"snapDist":5,"label":1}},{"type":"Feature","geometry":{"type":"Point","coordinates":[14.223469,40.838438]},"properties":{"name":"Tasso - Teatro","lines":"128","arr":["128"],"terminus":0,"mode":"bus","color":"#0059a9","colorDark":"#00294f","angle":325.2,"snapDist":3,"label":1}},{"type":"Feature","geometry":{"type":"Point","coordinates":[14.220931,40.838659]},"properties":{"name":"Tasso - Maria Cristina di Savoia","lines":"128","arr":["128"],"terminus":0,"mode":"bus","color":"#0059a9","colorDark":"#00294f","angle":352.8,"snapDist":4,"label":1}},{"type":"Feature","geometry":{"type":"Point","coordinates":[14.219884,40.838507]},"properties":{"name":"Tasso - Chiesa","lines":"128","arr":["128"],"terminus":0,"mode":"bus","color":"#0059a9","colorDark":"#00294f","angle":47,"snapDist":6,"label":1}},{"type":"Feature","geometry":{"type":"Point","coordinates":[14.218858,40.837939]},"properties":{"name":"Tasso - Falcone","lines":"128","arr":["128"],"terminus":0,"mode":"bus","color":"#0059a9","colorDark":"#00294f","angle":302.8,"snapDist":3,"label":1}},{"type":"Feature","geometry":{"type":"Point","coordinates":[14.2188,40.838514]},"properties":{"name":"Falcone-Winspeare","lines":"128","arr":["128"],"terminus":0,"mode":"bus","color":"#0059a9","colorDark":"#00294f","angle":126,"snapDist":5,"label":1}},{"type":"Feature","geometry":{"type":"Point","coordinates":[14.219835,40.838853]},"properties":{"name":"Falcone-Kagoshima","lines":"128","arr":["128"],"terminus":0,"mode":"bus","color":"#0059a9","colorDark":"#00294f","angle":198.1,"snapDist":6,"label":1}},{"type":"Feature","geometry":{"type":"Point","coordinates":[14.22235,40.839532]},"properties":{"name":"Falcone-Parco Lamaro","lines":"128","arr":["128"],"terminus":0,"mode":"bus","color":"#0059a9","colorDark":"#00294f","angle":115,"snapDist":9,"label":1}},{"type":"Feature","geometry":{"type":"Point","coordinates":[14.224579,40.84002]},"properties":{"name":"Falcone-Calata San Francesco","lines":"128","arr":["128"],"terminus":0,"mode":"bus","color":"#0059a9","colorDark":"#00294f","angle":202.9,"snapDist":6,"label":1}},{"type":"Feature","geometry":{"type":"Point","coordinates":[14.227812,40.839698]},"properties":{"name":"Falcone","lines":"128","arr":["128"],"terminus":0,"mode":"bus","color":"#0059a9","colorDark":"#00294f","angle":198.1,"snapDist":5,"label":1}},{"type":"Feature","geometry":{"type":"Point","coordinates":[14.228881,40.840201]},"properties":{"name":"Falcone-Giordano","lines":"128","arr":["128"],"terminus":0,"mode":"bus","color":"#0059a9","colorDark":"#00294f","angle":354.7,"snapDist":2,"label":1}},{"type":"Feature","geometry":{"type":"Point","coordinates":[14.227606,40.840749]},"properties":{"name":"Piazzetta Falcone","lines":"128","arr":["128"],"terminus":0,"mode":"bus","color":"#0059a9","colorDark":"#00294f","angle":81.8,"snapDist":8,"label":1}},{"type":"Feature","geometry":{"type":"Point","coordinates":[14.228095,40.842558]},"properties":{"name":"Cimarosa","lines":"128, 130, 132, 181, C31, C36, C37","arr":["128","130","132","181","C31","C36","C37"],"terminus":0,"mode":"bus","color":"#0059a9","colorDark":"#00294f","angle":176.6,"snapDist":6,"label":1}},{"type":"Feature","geometry":{"type":"Point","coordinates":[14.227417,40.843529]},"properties":{"name":"Scarlatti","lines":"128, 132, 181, C31","arr":["128","132","181","C31"],"terminus":1,"mode":"bus","color":"#0059a9","colorDark":"#00294f","angle":353.9,"snapDist":4,"label":1}},{"type":"Feature","geometry":{"type":"Point","coordinates":[14.226186,40.841968]},"properties":{"name":"Falcone-Vaccaro","lines":"128","arr":["128"],"terminus":0,"mode":"bus","color":"#0059a9","colorDark":"#00294f","angle":242.3,"snapDist":1,"label":1}},{"type":"Feature","geometry":{"type":"Point","coordinates":[14.229015,40.840211]},"properties":{"name":"Falcone Chiesa San Francesco","lines":"128","arr":["128"],"terminus":0,"mode":"bus","color":"#0059a9","colorDark":"#00294f","angle":174.7,"snapDist":6,"label":1}},{"type":"Feature","geometry":{"type":"Point","coordinates":[14.227562,40.839749]},"properties":{"name":"Falcone-Belvedere","lines":"128","arr":["128"],"terminus":0,"mode":"bus","color":"#0059a9","colorDark":"#00294f","angle":9.9,"snapDist":4,"label":1}},{"type":"Feature","geometry":{"type":"Point","coordinates":[14.225288,40.839933]},"properties":{"name":"Falcone-Calata San Francesco","lines":"128","arr":["128"],"terminus":0,"mode":"bus","color":"#0059a9","colorDark":"#00294f","angle":6.1,"snapDist":4,"label":0}},{"type":"Feature","geometry":{"type":"Point","coordinates":[14.222244,40.839357]},"properties":{"name":"Falcone-Parco Lamaro","lines":"128","arr":["128"],"terminus":0,"mode":"bus","color":"#0059a9","colorDark":"#00294f","angle":294.1,"snapDist":3,"label":0}},{"type":"Feature","geometry":{"type":"Point","coordinates":[14.219604,40.838911]},"properties":{"name":"Falcone-Winspeare","lines":"128","arr":["128"],"terminus":0,"mode":"bus","color":"#0059a9","colorDark":"#00294f","angle":18.3,"snapDist":4,"label":0}},{"type":"Feature","geometry":{"type":"Point","coordinates":[14.218851,40.837931]},"properties":{"name":"Tasso - Falcone","lines":"128","arr":["128"],"terminus":0,"mode":"bus","color":"#0059a9","colorDark":"#00294f","angle":122.8,"snapDist":7,"label":0}},{"type":"Feature","geometry":{"type":"Point","coordinates":[14.220102,40.838341]},"properties":{"name":"Tasso - M.C. di Savoia","lines":"128","arr":["128"],"terminus":0,"mode":"bus","color":"#0059a9","colorDark":"#00294f","angle":222.9,"snapDist":3,"label":1}},{"type":"Feature","geometry":{"type":"Point","coordinates":[14.221524,40.838429]},"properties":{"name":"Tasso","lines":"128","arr":["128"],"terminus":0,"mode":"bus","color":"#0059a9","colorDark":"#00294f","angle":209.7,"snapDist":2,"label":1}},{"type":"Feature","geometry":{"type":"Point","coordinates":[14.224061,40.838097]},"properties":{"name":"Tasso","lines":"128","arr":["128"],"terminus":0,"mode":"bus","color":"#0059a9","colorDark":"#00294f","angle":253.6,"snapDist":1,"label":0}},{"type":"Feature","geometry":{"type":"Point","coordinates":[14.225941,40.837394]},"properties":{"name":"Tasso","lines":"128","arr":["128"],"terminus":0,"mode":"bus","color":"#0059a9","colorDark":"#00294f","angle":219.7,"snapDist":0,"label":1}},{"type":"Feature","geometry":{"type":"Point","coordinates":[14.22728,40.8371]},"properties":{"name":"Tasso","lines":"128","arr":["128"],"terminus":0,"mode":"bus","color":"#0059a9","colorDark":"#00294f","angle":233.6,"snapDist":1,"label":0}},{"type":"Feature","geometry":{"type":"Point","coordinates":[14.228726,40.836771]},"properties":{"name":"Tasso","lines":"128","arr":["128"],"terminus":0,"mode":"bus","color":"#0059a9","colorDark":"#00294f","angle":162.7,"snapDist":7,"label":1}},{"type":"Feature","geometry":{"type":"Point","coordinates":[14.225881,40.836404]},"properties":{"name":"Vittorio Emanuele II","lines":"128, C16","arr":["128","C16"],"terminus":0,"mode":"bus","color":"#0059a9","colorDark":"#00294f","angle":6.3,"snapDist":4,"label":1}},{"type":"Feature","geometry":{"type":"Point","coordinates":[14.224039,40.836808]},"properties":{"name":"Vittorio Emanuele II","lines":"128, C16","arr":["128","C16"],"terminus":0,"mode":"bus","color":"#0059a9","colorDark":"#00294f","angle":53.1,"snapDist":7,"label":0}},{"type":"Feature","geometry":{"type":"Point","coordinates":[14.221373,40.836265]},"properties":{"name":"Vittorio Emanuele II - Circumflegrea","lines":"128, C16","arr":["128","C16"],"terminus":0,"mode":"bus","color":"#0059a9","colorDark":"#00294f","angle":332.6,"snapDist":11,"label":1}},{"type":"Feature","geometry":{"type":"Point","coordinates":[14.222039,40.835262]},"properties":{"name":"Schipa-Giordani","lines":"128","arr":["128"],"terminus":0,"mode":"bus","color":"#0059a9","colorDark":"#00294f","angle":175.9,"snapDist":8,"label":1}},{"type":"Feature","geometry":{"type":"Point","coordinates":[14.223809,40.835355]},"properties":{"name":"Schipa-S.Maria della Neve","lines":"128","arr":["128"],"terminus":0,"mode":"bus","color":"#0059a9","colorDark":"#00294f","angle":176,"snapDist":7,"label":1}},{"type":"Feature","geometry":{"type":"Point","coordinates":[14.225532,40.835446]},"properties":{"name":"Crispi-Arco Mirelli","lines":"128","arr":["128"],"terminus":0,"mode":"bus","color":"#0059a9","colorDark":"#00294f","angle":176.2,"snapDist":6,"label":1}},{"type":"Feature","geometry":{"type":"Point","coordinates":[14.228633,40.835713]},"properties":{"name":"Crispi-Pontano","lines":"128","arr":["128"],"terminus":0,"mode":"bus","color":"#0059a9","colorDark":"#00294f","angle":162.6,"snapDist":6,"label":0}},{"type":"Feature","geometry":{"type":"Point","coordinates":[14.230978,40.836416]},"properties":{"name":"Crispi-Nobile","lines":"128","arr":["128"],"terminus":0,"mode":"bus","color":"#0059a9","colorDark":"#00294f","angle":157.9,"snapDist":5,"label":1}},{"type":"Feature","geometry":{"type":"Point","coordinates":[14.2329,40.837007]},"properties":{"name":"Crispi - Amedeo","lines":"128","arr":["128"],"terminus":0,"mode":"bus","color":"#0059a9","colorDark":"#00294f","angle":157.8,"snapDist":6,"label":1}},{"type":"Feature","geometry":{"type":"Point","coordinates":[14.234458,40.836767]},"properties":{"name":"Colonna","lines":"128","arr":["128"],"terminus":0,"mode":"bus","color":"#0059a9","colorDark":"#00294f","angle":189.6,"snapDist":6,"label":1}},{"type":"Feature","geometry":{"type":"Point","coordinates":[14.23689,40.83599]},"properties":{"name":"Carducci","lines":"128","arr":["128"],"terminus":0,"mode":"bus","color":"#0059a9","colorDark":"#00294f","angle":271.5,"snapDist":3,"label":1}},{"type":"Feature","geometry":{"type":"Point","coordinates":[14.236189,40.833887]},"properties":{"name":"San Pasquale - Poerio","lines":"128","arr":["128"],"terminus":0,"mode":"bus","color":"#0059a9","colorDark":"#00294f","angle":0,"snapDist":1,"label":1}},{"type":"Feature","geometry":{"type":"Point","coordinates":[14.240395,40.833036]},"properties":{"name":"Riviera di Chiaia - Calabritto","lines":"128","arr":["128"],"terminus":0,"mode":"bus","color":"#0059a9","colorDark":"#00294f","angle":185.6,"snapDist":5,"label":1}},{"type":"Feature","geometry":{"type":"Point","coordinates":[14.241688,40.832508]},"properties":{"name":"Vittoria - Villa Comunale","lines":"128, 140, 151, 154, N1","arr":["128","140","151","154","N1"],"terminus":1,"mode":"bus","color":"#0059a9","colorDark":"#00294f","angle":271.3,"snapDist":4,"label":1}},{"type":"Feature","geometry":{"type":"Point","coordinates":[14.243354,40.832086]},"properties":{"name":"Arcoleo","lines":"128, 140, 151, 154, N1","arr":["128","140","151","154","N1"],"terminus":0,"mode":"bus","color":"#0059a9","colorDark":"#00294f","angle":187.1,"snapDist":8,"label":1}},{"type":"Feature","geometry":{"type":"Point","coordinates":[14.244373,40.831399]},"properties":{"name":"Chiatamone","lines":"128, 140, 154, N1","arr":["128","140","154","N1"],"terminus":0,"mode":"bus","color":"#0059a9","colorDark":"#00294f","angle":235.6,"snapDist":8,"label":1}},{"type":"Feature","geometry":{"type":"Point","coordinates":[14.245772,40.83049]},"properties":{"name":"Chiatamone - Castel dell'Ovo","lines":"128, 140, 154, N1","arr":["128","140","154","N1"],"terminus":0,"mode":"bus","color":"#0059a9","colorDark":"#00294f","angle":181.1,"snapDist":11,"label":1}},{"type":"Feature","geometry":{"type":"Point","coordinates":[14.271416,40.852979]},"properties":{"name":"Garibaldi - Attestamento","lines":"130, 151, C56, R5","arr":["130","151","C56","R5"],"terminus":1,"mode":"bus","color":"#0059a9","colorDark":"#00294f","angle":315.7,"snapDist":3,"label":1}},{"type":"Feature","geometry":{"type":"Point","coordinates":[14.27126,40.852873]},"properties":{"name":"Piazza Garibaldi","lines":"130, 151, 169, C56, R2, R5","arr":["130","151","169","C56","R2","R5"],"terminus":0,"mode":"bus","color":"#0059a9","colorDark":"#00294f","angle":-83.5,"snapDist":15,"label":1}},{"type":"Feature","geometry":{"type":"Point","coordinates":[14.269107,40.852337]},"properties":{"name":"Garibaldi","lines":"130, 151, 169, 455, 472, 475, C56, N1, R2","arr":["130","151","169","455","472","475","C56","N1","R2"],"terminus":1,"mode":"bus","color":"#0059a9","colorDark":"#00294f","angle":352.4,"snapDist":37,"label":1}},{"type":"Feature","geometry":{"type":"Point","coordinates":[14.267766,40.854031]},"properties":{"name":"Garibaldi - Principe Umberto","lines":"130, 169, 202, 254, 302, 460, C56","arr":["130","169","202","254","302","460","C56"],"terminus":1,"mode":"bus","color":"#0059a9","colorDark":"#00294f","angle":76.3,"snapDist":7,"label":1}},{"type":"Feature","geometry":{"type":"Point","coordinates":[14.268425,40.855782]},"properties":{"name":"Casanova","lines":"130, 169","arr":["130","169"],"terminus":0,"mode":"bus","color":"#0059a9","colorDark":"#00294f","angle":147.9,"snapDist":9,"label":1}},{"type":"Feature","geometry":{"type":"Point","coordinates":[14.270446,40.85676]},"properties":{"name":"Casanova - Novara","lines":"130, 169","arr":["130","169"],"terminus":0,"mode":"bus","color":"#0059a9","colorDark":"#00294f","angle":147.4,"snapDist":8,"label":1}},{"type":"Feature","geometry":{"type":"Point","coordinates":[14.273837,40.857784]},"properties":{"name":"Nazionale","lines":"130, 169","arr":["130","169"],"terminus":0,"mode":"bus","color":"#0059a9","colorDark":"#00294f","angle":171.3,"snapDist":2,"label":1}},{"type":"Feature","geometry":{"type":"Point","coordinates":[14.275946,40.859353]},"properties":{"name":"Nuova Poggioreale - Malta","lines":"130, 169","arr":["130","169"],"terminus":0,"mode":"bus","color":"#0059a9","colorDark":"#00294f","angle":147.2,"snapDist":2,"label":1}},{"type":"Feature","geometry":{"type":"Point","coordinates":[14.280791,40.86166]},"properties":{"name":"Nuova Poggioreale - Biscardi","lines":"130, 169","arr":["130","169"],"terminus":0,"mode":"bus","color":"#0059a9","colorDark":"#00294f","angle":147.8,"snapDist":3,"label":1}},{"type":"Feature","geometry":{"type":"Point","coordinates":[14.283918,40.86315]},"properties":{"name":"Nuova Poggioreale","lines":"130, 169","arr":["130","169"],"terminus":0,"mode":"bus","color":"#0059a9","colorDark":"#00294f","angle":147.8,"snapDist":1,"label":1}},{"type":"Feature","geometry":{"type":"Point","coordinates":[14.284947,40.858556]},"properties":{"name":"Aulisio","lines":"130","arr":["130"],"terminus":0,"mode":"bus","color":"#0059a9","colorDark":"#00294f","angle":263.5,"snapDist":2,"label":1}},{"type":"Feature","geometry":{"type":"Point","coordinates":[14.282069,40.857179]},"properties":{"name":"Viale della Costituzione - Moro","lines":"130","arr":["130"],"terminus":0,"mode":"bus","color":"#0059a9","colorDark":"#00294f","angle":352.2,"snapDist":3,"label":1}},{"type":"Feature","geometry":{"type":"Point","coordinates":[14.279371,40.856909]},"properties":{"name":"Viale della Costituzione - Isola G","lines":"130","arr":["130"],"terminus":0,"mode":"bus","color":"#0059a9","colorDark":"#00294f","angle":352.6,"snapDist":2,"label":1}},{"type":"Feature","geometry":{"type":"Point","coordinates":[14.276348,40.861117]},"properties":{"name":"Malta - Zara","lines":"130","arr":["130"],"terminus":0,"mode":"bus","color":"#0059a9","colorDark":"#00294f","angle":82.4,"snapDist":8,"label":1}},{"type":"Feature","geometry":{"type":"Point","coordinates":[14.218843,40.85257]},"properties":{"name":"Iannelli 45","lines":"130, C42","arr":["130","C42"],"terminus":0,"mode":"bus","color":"#0059a9","colorDark":"#00294f","angle":217.4,"snapDist":5,"label":1}},{"type":"Feature","geometry":{"type":"Point","coordinates":[14.220419,40.851764]},"properties":{"name":"Iannelli - Parco Aldebaran","lines":"130, C42","arr":["130","C42"],"terminus":0,"mode":"bus","color":"#0059a9","colorDark":"#00294f","angle":220.2,"snapDist":4,"label":1}},{"type":"Feature","geometry":{"type":"Point","coordinates":[14.222978,40.850784]},"properties":{"name":"Martini - Capaldo","lines":"130, 132, C42","arr":["130","132","C42"],"terminus":0,"mode":"bus","color":"#0059a9","colorDark":"#00294f","angle":241.1,"snapDist":4,"label":1}},{"type":"Feature","geometry":{"type":"Point","coordinates":[14.224177,40.850238]},"properties":{"name":"Martini - Altamura","lines":"130, 132, C42","arr":["130","132","C42"],"terminus":0,"mode":"bus","color":"#0059a9","colorDark":"#00294f","angle":180.9,"snapDist":9,"label":1}},{"type":"Feature","geometry":{"type":"Point","coordinates":[14.225105,40.849128]},"properties":{"name":"Altamura - Gemito","lines":"130, 132, N3, N7","arr":["130","132","N3","N7"],"terminus":0,"mode":"bus","color":"#0059a9","colorDark":"#00294f","angle":271.3,"snapDist":1,"label":1}},{"type":"Feature","geometry":{"type":"Point","coordinates":[14.224025,40.847668]},"properties":{"name":"Rossini - Piscina Comunale","lines":"130, 132, 633, N3, N7, S2","arr":["130","132","633","N3","N7","S2"],"terminus":0,"mode":"bus","color":"#0059a9","colorDark":"#00294f","angle":1,"snapDist":5,"label":1}},{"type":"Feature","geometry":{"type":"Point","coordinates":[14.222808,40.846091]},"properties":{"name":"Acitillo","lines":"130, 132, 633, N3, N7","arr":["130","132","633","N3","N7"],"terminus":1,"mode":"bus","color":"#0059a9","colorDark":"#00294f","angle":267.2,"snapDist":2,"label":1}},{"type":"Feature","geometry":{"type":"Point","coordinates":[14.223644,40.845254]},"properties":{"name":"Ribera - Gemito","lines":"130, 132, 633, N3, N7, S2, S5","arr":["130","132","633","N3","N7","S2","S5"],"terminus":0,"mode":"bus","color":"#0059a9","colorDark":"#00294f","angle":180.5,"snapDist":9,"label":1}},{"type":"Feature","geometry":{"type":"Point","coordinates":[14.225002,40.844699]},"properties":{"name":"Gemito - Stadio Collana","lines":"130, 132, 633, N7","arr":["130","132","633","N7"],"terminus":0,"mode":"bus","color":"#0059a9","colorDark":"#00294f","angle":271.6,"snapDist":1,"label":1}},{"type":"Feature","geometry":{"type":"Point","coordinates":[14.225673,40.843384]},"properties":{"name":"Cilea","lines":"130, 132, 181, C31, C36, C37","arr":["130","132","181","C31","C36","C37"],"terminus":1,"mode":"bus","color":"#0059a9","colorDark":"#00294f","angle":174,"snapDist":9,"label":1}},{"type":"Feature","geometry":{"type":"Point","coordinates":[14.231574,40.842644]},"properties":{"name":"Cimarosa - Floridiana","lines":"130, C36, C37","arr":["130","C36","C37"],"terminus":0,"mode":"bus","color":"#0059a9","colorDark":"#00294f","angle":178.1,"snapDist":7,"label":1}},{"type":"Feature","geometry":{"type":"Point","coordinates":[14.231841,40.843375]},"properties":{"name":"Bernini - Fuga","lines":"130, C36, C37","arr":["130","C36","C37"],"terminus":0,"mode":"bus","color":"#0059a9","colorDark":"#00294f","angle":84.4,"snapDist":7,"label":1}},{"type":"Feature","geometry":{"type":"Point","coordinates":[14.231657,40.844532]},"properties":{"name":"Bernini - Solimena","lines":"130, C36, C37","arr":["130","C36","C37"],"terminus":0,"mode":"bus","color":"#0059a9","colorDark":"#00294f","angle":82.8,"snapDist":9,"label":1}},{"type":"Feature","geometry":{"type":"Point","coordinates":[14.231362,40.846727]},"properties":{"name":"Bernini - Fanzago","lines":"130","arr":["130"],"terminus":0,"mode":"bus","color":"#0059a9","colorDark":"#00294f","angle":84.3,"snapDist":7,"label":1}},{"type":"Feature","geometry":{"type":"Point","coordinates":[14.231072,40.848657]},"properties":{"name":"Fiore - Ospedale Santobono","lines":"130, C44","arr":["130","C44"],"terminus":0,"mode":"bus","color":"#0059a9","colorDark":"#00294f","angle":84.3,"snapDist":14,"label":1}},{"type":"Feature","geometry":{"type":"Point","coordinates":[14.230672,40.85143]},"properties":{"name":"Niutta - Medaglie D'Oro","lines":"130, 139, 147, C44, N3, N7","arr":["130","139","147","C44","N3","N7"],"terminus":0,"mode":"bus","color":"#0059a9","colorDark":"#00294f","angle":83.7,"snapDist":11,"label":1}},{"type":"Feature","geometry":{"type":"Point","coordinates":[14.230474,40.852892]},"properties":{"name":"Niutta - Muzii","lines":"130, 139, 147, C44, N3, N7","arr":["130","139","147","C44","N3","N7"],"terminus":0,"mode":"bus","color":"#0059a9","colorDark":"#00294f","angle":84.1,"snapDist":7,"label":1}},{"type":"Feature","geometry":{"type":"Point","coordinates":[14.231099,40.853697]},"properties":{"name":"Arenella - Gigante","lines":"130, 147, N3","arr":["130","147","N3"],"terminus":0,"mode":"bus","color":"#0059a9","colorDark":"#00294f","angle":172.7,"snapDist":10,"label":1}},{"type":"Feature","geometry":{"type":"Point","coordinates":[14.232854,40.853669]},"properties":{"name":"Gigante - Orsi","lines":"130, 147, N3","arr":["130","147","N3"],"terminus":0,"mode":"bus","color":"#0059a9","colorDark":"#00294f","angle":184.8,"snapDist":7,"label":1}},{"type":"Feature","geometry":{"type":"Point","coordinates":[14.276918,40.856653]},"properties":{"name":"Viale della Costituzione - sottopasso","lines":"130","arr":["130"],"terminus":0,"mode":"bus","color":"#0059a9","colorDark":"#00294f","angle":247.7,"snapDist":7,"label":1}},{"type":"Feature","geometry":{"type":"Point","coordinates":[14.279449,40.856503]},"properties":{"name":"Viale della Costituzione - Isola B","lines":"130, 191","arr":["130","191"],"terminus":0,"mode":"bus","color":"#0059a9","colorDark":"#00294f","angle":172.4,"snapDist":4,"label":1}},{"type":"Feature","geometry":{"type":"Point","coordinates":[14.282155,40.856778]},"properties":{"name":"Della Costituzione - Moro","lines":"130","arr":["130"],"terminus":0,"mode":"bus","color":"#0059a9","colorDark":"#00294f","angle":172.6,"snapDist":2,"label":1}},{"type":"Feature","geometry":{"type":"Point","coordinates":[14.285004,40.858177]},"properties":{"name":"Aulisio","lines":"130","arr":["130"],"terminus":0,"mode":"bus","color":"#0059a9","colorDark":"#00294f","angle":83.5,"snapDist":9,"label":0}},{"type":"Feature","geometry":{"type":"Point","coordinates":[14.284629,40.860657]},"properties":{"name":"Aulisio - Palazzo di Giustizia","lines":"130","arr":["130"],"terminus":0,"mode":"bus","color":"#0059a9","colorDark":"#00294f","angle":83.5,"snapDist":8,"label":1}},{"type":"Feature","geometry":{"type":"Point","coordinates":[14.284397,40.862053]},"properties":{"name":"Aulisio","lines":"130","arr":["130"],"terminus":0,"mode":"bus","color":"#0059a9","colorDark":"#00294f","angle":84.9,"snapDist":17,"label":1}},{"type":"Feature","geometry":{"type":"Point","coordinates":[14.281494,40.862051]},"properties":{"name":"Nuova Poggioreale - Biscardi","lines":"130, 169","arr":["130","169"],"terminus":0,"mode":"bus","color":"#0059a9","colorDark":"#00294f","angle":327,"snapDist":2,"label":0}},{"type":"Feature","geometry":{"type":"Point","coordinates":[14.276955,40.859889]},"properties":{"name":"Nuova Poggioreale - Malta","lines":"130, 169","arr":["130","169"],"terminus":0,"mode":"bus","color":"#0059a9","colorDark":"#00294f","angle":327.9,"snapDist":0,"label":0}},{"type":"Feature","geometry":{"type":"Point","coordinates":[14.275512,40.85921]},"properties":{"name":"Nuova Poggioreale - Malta","lines":"130, 169","arr":["130","169"],"terminus":0,"mode":"bus","color":"#0059a9","colorDark":"#00294f","angle":327.2,"snapDist":7,"label":0}},{"type":"Feature","geometry":{"type":"Point","coordinates":[14.27237,40.857683]},"properties":{"name":"Casanova - Nazionale","lines":"130, 169, 191","arr":["130","169","191"],"terminus":1,"mode":"bus","color":"#0059a9","colorDark":"#00294f","angle":327.6,"snapDist":6,"label":1}},{"type":"Feature","geometry":{"type":"Point","coordinates":[14.271011,40.856526]},"properties":{"name":"Novara","lines":"130, 169, 191, N5, R5","arr":["130","169","191","N5","R5"],"terminus":0,"mode":"bus","color":"#0059a9","colorDark":"#00294f","angle":262.9,"snapDist":3,"label":1}},{"type":"Feature","geometry":{"type":"Point","coordinates":[14.204473,40.839596]},"properties":{"name":"Largo Giustiniano","lines":"132, S3A","arr":["132","S3A"],"terminus":1,"mode":"bus","color":"#0059a9","colorDark":"#00294f","angle":121,"snapDist":14,"label":1}},{"type":"Feature","geometry":{"type":"Point","coordinates":[14.203003,40.839684]},"properties":{"name":"Traiano - Cassiodoro","lines":"132, 612, 618, N6, S3, S3A","arr":["132","612","618","N6","S3","S3A"],"terminus":0,"mode":"bus","color":"#0059a9","colorDark":"#00294f","angle":348.1,"snapDist":4,"label":1}},{"type":"Feature","geometry":{"type":"Point","coordinates":[14.200177,40.840452]},"properties":{"name":"Antonino Pio","lines":"132, 618","arr":["132","618"],"terminus":0,"mode":"bus","color":"#0059a9","colorDark":"#00294f","angle":115.1,"snapDist":13,"label":1}},{"type":"Feature","geometry":{"type":"Point","coordinates":[14.199944,40.842333]},"properties":{"name":"Adriano - Poste","lines":"132, 618","arr":["132","618"],"terminus":1,"mode":"bus","color":"#0059a9","colorDark":"#00294f","angle":24.2,"snapDist":6,"label":1}},{"type":"Feature","geometry":{"type":"Point","coordinates":[14.198461,40.843166]},"properties":{"name":"Servio Tullio - Quintiliano","lines":"132","arr":["132"],"terminus":0,"mode":"bus","color":"#0059a9","colorDark":"#00294f","angle":103.7,"snapDist":14,"label":1}},{"type":"Feature","geometry":{"type":"Point","coordinates":[14.199931,40.845575]},"properties":{"name":"Epomeo","lines":"132, 612, 618, 633, N6, S3","arr":["132","612","618","633","N6","S3"],"terminus":0,"mode":"bus","color":"#0059a9","colorDark":"#00294f","angle":194.1,"snapDist":4,"label":1}},{"type":"Feature","geometry":{"type":"Point","coordinates":[14.201575,40.845262]},"properties":{"name":"Epomeo - Circumflegrea Soccavo","lines":"132, 612, 618, 633, N6, S3","arr":["132","612","618","633","N6","S3"],"terminus":0,"mode":"bus","color":"#0059a9","colorDark":"#00294f","angle":194.1,"snapDist":5,"label":1}},{"type":"Feature","geometry":{"type":"Point","coordinates":[14.203692,40.844851]},"properties":{"name":"Epomeo - Villa Cinzia","lines":"132, 612, 618, 633, N6, S3","arr":["132","612","618","633","N6","S3"],"terminus":0,"mode":"bus","color":"#0059a9","colorDark":"#00294f","angle":194.3,"snapDist":2,"label":1}},{"type":"Feature","geometry":{"type":"Point","coordinates":[14.206821,40.844273]},"properties":{"name":"Epomeo - Giustiniano","lines":"132, 612, 618, 633, N6, S3","arr":["132","612","618","633","N6","S3"],"terminus":0,"mode":"bus","color":"#0059a9","colorDark":"#00294f","angle":193.5,"snapDist":4,"label":1}},{"type":"Feature","geometry":{"type":"Point","coordinates":[14.208672,40.845524]},"properties":{"name":"Pigna - Risorgimento","lines":"132","arr":["132"],"terminus":0,"mode":"bus","color":"#0059a9","colorDark":"#00294f","angle":156.8,"snapDist":6,"label":1}},{"type":"Feature","geometry":{"type":"Point","coordinates":[14.210395,40.845929]},"properties":{"name":"Pigna","lines":"132","arr":["132"],"terminus":0,"mode":"bus","color":"#0059a9","colorDark":"#00294f","angle":150.8,"snapDist":7,"label":1}},{"type":"Feature","geometry":{"type":"Point","coordinates":[14.214159,40.848716]},"properties":{"name":"Pigna - Parco Pigna","lines":"132","arr":["132"],"terminus":0,"mode":"bus","color":"#0059a9","colorDark":"#00294f","angle":65.6,"snapDist":10,"label":1}},{"type":"Feature","geometry":{"type":"Point","coordinates":[14.216146,40.848593]},"properties":{"name":"Pigna - Parco Correale","lines":"132, S2","arr":["132","S2"],"terminus":0,"mode":"bus","color":"#0059a9","colorDark":"#00294f","angle":84.2,"snapDist":13,"label":1}},{"type":"Feature","geometry":{"type":"Point","coordinates":[14.216608,40.849476]},"properties":{"name":"Pigna - Liceo Pansini","lines":"132, S2","arr":["132","S2"],"terminus":0,"mode":"bus","color":"#0059a9","colorDark":"#00294f","angle":129.7,"snapDist":11,"label":1}},{"type":"Feature","geometry":{"type":"Point","coordinates":[14.218799,40.849223]},"properties":{"name":"Pigna - Omodeo","lines":"132","arr":["132"],"terminus":0,"mode":"bus","color":"#0059a9","colorDark":"#00294f","angle":169.3,"snapDist":8,"label":1}},{"type":"Feature","geometry":{"type":"Point","coordinates":[14.220086,40.849713]},"properties":{"name":"Pigna Liceo Alberti","lines":"132","arr":["132"],"terminus":0,"mode":"bus","color":"#0059a9","colorDark":"#00294f","angle":121.3,"snapDist":10,"label":1}},{"type":"Feature","geometry":{"type":"Point","coordinates":[14.220915,40.850737]},"properties":{"name":"Pigna","lines":"132","arr":["132"],"terminus":0,"mode":"bus","color":"#0059a9","colorDark":"#00294f","angle":121.8,"snapDist":11,"label":1}},{"type":"Feature","geometry":{"type":"Point","coordinates":[14.22523,40.845985]},"properties":{"name":"Quattro Giornate - Stadio Collana","lines":"132, 633, N3, N7, S2, S5","arr":["132","633","N3","N7","S2","S5"],"terminus":1,"mode":"bus","color":"#0059a9","colorDark":"#00294f","angle":131.2,"snapDist":17,"label":1}},{"type":"Feature","geometry":{"type":"Point","coordinates":[14.225067,40.847247]},"properties":{"name":"Gemito-Rossini","lines":"132, 633, N3, N7, S2, S5","arr":["132","633","N3","N7","S2","S5"],"terminus":1,"mode":"bus","color":"#0059a9","colorDark":"#00294f","angle":90.4,"snapDist":11,"label":1}},{"type":"Feature","geometry":{"type":"Point","coordinates":[14.225103,40.849055]},"properties":{"name":"Altamura-Martini","lines":"132, N3, N7, S5","arr":["132","N3","N7","S5"],"terminus":0,"mode":"bus","color":"#0059a9","colorDark":"#00294f","angle":91.3,"snapDist":12,"label":1}},{"type":"Feature","geometry":{"type":"Point","coordinates":[14.223868,40.850242]},"properties":{"name":"Martini-Scala","lines":"132, S5","arr":["132","S5"],"terminus":0,"mode":"bus","color":"#0059a9","colorDark":"#00294f","angle":0.9,"snapDist":4,"label":1}},{"type":"Feature","geometry":{"type":"Point","coordinates":[14.222698,40.851143]},"properties":{"name":"Martini-Mario","lines":"132, S5","arr":["132","S5"],"terminus":0,"mode":"bus","color":"#0059a9","colorDark":"#00294f","angle":59.3,"snapDist":9,"label":1}},{"type":"Feature","geometry":{"type":"Point","coordinates":[14.220761,40.85055]},"properties":{"name":"Pigna - Camandolilli","lines":"132, S5","arr":["132","S5"],"terminus":0,"mode":"bus","color":"#0059a9","colorDark":"#00294f","angle":301.8,"snapDist":0,"label":1}},{"type":"Feature","geometry":{"type":"Point","coordinates":[14.219101,40.849266]},"properties":{"name":"Pigna - Omodeo","lines":"132, S5","arr":["132","S5"],"terminus":0,"mode":"bus","color":"#0059a9","colorDark":"#00294f","angle":349.3,"snapDist":2,"label":0}},{"type":"Feature","geometry":{"type":"Point","coordinates":[14.216743,40.849592]},"properties":{"name":"Pigna-Correale","lines":"132","arr":["132"],"terminus":0,"mode":"bus","color":"#0059a9","colorDark":"#00294f","angle":314.8,"snapDist":2,"label":1}},{"type":"Feature","geometry":{"type":"Point","coordinates":[14.214346,40.848404]},"properties":{"name":"Pigna","lines":"132","arr":["132"],"terminus":0,"mode":"bus","color":"#0059a9","colorDark":"#00294f","angle":246,"snapDist":4,"label":1}},{"type":"Feature","geometry":{"type":"Point","coordinates":[14.209961,40.84577]},"properties":{"name":"Pigna","lines":"132","arr":["132"],"terminus":0,"mode":"bus","color":"#0059a9","colorDark":"#00294f","angle":336.9,"snapDist":3,"label":0}},{"type":"Feature","geometry":{"type":"Point","coordinates":[14.208318,40.84524]},"properties":{"name":"Pigna","lines":"132","arr":["132"],"terminus":0,"mode":"bus","color":"#0059a9","colorDark":"#00294f","angle":290.1,"snapDist":1,"label":0}},{"type":"Feature","geometry":{"type":"Point","coordinates":[14.206122,40.844415]},"properties":{"name":"Epomeo","lines":"132, 612, 633, N6, S3A","arr":["132","612","633","N6","S3A"],"terminus":0,"mode":"bus","color":"#0059a9","colorDark":"#00294f","angle":13.3,"snapDist":7,"label":1}},{"type":"Feature","geometry":{"type":"Point","coordinates":[14.204023,40.844803]},"properties":{"name":"Epomeo - della valle","lines":"132, 612, 633, N6, S3A","arr":["132","612","633","N6","S3A"],"terminus":0,"mode":"bus","color":"#0059a9","colorDark":"#00294f","angle":14.2,"snapDist":7,"label":1}},{"type":"Feature","geometry":{"type":"Point","coordinates":[14.202178,40.845158]},"properties":{"name":"Epomeo - Montevergine","lines":"132, 612, 633, N6, S3A","arr":["132","612","633","N6","S3A"],"terminus":0,"mode":"bus","color":"#0059a9","colorDark":"#00294f","angle":15.2,"snapDist":8,"label":1}},{"type":"Feature","geometry":{"type":"Point","coordinates":[14.200251,40.845531]},"properties":{"name":"Epomeo","lines":"132, 612, 633, N6, S3A","arr":["132","612","633","N6","S3A"],"terminus":0,"mode":"bus","color":"#0059a9","colorDark":"#00294f","angle":14.2,"snapDist":5,"label":0}},{"type":"Feature","geometry":{"type":"Point","coordinates":[14.198712,40.843953]},"properties":{"name":"Servio Tullio","lines":"132","arr":["132"],"terminus":0,"mode":"bus","color":"#0059a9","colorDark":"#00294f","angle":282.6,"snapDist":4,"label":1}},{"type":"Feature","geometry":{"type":"Point","coordinates":[14.198971,40.842582]},"properties":{"name":"Adriano 98","lines":"132","arr":["132"],"terminus":0,"mode":"bus","color":"#0059a9","colorDark":"#00294f","angle":194,"snapDist":6,"label":1}},{"type":"Feature","geometry":{"type":"Point","coordinates":[14.19901,40.841528]},"properties":{"name":"Cornelia dei Gracchi","lines":"132","arr":["132"],"terminus":0,"mode":"bus","color":"#0059a9","colorDark":"#00294f","angle":290.2,"snapDist":5,"label":1}},{"type":"Feature","geometry":{"type":"Point","coordinates":[14.199407,40.839726]},"properties":{"name":"Traiano - Giovanni XXIII","lines":"132, S3A","arr":["132","S3A"],"terminus":0,"mode":"bus","color":"#0059a9","colorDark":"#00294f","angle":204.9,"snapDist":13,"label":1}},{"type":"Feature","geometry":{"type":"Point","coordinates":[14.201314,40.839355]},"properties":{"name":"Traiano - Cassiodoro","lines":"132, S3A","arr":["132","S3A"],"terminus":0,"mode":"bus","color":"#0059a9","colorDark":"#00294f","angle":168.4,"snapDist":8,"label":0}},{"type":"Feature","geometry":{"type":"Point","coordinates":[14.20342,40.839682]},"properties":{"name":"Traiano","lines":"132, S3A","arr":["132","S3A"],"terminus":0,"mode":"bus","color":"#0059a9","colorDark":"#00294f","angle":168.4,"snapDist":9,"label":1}},{"type":"Feature","geometry":{"type":"Point","coordinates":[14.227384,40.868208]},"properties":{"name":"Ospedale Cardarelli","lines":"139, 143, 144, 144A, 144B, 165, 165Q, C76","arr":["139","143","144","144A","144B","165","165Q","C76"],"terminus":1,"mode":"bus","color":"#0059a9","colorDark":"#00294f","angle":284,"snapDist":2,"label":1}},{"type":"Feature","geometry":{"type":"Point","coordinates":[14.226533,40.865176]},"properties":{"name":"Cardarelli","lines":"139, 143, 144, 144A, 144B, 165, 165Q, C76","arr":["139","143","144","144A","144B","165","165Q","C76"],"terminus":0,"mode":"bus","color":"#0059a9","colorDark":"#00294f","angle":285.2,"snapDist":1,"label":1}},{"type":"Feature","geometry":{"type":"Point","coordinates":[14.226659,40.862055]},"properties":{"name":"Cavallino","lines":"139","arr":["139"],"terminus":0,"mode":"bus","color":"#0059a9","colorDark":"#00294f","angle":223,"snapDist":6,"label":1}},{"type":"Feature","geometry":{"type":"Point","coordinates":[14.228662,40.860907]},"properties":{"name":"Cavallino","lines":"139","arr":["139"],"terminus":0,"mode":"bus","color":"#0059a9","colorDark":"#00294f","angle":216.5,"snapDist":5,"label":0}},{"type":"Feature","geometry":{"type":"Point","coordinates":[14.230558,40.859846]},"properties":{"name":"Cavallino","lines":"139","arr":["139"],"terminus":0,"mode":"bus","color":"#0059a9","colorDark":"#00294f","angle":217.1,"snapDist":6,"label":1}},{"type":"Feature","geometry":{"type":"Point","coordinates":[14.230487,40.858597]},"properties":{"name":"Cavallino","lines":"139","arr":["139"],"terminus":0,"mode":"bus","color":"#0059a9","colorDark":"#00294f","angle":308.3,"snapDist":3,"label":0}},{"type":"Feature","geometry":{"type":"Point","coordinates":[14.231065,40.857014]},"properties":{"name":"Fontana","lines":"139","arr":["139"],"terminus":0,"mode":"bus","color":"#0059a9","colorDark":"#00294f","angle":222.3,"snapDist":5,"label":1}},{"type":"Feature","geometry":{"type":"Point","coordinates":[14.230772,40.855512]},"properties":{"name":"Fontana","lines":"139","arr":["139"],"terminus":0,"mode":"bus","color":"#0059a9","colorDark":"#00294f","angle":315.8,"snapDist":1,"label":0}},{"type":"Feature","geometry":{"type":"Point","coordinates":[14.229275,40.855765]},"properties":{"name":"Fontana","lines":"139","arr":["139"],"terminus":0,"mode":"bus","color":"#0059a9","colorDark":"#00294f","angle":92.9,"snapDist":11,"label":0}},{"type":"Feature","geometry":{"type":"Point","coordinates":[14.22862,40.855045]},"properties":{"name":"Fontana","lines":"139","arr":["139"],"terminus":0,"mode":"bus","color":"#0059a9","colorDark":"#00294f","angle":261.8,"snapDist":2,"label":1}},{"type":"Feature","geometry":{"type":"Point","coordinates":[14.229506,40.853895]},"properties":{"name":"Palermo - Arenella","lines":"139","arr":["139"],"terminus":0,"mode":"bus","color":"#0059a9","colorDark":"#00294f","angle":238.1,"snapDist":5,"label":1}},{"type":"Feature","geometry":{"type":"Point","coordinates":[14.230313,40.850619]},"properties":{"name":"Medaglie D'Oro","lines":"139, 147","arr":["139","147"],"terminus":0,"mode":"bus","color":"#0059a9","colorDark":"#00294f","angle":274.9,"snapDist":4,"label":1}},{"type":"Feature","geometry":{"type":"Point","coordinates":[14.232132,40.850677]},"properties":{"name":"Menzinger","lines":"139, 147, C44","arr":["139","147","C44"],"terminus":0,"mode":"bus","color":"#0059a9","colorDark":"#00294f","angle":173.8,"snapDist":11,"label":1}},{"type":"Feature","geometry":{"type":"Point","coordinates":[14.234472,40.850551]},"properties":{"name":"Suarez-Immacolata","lines":"139, 147","arr":["139","147"],"terminus":0,"mode":"bus","color":"#0059a9","colorDark":"#00294f","angle":199.9,"snapDist":10,"label":0}},{"type":"Feature","geometry":{"type":"Point","coordinates":[14.236765,40.849111]},"properties":{"name":"Santacroce Leonardo","lines":"139","arr":["139"],"terminus":0,"mode":"bus","color":"#0059a9","colorDark":"#00294f","angle":250.1,"snapDist":0,"label":1}},{"type":"Feature","geometry":{"type":"Point","coordinates":[14.23841,40.848332]},"properties":{"name":"Santacroce-Parco Pastore","lines":"139","arr":["139"],"terminus":0,"mode":"bus","color":"#0059a9","colorDark":"#00294f","angle":242,"snapDist":3,"label":1}},{"type":"Feature","geometry":{"type":"Point","coordinates":[14.238811,40.850124]},"properties":{"name":"Santacroce-Parco Nuovo","lines":"139","arr":["139"],"terminus":0,"mode":"bus","color":"#0059a9","colorDark":"#00294f","angle":127.2,"snapDist":9,"label":1}},{"type":"Feature","geometry":{"type":"Point","coordinates":[14.238955,40.851639]},"properties":{"name":"Santacroce-Metropolitana","lines":"139","arr":["139"],"terminus":0,"mode":"bus","color":"#0059a9","colorDark":"#00294f","angle":95.4,"snapDist":5,"label":1}},{"type":"Feature","geometry":{"type":"Point","coordinates":[14.241156,40.851733]},"properties":{"name":"Salvator Rosa - Istituto Vico","lines":"139, 147, C16, N3","arr":["139","147","C16","N3"],"terminus":0,"mode":"bus","color":"#0059a9","colorDark":"#00294f","angle":193.9,"snapDist":11,"label":1}},{"type":"Feature","geometry":{"type":"Point","coordinates":[14.24489,40.85274]},"properties":{"name":"Salvator Rosa-Pontecorvo","lines":"139, 147, C16, N3","arr":["139","147","C16","N3"],"terminus":0,"mode":"bus","color":"#0059a9","colorDark":"#00294f","angle":161.8,"snapDist":9,"label":1}},{"type":"Feature","geometry":{"type":"Point","coordinates":[14.245962,40.853084]},"properties":{"name":"Salvator Rosa-Cavone","lines":"139, 147, N3","arr":["139","147","N3"],"terminus":0,"mode":"bus","color":"#0059a9","colorDark":"#00294f","angle":128.9,"snapDist":7,"label":1}},{"type":"Feature","geometry":{"type":"Point","coordinates":[14.249023,40.853636]},"properties":{"name":"Salvator Rosa-Museo Nazionale","lines":"139, 147, N3","arr":["139","147","N3"],"terminus":0,"mode":"bus","color":"#0059a9","colorDark":"#00294f","angle":207.1,"snapDist":5,"label":1}},{"type":"Feature","geometry":{"type":"Point","coordinates":[14.249388,40.846887]},"properties":{"name":"Toledo - VII Settembre","lines":"139, 168, 182, 184, 201, 204, 460, 584, N3","arr":["139","168","182","184","201","204","460","584","N3"],"terminus":0,"mode":"bus","color":"#0059a9","colorDark":"#00294f","angle":274,"snapDist":2,"label":1}},{"type":"Feature","geometry":{"type":"Point","coordinates":[14.249172,40.845115]},"properties":{"name":"Toledo - Carità","lines":"139, 168, 182, 184, 201, 204, 460, 584, N3","arr":["139","168","182","184","201","204","460","584","N3"],"terminus":0,"mode":"bus","color":"#0059a9","colorDark":"#00294f","angle":275.3,"snapDist":1,"label":1}},{"type":"Feature","geometry":{"type":"Point","coordinates":[14.250961,40.843323]},"properties":{"name":"Battisti","lines":"139, 168, 182, 184, 201, 204, 460, 584, N3, NAVF2","arr":["139","168","182","184","201","204","460","584","N3","NAVF2"],"terminus":1,"mode":"bus","color":"#0059a9","colorDark":"#00294f","angle":213.5,"snapDist":6,"label":1}},{"type":"Feature","geometry":{"type":"Point","coordinates":[14.251754,40.844195]},"properties":{"name":"Monteoliveto - Federico II - Architettura","lines":"139, 168, 182, 184, 201, 204, 460, 584, N3","arr":["139","168","182","184","201","204","460","584","N3"],"terminus":1,"mode":"bus","color":"#0059a9","colorDark":"#00294f","angle":59.7,"snapDist":9,"label":1}},{"type":"Feature","geometry":{"type":"Point","coordinates":[14.249913,40.84683]},"properties":{"name":"Sant'Anna dei Lombardi","lines":"139, 168, 182, 184, 201, 204, 460, 584, N3","arr":["139","168","182","184","201","204","460","584","N3"],"terminus":1,"mode":"bus","color":"#0059a9","colorDark":"#00294f","angle":57.9,"snapDist":6,"label":1}},{"type":"Feature","geometry":{"type":"Point","coordinates":[14.247055,40.854134]},"properties":{"name":"Salvator Rosa-Parco CIS","lines":"139, 147, N3","arr":["139","147","N3"],"terminus":0,"mode":"bus","color":"#0059a9","colorDark":"#00294f","angle":9.6,"snapDist":5,"label":1}},{"type":"Feature","geometry":{"type":"Point","coordinates":[14.244795,40.852716]},"properties":{"name":"Salvator Rosa - Pontecorvo","lines":"139","arr":["139"],"terminus":0,"mode":"bus","color":"#0059a9","colorDark":"#00294f","angle":341.6,"snapDist":3,"label":1}},{"type":"Feature","geometry":{"type":"Point","coordinates":[14.242731,40.851604]},"properties":{"name":"Salvator Rosa-Mazzini","lines":"139","arr":["139"],"terminus":0,"mode":"bus","color":"#0059a9","colorDark":"#00294f","angle":329.8,"snapDist":3,"label":1}},{"type":"Feature","geometry":{"type":"Point","coordinates":[14.240181,40.851895]},"properties":{"name":"Salvator Rosa-Ist.vico","lines":"139","arr":["139"],"terminus":0,"mode":"bus","color":"#0059a9","colorDark":"#00294f","angle":9.2,"snapDist":5,"label":1}},{"type":"Feature","geometry":{"type":"Point","coordinates":[14.238855,40.851362]},"properties":{"name":"Santacroce-Metropolitana","lines":"139","arr":["139"],"terminus":0,"mode":"bus","color":"#0059a9","colorDark":"#00294f","angle":276.2,"snapDist":2,"label":0}},{"type":"Feature","geometry":{"type":"Point","coordinates":[14.238653,40.849394]},"properties":{"name":"Santacroce-Parco 40","lines":"139","arr":["139"],"terminus":0,"mode":"bus","color":"#0059a9","colorDark":"#00294f","angle":253.8,"snapDist":7,"label":1}},{"type":"Feature","geometry":{"type":"Point","coordinates":[14.238955,40.848522]},"properties":{"name":"Santacroce-Parco Viviani","lines":"139","arr":["139"],"terminus":0,"mode":"bus","color":"#0059a9","colorDark":"#00294f","angle":259.2,"snapDist":0,"label":1}},{"type":"Feature","geometry":{"type":"Point","coordinates":[14.236815,40.849206]},"properties":{"name":"Santacroce Leonardo","lines":"139","arr":["139"],"terminus":0,"mode":"bus","color":"#0059a9","colorDark":"#00294f","angle":68.9,"snapDist":8,"label":0}},{"type":"Feature","geometry":{"type":"Point","coordinates":[14.235722,40.850196]},"properties":{"name":"Via Suarez","lines":"139, 147","arr":["139","147"],"terminus":0,"mode":"bus","color":"#0059a9","colorDark":"#00294f","angle":19,"snapDist":5,"label":0}},{"type":"Feature","geometry":{"type":"Point","coordinates":[14.234863,40.850444]},"properties":{"name":"Suarez-Immacolata","lines":"139, 147","arr":["139","147"],"terminus":1,"mode":"bus","color":"#0059a9","colorDark":"#00294f","angle":19.9,"snapDist":7,"label":1}},{"type":"Feature","geometry":{"type":"Point","coordinates":[14.232489,40.850706]},"properties":{"name":"Menzinger -Medaglie D'Oro","lines":"139, 147","arr":["139","147"],"terminus":0,"mode":"bus","color":"#0059a9","colorDark":"#00294f","angle":353.8,"snapDist":3,"label":1}},{"type":"Feature","geometry":{"type":"Point","coordinates":[14.229584,40.853801]},"properties":{"name":"Palermo - Arenella","lines":"139, N3, N7","arr":["139","N3","N7"],"terminus":0,"mode":"bus","color":"#0059a9","colorDark":"#00294f","angle":58.1,"snapDist":12,"label":0}},{"type":"Feature","geometry":{"type":"Point","coordinates":[14.228642,40.856091]},"properties":{"name":"Fontana","lines":"139, N3, N7","arr":["139","N3","N7"],"terminus":0,"mode":"bus","color":"#0059a9","colorDark":"#00294f","angle":91.3,"snapDist":9,"label":0}},{"type":"Feature","geometry":{"type":"Point","coordinates":[14.230191,40.855281]},"properties":{"name":"Fontana - Massari","lines":"139, N3, N7","arr":["139","N3","N7"],"terminus":0,"mode":"bus","color":"#0059a9","colorDark":"#00294f","angle":168.1,"snapDist":8,"label":1}},{"type":"Feature","geometry":{"type":"Point","coordinates":[14.231556,40.856714]},"properties":{"name":"Fontana - Presutti","lines":"139, N3, N7","arr":["139","N3","N7"],"terminus":0,"mode":"bus","color":"#0059a9","colorDark":"#00294f","angle":47.3,"snapDist":7,"label":1}},{"type":"Feature","geometry":{"type":"Point","coordinates":[14.230691,40.858834]},"properties":{"name":"Cavallino - Parco Ice Snei","lines":"139, N3, N7","arr":["139","N3","N7"],"terminus":0,"mode":"bus","color":"#0059a9","colorDark":"#00294f","angle":122.8,"snapDist":10,"label":1}},{"type":"Feature","geometry":{"type":"Point","coordinates":[14.22919,40.860612]},"properties":{"name":"Cavallino","lines":"139, N3, N7","arr":["139","N3","N7"],"terminus":0,"mode":"bus","color":"#0059a9","colorDark":"#00294f","angle":36.5,"snapDist":7,"label":0}},{"type":"Feature","geometry":{"type":"Point","coordinates":[14.228452,40.861025]},"properties":{"name":"Cavallino","lines":"139, N3, N7","arr":["139","N3","N7"],"terminus":0,"mode":"bus","color":"#0059a9","colorDark":"#00294f","angle":36.5,"snapDist":9,"label":0}},{"type":"Feature","geometry":{"type":"Point","coordinates":[14.226282,40.862321]},"properties":{"name":"Cavallino - Pronto Soccorso Cardarelli","lines":"139, N3, N7","arr":["139","N3","N7"],"terminus":0,"mode":"bus","color":"#0059a9","colorDark":"#00294f","angle":43,"snapDist":5,"label":1}},{"type":"Feature","geometry":{"type":"Point","coordinates":[14.226832,40.865925]},"properties":{"name":"Cardarelli - Ospedale Cardarelli","lines":"139, 143, 144, 144A, 144B, 165, 165Q, 204, C44, C76, N3, N7","arr":["139","143","144","144A","144B","165","165Q","204","C44","C76","N3","N7"],"terminus":1,"mode":"bus","color":"#0059a9","colorDark":"#00294f","angle":105.9,"snapDist":8,"label":1}},{"type":"Feature","geometry":{"type":"Point","coordinates":[14.185556,40.804231]},"properties":{"name":"Posillipo Capo - Attestamento","lines":"140, 622, C21, C31","arr":["140","622","C21","C31"],"terminus":1,"mode":"bus","color":"#0059a9","colorDark":"#00294f","angle":59.7,"snapDist":5,"label":1}},{"type":"Feature","geometry":{"type":"Point","coordinates":[14.186324,40.803546]},"properties":{"name":"Discesa Coroglio - Ponte","lines":"140, 622, C1, C1E, C21, C31","arr":["140","622","C1","C1E","C21","C31"],"terminus":0,"mode":"bus","color":"#0059a9","colorDark":"#00294f","angle":225.7,"snapDist":5,"label":1}},{"type":"Feature","geometry":{"type":"Point","coordinates":[14.187893,40.802255]},"properties":{"name":"Discesa Coroglio - Denza","lines":"140, 622, C1, C1E, C21, C31","arr":["140","622","C1","C1E","C21","C31"],"terminus":0,"mode":"bus","color":"#0059a9","colorDark":"#00294f","angle":228.1,"snapDist":5,"label":1}},{"type":"Feature","geometry":{"type":"Point","coordinates":[14.189545,40.801421]},"properties":{"name":"Discesa Coroglio - Marechiaro","lines":"140, 622, C1, C1E, C21, C31","arr":["140","622","C1","C1E","C21","C31"],"terminus":0,"mode":"bus","color":"#0059a9","colorDark":"#00294f","angle":199.1,"snapDist":8,"label":1}},{"type":"Feature","geometry":{"type":"Point","coordinates":[14.192428,40.801674]},"properties":{"name":"S.Strato - Boccaccio","lines":"140","arr":["140"],"terminus":0,"mode":"bus","color":"#0059a9","colorDark":"#00294f","angle":160,"snapDist":8,"label":1}},{"type":"Feature","geometry":{"type":"Point","coordinates":[14.194226,40.802194]},"properties":{"name":"S.Strato - Ricciardi","lines":"140","arr":["140"],"terminus":0,"mode":"bus","color":"#0059a9","colorDark":"#00294f","angle":172.2,"snapDist":10,"label":1}},{"type":"Feature","geometry":{"type":"Point","coordinates":[14.197178,40.803263]},"properties":{"name":"Posillipo-Costa","lines":"140","arr":["140"],"terminus":0,"mode":"bus","color":"#0059a9","colorDark":"#00294f","angle":146.4,"snapDist":9,"label":1}},{"type":"Feature","geometry":{"type":"Point","coordinates":[14.199219,40.803332]},"properties":{"name":"Posillipo","lines":"140","arr":["140"],"terminus":0,"mode":"bus","color":"#0059a9","colorDark":"#00294f","angle":226.3,"snapDist":4,"label":1}},{"type":"Feature","geometry":{"type":"Point","coordinates":[14.201973,40.80401]},"properties":{"name":"Posillipo - di Giacomo","lines":"140","arr":["140"],"terminus":0,"mode":"bus","color":"#0059a9","colorDark":"#00294f","angle":138.8,"snapDist":11,"label":1}},{"type":"Feature","geometry":{"type":"Point","coordinates":[14.203748,40.806003]},"properties":{"name":"Posillipo","lines":"140","arr":["140"],"terminus":0,"mode":"bus","color":"#0059a9","colorDark":"#00294f","angle":115.2,"snapDist":9,"label":1}},{"type":"Feature","geometry":{"type":"Point","coordinates":[14.204207,40.807664]},"properties":{"name":"Posillipo","lines":"140","arr":["140"],"terminus":0,"mode":"bus","color":"#0059a9","colorDark":"#00294f","angle":119.1,"snapDist":6,"label":0}},{"type":"Feature","geometry":{"type":"Point","coordinates":[14.204798,40.810263]},"properties":{"name":"Posillipo - Rocca Belvedere","lines":"140","arr":["140"],"terminus":0,"mode":"bus","color":"#0059a9","colorDark":"#00294f","angle":127.1,"snapDist":7,"label":1}},{"type":"Feature","geometry":{"type":"Point","coordinates":[14.207136,40.812849]},"properties":{"name":"Posillipo","lines":"140","arr":["140"],"terminus":0,"mode":"bus","color":"#0059a9","colorDark":"#00294f","angle":91.5,"snapDist":8,"label":1}},{"type":"Feature","geometry":{"type":"Point","coordinates":[14.207541,40.814027]},"properties":{"name":"Posillipo - S.Luigi","lines":"140","arr":["140"],"terminus":0,"mode":"bus","color":"#0059a9","colorDark":"#00294f","angle":127.2,"snapDist":8,"label":1}},{"type":"Feature","geometry":{"type":"Point","coordinates":[14.209395,40.814876]},"properties":{"name":"Posillipo","lines":"140","arr":["140"],"terminus":0,"mode":"bus","color":"#0059a9","colorDark":"#00294f","angle":125,"snapDist":7,"label":1}},{"type":"Feature","geometry":{"type":"Point","coordinates":[14.210705,40.816809]},"properties":{"name":"Posillipo","lines":"140","arr":["140"],"terminus":0,"mode":"bus","color":"#0059a9","colorDark":"#00294f","angle":131.2,"snapDist":5,"label":1}},{"type":"Feature","geometry":{"type":"Point","coordinates":[14.211776,40.817991]},"properties":{"name":"Posillipo","lines":"140","arr":["140"],"terminus":0,"mode":"bus","color":"#0059a9","colorDark":"#00294f","angle":111.8,"snapDist":7,"label":0}},{"type":"Feature","geometry":{"type":"Point","coordinates":[14.212957,40.819137]},"properties":{"name":"Posillipo","lines":"140","arr":["140"],"terminus":0,"mode":"bus","color":"#0059a9","colorDark":"#00294f","angle":149,"snapDist":8,"label":1}},{"type":"Feature","geometry":{"type":"Point","coordinates":[14.213767,40.820028]},"properties":{"name":"Posillipo - Palazzo Donn'Anna","lines":"140","arr":["140"],"terminus":0,"mode":"bus","color":"#0059a9","colorDark":"#00294f","angle":112.9,"snapDist":13,"label":1}},{"type":"Feature","geometry":{"type":"Point","coordinates":[14.216058,40.82227]},"properties":{"name":"Posillipo","lines":"140","arr":["140"],"terminus":0,"mode":"bus","color":"#0059a9","colorDark":"#00294f","angle":144.1,"snapDist":9,"label":1}},{"type":"Feature","geometry":{"type":"Point","coordinates":[14.21973,40.823667]},"properties":{"name":"Caracciolo-Sea Garden","lines":"140","arr":["140"],"terminus":0,"mode":"bus","color":"#0059a9","colorDark":"#00294f","angle":135.3,"snapDist":13,"label":1}},{"type":"Feature","geometry":{"type":"Point","coordinates":[14.220551,40.825725]},"properties":{"name":"Caracciolo - Capitaneria di Porto","lines":"140","arr":["140"],"terminus":0,"mode":"bus","color":"#0059a9","colorDark":"#00294f","angle":68.4,"snapDist":10,"label":1}},{"type":"Feature","geometry":{"type":"Point","coordinates":[14.21982,40.828165]},"properties":{"name":"Mergellina - Sannazzaro","lines":"140, 612, C16, C21","arr":["140","612","C16","C21"],"terminus":0,"mode":"bus","color":"#0059a9","colorDark":"#00294f","angle":87.9,"snapDist":5,"label":1}},{"type":"Feature","geometry":{"type":"Point","coordinates":[14.220188,40.828581]},"properties":{"name":"Sannazaro","lines":"140, 151, 612, N1, R7","arr":["140","151","612","N1","R7"],"terminus":0,"mode":"bus","color":"#0059a9","colorDark":"#00294f","angle":196.8,"snapDist":5,"label":1}},{"type":"Feature","geometry":{"type":"Point","coordinates":[14.227873,40.832219]},"properties":{"name":"Dohrn - Circolo Tennis","lines":"140, 151, N1, R7","arr":["140","151","N1","R7"],"terminus":0,"mode":"bus","color":"#0059a9","colorDark":"#00294f","angle":162.6,"snapDist":9,"label":1}},{"type":"Feature","geometry":{"type":"Point","coordinates":[14.232357,40.832604]},"properties":{"name":"Dohrn","lines":"140, 151, N1, R7","arr":["140","151","N1","R7"],"terminus":0,"mode":"bus","color":"#0059a9","colorDark":"#00294f","angle":187.3,"snapDist":12,"label":1}},{"type":"Feature","geometry":{"type":"Point","coordinates":[14.248735,40.831147]},"properties":{"name":"Santa Lucia - Regione Camapania","lines":"140, 154, N1","arr":["140","154","N1"],"terminus":0,"mode":"bus","color":"#0059a9","colorDark":"#00294f","angle":90,"snapDist":13,"label":1}},{"type":"Feature","geometry":{"type":"Point","coordinates":[14.249746,40.83324]},"properties":{"name":"Santa Lucia - Plebiscito","lines":"140, 154, N1","arr":["140","154","N1"],"terminus":1,"mode":"bus","color":"#0059a9","colorDark":"#00294f","angle":134.2,"snapDist":11,"label":1}},{"type":"Feature","geometry":{"type":"Point","coordinates":[14.230004,40.833428]},"properties":{"name":"Riviera di Chiaia","lines":"140, 151, N1, R7","arr":["140","151","N1","R7"],"terminus":0,"mode":"bus","color":"#0059a9","colorDark":"#00294f","angle":342.6,"snapDist":4,"label":1}},{"type":"Feature","geometry":{"type":"Point","coordinates":[14.228121,40.832963]},"properties":{"name":"Riviera di Chiaia","lines":"140, 151, N1, R7","arr":["140","151","N1","R7"],"terminus":0,"mode":"bus","color":"#0059a9","colorDark":"#00294f","angle":341.8,"snapDist":4,"label":0}},{"type":"Feature","geometry":{"type":"Point","coordinates":[14.224052,40.831762]},"properties":{"name":"Riviera di Chiaia - Consolato Americano","lines":"140, 151, N1, R7","arr":["140","151","N1","R7"],"terminus":0,"mode":"bus","color":"#0059a9","colorDark":"#00294f","angle":330.7,"snapDist":0,"label":1}},{"type":"Feature","geometry":{"type":"Point","coordinates":[14.222475,40.831021]},"properties":{"name":"Bruno - Yan Palach","lines":"140, 151, N1, R7","arr":["140","151","N1","R7"],"terminus":0,"mode":"bus","color":"#0059a9","colorDark":"#00294f","angle":327,"snapDist":1,"label":1}},{"type":"Feature","geometry":{"type":"Point","coordinates":[14.220285,40.829887]},"properties":{"name":"Bruno - Sannazaro","lines":"140, 151, N1, R7","arr":["140","151","N1","R7"],"terminus":0,"mode":"bus","color":"#0059a9","colorDark":"#00294f","angle":320.7,"snapDist":4,"label":1}},{"type":"Feature","geometry":{"type":"Point","coordinates":[14.219829,40.827976]},"properties":{"name":"Mergellina - Leone","lines":"140, C16, C21","arr":["140","C16","C21"],"terminus":0,"mode":"bus","color":"#0059a9","colorDark":"#00294f","angle":267.9,"snapDist":14,"label":1}},{"type":"Feature","geometry":{"type":"Point","coordinates":[14.219779,40.826082]},"properties":{"name":"Mergellina - Funcolare","lines":"140, C16, C21","arr":["140","C16","C21"],"terminus":0,"mode":"bus","color":"#0059a9","colorDark":"#00294f","angle":266,"snapDist":11,"label":1}},{"type":"Feature","geometry":{"type":"Point","coordinates":[14.21846,40.823444]},"properties":{"name":"Largo Sermoneta","lines":"140","arr":["140"],"terminus":0,"mode":"bus","color":"#0059a9","colorDark":"#00294f","angle":339.6,"snapDist":0,"label":1}},{"type":"Feature","geometry":{"type":"Point","coordinates":[14.215141,40.821772]},"properties":{"name":"Posillipo","lines":"140","arr":["140"],"terminus":0,"mode":"bus","color":"#0059a9","colorDark":"#00294f","angle":325.2,"snapDist":4,"label":0}},{"type":"Feature","geometry":{"type":"Point","coordinates":[14.213834,40.820185]},"properties":{"name":"Posillipo - Palazzo Donn'Anna","lines":"140","arr":["140"],"terminus":0,"mode":"bus","color":"#0059a9","colorDark":"#00294f","angle":285.6,"snapDist":2,"label":0}},{"type":"Feature","geometry":{"type":"Point","coordinates":[14.212461,40.818936]},"properties":{"name":"Posillipo","lines":"140","arr":["140"],"terminus":0,"mode":"bus","color":"#0059a9","colorDark":"#00294f","angle":326.7,"snapDist":5,"label":0}},{"type":"Feature","geometry":{"type":"Point","coordinates":[14.211763,40.817967]},"properties":{"name":"Posillipo - Villa de Martino","lines":"140","arr":["140"],"terminus":0,"mode":"bus","color":"#0059a9","colorDark":"#00294f","angle":291.8,"snapDist":2,"label":1}},{"type":"Feature","geometry":{"type":"Point","coordinates":[14.21029,40.816451]},"properties":{"name":"Posillipo","lines":"140","arr":["140"],"terminus":0,"mode":"bus","color":"#0059a9","colorDark":"#00294f","angle":311.2,"snapDist":4,"label":0}},{"type":"Feature","geometry":{"type":"Point","coordinates":[14.209567,40.815092]},"properties":{"name":"Posillipo","lines":"140","arr":["140"],"terminus":0,"mode":"bus","color":"#0059a9","colorDark":"#00294f","angle":295.1,"snapDist":3,"label":0}},{"type":"Feature","geometry":{"type":"Point","coordinates":[14.207602,40.814088]},"properties":{"name":"Posillipo - S.Luigi","lines":"140","arr":["140"],"terminus":0,"mode":"bus","color":"#0059a9","colorDark":"#00294f","angle":307.2,"snapDist":4,"label":0}},{"type":"Feature","geometry":{"type":"Point","coordinates":[14.206632,40.812202]},"properties":{"name":"Posillipo - Ospedale Pausillipon","lines":"140","arr":["140"],"terminus":0,"mode":"bus","color":"#0059a9","colorDark":"#00294f","angle":271.4,"snapDist":3,"label":1}},{"type":"Feature","geometry":{"type":"Point","coordinates":[14.204499,40.809958]},"properties":{"name":"Posillipo - Rocca Belvedere","lines":"140","arr":["140"],"terminus":0,"mode":"bus","color":"#0059a9","colorDark":"#00294f","angle":306.1,"snapDist":3,"label":0}},{"type":"Feature","geometry":{"type":"Point","coordinates":[14.204253,40.807727]},"properties":{"name":"Posillipo","lines":"140","arr":["140"],"terminus":0,"mode":"bus","color":"#0059a9","colorDark":"#00294f","angle":299.1,"snapDist":4,"label":0}},{"type":"Feature","geometry":{"type":"Point","coordinates":[14.203542,40.805672]},"properties":{"name":"Posillipo","lines":"140","arr":["140"],"terminus":0,"mode":"bus","color":"#0059a9","colorDark":"#00294f","angle":295.2,"snapDist":1,"label":0}},{"type":"Feature","geometry":{"type":"Point","coordinates":[14.201734,40.803851]},"properties":{"name":"Posillipo - di Giacomo","lines":"140","arr":["140"],"terminus":0,"mode":"bus","color":"#0059a9","colorDark":"#00294f","angle":318.8,"snapDist":1,"label":0}},{"type":"Feature","geometry":{"type":"Point","coordinates":[14.199017,40.803492]},"properties":{"name":"Posillipo - Istituto Cimarosa","lines":"140","arr":["140"],"terminus":0,"mode":"bus","color":"#0059a9","colorDark":"#00294f","angle":46.3,"snapDist":8,"label":1}},{"type":"Feature","geometry":{"type":"Point","coordinates":[14.196996,40.803172]},"properties":{"name":"Posillipo - Rione Primavera","lines":"140","arr":["140"],"terminus":0,"mode":"bus","color":"#0059a9","colorDark":"#00294f","angle":326.4,"snapDist":3,"label":1}},{"type":"Feature","geometry":{"type":"Point","coordinates":[14.194303,40.802202]},"properties":{"name":"S.Strato-Ricciardi","lines":"140","arr":["140"],"terminus":0,"mode":"bus","color":"#0059a9","colorDark":"#00294f","angle":352.2,"snapDist":4,"label":1}},{"type":"Feature","geometry":{"type":"Point","coordinates":[14.192326,40.801649]},"properties":{"name":"S.Strato - Boccaccio","lines":"140","arr":["140"],"terminus":0,"mode":"bus","color":"#0059a9","colorDark":"#00294f","angle":345.1,"snapDist":5,"label":0}},{"type":"Feature","geometry":{"type":"Point","coordinates":[14.189403,40.801465]},"properties":{"name":"Discesa Coroglio - Marechiaro","lines":"140, 622, C1, C1E, C21, C31","arr":["140","622","C1","C1E","C21","C31"],"terminus":0,"mode":"bus","color":"#0059a9","colorDark":"#00294f","angle":23.9,"snapDist":7,"label":0}},{"type":"Feature","geometry":{"type":"Point","coordinates":[14.187562,40.802534]},"properties":{"name":"Discesa Coroglio-Istituto Denza","lines":"140, 622, C1, C1E, C21, C31","arr":["140","622","C1","C1E","C21","C31"],"terminus":0,"mode":"bus","color":"#0059a9","colorDark":"#00294f","angle":48,"snapDist":6,"label":1}},{"type":"Feature","geometry":{"type":"Point","coordinates":[14.225836,40.868666]},"properties":{"name":"Pietravalle - Gatto","lines":"143, 144, 144A, 144B, 165, 165Q, 204, C44, C76, N3, N7, NL1","arr":["143","144","144A","144B","165","165Q","204","C44","C76","N3","N7","NL1"],"terminus":0,"mode":"bus","color":"#0059a9","colorDark":"#00294f","angle":3,"snapDist":2,"label":1}},{"type":"Feature","geometry":{"type":"Point","coordinates":[14.223549,40.8687]},"properties":{"name":"Pietravalle - de Amicis","lines":"143, 144, 144A, 144B, 165, 165Q, 204, C44, C76, N3, N7","arr":["143","144","144A","144B","165","165Q","204","C44","C76","N3","N7"],"terminus":0,"mode":"bus","color":"#0059a9","colorDark":"#00294f","angle":350.1,"snapDist":4,"label":1}},{"type":"Feature","geometry":{"type":"Point","coordinates":[14.222299,40.866836]},"properties":{"name":"Pansini - Policlinico","lines":"143, 144, 144A, 144B, 165, 165Q, 204, C44, C76, N3, N7","arr":["143","144","144A","144B","165","165Q","204","C44","C76","N3","N7"],"terminus":0,"mode":"bus","color":"#0059a9","colorDark":"#00294f","angle":284.8,"snapDist":3,"label":1}},{"type":"Feature","geometry":{"type":"Point","coordinates":[14.22168,40.86548]},"properties":{"name":"Montesano - M1 Policlinico","lines":"143, 144, 144A, 144B, C44, C76","arr":["143","144","144A","144B","C44","C76"],"terminus":0,"mode":"bus","color":"#0059a9","colorDark":"#00294f","angle":288.5,"snapDist":1,"label":1}},{"type":"Feature","geometry":{"type":"Point","coordinates":[14.220342,40.864225]},"properties":{"name":"Montesano - Cangiani","lines":"143, 144, 144A, 144B, C44, C76","arr":["143","144","144A","144B","C44","C76"],"terminus":0,"mode":"bus","color":"#0059a9","colorDark":"#00294f","angle":339.1,"snapDist":2,"label":1}},{"type":"Feature","geometry":{"type":"Point","coordinates":[14.218671,40.864371]},"properties":{"name":"Bianchi","lines":"143, C44","arr":["143","C44"],"terminus":0,"mode":"bus","color":"#0059a9","colorDark":"#00294f","angle":53,"snapDist":9,"label":1}},{"type":"Feature","geometry":{"type":"Point","coordinates":[14.216644,40.865923]},"properties":{"name":"Bianchi - Ii^ Traversa","lines":"143, C44","arr":["143","C44"],"terminus":0,"mode":"bus","color":"#0059a9","colorDark":"#00294f","angle":40.7,"snapDist":6,"label":1}},{"type":"Feature","geometry":{"type":"Point","coordinates":[14.215389,40.86674]},"properties":{"name":"Bianchi - Montelungo","lines":"143, C44","arr":["143","C44"],"terminus":0,"mode":"bus","color":"#0059a9","colorDark":"#00294f","angle":40.7,"snapDist":5,"label":1}},{"type":"Feature","geometry":{"type":"Point","coordinates":[14.212255,40.86819]},"properties":{"name":"Bianchi - Edicola","lines":"143, C44, C76","arr":["143","C44","C76"],"terminus":0,"mode":"bus","color":"#0059a9","colorDark":"#00294f","angle":3.7,"snapDist":4,"label":1}},{"type":"Feature","geometry":{"type":"Point","coordinates":[14.206124,40.868225]},"properties":{"name":"Guantai ad Orsolone-INPS","lines":"143, C44, C76","arr":["143","C44","C76"],"terminus":0,"mode":"bus","color":"#0059a9","colorDark":"#00294f","angle":11.4,"snapDist":10,"label":1}},{"type":"Feature","geometry":{"type":"Point","coordinates":[14.203531,40.867501]},"properties":{"name":"Guantai ad Orsolone","lines":"143, C44, C76","arr":["143","C44","C76"],"terminus":0,"mode":"bus","color":"#0059a9","colorDark":"#00294f","angle":312.1,"snapDist":3,"label":1}},{"type":"Feature","geometry":{"type":"Point","coordinates":[14.201514,40.867305]},"properties":{"name":"Guantai ad Orsolone","lines":"143, C44, C76","arr":["143","C44","C76"],"terminus":0,"mode":"bus","color":"#0059a9","colorDark":"#00294f","angle":20.5,"snapDist":8,"label":0}},{"type":"Feature","geometry":{"type":"Point","coordinates":[14.199083,40.868476]},"properties":{"name":"Guantai ad Orsolone - Lardichiello","lines":"143, C44","arr":["143","C44"],"terminus":0,"mode":"bus","color":"#0059a9","colorDark":"#00294f","angle":1.5,"snapDist":7,"label":1}},{"type":"Feature","geometry":{"type":"Point","coordinates":[14.195773,40.868198]},"properties":{"name":"Guantai ad Orsolone - Rotondella","lines":"143, C44","arr":["143","C44"],"terminus":0,"mode":"bus","color":"#0059a9","colorDark":"#00294f","angle":7.2,"snapDist":4,"label":1}},{"type":"Feature","geometry":{"type":"Point","coordinates":[14.192623,40.868403]},"properties":{"name":"Guantai ad Orsolone","lines":"143, C44","arr":["143","C44"],"terminus":0,"mode":"bus","color":"#0059a9","colorDark":"#00294f","angle":15,"snapDist":1,"label":1}},{"type":"Feature","geometry":{"type":"Point","coordinates":[14.191436,40.868673]},"properties":{"name":"Piazzetta Nazareth","lines":"143, 144, 144A, 144B, C44","arr":["143","144","144A","144B","C44"],"terminus":0,"mode":"bus","color":"#0059a9","colorDark":"#00294f","angle":30.5,"snapDist":10,"label":1}},{"type":"Feature","geometry":{"type":"Point","coordinates":[14.189943,40.869398]},"properties":{"name":"Guerra - Soffritto","lines":"143, 144, 144A, 144B, C44","arr":["143","144","144A","144B","C44"],"terminus":0,"mode":"bus","color":"#0059a9","colorDark":"#00294f","angle":32.5,"snapDist":6,"label":1}},{"type":"Feature","geometry":{"type":"Point","coordinates":[14.188507,40.870605]},"properties":{"name":"Guerra-SMS 79° Circolo","lines":"143, 144, 144A, 144B","arr":["143","144","144A","144B"],"terminus":0,"mode":"bus","color":"#0059a9","colorDark":"#00294f","angle":49.7,"snapDist":12,"label":1}},{"type":"Feature","geometry":{"type":"Point","coordinates":[14.186836,40.873995]},"properties":{"name":"Guerra","lines":"143, 144, 144A, 144B","arr":["143","144","144A","144B"],"terminus":0,"mode":"bus","color":"#0059a9","colorDark":"#00294f","angle":79.2,"snapDist":10,"label":1}},{"type":"Feature","geometry":{"type":"Point","coordinates":[14.186261,40.87551]},"properties":{"name":"Guerra","lines":"143, 144, 144A, 144B","arr":["143","144","144A","144B"],"terminus":0,"mode":"bus","color":"#0059a9","colorDark":"#00294f","angle":55,"snapDist":9,"label":0}},{"type":"Feature","geometry":{"type":"Point","coordinates":[14.184773,40.880777]},"properties":{"name":"Marano Pianura","lines":"143","arr":["143"],"terminus":0,"mode":"bus","color":"#0059a9","colorDark":"#00294f","angle":91.1,"snapDist":9,"label":1}},{"type":"Feature","geometry":{"type":"Point","coordinates":[14.184741,40.882498]},"properties":{"name":"Marano Pianura","lines":"143","arr":["143"],"terminus":0,"mode":"bus","color":"#0059a9","colorDark":"#00294f","angle":122.6,"snapDist":10,"label":0}},{"type":"Feature","geometry":{"type":"Point","coordinates":[14.183294,40.884887]},"properties":{"name":"Del Mare","lines":"143","arr":["143"],"terminus":0,"mode":"bus","color":"#0059a9","colorDark":"#00294f","angle":55.6,"snapDist":9,"label":1}},{"type":"Feature","geometry":{"type":"Point","coordinates":[14.181341,40.886622]},"properties":{"name":"Del Mare","lines":"143","arr":["143"],"terminus":0,"mode":"bus","color":"#0059a9","colorDark":"#00294f","angle":43.4,"snapDist":8,"label":1}},{"type":"Feature","geometry":{"type":"Point","coordinates":[14.180235,40.887373]},"properties":{"name":"Del Mare","lines":"143","arr":["143"],"terminus":0,"mode":"bus","color":"#0059a9","colorDark":"#00294f","angle":48.8,"snapDist":8,"label":0}},{"type":"Feature","geometry":{"type":"Point","coordinates":[14.179172,40.889904]},"properties":{"name":"Del Mare","lines":"143","arr":["143"],"terminus":0,"mode":"bus","color":"#0059a9","colorDark":"#00294f","angle":82.2,"snapDist":7,"label":1}},{"type":"Feature","geometry":{"type":"Point","coordinates":[14.179873,40.891458]},"properties":{"name":"Del Mare","lines":"143","arr":["143"],"terminus":0,"mode":"bus","color":"#0059a9","colorDark":"#00294f","angle":125.3,"snapDist":11,"label":0}},{"type":"Feature","geometry":{"type":"Point","coordinates":[14.181106,40.893353]},"properties":{"name":"Del Mare","lines":"143","arr":["143"],"terminus":0,"mode":"bus","color":"#0059a9","colorDark":"#00294f","angle":98.3,"snapDist":11,"label":1}},{"type":"Feature","geometry":{"type":"Point","coordinates":[14.181053,40.895432]},"properties":{"name":"Marano Quarto","lines":"143","arr":["143"],"terminus":0,"mode":"bus","color":"#0059a9","colorDark":"#00294f","angle":332.4,"snapDist":1,"label":1}},{"type":"Feature","geometry":{"type":"Point","coordinates":[14.177259,40.894377]},"properties":{"name":"Marano Quarto","lines":"143","arr":["143"],"terminus":1,"mode":"bus","color":"#0059a9","colorDark":"#00294f","angle":354.5,"snapDist":3,"label":1}},{"type":"Feature","geometry":{"type":"Point","coordinates":[14.17511,40.892786]},"properties":{"name":"Marano Quarto","lines":"143","arr":["143"],"terminus":0,"mode":"bus","color":"#0059a9","colorDark":"#00294f","angle":334.2,"snapDist":2,"label":1}},{"type":"Feature","geometry":{"type":"Point","coordinates":[14.177725,40.894387]},"properties":{"name":"Marano Quarto-Cesina","lines":"143","arr":["143"],"terminus":0,"mode":"bus","color":"#0059a9","colorDark":"#00294f","angle":178.9,"snapDist":4,"label":1}},{"type":"Feature","geometry":{"type":"Point","coordinates":[14.18116,40.895474]},"properties":{"name":"Marano Quarto","lines":"143","arr":["143"],"terminus":0,"mode":"bus","color":"#0059a9","colorDark":"#00294f","angle":152.4,"snapDist":10,"label":0}},{"type":"Feature","geometry":{"type":"Point","coordinates":[14.181426,40.895084]},"properties":{"name":"Del Mare-Casalanno","lines":"143","arr":["143"],"terminus":0,"mode":"bus","color":"#0059a9","colorDark":"#00294f","angle":279.6,"snapDist":0,"label":1}},{"type":"Feature","geometry":{"type":"Point","coordinates":[14.181072,40.893214]},"properties":{"name":"Del Mare","lines":"143","arr":["143"],"terminus":0,"mode":"bus","color":"#0059a9","colorDark":"#00294f","angle":281.3,"snapDist":1,"label":0}},{"type":"Feature","geometry":{"type":"Point","coordinates":[14.180125,40.891738]},"properties":{"name":"Del Mare","lines":"143","arr":["143"],"terminus":0,"mode":"bus","color":"#0059a9","colorDark":"#00294f","angle":304.1,"snapDist":2,"label":0}},{"type":"Feature","geometry":{"type":"Point","coordinates":[14.179209,40.889695]},"properties":{"name":"Del Mare - San Castrese","lines":"143","arr":["143"],"terminus":0,"mode":"bus","color":"#0059a9","colorDark":"#00294f","angle":262.2,"snapDist":1,"label":1}},{"type":"Feature","geometry":{"type":"Point","coordinates":[14.180571,40.887132]},"properties":{"name":"Del Mare","lines":"143","arr":["143"],"terminus":0,"mode":"bus","color":"#0059a9","colorDark":"#00294f","angle":216.6,"snapDist":3,"label":0}},{"type":"Feature","geometry":{"type":"Point","coordinates":[14.181877,40.886227]},"properties":{"name":"Del Mare","lines":"143","arr":["143"],"terminus":0,"mode":"bus","color":"#0059a9","colorDark":"#00294f","angle":224.7,"snapDist":2,"label":0}},{"type":"Feature","geometry":{"type":"Point","coordinates":[14.184783,40.88086]},"properties":{"name":"Marano Pianura","lines":"143","arr":["143"],"terminus":0,"mode":"bus","color":"#0059a9","colorDark":"#00294f","angle":284.4,"snapDist":2,"label":0}},{"type":"Feature","geometry":{"type":"Point","coordinates":[14.18566,40.876384]},"properties":{"name":"Marano Pianura","lines":"143","arr":["143"],"terminus":0,"mode":"bus","color":"#0059a9","colorDark":"#00294f","angle":265.2,"snapDist":3,"label":1}},{"type":"Feature","geometry":{"type":"Point","coordinates":[14.186886,40.873816]},"properties":{"name":"Guerra","lines":"143, 144, 144A, 144B","arr":["143","144","144A","144B"],"terminus":0,"mode":"bus","color":"#0059a9","colorDark":"#00294f","angle":256.8,"snapDist":3,"label":0}},{"type":"Feature","geometry":{"type":"Point","coordinates":[14.187887,40.870599]},"properties":{"name":"Soffritto - Ist. Darmon","lines":"143, 144, 144A, 144B, C44","arr":["143","144","144A","144B","C44"],"terminus":0,"mode":"bus","color":"#0059a9","colorDark":"#00294f","angle":352.5,"snapDist":0,"label":1}},{"type":"Feature","geometry":{"type":"Point","coordinates":[14.186919,40.867831]},"properties":{"name":"Mandracchio","lines":"143, 144, 144A, 144B, C44","arr":["143","144","144A","144B","C44"],"terminus":0,"mode":"bus","color":"#0059a9","colorDark":"#00294f","angle":230.3,"snapDist":2,"label":1}},{"type":"Feature","geometry":{"type":"Point","coordinates":[14.187524,40.867059]},"properties":{"name":"Mandracchio","lines":"143, 144, 144A, 144B, C44","arr":["143","144","144A","144B","C44"],"terminus":0,"mode":"bus","color":"#0059a9","colorDark":"#00294f","angle":76.5,"snapDist":3,"label":0}},{"type":"Feature","geometry":{"type":"Point","coordinates":[14.189821,40.864959]},"properties":{"name":"Dell'Eremo - Loyola","lines":"143, 144, 144A, 144B, C44","arr":["143","144","144A","144B","C44"],"terminus":0,"mode":"bus","color":"#0059a9","colorDark":"#00294f","angle":246.3,"snapDist":1,"label":1}},{"type":"Feature","geometry":{"type":"Point","coordinates":[14.190358,40.864975]},"properties":{"name":"S.Ignazio di Loyola - San Romualdo","lines":"143, 144, 144A, 144B","arr":["143","144","144A","144B"],"terminus":0,"mode":"bus","color":"#0059a9","colorDark":"#00294f","angle":71.2,"snapDist":7,"label":1}},{"type":"Feature","geometry":{"type":"Point","coordinates":[14.189632,40.86616]},"properties":{"name":"Nazareth - Parco Pubblico","lines":"143, 144, 144A, 144B, C44","arr":["143","144","144A","144B","C44"],"terminus":0,"mode":"bus","color":"#0059a9","colorDark":"#00294f","angle":93.6,"snapDist":11,"label":1}},{"type":"Feature","geometry":{"type":"Point","coordinates":[14.18975,40.867486]},"properties":{"name":"Nazareth","lines":"143, 144, 144A, 144B, C44","arr":["143","144","144A","144B","C44"],"terminus":0,"mode":"bus","color":"#0059a9","colorDark":"#00294f","angle":107.4,"snapDist":11,"label":1}},{"type":"Feature","geometry":{"type":"Point","coordinates":[14.191625,40.868606]},"properties":{"name":"Piazzetta Nazareth","lines":"143, C44","arr":["143","C44"],"terminus":0,"mode":"bus","color":"#0059a9","colorDark":"#00294f","angle":195,"snapDist":8,"label":0}},{"type":"Feature","geometry":{"type":"Point","coordinates":[14.193293,40.868378]},"properties":{"name":"Guantai ad Orsolone","lines":"143, C44","arr":["143","C44"],"terminus":0,"mode":"bus","color":"#0059a9","colorDark":"#00294f","angle":178.6,"snapDist":6,"label":0}},{"type":"Feature","geometry":{"type":"Point","coordinates":[14.194745,40.868317]},"properties":{"name":"Guantai ad Orsolone - Rotondella","lines":"143, C44","arr":["143","C44"],"terminus":0,"mode":"bus","color":"#0059a9","colorDark":"#00294f","angle":189,"snapDist":6,"label":0}},{"type":"Feature","geometry":{"type":"Point","coordinates":[14.19884,40.868464]},"properties":{"name":"Guantai ad Orsolone - Lardichiello","lines":"143, C44","arr":["143","C44"],"terminus":0,"mode":"bus","color":"#0059a9","colorDark":"#00294f","angle":169.3,"snapDist":5,"label":0}},{"type":"Feature","geometry":{"type":"Point","coordinates":[14.201997,40.867194]},"properties":{"name":"Guantai ad Orsolone","lines":"143, C44, C76","arr":["143","C44","C76"],"terminus":0,"mode":"bus","color":"#0059a9","colorDark":"#00294f","angle":180,"snapDist":0,"label":0}},{"type":"Feature","geometry":{"type":"Point","coordinates":[14.203599,40.867558]},"properties":{"name":"Guantai ad Orsolone","lines":"143, C44, C76","arr":["143","C44","C76"],"terminus":0,"mode":"bus","color":"#0059a9","colorDark":"#00294f","angle":132.1,"snapDist":6,"label":0}},{"type":"Feature","geometry":{"type":"Point","coordinates":[14.20645,40.86817]},"properties":{"name":"Guantai ad Orsolone - Sede INPS","lines":"143, C44, C76","arr":["143","C44","C76"],"terminus":0,"mode":"bus","color":"#0059a9","colorDark":"#00294f","angle":193.7,"snapDist":1,"label":1}},{"type":"Feature","geometry":{"type":"Point","coordinates":[14.210472,40.868251]},"properties":{"name":"Guantai ad Orsolone","lines":"143, C44, C76","arr":["143","C44","C76"],"terminus":0,"mode":"bus","color":"#0059a9","colorDark":"#00294f","angle":182.4,"snapDist":11,"label":1}},{"type":"Feature","geometry":{"type":"Point","coordinates":[14.212555,40.868175]},"properties":{"name":"Bianchi","lines":"143, 572, C42, C44, C76","arr":["143","572","C42","C44","C76"],"terminus":0,"mode":"bus","color":"#0059a9","colorDark":"#00294f","angle":183.7,"snapDist":4,"label":1}},{"type":"Feature","geometry":{"type":"Point","coordinates":[14.215234,40.866841]},"properties":{"name":"Bianchi - Ii^ Traversa","lines":"143, C42, C44","arr":["143","C42","C44"],"terminus":0,"mode":"bus","color":"#0059a9","colorDark":"#00294f","angle":220.7,"snapDist":7,"label":0}},{"type":"Feature","geometry":{"type":"Point","coordinates":[14.216894,40.865767]},"properties":{"name":"Bianchi - Cangiani","lines":"143, C42, C44","arr":["143","C42","C44"],"terminus":0,"mode":"bus","color":"#0059a9","colorDark":"#00294f","angle":219.2,"snapDist":5,"label":1}},{"type":"Feature","geometry":{"type":"Point","coordinates":[14.219526,40.863548]},"properties":{"name":"Semmola - Cangiani","lines":"143, 144, 144A, 144B, C44","arr":["143","144","144A","144B","C44"],"terminus":0,"mode":"bus","color":"#0059a9","colorDark":"#00294f","angle":233.1,"snapDist":4,"label":1}},{"type":"Feature","geometry":{"type":"Point","coordinates":[14.221365,40.861779]},"properties":{"name":"Semmola - Ospedale Pascale","lines":"143, 144, 144A, 144B, 165, 165Q, 204, C44, C76, N3, N7","arr":["143","144","144A","144B","165","165Q","204","C44","C76","N3","N7"],"terminus":0,"mode":"bus","color":"#0059a9","colorDark":"#00294f","angle":231.6,"snapDist":5,"label":1}},{"type":"Feature","geometry":{"type":"Point","coordinates":[14.223153,40.861313]},"properties":{"name":"D'Antona - Semmola","lines":"143, 144, 144A, 144B, 165, 165Q, 204, C44, C76, N3, N7","arr":["143","144","144A","144B","165","165Q","204","C44","C76","N3","N7"],"terminus":0,"mode":"bus","color":"#0059a9","colorDark":"#00294f","angle":157,"snapDist":8,"label":1}},{"type":"Feature","geometry":{"type":"Point","coordinates":[14.225257,40.862009]},"properties":{"name":"D'Antona - Cavallino","lines":"143, 144, 144A, 144B, 165, 165Q, 204, C44, C76","arr":["143","144","144A","144B","165","165Q","204","C44","C76"],"terminus":0,"mode":"bus","color":"#0059a9","colorDark":"#00294f","angle":120.1,"snapDist":12,"label":1}},{"type":"Feature","geometry":{"type":"Point","coordinates":[14.226636,40.86539]},"properties":{"name":"Corsia Cardarelli","lines":"143, 144, 144A, 144B, 165, 165Q, C76","arr":["143","144","144A","144B","165","165Q","C76"],"terminus":0,"mode":"bus","color":"#0059a9","colorDark":"#00294f","angle":104.9,"snapDist":7,"label":1}},{"type":"Feature","geometry":{"type":"Point","coordinates":[14.214272,40.863366]},"properties":{"name":"S.Ignazio di Loyola 200","lines":"144, 144A, 144B","arr":["144","144A","144B"],"terminus":0,"mode":"bus","color":"#0059a9","colorDark":"#00294f","angle":316.7,"snapDist":1,"label":1}},{"type":"Feature","geometry":{"type":"Point","coordinates":[14.210515,40.863187]},"properties":{"name":"S.Ignazio di Loyola","lines":"144, 144A, 144B","arr":["144","144A","144B"],"terminus":0,"mode":"bus","color":"#0059a9","colorDark":"#00294f","angle":6.6,"snapDist":3,"label":1}},{"type":"Feature","geometry":{"type":"Point","coordinates":[14.208223,40.863242]},"properties":{"name":"S.Ignazio di Loyola 115","lines":"144, 144A, 144B","arr":["144","144A","144B"],"terminus":0,"mode":"bus","color":"#0059a9","colorDark":"#00294f","angle":0.8,"snapDist":2,"label":1}},{"type":"Feature","geometry":{"type":"Point","coordinates":[14.205043,40.863003]},"properties":{"name":"S.Ignazio di Loyola 192","lines":"144, 144A, 144B","arr":["144","144A","144B"],"terminus":0,"mode":"bus","color":"#0059a9","colorDark":"#00294f","angle":359.6,"snapDist":4,"label":1}},{"type":"Feature","geometry":{"type":"Point","coordinates":[14.202745,40.863224]},"properties":{"name":"S.Ignazio di Loyola 212","lines":"144, 144A, 144B","arr":["144","144A","144B"],"terminus":0,"mode":"bus","color":"#0059a9","colorDark":"#00294f","angle":336,"snapDist":1,"label":1}},{"type":"Feature","geometry":{"type":"Point","coordinates":[14.200824,40.86292]},"properties":{"name":"S.Ignazio di Loyola","lines":"144, 144A, 144B","arr":["144","144A","144B"],"terminus":0,"mode":"bus","color":"#0059a9","colorDark":"#00294f","angle":7.8,"snapDist":3,"label":1}},{"type":"Feature","geometry":{"type":"Point","coordinates":[14.199285,40.863512]},"properties":{"name":"S.Ignazio di Loyola 248","lines":"144, 144A, 144B","arr":["144","144A","144B"],"terminus":0,"mode":"bus","color":"#0059a9","colorDark":"#00294f","angle":32.7,"snapDist":5,"label":1}},{"type":"Feature","geometry":{"type":"Point","coordinates":[14.197017,40.864152]},"properties":{"name":"S.Ignazio di Loyola-Parco Camaldoli","lines":"144, 144A, 144B","arr":["144","144A","144B"],"terminus":0,"mode":"bus","color":"#0059a9","colorDark":"#00294f","angle":13,"snapDist":3,"label":1}},{"type":"Feature","geometry":{"type":"Point","coordinates":[14.195688,40.864194]},"properties":{"name":"S.Ignazio di Loyola 284","lines":"144, 144A, 144B","arr":["144","144A","144B"],"terminus":0,"mode":"bus","color":"#0059a9","colorDark":"#00294f","angle":4.6,"snapDist":3,"label":1}},{"type":"Feature","geometry":{"type":"Point","coordinates":[14.185596,40.875873]},"properties":{"name":"Marano Pianura","lines":"144, 144A, 144B","arr":["144","144A","144B"],"terminus":0,"mode":"bus","color":"#0059a9","colorDark":"#00294f","angle":321.9,"snapDist":3,"label":0}},{"type":"Feature","geometry":{"type":"Point","coordinates":[14.182633,40.875077]},"properties":{"name":"Marano Pianura Chiesa Volto Santo","lines":"144, 144A, 144B","arr":["144","144A","144B"],"terminus":0,"mode":"bus","color":"#0059a9","colorDark":"#00294f","angle":9.5,"snapDist":2,"label":1}},{"type":"Feature","geometry":{"type":"Point","coordinates":[14.176585,40.875378]},"properties":{"name":"Marano Pianura 300","lines":"144, 144A, 144B","arr":["144","144A","144B"],"terminus":0,"mode":"bus","color":"#0059a9","colorDark":"#00294f","angle":195,"snapDist":5,"label":1}},{"type":"Feature","geometry":{"type":"Point","coordinates":[14.174672,40.87635]},"properties":{"name":"Marano Pianura","lines":"144, 144A, 144B","arr":["144","144A","144B"],"terminus":0,"mode":"bus","color":"#0059a9","colorDark":"#00294f","angle":46.4,"snapDist":7,"label":1}},{"type":"Feature","geometry":{"type":"Point","coordinates":[14.173368,40.875073]},"properties":{"name":"Marano Pianura","lines":"144, 144A, 144B","arr":["144","144A","144B"],"terminus":0,"mode":"bus","color":"#0059a9","colorDark":"#00294f","angle":300.6,"snapDist":1,"label":0}},{"type":"Feature","geometry":{"type":"Point","coordinates":[14.172073,40.873382]},"properties":{"name":"Romano-Marano Pianura","lines":"144, 144A, 144B","arr":["144","144A","144B"],"terminus":1,"mode":"bus","color":"#0059a9","colorDark":"#00294f","angle":224.7,"snapDist":5,"label":1}},{"type":"Feature","geometry":{"type":"Point","coordinates":[14.173094,40.87477]},"properties":{"name":"Marano Pianura 371","lines":"144, 144A, 144B","arr":["144","144A","144B"],"terminus":0,"mode":"bus","color":"#0059a9","colorDark":"#00294f","angle":142.3,"snapDist":5,"label":1}},{"type":"Feature","geometry":{"type":"Point","coordinates":[14.175676,40.875637]},"properties":{"name":"Marano Pianura","lines":"144, 144A, 144B","arr":["144","144A","144B"],"terminus":0,"mode":"bus","color":"#0059a9","colorDark":"#00294f","angle":232.6,"snapDist":0,"label":0}},{"type":"Feature","geometry":{"type":"Point","coordinates":[14.177069,40.875312]},"properties":{"name":"Marano Pianura","lines":"144, 144A, 144B","arr":["144","144A","144B"],"terminus":0,"mode":"bus","color":"#0059a9","colorDark":"#00294f","angle":176.9,"snapDist":5,"label":1}},{"type":"Feature","geometry":{"type":"Point","coordinates":[14.180096,40.875723]},"properties":{"name":"Marano Pianura 233","lines":"144, 144A, 144B","arr":["144","144A","144B"],"terminus":0,"mode":"bus","color":"#0059a9","colorDark":"#00294f","angle":187.2,"snapDist":4,"label":1}},{"type":"Feature","geometry":{"type":"Point","coordinates":[14.182015,40.875001]},"properties":{"name":"Marano Pianura","lines":"144, 144A, 144B","arr":["144","144A","144B"],"terminus":0,"mode":"bus","color":"#0059a9","colorDark":"#00294f","angle":3.8,"snapDist":3,"label":1}},{"type":"Feature","geometry":{"type":"Point","coordinates":[14.185299,40.875699]},"properties":{"name":"Marano Pianura","lines":"144, 144A, 144B","arr":["144","144A","144B"],"terminus":0,"mode":"bus","color":"#0059a9","colorDark":"#00294f","angle":142.2,"snapDist":8,"label":0}},{"type":"Feature","geometry":{"type":"Point","coordinates":[14.19117,40.864102]},"properties":{"name":"S.Ignazio di Loyola-Camaldoli","lines":"144, 144A, 144B","arr":["144","144A","144B"],"terminus":0,"mode":"bus","color":"#0059a9","colorDark":"#00294f","angle":226.9,"snapDist":1,"label":1}},{"type":"Feature","geometry":{"type":"Point","coordinates":[14.195969,40.864177]},"properties":{"name":"S.Ignazio di Loyola-Reggente","lines":"144, 144A, 144B","arr":["144","144A","144B"],"terminus":0,"mode":"bus","color":"#0059a9","colorDark":"#00294f","angle":184.6,"snapDist":7,"label":1}},{"type":"Feature","geometry":{"type":"Point","coordinates":[14.197565,40.864056]},"properties":{"name":"S.Ignazio di Loyola-Parco Camaldoli","lines":"144, 144A, 144B","arr":["144","144A","144B"],"terminus":0,"mode":"bus","color":"#0059a9","colorDark":"#00294f","angle":193.8,"snapDist":5,"label":0}},{"type":"Feature","geometry":{"type":"Point","coordinates":[14.199493,40.863411]},"properties":{"name":"S.Ignazio di Loyola","lines":"144, 144A, 144B","arr":["144","144A","144B"],"terminus":0,"mode":"bus","color":"#0059a9","colorDark":"#00294f","angle":212.7,"snapDist":3,"label":0}},{"type":"Feature","geometry":{"type":"Point","coordinates":[14.202415,40.863113]},"properties":{"name":"S.Ignazio di Loyola","lines":"144, 144A, 144B","arr":["144","144A","144B"],"terminus":0,"mode":"bus","color":"#0059a9","colorDark":"#00294f","angle":156,"snapDist":7,"label":0}},{"type":"Feature","geometry":{"type":"Point","coordinates":[14.205536,40.863005]},"properties":{"name":"S.Ignazio di Loyola 186","lines":"144, 144A, 144B","arr":["144","144A","144B"],"terminus":0,"mode":"bus","color":"#0059a9","colorDark":"#00294f","angle":179.6,"snapDist":3,"label":1}},{"type":"Feature","geometry":{"type":"Point","coordinates":[14.209198,40.863232]},"properties":{"name":"S.Ignazio di Loyola 128","lines":"144, 144A, 144B","arr":["144","144A","144B"],"terminus":0,"mode":"bus","color":"#0059a9","colorDark":"#00294f","angle":180.8,"snapDist":7,"label":1}},{"type":"Feature","geometry":{"type":"Point","coordinates":[14.210785,40.863136]},"properties":{"name":"S.Ignazio di Loyola","lines":"144, 144A, 144B","arr":["144","144A","144B"],"terminus":0,"mode":"bus","color":"#0059a9","colorDark":"#00294f","angle":195.8,"snapDist":4,"label":0}},{"type":"Feature","geometry":{"type":"Point","coordinates":[14.216038,40.863744]},"properties":{"name":"S.Ignazio di Loyola-Padri Gesuiti","lines":"144, 144A, 144B","arr":["144","144A","144B"],"terminus":0,"mode":"bus","color":"#0059a9","colorDark":"#00294f","angle":172.8,"snapDist":8,"label":1}},{"type":"Feature","geometry":{"type":"Point","coordinates":[14.190632,40.863765]},"properties":{"name":"Dell'Eremo","lines":"144A, 144B, C44","arr":["144A","144B","C44"],"terminus":0,"mode":"bus","color":"#0059a9","colorDark":"#00294f","angle":250.2,"snapDist":0,"label":1}},{"type":"Feature","geometry":{"type":"Point","coordinates":[14.190991,40.862361]},"properties":{"name":"Dell'Eremo 51","lines":"144A, 144B, C44","arr":["144A","144B","C44"],"terminus":0,"mode":"bus","color":"#0059a9","colorDark":"#00294f","angle":283,"snapDist":2,"label":1}},{"type":"Feature","geometry":{"type":"Point","coordinates":[14.191806,40.860911]},"properties":{"name":"Dell'Eremo-Parco Pubblico","lines":"144A, 144B, C44","arr":["144A","144B","C44"],"terminus":1,"mode":"bus","color":"#0059a9","colorDark":"#00294f","angle":276.7,"snapDist":5,"label":1}},{"type":"Feature","geometry":{"type":"Point","coordinates":[14.191212,40.862681]},"properties":{"name":"Dell'Eremo 45","lines":"144A, 144B, C44","arr":["144A","144B","C44"],"terminus":0,"mode":"bus","color":"#0059a9","colorDark":"#00294f","angle":121.6,"snapDist":10,"label":1}},{"type":"Feature","geometry":{"type":"Point","coordinates":[14.190575,40.863884]},"properties":{"name":"Dell'Eremo-Poste","lines":"144A, 144B, C44","arr":["144A","144B","C44"],"terminus":0,"mode":"bus","color":"#0059a9","colorDark":"#00294f","angle":70.2,"snapDist":8,"label":1}},{"type":"Feature","geometry":{"type":"Point","coordinates":[14.189769,40.865048]},"properties":{"name":"Dell'Eremo-Loyola","lines":"144B, C44","arr":["144B","C44"],"terminus":0,"mode":"bus","color":"#0059a9","colorDark":"#00294f","angle":66.3,"snapDist":10,"label":1}},{"type":"Feature","geometry":{"type":"Point","coordinates":[14.22909,40.848579]},"properties":{"name":"Tino da Camaino-degli Artisti","lines":"147, C42","arr":["147","C42"],"terminus":0,"mode":"bus","color":"#0059a9","colorDark":"#00294f","angle":301.3,"snapDist":5,"label":1}},{"type":"Feature","geometry":{"type":"Point","coordinates":[14.234881,40.855292]},"properties":{"name":"Gigante-Canneto","lines":"147, N3","arr":["147","N3"],"terminus":0,"mode":"bus","color":"#0059a9","colorDark":"#00294f","angle":200.9,"snapDist":9,"label":1}},{"type":"Feature","geometry":{"type":"Point","coordinates":[14.235909,40.852897]},"properties":{"name":"Caracciolo Poggio","lines":"147, C16, N3","arr":["147","C16","N3"],"terminus":1,"mode":"bus","color":"#0059a9","colorDark":"#00294f","angle":228.7,"snapDist":5,"label":1}},{"type":"Feature","geometry":{"type":"Point","coordinates":[14.238459,40.852342]},"properties":{"name":"Caracciolo-S.Rosa","lines":"147, C16, N3","arr":["147","C16","N3"],"terminus":0,"mode":"bus","color":"#0059a9","colorDark":"#00294f","angle":188,"snapDist":8,"label":1}},{"type":"Feature","geometry":{"type":"Point","coordinates":[14.252633,40.853805]},"properties":{"name":"Foria -M1","lines":"147, 182, 184, 201, 201BR, 584, C52, C56","arr":["147","182","184","201","201BR","584","C52","C56"],"terminus":0,"mode":"bus","color":"#0059a9","colorDark":"#00294f","angle":142,"snapDist":0,"label":1}},{"type":"Feature","geometry":{"type":"Point","coordinates":[14.256164,40.855479]},"properties":{"name":"Foria - M2","lines":"147, 182, 184, 201, 201BR, 584, C56","arr":["147","182","184","201","201BR","584","C56"],"terminus":0,"mode":"bus","color":"#0059a9","colorDark":"#00294f","angle":153.4,"snapDist":13,"label":1}},{"type":"Feature","geometry":{"type":"Point","coordinates":[14.259008,40.857064]},"properties":{"name":"Foria - Caserma Garibaldi","lines":"147, 182, 184, 201, 201BR, 584","arr":["147","182","184","201","201BR","584"],"terminus":0,"mode":"bus","color":"#0059a9","colorDark":"#00294f","angle":136,"snapDist":4,"label":1}},{"type":"Feature","geometry":{"type":"Point","coordinates":[14.260539,40.85822]},"properties":{"name":"Foria - Pontenuovo","lines":"147, 182, 184, 201, 201BR, 584","arr":["147","182","184","201","201BR","584"],"terminus":0,"mode":"bus","color":"#0059a9","colorDark":"#00294f","angle":134.4,"snapDist":5,"label":1}},{"type":"Feature","geometry":{"type":"Point","coordinates":[14.262837,40.859982]},"properties":{"name":"Foria - Tenore","lines":"147, 182, 184, 201, 201BR, 584, 654","arr":["147","182","184","201","201BR","584","654"],"terminus":0,"mode":"bus","color":"#0059a9","colorDark":"#00294f","angle":135.2,"snapDist":6,"label":1}},{"type":"Feature","geometry":{"type":"Point","coordinates":[14.265382,40.861997]},"properties":{"name":"Piazza Carlo III - Alifana","lines":"147, 182, 184, 201, 201BR, 584","arr":["147","182","184","201","201BR","584"],"terminus":0,"mode":"bus","color":"#0059a9","colorDark":"#00294f","angle":130.8,"snapDist":10,"label":1}},{"type":"Feature","geometry":{"type":"Point","coordinates":[14.267259,40.863713]},"properties":{"name":"Carlo III","lines":"147, 184, 185, 201BR, 202, 254, 302, 654, C68","arr":["147","184","185","201BR","202","254","302","654","C68"],"terminus":0,"mode":"bus","color":"#0059a9","colorDark":"#00294f","angle":129.8,"snapDist":11,"label":0}},{"type":"Feature","geometry":{"type":"Point","coordinates":[14.267296,40.864699]},"properties":{"name":"Tanucci","lines":"147, 201BR, 202, 302, 654","arr":["147","201BR","202","302","654"],"terminus":0,"mode":"bus","color":"#0059a9","colorDark":"#00294f","angle":39.5,"snapDist":5,"label":0}},{"type":"Feature","geometry":{"type":"Point","coordinates":[14.26604,40.865501]},"properties":{"name":"Tanucci","lines":"147, 201BR, 202, 302, 654","arr":["147","201BR","202","302","654"],"terminus":1,"mode":"bus","color":"#0059a9","colorDark":"#00294f","angle":40.1,"snapDist":5,"label":1}},{"type":"Feature","geometry":{"type":"Point","coordinates":[14.265557,40.86581]},"properties":{"name":"Tanucci","lines":"147","arr":["147"],"terminus":0,"mode":"bus","color":"#0059a9","colorDark":"#00294f","angle":40.3,"snapDist":4,"label":0}},{"type":"Feature","geometry":{"type":"Point","coordinates":[14.266878,40.864959]},"properties":{"name":"Tanucci","lines":"147, 202, 302, 663, C63","arr":["147","202","302","663","C63"],"terminus":0,"mode":"bus","color":"#0059a9","colorDark":"#00294f","angle":219.5,"snapDist":5,"label":0}},{"type":"Feature","geometry":{"type":"Point","coordinates":[14.267376,40.863936]},"properties":{"name":"Carlo III","lines":"147, 184, 185, 201BR, 202, 254, 302, C68","arr":["147","184","185","201BR","202","254","302","C68"],"terminus":0,"mode":"bus","color":"#0059a9","colorDark":"#00294f","angle":309.4,"snapDist":4,"label":0}},{"type":"Feature","geometry":{"type":"Point","coordinates":[14.265342,40.861962]},"properties":{"name":"Carlo III - Palazzo Fuga","lines":"147, 182, 184, 185, 201, 201BR, 584, C68","arr":["147","182","184","185","201","201BR","584","C68"],"terminus":0,"mode":"bus","color":"#0059a9","colorDark":"#00294f","angle":310.8,"snapDist":11,"label":1}},{"type":"Feature","geometry":{"type":"Point","coordinates":[14.263896,40.860784]},"properties":{"name":"Foria - Orto Botanico","lines":"147, 182, 184, 201, 201BR, 584","arr":["147","182","184","201","201BR","584"],"terminus":0,"mode":"bus","color":"#0059a9","colorDark":"#00294f","angle":314.1,"snapDist":10,"label":1}},{"type":"Feature","geometry":{"type":"Point","coordinates":[14.261528,40.858982]},"properties":{"name":"Foria - Cavara","lines":"147, 182, 184, 201, 201BR, 584","arr":["147","182","184","201","201BR","584"],"terminus":0,"mode":"bus","color":"#0059a9","colorDark":"#00294f","angle":314.4,"snapDist":10,"label":1}},{"type":"Feature","geometry":{"type":"Point","coordinates":[14.260042,40.857836]},"properties":{"name":"Foria -Cesare Rossaroll","lines":"147, 182, 184, 201, 201BR, 584","arr":["147","182","184","201","201BR","584"],"terminus":0,"mode":"bus","color":"#0059a9","colorDark":"#00294f","angle":314.4,"snapDist":15,"label":1}},{"type":"Feature","geometry":{"type":"Point","coordinates":[14.258823,40.856928]},"properties":{"name":"Foria - Caserma Garibaldi","lines":"147, 182, 184, 201, 201BR, 584, C56","arr":["147","182","184","201","201BR","584","C56"],"terminus":0,"mode":"bus","color":"#0059a9","colorDark":"#00294f","angle":316,"snapDist":12,"label":0}},{"type":"Feature","geometry":{"type":"Point","coordinates":[14.257586,40.856095]},"properties":{"name":"Foria - Duomo","lines":"147, 182, 184, 201, 201BR, 584, C56","arr":["147","182","184","201","201BR","584","C56"],"terminus":0,"mode":"bus","color":"#0059a9","colorDark":"#00294f","angle":324.8,"snapDist":11,"label":1}},{"type":"Feature","geometry":{"type":"Point","coordinates":[14.255217,40.855185]},"properties":{"name":"Cavour - M2","lines":"147, 182, 184, 201, 201BR, 584, C56","arr":["147","182","184","201","201BR","584","C56"],"terminus":0,"mode":"bus","color":"#0059a9","colorDark":"#00294f","angle":333.7,"snapDist":1,"label":1}},{"type":"Feature","geometry":{"type":"Point","coordinates":[14.252196,40.853703]},"properties":{"name":"Foria - M1","lines":"147, 182, 184, 201, 201BR, 584, C56","arr":["147","182","184","201","201BR","584","C56"],"terminus":0,"mode":"bus","color":"#0059a9","colorDark":"#00294f","angle":321.8,"snapDist":1,"label":1}},{"type":"Feature","geometry":{"type":"Point","coordinates":[14.245209,40.853062]},"properties":{"name":"Imbriani-Rosa","lines":"147, C16, N3","arr":["147","C16","N3"],"terminus":0,"mode":"bus","color":"#0059a9","colorDark":"#00294f","angle":38.4,"snapDist":7,"label":1}},{"type":"Feature","geometry":{"type":"Point","coordinates":[14.242576,40.854111]},"properties":{"name":"Imbriani 152","lines":"147, C16, N3","arr":["147","C16","N3"],"terminus":0,"mode":"bus","color":"#0059a9","colorDark":"#00294f","angle":22.4,"snapDist":3,"label":1}},{"type":"Feature","geometry":{"type":"Point","coordinates":[14.237497,40.855287]},"properties":{"name":"D'Acquisto","lines":"147, C16, N3","arr":["147","C16","N3"],"terminus":0,"mode":"bus","color":"#0059a9","colorDark":"#00294f","angle":34.3,"snapDist":10,"label":1}},{"type":"Feature","geometry":{"type":"Point","coordinates":[14.237057,40.85488]},"properties":{"name":"Gigante - de Leva","lines":"147, C16, N3","arr":["147","C16","N3"],"terminus":0,"mode":"bus","color":"#0059a9","colorDark":"#00294f","angle":253.3,"snapDist":3,"label":1}},{"type":"Feature","geometry":{"type":"Point","coordinates":[14.236957,40.854088]},"properties":{"name":"Giacinto Gigante","lines":"147, C16, N3","arr":["147","C16","N3"],"terminus":0,"mode":"bus","color":"#0059a9","colorDark":"#00294f","angle":322.2,"snapDist":7,"label":1}},{"type":"Feature","geometry":{"type":"Point","coordinates":[14.235497,40.85471]},"properties":{"name":"Gigante-Canneto","lines":"147, N3","arr":["147","N3"],"terminus":0,"mode":"bus","color":"#0059a9","colorDark":"#00294f","angle":79,"snapDist":8,"label":0}},{"type":"Feature","geometry":{"type":"Point","coordinates":[14.234102,40.854688]},"properties":{"name":"Gigante","lines":"147, N3","arr":["147","N3"],"terminus":0,"mode":"bus","color":"#0059a9","colorDark":"#00294f","angle":250.4,"snapDist":3,"label":1}},{"type":"Feature","geometry":{"type":"Point","coordinates":[14.232707,40.853679]},"properties":{"name":"Gigante - Orsi","lines":"147, N3","arr":["147","N3"],"terminus":0,"mode":"bus","color":"#0059a9","colorDark":"#00294f","angle":4.8,"snapDist":5,"label":0}},{"type":"Feature","geometry":{"type":"Point","coordinates":[14.230845,40.853667]},"properties":{"name":"Arenella - Muzii","lines":"147, N3","arr":["147","N3"],"terminus":0,"mode":"bus","color":"#0059a9","colorDark":"#00294f","angle":350.2,"snapDist":2,"label":1}},{"type":"Feature","geometry":{"type":"Point","coordinates":[14.229678,40.849294]},"properties":{"name":"Tino da Camaino-Giardini Ruoppolo","lines":"147, C42","arr":["147","C42"],"terminus":1,"mode":"bus","color":"#0059a9","colorDark":"#00294f","angle":121.4,"snapDist":11,"label":1}},{"type":"Feature","geometry":{"type":"Point","coordinates":[14.268748,40.848802]},"properties":{"name":"Garibaldi - Circumvesuviana","lines":"151, 202, 254, 302, 455, 472, 475","arr":["151","202","254","302","455","472","475"],"terminus":0,"mode":"bus","color":"#0059a9","colorDark":"#00294f","angle":262.4,"snapDist":2,"label":0}},{"type":"Feature","geometry":{"type":"Point","coordinates":[14.267616,40.846196]},"properties":{"name":"Marina - Mercato","lines":"151, 154, 202, 302, 421A","arr":["151","154","202","302","421A"],"terminus":0,"mode":"bus","color":"#0059a9","colorDark":"#00294f","angle":355,"snapDist":1,"label":1}},{"type":"Feature","geometry":{"type":"Point","coordinates":[14.26312,40.845774]},"properties":{"name":"Marina - Duomo","lines":"151, 154, 202, 302, 421A","arr":["151","154","202","302","421A"],"terminus":0,"mode":"bus","color":"#0059a9","colorDark":"#00294f","angle":347.2,"snapDist":3,"label":1}},{"type":"Feature","geometry":{"type":"Point","coordinates":[14.259677,40.844504]},"properties":{"name":"Marina - Orefici","lines":"151, 154, 202, 302, 421A","arr":["151","154","202","302","421A"],"terminus":0,"mode":"bus","color":"#0059a9","colorDark":"#00294f","angle":320.5,"snapDist":1,"label":1}},{"type":"Feature","geometry":{"type":"Point","coordinates":[14.258408,40.843584]},"properties":{"name":"Marina - Porta di Massa","lines":"151, 154, 202, 302, 421A","arr":["151","154","202","302","421A"],"terminus":0,"mode":"bus","color":"#0059a9","colorDark":"#00294f","angle":308.9,"snapDist":1,"label":1}},{"type":"Feature","geometry":{"type":"Point","coordinates":[14.255866,40.843417]},"properties":{"name":"Marchese Campodisola","lines":"151, 154","arr":["151","154"],"terminus":0,"mode":"bus","color":"#0059a9","colorDark":"#00294f","angle":46,"snapDist":5,"label":1}},{"type":"Feature","geometry":{"type":"Point","coordinates":[14.254834,40.842357]},"properties":{"name":"Depretis - Loggia dei Pisani","lines":"151, 154, 201, 204","arr":["151","154","201","204"],"terminus":0,"mode":"bus","color":"#0059a9","colorDark":"#00294f","angle":292.8,"snapDist":5,"label":1}},{"type":"Feature","geometry":{"type":"Point","coordinates":[14.254366,40.838372]},"properties":{"name":"Acton - Beverello","lines":"151, 154, N1","arr":["151","154","N1"],"terminus":0,"mode":"bus","color":"#0059a9","colorDark":"#00294f","angle":295.1,"snapDist":2,"label":1}},{"type":"Feature","geometry":{"type":"Point","coordinates":[14.251322,40.836124]},"properties":{"name":"Acton","lines":"151, 154, N1","arr":["151","154","N1"],"terminus":0,"mode":"bus","color":"#0059a9","colorDark":"#00294f","angle":323.9,"snapDist":2,"label":1}},{"type":"Feature","geometry":{"type":"Point","coordinates":[14.206505,40.826767]},"properties":{"name":"Legioni","lines":"151, N1, R7","arr":["151","N1","R7"],"terminus":0,"mode":"bus","color":"#0059a9","colorDark":"#00294f","angle":76.1,"snapDist":10,"label":1}},{"type":"Feature","geometry":{"type":"Point","coordinates":[14.202562,40.826602]},"properties":{"name":"Augusto - San Vitale","lines":"151, N1, N7, R7","arr":["151","N1","N7","R7"],"terminus":0,"mode":"bus","color":"#0059a9","colorDark":"#00294f","angle":351.6,"snapDist":4,"label":1}},{"type":"Feature","geometry":{"type":"Point","coordinates":[14.199639,40.826275]},"properties":{"name":"Augusto - Veniero","lines":"151, C3, R7","arr":["151","C3","R7"],"terminus":0,"mode":"bus","color":"#0059a9","colorDark":"#00294f","angle":351.1,"snapDist":4,"label":1}},{"type":"Feature","geometry":{"type":"Point","coordinates":[14.196261,40.825777]},"properties":{"name":"Augusto - Politecnico","lines":"151, 180, 181, 502, 618, C1, C1E, C3, N6, N7, R6, R7, S2","arr":["151","180","181","502","618","C1","C1E","C3","N6","N7","R6","R7","S2"],"terminus":0,"mode":"bus","color":"#0059a9","colorDark":"#00294f","angle":345.3,"snapDist":4,"label":1}},{"type":"Feature","geometry":{"type":"Point","coordinates":[14.192962,40.825107]},"properties":{"name":"Tecchio - Mostra","lines":"151, C1, C1E, N1, R7","arr":["151","C1","C1E","N1","R7"],"terminus":0,"mode":"bus","color":"#0059a9","colorDark":"#00294f","angle":336.7,"snapDist":2,"label":1}},{"type":"Feature","geometry":{"type":"Point","coordinates":[14.195101,40.82349]},"properties":{"name":"Giulio Cesare - Tecchio","lines":"151, 180, 181, 502, 618, C1, C1E, C3, N1, N6, N7, R6, R7, S1, S2","arr":["151","180","181","502","618","C1","C1E","C3","N1","N6","N7","R6","R7","S1","S2"],"terminus":1,"mode":"bus","color":"#0059a9","colorDark":"#00294f","angle":155.9,"snapDist":12,"label":1}},{"type":"Feature","geometry":{"type":"Point","coordinates":[14.198404,40.824532]},"properties":{"name":"Giulio Cesare","lines":"151, N1, R7","arr":["151","N1","R7"],"terminus":0,"mode":"bus","color":"#0059a9","colorDark":"#00294f","angle":156.7,"snapDist":12,"label":1}},{"type":"Feature","geometry":{"type":"Point","coordinates":[14.200636,40.824962]},"properties":{"name":"Giulio Cesare - M2","lines":"151, N1, R7","arr":["151","N1","R7"],"terminus":0,"mode":"bus","color":"#0059a9","colorDark":"#00294f","angle":172.4,"snapDist":12,"label":1}},{"type":"Feature","geometry":{"type":"Point","coordinates":[14.202871,40.825188]},"properties":{"name":"Giulio Cesare - San Vitale","lines":"151, N1, R7","arr":["151","N1","R7"],"terminus":0,"mode":"bus","color":"#0059a9","colorDark":"#00294f","angle":168.7,"snapDist":12,"label":1}},{"type":"Feature","geometry":{"type":"Point","coordinates":[14.206254,40.826198]},"properties":{"name":"Fuorigrotta - Piazza Italia","lines":"151, N1, R7","arr":["151","N1","R7"],"terminus":0,"mode":"bus","color":"#0059a9","colorDark":"#00294f","angle":156.3,"snapDist":6,"label":1}},{"type":"Feature","geometry":{"type":"Point","coordinates":[14.251409,40.836061]},"properties":{"name":"Acton - Molosiglio","lines":"151, 154, N1","arr":["151","154","N1"],"terminus":0,"mode":"bus","color":"#0059a9","colorDark":"#00294f","angle":144.8,"snapDist":7,"label":1}},{"type":"Feature","geometry":{"type":"Point","coordinates":[14.254389,40.838176]},"properties":{"name":"Acton - Beverello","lines":"151, 154, N1","arr":["151","154","N1"],"terminus":0,"mode":"bus","color":"#0059a9","colorDark":"#00294f","angle":116,"snapDist":14,"label":0}},{"type":"Feature","geometry":{"type":"Point","coordinates":[14.255506,40.839749]},"properties":{"name":"Colombo - Beverello","lines":"151, 154, N1","arr":["151","154","N1"],"terminus":0,"mode":"bus","color":"#0059a9","colorDark":"#00294f","angle":119.8,"snapDist":11,"label":1}},{"type":"Feature","geometry":{"type":"Point","coordinates":[14.257108,40.841798]},"properties":{"name":"Colombo","lines":"151, 154","arr":["151","154"],"terminus":0,"mode":"bus","color":"#0059a9","colorDark":"#00294f","angle":121,"snapDist":8,"label":1}},{"type":"Feature","geometry":{"type":"Point","coordinates":[14.259787,40.844573]},"properties":{"name":"Marina - Orefici","lines":"151, 154, 421A","arr":["151","154","421A"],"terminus":0,"mode":"bus","color":"#0059a9","colorDark":"#00294f","angle":140.5,"snapDist":7,"label":0}},{"type":"Feature","geometry":{"type":"Point","coordinates":[14.263164,40.845781]},"properties":{"name":"Marina - Duomo","lines":"151, 154, 421A","arr":["151","154","421A"],"terminus":0,"mode":"bus","color":"#0059a9","colorDark":"#00294f","angle":167.2,"snapDist":6,"label":0}},{"type":"Feature","geometry":{"type":"Point","coordinates":[14.267774,40.846207]},"properties":{"name":"Marina - Torre Aragonese","lines":"151, 154, 421A","arr":["151","154","421A"],"terminus":0,"mode":"bus","color":"#0059a9","colorDark":"#00294f","angle":175.5,"snapDist":5,"label":1}},{"type":"Feature","geometry":{"type":"Point","coordinates":[14.268285,40.853864]},"properties":{"name":"Principe Umberto","lines":"151, C56","arr":["151","C56"],"terminus":0,"mode":"bus","color":"#0059a9","colorDark":"#00294f","angle":148.7,"snapDist":0,"label":1}},{"type":"Feature","geometry":{"type":"Point","coordinates":[14.270776,40.854196]},"properties":{"name":"Firenze","lines":"151, C56, R5","arr":["151","C56","R5"],"terminus":0,"mode":"bus","color":"#0059a9","colorDark":"#00294f","angle":172.7,"snapDist":6,"label":1}},{"type":"Feature","geometry":{"type":"Point","coordinates":[14.270345,40.846372]},"properties":{"name":"Vespucci - Garibaldi","lines":"154, 254, 455, 472, 475","arr":["154","254","455","472","475"],"terminus":0,"mode":"bus","color":"#0059a9","colorDark":"#00294f","angle":174.8,"snapDist":4,"label":0}},{"type":"Feature","geometry":{"type":"Point","coordinates":[14.273038,40.846551]},"properties":{"name":"Vespucci - Ospedale Loreto Mare","lines":"154, 254, 421A, 455, 472, 475","arr":["154","254","421A","455","472","475"],"terminus":0,"mode":"bus","color":"#0059a9","colorDark":"#00294f","angle":175.1,"snapDist":5,"label":1}},{"type":"Feature","geometry":{"type":"Point","coordinates":[14.275325,40.846694]},"properties":{"name":"Vespucci","lines":"154, 254, 421A, 455, 472, 475","arr":["154","254","421A","455","472","475"],"terminus":0,"mode":"bus","color":"#0059a9","colorDark":"#00294f","angle":175.7,"snapDist":6,"label":1}},{"type":"Feature","geometry":{"type":"Point","coordinates":[14.338924,40.831719]},"properties":{"name":"Troisi","lines":"156, 158, 475","arr":["156","158","475"],"terminus":1,"mode":"bus","color":"#0059a9","colorDark":"#00294f","angle":352.6,"snapDist":1,"label":1}},{"type":"Feature","geometry":{"type":"Point","coordinates":[14.335355,40.831476]},"properties":{"name":"De Lauzieres","lines":"156, 158, 475","arr":["156","158","475"],"terminus":0,"mode":"bus","color":"#0059a9","colorDark":"#00294f","angle":342.3,"snapDist":9,"label":1}},{"type":"Feature","geometry":{"type":"Point","coordinates":[14.333014,40.83266]},"properties":{"name":"San Martino","lines":"156, 475","arr":["156","475"],"terminus":0,"mode":"bus","color":"#0059a9","colorDark":"#00294f","angle":73.1,"snapDist":10,"label":1}},{"type":"Feature","geometry":{"type":"Point","coordinates":[14.332448,40.833953]},"properties":{"name":"San Martino","lines":"156, 475","arr":["156","475"],"terminus":0,"mode":"bus","color":"#0059a9","colorDark":"#00294f","angle":60,"snapDist":8,"label":0}},{"type":"Feature","geometry":{"type":"Point","coordinates":[14.331039,40.835444]},"properties":{"name":"San Martino","lines":"156, 475","arr":["156","475"],"terminus":0,"mode":"bus","color":"#0059a9","colorDark":"#00294f","angle":54.1,"snapDist":12,"label":1}},{"type":"Feature","geometry":{"type":"Point","coordinates":[14.327172,40.83441]},"properties":{"name":"Rubinacci","lines":"156","arr":["156"],"terminus":0,"mode":"bus","color":"#0059a9","colorDark":"#00294f","angle":334.9,"snapDist":2,"label":1}},{"type":"Feature","geometry":{"type":"Point","coordinates":[14.321911,40.83132]},"properties":{"name":"Repubbliche Marinare - Poste","lines":"156, 173A, 194, 475","arr":["156","173A","194","475"],"terminus":0,"mode":"bus","color":"#0059a9","colorDark":"#00294f","angle":221.6,"snapDist":3,"label":1}},{"type":"Feature","geometry":{"type":"Point","coordinates":[14.32362,40.830374]},"properties":{"name":"Repubbliche Marinare","lines":"156, 173A, 194, 475","arr":["156","173A","194","475"],"terminus":0,"mode":"bus","color":"#0059a9","colorDark":"#00294f","angle":207.9,"snapDist":6,"label":1}},{"type":"Feature","geometry":{"type":"Point","coordinates":[14.32443,40.830365]},"properties":{"name":"Repubbliche Marinare","lines":"156, 173A, 194, 475","arr":["156","173A","194","475"],"terminus":0,"mode":"bus","color":"#0059a9","colorDark":"#00294f","angle":9.5,"snapDist":7,"label":0}},{"type":"Feature","geometry":{"type":"Point","coordinates":[14.32206,40.83135]},"properties":{"name":"Repubbliche Marinare - Poste","lines":"156, 173A, 194, 475","arr":["156","173A","194","475"],"terminus":0,"mode":"bus","color":"#0059a9","colorDark":"#00294f","angle":42.3,"snapDist":13,"label":0}},{"type":"Feature","geometry":{"type":"Point","coordinates":[14.320152,40.832601]},"properties":{"name":"Repubbliche Marinare - Rione Forzati","lines":"156, 173A, 194, 475","arr":["156","173A","194","475"],"terminus":0,"mode":"bus","color":"#0059a9","colorDark":"#00294f","angle":40.1,"snapDist":7,"label":1}},{"type":"Feature","geometry":{"type":"Point","coordinates":[14.318481,40.833768]},"properties":{"name":"Repubbliche Marinare","lines":"156, 173A, 194, 195, 475","arr":["156","173A","194","195","475"],"terminus":0,"mode":"bus","color":"#0059a9","colorDark":"#00294f","angle":47.1,"snapDist":8,"label":1}},{"type":"Feature","geometry":{"type":"Point","coordinates":[14.317178,40.835013]},"properties":{"name":"Repubbliche Marinare","lines":"156, 173A, 194, 195, 475","arr":["156","173A","194","195","475"],"terminus":0,"mode":"bus","color":"#0059a9","colorDark":"#00294f","angle":57.9,"snapDist":7,"label":0}},{"type":"Feature","geometry":{"type":"Point","coordinates":[14.316165,40.836205]},"properties":{"name":"Repubbliche Marinare - Piscina Comunale","lines":"156, 173A, 194, 195, 472, 475","arr":["156","173A","194","195","472","475"],"terminus":0,"mode":"bus","color":"#0059a9","colorDark":"#00294f","angle":54.2,"snapDist":8,"label":1}},{"type":"Feature","geometry":{"type":"Point","coordinates":[14.314671,40.837159]},"properties":{"name":"Repubbliche Marinare - Cimitero","lines":"156, 173A, 194, 195, 472, 475","arr":["156","173A","194","195","472","475"],"terminus":0,"mode":"bus","color":"#0059a9","colorDark":"#00294f","angle":33.1,"snapDist":4,"label":1}},{"type":"Feature","geometry":{"type":"Point","coordinates":[14.312819,40.839984]},"properties":{"name":"Repubbliche Marinare","lines":"156, 173A, 195","arr":["156","173A","195"],"terminus":0,"mode":"bus","color":"#0059a9","colorDark":"#00294f","angle":81,"snapDist":14,"label":1}},{"type":"Feature","geometry":{"type":"Point","coordinates":[14.311028,40.841886]},"properties":{"name":"Repubbliche Marinare - Rione Villa","lines":"156, 195","arr":["156","195"],"terminus":0,"mode":"bus","color":"#0059a9","colorDark":"#00294f","angle":41.1,"snapDist":7,"label":1}},{"type":"Feature","geometry":{"type":"Point","coordinates":[14.281068,40.846283]},"properties":{"name":"Brin","lines":"156","arr":["156"],"terminus":1,"mode":"bus","color":"#0059a9","colorDark":"#00294f","angle":108.8,"snapDist":11,"label":1}},{"type":"Feature","geometry":{"type":"Point","coordinates":[14.33652,40.8104]},"properties":{"name":"Gianturco - San Pasquale","lines":"158","arr":["158"],"terminus":0,"mode":"bus","color":"#0059a9","colorDark":"#00294f","angle":257.9,"snapDist":2,"label":1}},{"type":"Feature","geometry":{"type":"Point","coordinates":[14.335283,40.814995]},"properties":{"name":"Garibaldi-Roma","lines":"158","arr":["158"],"terminus":0,"mode":"bus","color":"#0059a9","colorDark":"#00294f","angle":49.4,"snapDist":9,"label":1}},{"type":"Feature","geometry":{"type":"Point","coordinates":[14.333654,40.816378]},"properties":{"name":"Garibaldi - Istituto Melloni","lines":"158","arr":["158"],"terminus":0,"mode":"bus","color":"#0059a9","colorDark":"#00294f","angle":37.7,"snapDist":8,"label":1}},{"type":"Feature","geometry":{"type":"Point","coordinates":[14.329517,40.818729]},"properties":{"name":"Garibaldi - biblioteca Comunale","lines":"158, 254","arr":["158","254"],"terminus":0,"mode":"bus","color":"#0059a9","colorDark":"#00294f","angle":35.7,"snapDist":8,"label":1}},{"type":"Feature","geometry":{"type":"Point","coordinates":[14.327607,40.820191]},"properties":{"name":"Garibaldi","lines":"158, 254","arr":["158","254"],"terminus":0,"mode":"bus","color":"#0059a9","colorDark":"#00294f","angle":48.2,"snapDist":9,"label":1}},{"type":"Feature","geometry":{"type":"Point","coordinates":[14.325658,40.821366]},"properties":{"name":"Garibaldi","lines":"158, 254","arr":["158","254"],"terminus":0,"mode":"bus","color":"#0059a9","colorDark":"#00294f","angle":28.6,"snapDist":7,"label":0}},{"type":"Feature","geometry":{"type":"Point","coordinates":[14.323875,40.822286]},"properties":{"name":"Garibaldi","lines":"158, 254","arr":["158","254"],"terminus":0,"mode":"bus","color":"#0059a9","colorDark":"#00294f","angle":36.7,"snapDist":8,"label":1}},{"type":"Feature","geometry":{"type":"Point","coordinates":[14.324158,40.823372]},"properties":{"name":"Croce Lagno","lines":"158","arr":["158"],"terminus":0,"mode":"bus","color":"#0059a9","colorDark":"#00294f","angle":140.9,"snapDist":7,"label":1}},{"type":"Feature","geometry":{"type":"Point","coordinates":[14.326493,40.824564]},"properties":{"name":"B.Croce","lines":"158","arr":["158"],"terminus":0,"mode":"bus","color":"#0059a9","colorDark":"#00294f","angle":147.4,"snapDist":9,"label":1}},{"type":"Feature","geometry":{"type":"Point","coordinates":[14.32955,40.825388]},"properties":{"name":"Largo Arso","lines":"158","arr":["158"],"terminus":0,"mode":"bus","color":"#0059a9","colorDark":"#00294f","angle":185.5,"snapDist":6,"label":1}},{"type":"Feature","geometry":{"type":"Point","coordinates":[14.331177,40.82751]},"properties":{"name":"Corso Umberto-Ist.s.sebastiano al Vesuvio","lines":"158, 475","arr":["158","475"],"terminus":0,"mode":"bus","color":"#0059a9","colorDark":"#00294f","angle":154,"snapDist":6,"label":1}},{"type":"Feature","geometry":{"type":"Point","coordinates":[14.334214,40.828692]},"properties":{"name":"Piazza V.Emanuele-Municipio","lines":"158, 475","arr":["158","475"],"terminus":0,"mode":"bus","color":"#0059a9","colorDark":"#00294f","angle":139.4,"snapDist":7,"label":1}},{"type":"Feature","geometry":{"type":"Point","coordinates":[14.336544,40.830421]},"properties":{"name":"Roma-Villa Vannucchi","lines":"158, 475","arr":["158","475"],"terminus":0,"mode":"bus","color":"#0059a9","colorDark":"#00294f","angle":142.9,"snapDist":9,"label":1}},{"type":"Feature","geometry":{"type":"Point","coordinates":[14.34135,40.829069]},"properties":{"name":"Bachelet","lines":"158","arr":["158"],"terminus":0,"mode":"bus","color":"#0059a9","colorDark":"#00294f","angle":253.3,"snapDist":3,"label":1}},{"type":"Feature","geometry":{"type":"Point","coordinates":[14.342209,40.830722]},"properties":{"name":"Matteotti","lines":"158","arr":["158"],"terminus":0,"mode":"bus","color":"#0059a9","colorDark":"#00294f","angle":91.3,"snapDist":11,"label":1}},{"type":"Feature","geometry":{"type":"Point","coordinates":[14.346047,40.832709]},"properties":{"name":"S.Giorgio Vecchio - Moro","lines":"158, 175, 475","arr":["158","175","475"],"terminus":0,"mode":"bus","color":"#0059a9","colorDark":"#00294f","angle":61.1,"snapDist":11,"label":1}},{"type":"Feature","geometry":{"type":"Point","coordinates":[14.345334,40.833664]},"properties":{"name":"A.Moro - Bruno","lines":"158, 175, 475","arr":["158","175","475"],"terminus":0,"mode":"bus","color":"#0059a9","colorDark":"#00294f","angle":59.3,"snapDist":12,"label":1}},{"type":"Feature","geometry":{"type":"Point","coordinates":[14.343235,40.836868]},"properties":{"name":"Manzoni","lines":"158","arr":["158"],"terminus":0,"mode":"bus","color":"#0059a9","colorDark":"#00294f","angle":66.4,"snapDist":10,"label":1}},{"type":"Feature","geometry":{"type":"Point","coordinates":[14.342075,40.838901]},"properties":{"name":"Manzoni - Istituto Commerciale","lines":"158, 175","arr":["158","175"],"terminus":0,"mode":"bus","color":"#0059a9","colorDark":"#00294f","angle":65.8,"snapDist":11,"label":1}},{"type":"Feature","geometry":{"type":"Point","coordinates":[14.34115,40.840512]},"properties":{"name":"Manzoni - Longo","lines":"158, 175","arr":["158","175"],"terminus":0,"mode":"bus","color":"#0059a9","colorDark":"#00294f","angle":67.4,"snapDist":12,"label":1}},{"type":"Feature","geometry":{"type":"Point","coordinates":[14.339969,40.842628]},"properties":{"name":"Bartolo Longo","lines":"158, 175","arr":["158","175"],"terminus":0,"mode":"bus","color":"#0059a9","colorDark":"#00294f","angle":66.4,"snapDist":11,"label":1}},{"type":"Feature","geometry":{"type":"Point","coordinates":[14.338776,40.84473]},"properties":{"name":"Bartolo Longo","lines":"158, 175","arr":["158","175"],"terminus":0,"mode":"bus","color":"#0059a9","colorDark":"#00294f","angle":66.5,"snapDist":11,"label":1}},{"type":"Feature","geometry":{"type":"Point","coordinates":[14.346615,40.848354]},"properties":{"name":"Villa Romana","lines":"158, 175","arr":["158","175"],"terminus":0,"mode":"bus","color":"#0059a9","colorDark":"#00294f","angle":95.3,"snapDist":8,"label":1}},{"type":"Feature","geometry":{"type":"Point","coordinates":[14.346418,40.848132]},"properties":{"name":"Villa Romana","lines":"158","arr":["158"],"terminus":0,"mode":"bus","color":"#0059a9","colorDark":"#00294f","angle":275.2,"snapDist":4,"label":0}},{"type":"Feature","geometry":{"type":"Point","coordinates":[14.338824,40.844647]},"properties":{"name":"Bartolo Longo 304","lines":"158","arr":["158"],"terminus":0,"mode":"bus","color":"#0059a9","colorDark":"#00294f","angle":246.5,"snapDist":4,"label":1}},{"type":"Feature","geometry":{"type":"Point","coordinates":[14.339876,40.842789]},"properties":{"name":"Bartolo Longo 370","lines":"158","arr":["158"],"terminus":0,"mode":"bus","color":"#0059a9","colorDark":"#00294f","angle":246.4,"snapDist":4,"label":1}},{"type":"Feature","geometry":{"type":"Point","coordinates":[14.340511,40.841662]},"properties":{"name":"Bartolo Longo","lines":"158","arr":["158"],"terminus":0,"mode":"bus","color":"#0059a9","colorDark":"#00294f","angle":247.2,"snapDist":5,"label":0}},{"type":"Feature","geometry":{"type":"Point","coordinates":[14.341224,40.840377]},"properties":{"name":"Manzoni - Palazzetto dello Sport","lines":"158","arr":["158"],"terminus":0,"mode":"bus","color":"#0059a9","colorDark":"#00294f","angle":247.4,"snapDist":1,"label":1}},{"type":"Feature","geometry":{"type":"Point","coordinates":[14.342386,40.838356]},"properties":{"name":"Manzoni - Carducci","lines":"158, 475","arr":["158","475"],"terminus":0,"mode":"bus","color":"#0059a9","colorDark":"#00294f","angle":247.5,"snapDist":5,"label":1}},{"type":"Feature","geometry":{"type":"Point","coordinates":[14.344424,40.834332]},"properties":{"name":"Pittore - Manzoni","lines":"158, 475","arr":["158","475"],"terminus":0,"mode":"bus","color":"#0059a9","colorDark":"#00294f","angle":316,"snapDist":2,"label":1}},{"type":"Feature","geometry":{"type":"Point","coordinates":[14.341626,40.832642]},"properties":{"name":"Pittore - Gianturco","lines":"158, 475","arr":["158","475"],"terminus":0,"mode":"bus","color":"#0059a9","colorDark":"#00294f","angle":327.5,"snapDist":0,"label":1}},{"type":"Feature","geometry":{"type":"Point","coordinates":[14.333568,40.829692]},"properties":{"name":"Pace","lines":"158, 475","arr":["158","475"],"terminus":0,"mode":"bus","color":"#0059a9","colorDark":"#00294f","angle":315.3,"snapDist":1,"label":1}},{"type":"Feature","geometry":{"type":"Point","coordinates":[14.331639,40.829022]},"properties":{"name":"Gramsci - le Margherite","lines":"158, 475","arr":["158","475"],"terminus":0,"mode":"bus","color":"#0059a9","colorDark":"#00294f","angle":300.8,"snapDist":0,"label":1}},{"type":"Feature","geometry":{"type":"Point","coordinates":[14.330895,40.827407]},"properties":{"name":"Umberto I","lines":"158, 475","arr":["158","475"],"terminus":0,"mode":"bus","color":"#0059a9","colorDark":"#00294f","angle":334,"snapDist":5,"label":1}},{"type":"Feature","geometry":{"type":"Point","coordinates":[14.328263,40.826413]},"properties":{"name":"Umberto","lines":"158, 475","arr":["158","475"],"terminus":0,"mode":"bus","color":"#0059a9","colorDark":"#00294f","angle":333.1,"snapDist":3,"label":1}},{"type":"Feature","geometry":{"type":"Point","coordinates":[14.326866,40.824744]},"properties":{"name":"Croce Lagno-Largo Argo","lines":"158","arr":["158"],"terminus":0,"mode":"bus","color":"#0059a9","colorDark":"#00294f","angle":327.6,"snapDist":4,"label":1}},{"type":"Feature","geometry":{"type":"Point","coordinates":[14.324032,40.823314]},"properties":{"name":"Lagno-Museo Pietarsa","lines":"158","arr":["158"],"terminus":0,"mode":"bus","color":"#0059a9","colorDark":"#00294f","angle":329.9,"snapDist":3,"label":1}},{"type":"Feature","geometry":{"type":"Point","coordinates":[14.325135,40.821592]},"properties":{"name":"Garibaldi - Moro","lines":"158, 254, 455","arr":["158","254","455"],"terminus":0,"mode":"bus","color":"#0059a9","colorDark":"#00294f","angle":215.2,"snapDist":6,"label":1}},{"type":"Feature","geometry":{"type":"Point","coordinates":[14.327341,40.820414]},"properties":{"name":"Garibaldi","lines":"158, 254, 455","arr":["158","254","455"],"terminus":0,"mode":"bus","color":"#0059a9","colorDark":"#00294f","angle":227.8,"snapDist":6,"label":0}},{"type":"Feature","geometry":{"type":"Point","coordinates":[14.329575,40.818697]},"properties":{"name":"Garibaldi","lines":"158, 254, 455","arr":["158","254","455"],"terminus":0,"mode":"bus","color":"#0059a9","colorDark":"#00294f","angle":215.7,"snapDist":8,"label":1}},{"type":"Feature","geometry":{"type":"Point","coordinates":[14.332255,40.817171]},"properties":{"name":"Garibaldi - Camaggio","lines":"158, 254, 455","arr":["158","254","455"],"terminus":0,"mode":"bus","color":"#0059a9","colorDark":"#00294f","angle":216.6,"snapDist":7,"label":1}},{"type":"Feature","geometry":{"type":"Point","coordinates":[14.333796,40.816295]},"properties":{"name":"Garibaldi","lines":"158, 254, 455","arr":["158","254","455"],"terminus":0,"mode":"bus","color":"#0059a9","colorDark":"#00294f","angle":217.7,"snapDist":9,"label":1}},{"type":"Feature","geometry":{"type":"Point","coordinates":[14.33518,40.815086]},"properties":{"name":"Garibaldi - Gianturco","lines":"158, 254, 455","arr":["158","254","455"],"terminus":0,"mode":"bus","color":"#0059a9","colorDark":"#00294f","angle":229.5,"snapDist":4,"label":1}},{"type":"Feature","geometry":{"type":"Point","coordinates":[14.336422,40.810744]},"properties":{"name":"Gianturco","lines":"158","arr":["158"],"terminus":0,"mode":"bus","color":"#0059a9","colorDark":"#00294f","angle":77.9,"snapDist":7,"label":0}},{"type":"Feature","geometry":{"type":"Point","coordinates":[14.231237,40.879984]},"properties":{"name":"Frullone - M1","lines":"162, 167, 168, 663, C78","arr":["162","167","168","663","C78"],"terminus":1,"mode":"bus","color":"#0059a9","colorDark":"#00294f","angle":204.6,"snapDist":3,"label":1}},{"type":"Feature","geometry":{"type":"Point","coordinates":[14.232264,40.881557]},"properties":{"name":"Scaglione E. 126","lines":"162, 167, 460","arr":["162","167","460"],"terminus":0,"mode":"bus","color":"#0059a9","colorDark":"#00294f","angle":56.6,"snapDist":6,"label":1}},{"type":"Feature","geometry":{"type":"Point","coordinates":[14.230811,40.883234]},"properties":{"name":"Scaglione E. 135","lines":"162, 167, 460","arr":["162","167","460"],"terminus":0,"mode":"bus","color":"#0059a9","colorDark":"#00294f","angle":56.6,"snapDist":8,"label":1}},{"type":"Feature","geometry":{"type":"Point","coordinates":[14.229162,40.885183]},"properties":{"name":"Scaglione E. 268","lines":"162, 167, 460","arr":["162","167","460"],"terminus":0,"mode":"bus","color":"#0059a9","colorDark":"#00294f","angle":57.5,"snapDist":5,"label":1}},{"type":"Feature","geometry":{"type":"Point","coordinates":[14.227545,40.88707]},"properties":{"name":"Scaglione E. 382","lines":"162, 167, 460","arr":["162","167","460"],"terminus":0,"mode":"bus","color":"#0059a9","colorDark":"#00294f","angle":57.3,"snapDist":5,"label":1}},{"type":"Feature","geometry":{"type":"Point","coordinates":[14.226356,40.888329]},"properties":{"name":"Scaglione E. 460","lines":"162, 167, 460","arr":["162","167","460"],"terminus":0,"mode":"bus","color":"#0059a9","colorDark":"#00294f","angle":48,"snapDist":3,"label":1}},{"type":"Feature","geometry":{"type":"Point","coordinates":[14.223283,40.890605]},"properties":{"name":"Metro Chiaiano","lines":"162, 165, 165Q, 167, 460, 572, NL1","arr":["162","165","165Q","167","460","572","NL1"],"terminus":0,"mode":"bus","color":"#0059a9","colorDark":"#00294f","angle":33.6,"snapDist":10,"label":1}},{"type":"Feature","geometry":{"type":"Point","coordinates":[14.220569,40.891988]},"properties":{"name":"S.Maria a Cubito","lines":"162, 165, 165Q, 167, 460, 572","arr":["162","165","165Q","167","460","572"],"terminus":0,"mode":"bus","color":"#0059a9","colorDark":"#00294f","angle":39.1,"snapDist":5,"label":1}},{"type":"Feature","geometry":{"type":"Point","coordinates":[14.218707,40.893138]},"properties":{"name":"S. Maria a Cubito 656","lines":"162, 165, 165Q, 167, 460, 572","arr":["162","165","165Q","167","460","572"],"terminus":0,"mode":"bus","color":"#0059a9","colorDark":"#00294f","angle":39.1,"snapDist":5,"label":1}},{"type":"Feature","geometry":{"type":"Point","coordinates":[14.215043,40.895356]},"properties":{"name":"S. Maria a Cubito","lines":"162, 165, 165Q, 460","arr":["162","165","165Q","460"],"terminus":0,"mode":"bus","color":"#0059a9","colorDark":"#00294f","angle":38.5,"snapDist":7,"label":1}},{"type":"Feature","geometry":{"type":"Point","coordinates":[14.211354,40.897542]},"properties":{"name":"S. Maria a Cubito 790","lines":"162, 165, 165Q, 460","arr":["162","165","165Q","460"],"terminus":0,"mode":"bus","color":"#0059a9","colorDark":"#00294f","angle":35.5,"snapDist":5,"label":1}},{"type":"Feature","geometry":{"type":"Point","coordinates":[14.208434,40.898073]},"properties":{"name":"S.Maria a Cubito 840","lines":"162, 165, 165Q, 460","arr":["162","165","165Q","460"],"terminus":0,"mode":"bus","color":"#0059a9","colorDark":"#00294f","angle":0.5,"snapDist":4,"label":1}},{"type":"Feature","geometry":{"type":"Point","coordinates":[14.206866,40.89809]},"properties":{"name":"S.Maria a Cubito 876","lines":"162, 165, 165Q, 460","arr":["162","165","165Q","460"],"terminus":0,"mode":"bus","color":"#0059a9","colorDark":"#00294f","angle":1,"snapDist":4,"label":1}},{"type":"Feature","geometry":{"type":"Point","coordinates":[14.203345,40.898451]},"properties":{"name":"Falcone G.-Liceo","lines":"162, 165, 165Q, 460","arr":["162","165","165Q","460"],"terminus":0,"mode":"bus","color":"#0059a9","colorDark":"#00294f","angle":1.8,"snapDist":9,"label":1}},{"type":"Feature","geometry":{"type":"Point","coordinates":[14.201834,40.898478]},"properties":{"name":"Falcone-Stadio","lines":"162, 165, 165Q, 460","arr":["162","165","165Q","460"],"terminus":0,"mode":"bus","color":"#0059a9","colorDark":"#00294f","angle":1,"snapDist":3,"label":1}},{"type":"Feature","geometry":{"type":"Point","coordinates":[14.198631,40.89911]},"properties":{"name":"Falcone G.","lines":"162, 165, 165Q, 460","arr":["162","165","165Q","460"],"terminus":0,"mode":"bus","color":"#0059a9","colorDark":"#00294f","angle":30.6,"snapDist":5,"label":1}},{"type":"Feature","geometry":{"type":"Point","coordinates":[14.196994,40.900982]},"properties":{"name":"Falcone G. 15","lines":"162, 165, 165Q, 460","arr":["162","165","165Q","460"],"terminus":0,"mode":"bus","color":"#0059a9","colorDark":"#00294f","angle":94.5,"snapDist":1,"label":1}},{"type":"Feature","geometry":{"type":"Point","coordinates":[14.195009,40.901726]},"properties":{"name":"Corso Italia 37","lines":"162, 460","arr":["162","460"],"terminus":0,"mode":"bus","color":"#0059a9","colorDark":"#00294f","angle":93.7,"snapDist":10,"label":1}},{"type":"Feature","geometry":{"type":"Point","coordinates":[14.195427,40.905623]},"properties":{"name":"Corso Italia","lines":"162, 460","arr":["162","460"],"terminus":0,"mode":"bus","color":"#0059a9","colorDark":"#00294f","angle":93,"snapDist":8,"label":1}},{"type":"Feature","geometry":{"type":"Point","coordinates":[14.195518,40.906947]},"properties":{"name":"Corso Italia 68","lines":"162, 460","arr":["162","460"],"terminus":0,"mode":"bus","color":"#0059a9","colorDark":"#00294f","angle":94.1,"snapDist":11,"label":1}},{"type":"Feature","geometry":{"type":"Point","coordinates":[14.195918,40.910695]},"properties":{"name":"Corso Italia-Villa dei Fiori","lines":"162, 460","arr":["162","460"],"terminus":0,"mode":"bus","color":"#0059a9","colorDark":"#00294f","angle":95.4,"snapDist":11,"label":1}},{"type":"Feature","geometry":{"type":"Point","coordinates":[14.196137,40.913014]},"properties":{"name":"Corso Italia 128","lines":"162, 460","arr":["162","460"],"terminus":0,"mode":"bus","color":"#0059a9","colorDark":"#00294f","angle":94.2,"snapDist":12,"label":1}},{"type":"Feature","geometry":{"type":"Point","coordinates":[14.196344,40.916114]},"properties":{"name":"Fermi","lines":"162, 460","arr":["162","460"],"terminus":0,"mode":"bus","color":"#0059a9","colorDark":"#00294f","angle":89.4,"snapDist":9,"label":1}},{"type":"Feature","geometry":{"type":"Point","coordinates":[14.196291,40.918746]},"properties":{"name":"Fermi E.-ASL","lines":"162, 460","arr":["162","460"],"terminus":0,"mode":"bus","color":"#0059a9","colorDark":"#00294f","angle":90.1,"snapDist":11,"label":1}},{"type":"Feature","geometry":{"type":"Point","coordinates":[14.196293,40.920479]},"properties":{"name":"Fermi E. 64","lines":"162, 460","arr":["162","460"],"terminus":0,"mode":"bus","color":"#0059a9","colorDark":"#00294f","angle":89.5,"snapDist":8,"label":1}},{"type":"Feature","geometry":{"type":"Point","coordinates":[14.196263,40.923037]},"properties":{"name":"Fermi 14","lines":"162, 460","arr":["162","460"],"terminus":0,"mode":"bus","color":"#0059a9","colorDark":"#00294f","angle":88.8,"snapDist":5,"label":1}},{"type":"Feature","geometry":{"type":"Point","coordinates":[14.196234,40.924161]},"properties":{"name":"Pirozzi","lines":"162, 460","arr":["162","460"],"terminus":0,"mode":"bus","color":"#0059a9","colorDark":"#00294f","angle":88.9,"snapDist":7,"label":1}},{"type":"Feature","geometry":{"type":"Point","coordinates":[14.200666,40.924238]},"properties":{"name":"Maristi","lines":"162, 460","arr":["162","460"],"terminus":0,"mode":"bus","color":"#0059a9","colorDark":"#00294f","angle":177.7,"snapDist":6,"label":0}},{"type":"Feature","geometry":{"type":"Point","coordinates":[14.202536,40.92314]},"properties":{"name":"Togliatti","lines":"162, 460","arr":["162","460"],"terminus":0,"mode":"bus","color":"#0059a9","colorDark":"#00294f","angle":269.2,"snapDist":8,"label":1}},{"type":"Feature","geometry":{"type":"Point","coordinates":[14.204336,40.921903]},"properties":{"name":"Magellano","lines":"162, 167, 460","arr":["162","167","460"],"terminus":0,"mode":"bus","color":"#0059a9","colorDark":"#00294f","angle":176.6,"snapDist":4,"label":1}},{"type":"Feature","geometry":{"type":"Point","coordinates":[14.208213,40.921989]},"properties":{"name":"Madonna delle Grazie","lines":"162, 460","arr":["162","460"],"terminus":0,"mode":"bus","color":"#0059a9","colorDark":"#00294f","angle":178.7,"snapDist":6,"label":1}},{"type":"Feature","geometry":{"type":"Point","coordinates":[14.217557,40.918129]},"properties":{"name":"Madonna delle Grazie","lines":"162, 460","arr":["162","460"],"terminus":0,"mode":"bus","color":"#0059a9","colorDark":"#00294f","angle":182,"snapDist":9,"label":1}},{"type":"Feature","geometry":{"type":"Point","coordinates":[14.223345,40.918234]},"properties":{"name":"Madonne delle Grazie","lines":"162, 460","arr":["162","460"],"terminus":0,"mode":"bus","color":"#0059a9","colorDark":"#00294f","angle":179.2,"snapDist":10,"label":1}},{"type":"Feature","geometry":{"type":"Point","coordinates":[14.225192,40.918965]},"properties":{"name":"Europa","lines":"162, 460","arr":["162","460"],"terminus":0,"mode":"bus","color":"#0059a9","colorDark":"#00294f","angle":79.6,"snapDist":7,"label":1}},{"type":"Feature","geometry":{"type":"Point","coordinates":[14.225019,40.922941]},"properties":{"name":"Fermata CTP","lines":"162, 460","arr":["162","460"],"terminus":0,"mode":"bus","color":"#0059a9","colorDark":"#00294f","angle":86.2,"snapDist":24,"label":1}},{"type":"Feature","geometry":{"type":"Point","coordinates":[14.224116,40.925825]},"properties":{"name":"Fermata CTP","lines":"162, 460","arr":["162","460"],"terminus":0,"mode":"bus","color":"#0059a9","colorDark":"#00294f","angle":67.3,"snapDist":17,"label":1}},{"type":"Feature","geometry":{"type":"Point","coordinates":[14.223779,40.927888]},"properties":{"name":"Fermata CTP","lines":"162, 460","arr":["162","460"],"terminus":0,"mode":"bus","color":"#0059a9","colorDark":"#00294f","angle":89.8,"snapDist":14,"label":1}},{"type":"Feature","geometry":{"type":"Point","coordinates":[14.218827,40.928561]},"properties":{"name":"Colonne","lines":"162, 460","arr":["162","460"],"terminus":0,"mode":"bus","color":"#0059a9","colorDark":"#00294f","angle":0.1,"snapDist":6,"label":1}},{"type":"Feature","geometry":{"type":"Point","coordinates":[14.21734,40.926503]},"properties":{"name":"Colonne Signorelli-Metronordest","lines":"162, 460","arr":["162","460"],"terminus":1,"mode":"bus","color":"#0059a9","colorDark":"#00294f","angle":207.7,"snapDist":6,"label":1}},{"type":"Feature","geometry":{"type":"Point","coordinates":[14.219142,40.923494]},"properties":{"name":"Signorelli","lines":"162, 460","arr":["162","460"],"terminus":0,"mode":"bus","color":"#0059a9","colorDark":"#00294f","angle":203.1,"snapDist":7,"label":1}},{"type":"Feature","geometry":{"type":"Point","coordinates":[14.224196,40.922224]},"properties":{"name":"Signorelli","lines":"162, 460","arr":["162","460"],"terminus":0,"mode":"bus","color":"#0059a9","colorDark":"#00294f","angle":184.9,"snapDist":8,"label":1}},{"type":"Feature","geometry":{"type":"Point","coordinates":[14.225253,40.918716]},"properties":{"name":"Europa","lines":"162, 460","arr":["162","460"],"terminus":0,"mode":"bus","color":"#0059a9","colorDark":"#00294f","angle":259.6,"snapDist":1,"label":0}},{"type":"Feature","geometry":{"type":"Point","coordinates":[14.223509,40.918236]},"properties":{"name":"Madonna delle Grazie","lines":"162, 460","arr":["162","460"],"terminus":0,"mode":"bus","color":"#0059a9","colorDark":"#00294f","angle":359.2,"snapDist":0,"label":1}},{"type":"Feature","geometry":{"type":"Point","coordinates":[14.217717,40.918125]},"properties":{"name":"Madonna delle Grazie","lines":"162, 460","arr":["162","460"],"terminus":0,"mode":"bus","color":"#0059a9","colorDark":"#00294f","angle":2,"snapDist":3,"label":0}},{"type":"Feature","geometry":{"type":"Point","coordinates":[14.209113,40.921652]},"properties":{"name":"Madonna delle Grazie","lines":"162, 460","arr":["162","460"],"terminus":0,"mode":"bus","color":"#0059a9","colorDark":"#00294f","angle":37.2,"snapDist":7,"label":0}},{"type":"Feature","geometry":{"type":"Point","coordinates":[14.205035,40.921926]},"properties":{"name":"Magellano","lines":"162, 167, 460","arr":["162","167","460"],"terminus":0,"mode":"bus","color":"#0059a9","colorDark":"#00294f","angle":357.7,"snapDist":3,"label":0}},{"type":"Feature","geometry":{"type":"Point","coordinates":[14.202624,40.922911]},"properties":{"name":"Togliatti","lines":"162, 167, 460","arr":["162","167","460"],"terminus":0,"mode":"bus","color":"#0059a9","colorDark":"#00294f","angle":89.6,"snapDist":12,"label":0}},{"type":"Feature","geometry":{"type":"Point","coordinates":[14.201095,40.924251]},"properties":{"name":"Maristi","lines":"162, 167, 460","arr":["162","167","460"],"terminus":1,"mode":"bus","color":"#0059a9","colorDark":"#00294f","angle":357.7,"snapDist":2,"label":1}},{"type":"Feature","geometry":{"type":"Point","coordinates":[14.196245,40.923743]},"properties":{"name":"Pirozzi","lines":"162, 460","arr":["162","460"],"terminus":0,"mode":"bus","color":"#0059a9","colorDark":"#00294f","angle":268.9,"snapDist":2,"label":0}},{"type":"Feature","geometry":{"type":"Point","coordinates":[14.196268,40.922803]},"properties":{"name":"Fermi 5","lines":"162, 460","arr":["162","460"],"terminus":0,"mode":"bus","color":"#0059a9","colorDark":"#00294f","angle":269.5,"snapDist":1,"label":1}},{"type":"Feature","geometry":{"type":"Point","coordinates":[14.196294,40.920398]},"properties":{"name":"Fermi","lines":"162, 460","arr":["162","460"],"terminus":0,"mode":"bus","color":"#0059a9","colorDark":"#00294f","angle":269.5,"snapDist":4,"label":1}},{"type":"Feature","geometry":{"type":"Point","coordinates":[14.19629,40.918492]},"properties":{"name":"Fermi 57","lines":"162, 460","arr":["162","460"],"terminus":0,"mode":"bus","color":"#0059a9","colorDark":"#00294f","angle":270.1,"snapDist":1,"label":1}},{"type":"Feature","geometry":{"type":"Point","coordinates":[14.196354,40.915773]},"properties":{"name":"Fermi 115","lines":"162, 460","arr":["162","460"],"terminus":0,"mode":"bus","color":"#0059a9","colorDark":"#00294f","angle":268,"snapDist":2,"label":1}},{"type":"Feature","geometry":{"type":"Point","coordinates":[14.196104,40.91268]},"properties":{"name":"Corso Italia 63","lines":"162, 460","arr":["162","460"],"terminus":0,"mode":"bus","color":"#0059a9","colorDark":"#00294f","angle":274.2,"snapDist":1,"label":1}},{"type":"Feature","geometry":{"type":"Point","coordinates":[14.195901,40.910558]},"properties":{"name":"Corso Italia","lines":"162, 460","arr":["162","460"],"terminus":0,"mode":"bus","color":"#0059a9","colorDark":"#00294f","angle":275.4,"snapDist":0,"label":1}},{"type":"Feature","geometry":{"type":"Point","coordinates":[14.195499,40.906674]},"properties":{"name":"Corso Talia 31","lines":"162, 460","arr":["162","460"],"terminus":0,"mode":"bus","color":"#0059a9","colorDark":"#00294f","angle":273,"snapDist":5,"label":1}},{"type":"Feature","geometry":{"type":"Point","coordinates":[14.195375,40.905058]},"properties":{"name":"Corso Italia 28","lines":"162, 460","arr":["162","460"],"terminus":0,"mode":"bus","color":"#0059a9","colorDark":"#00294f","angle":274.7,"snapDist":2,"label":1}},{"type":"Feature","geometry":{"type":"Point","coordinates":[14.195083,40.902534]},"properties":{"name":"Corso Italia 146","lines":"162, 460","arr":["162","460"],"terminus":0,"mode":"bus","color":"#0059a9","colorDark":"#00294f","angle":274,"snapDist":1,"label":1}},{"type":"Feature","geometry":{"type":"Point","coordinates":[14.194833,40.899961]},"properties":{"name":"Corso Italia 49","lines":"162","arr":["162"],"terminus":0,"mode":"bus","color":"#0059a9","colorDark":"#00294f","angle":274.5,"snapDist":1,"label":1}},{"type":"Feature","geometry":{"type":"Point","coordinates":[14.195495,40.898167]},"properties":{"name":"Corso Europa 42","lines":"162, 165, 165Q, 460","arr":["162","165","165Q","460"],"terminus":0,"mode":"bus","color":"#0059a9","colorDark":"#00294f","angle":179.1,"snapDist":14,"label":1}},{"type":"Feature","geometry":{"type":"Point","coordinates":[14.201953,40.898116]},"properties":{"name":"Corso Europa","lines":"162, 165, 165Q, 460","arr":["162","165","165Q","460"],"terminus":0,"mode":"bus","color":"#0059a9","colorDark":"#00294f","angle":180.4,"snapDist":7,"label":1}},{"type":"Feature","geometry":{"type":"Point","coordinates":[14.20355,40.898108]},"properties":{"name":"Corso Europa 236","lines":"162, 165, 165Q, 460","arr":["162","165","165Q","460"],"terminus":0,"mode":"bus","color":"#0059a9","colorDark":"#00294f","angle":180.1,"snapDist":6,"label":1}},{"type":"Feature","geometry":{"type":"Point","coordinates":[14.207265,40.898085]},"properties":{"name":"S.Maria a Cubito","lines":"162, 165, 165Q, 460","arr":["162","165","165Q","460"],"terminus":0,"mode":"bus","color":"#0059a9","colorDark":"#00294f","angle":181.4,"snapDist":9,"label":1}},{"type":"Feature","geometry":{"type":"Point","coordinates":[14.210067,40.897985]},"properties":{"name":"S. Maria a Cubito 649","lines":"162, 165, 165Q, 460","arr":["162","165","165Q","460"],"terminus":0,"mode":"bus","color":"#0059a9","colorDark":"#00294f","angle":191.7,"snapDist":9,"label":1}},{"type":"Feature","geometry":{"type":"Point","coordinates":[14.213816,40.896088]},"properties":{"name":"S. Maria a Cubito 603","lines":"162, 165, 165Q, 460","arr":["162","165","165Q","460"],"terminus":0,"mode":"bus","color":"#0059a9","colorDark":"#00294f","angle":219.7,"snapDist":6,"label":1}},{"type":"Feature","geometry":{"type":"Point","coordinates":[14.219068,40.892915]},"properties":{"name":"S.Maria a Cubito","lines":"162, 165, 165Q, 167, 460, 572","arr":["162","165","165Q","167","460","572"],"terminus":0,"mode":"bus","color":"#0059a9","colorDark":"#00294f","angle":219.1,"snapDist":6,"label":0}},{"type":"Feature","geometry":{"type":"Point","coordinates":[14.220962,40.891746]},"properties":{"name":"S.Maria a Cubito","lines":"162, 165, 165Q, 167, 460","arr":["162","165","165Q","167","460"],"terminus":0,"mode":"bus","color":"#0059a9","colorDark":"#00294f","angle":219.2,"snapDist":5,"label":0}},{"type":"Feature","geometry":{"type":"Point","coordinates":[14.223194,40.89038]},"properties":{"name":"Scaglione M1","lines":"162, 167, 460, NL1","arr":["162","167","460","NL1"],"terminus":0,"mode":"bus","color":"#0059a9","colorDark":"#00294f","angle":218.8,"snapDist":2,"label":1}},{"type":"Feature","geometry":{"type":"Point","coordinates":[14.226124,40.888513]},"properties":{"name":"Scaglione 361","lines":"162, 167, 460","arr":["162","167","460"],"terminus":0,"mode":"bus","color":"#0059a9","colorDark":"#00294f","angle":223.4,"snapDist":5,"label":1}},{"type":"Feature","geometry":{"type":"Point","coordinates":[14.228553,40.885893]},"properties":{"name":"Scaglione 253","lines":"162, 167, 460","arr":["162","167","460"],"terminus":0,"mode":"bus","color":"#0059a9","colorDark":"#00294f","angle":236.8,"snapDist":5,"label":1}},{"type":"Feature","geometry":{"type":"Point","coordinates":[14.229299,40.88502]},"properties":{"name":"Scaglione 187","lines":"162, 167, 460","arr":["162","167","460"],"terminus":0,"mode":"bus","color":"#0059a9","colorDark":"#00294f","angle":237.5,"snapDist":6,"label":1}},{"type":"Feature","geometry":{"type":"Point","coordinates":[14.231198,40.88277]},"properties":{"name":"Scaglione 115","lines":"162, 167, 460","arr":["162","167","460"],"terminus":0,"mode":"bus","color":"#0059a9","colorDark":"#00294f","angle":236.4,"snapDist":4,"label":1}},{"type":"Feature","geometry":{"type":"Point","coordinates":[14.232636,40.880357]},"properties":{"name":"Rocco di Torrepadula Villa","lines":"162, 167, 663, C78","arr":["162","167","663","C78"],"terminus":0,"mode":"bus","color":"#0059a9","colorDark":"#00294f","angle":294.4,"snapDist":1,"label":1}},{"type":"Feature","geometry":{"type":"Point","coordinates":[14.124372,40.902577]},"properties":{"name":"Castel Belvedere 303","lines":"165, 165Q","arr":["165","165Q"],"terminus":1,"mode":"bus","color":"#0059a9","colorDark":"#00294f","angle":210.9,"snapDist":6,"label":1}},{"type":"Feature","geometry":{"type":"Point","coordinates":[14.127644,40.901889]},"properties":{"name":"Castel Belvedere","lines":"165, 165Q","arr":["165","165Q"],"terminus":0,"mode":"bus","color":"#0059a9","colorDark":"#00294f","angle":189.3,"snapDist":7,"label":1}},{"type":"Feature","geometry":{"type":"Point","coordinates":[14.130144,40.901681]},"properties":{"name":"Castel Belvedere","lines":"165, 165Q","arr":["165","165Q"],"terminus":0,"mode":"bus","color":"#0059a9","colorDark":"#00294f","angle":163.8,"snapDist":9,"label":0}},{"type":"Feature","geometry":{"type":"Point","coordinates":[14.135566,40.902055]},"properties":{"name":"Castel Belvedere","lines":"165, 165Q","arr":["165","165Q"],"terminus":0,"mode":"bus","color":"#0059a9","colorDark":"#00294f","angle":185.2,"snapDist":7,"label":1}},{"type":"Feature","geometry":{"type":"Point","coordinates":[14.138278,40.90207]},"properties":{"name":"Castel Belvedere","lines":"165, 165Q","arr":["165","165Q"],"terminus":0,"mode":"bus","color":"#0059a9","colorDark":"#00294f","angle":181.1,"snapDist":6,"label":1}},{"type":"Feature","geometry":{"type":"Point","coordinates":[14.142837,40.901351]},"properties":{"name":"Castel Belvedere","lines":"165, 165Q","arr":["165","165Q"],"terminus":0,"mode":"bus","color":"#0059a9","colorDark":"#00294f","angle":191.7,"snapDist":9,"label":1}},{"type":"Feature","geometry":{"type":"Point","coordinates":[14.14604,40.901352]},"properties":{"name":"Castel Belvedere","lines":"165, 165Q","arr":["165","165Q"],"terminus":0,"mode":"bus","color":"#0059a9","colorDark":"#00294f","angle":180.5,"snapDist":9,"label":1}},{"type":"Feature","geometry":{"type":"Point","coordinates":[14.148583,40.901378]},"properties":{"name":"Castel Belvedere 1","lines":"165, 165Q","arr":["165","165Q"],"terminus":0,"mode":"bus","color":"#0059a9","colorDark":"#00294f","angle":178.7,"snapDist":9,"label":1}},{"type":"Feature","geometry":{"type":"Point","coordinates":[14.150806,40.900203]},"properties":{"name":"San Rocco","lines":"165, 165Q","arr":["165","165Q"],"terminus":0,"mode":"bus","color":"#0059a9","colorDark":"#00294f","angle":209.5,"snapDist":8,"label":1}},{"type":"Feature","geometry":{"type":"Point","coordinates":[14.152927,40.899285]},"properties":{"name":"San Rocco","lines":"165, 165Q","arr":["165","165Q"],"terminus":0,"mode":"bus","color":"#0059a9","colorDark":"#00294f","angle":210.3,"snapDist":7,"label":0}},{"type":"Feature","geometry":{"type":"Point","coordinates":[14.156281,40.898084]},"properties":{"name":"San Rocco 353","lines":"165, 165Q","arr":["165","165Q"],"terminus":0,"mode":"bus","color":"#0059a9","colorDark":"#00294f","angle":193.1,"snapDist":9,"label":1}},{"type":"Feature","geometry":{"type":"Point","coordinates":[14.160876,40.89652]},"properties":{"name":"San Rocco 331","lines":"165, 165Q","arr":["165","165Q"],"terminus":0,"mode":"bus","color":"#0059a9","colorDark":"#00294f","angle":217.2,"snapDist":7,"label":1}},{"type":"Feature","geometry":{"type":"Point","coordinates":[14.163724,40.896258]},"properties":{"name":"San Rocco-San Marco","lines":"165, 165Q","arr":["165","165Q"],"terminus":0,"mode":"bus","color":"#0059a9","colorDark":"#00294f","angle":179.3,"snapDist":7,"label":1}},{"type":"Feature","geometry":{"type":"Point","coordinates":[14.166567,40.896716]},"properties":{"name":"San Rocco","lines":"165, 165Q","arr":["165","165Q"],"terminus":0,"mode":"bus","color":"#0059a9","colorDark":"#00294f","angle":166,"snapDist":11,"label":1}},{"type":"Feature","geometry":{"type":"Point","coordinates":[14.16855,40.897262]},"properties":{"name":"San Rocco-Villa Giulia","lines":"165, 165Q","arr":["165","165Q"],"terminus":0,"mode":"bus","color":"#0059a9","colorDark":"#00294f","angle":152.4,"snapDist":11,"label":1}},{"type":"Feature","geometry":{"type":"Point","coordinates":[14.171966,40.898842]},"properties":{"name":"San Rocco 133","lines":"165, 165Q","arr":["165","165Q"],"terminus":0,"mode":"bus","color":"#0059a9","colorDark":"#00294f","angle":152.2,"snapDist":9,"label":1}},{"type":"Feature","geometry":{"type":"Point","coordinates":[14.176239,40.899794]},"properties":{"name":"San Rocco FR. Civ. 206","lines":"165, 165Q","arr":["165","165Q"],"terminus":0,"mode":"bus","color":"#0059a9","colorDark":"#00294f","angle":201.8,"snapDist":8,"label":1}},{"type":"Feature","geometry":{"type":"Point","coordinates":[14.178946,40.899764]},"properties":{"name":"San Rocco FR. 122","lines":"165, 165Q","arr":["165","165Q"],"terminus":0,"mode":"bus","color":"#0059a9","colorDark":"#00294f","angle":171,"snapDist":8,"label":1}},{"type":"Feature","geometry":{"type":"Point","coordinates":[14.185007,40.899884]},"properties":{"name":"San Rocco","lines":"165, 165Q","arr":["165","165Q"],"terminus":0,"mode":"bus","color":"#0059a9","colorDark":"#00294f","angle":172.6,"snapDist":13,"label":1}},{"type":"Feature","geometry":{"type":"Point","coordinates":[14.187117,40.899567]},"properties":{"name":"Corso Umberto 159","lines":"165, 165Q, 460","arr":["165","165Q","460"],"terminus":0,"mode":"bus","color":"#0059a9","colorDark":"#00294f","angle":229.9,"snapDist":7,"label":1}},{"type":"Feature","geometry":{"type":"Point","coordinates":[14.188456,40.89855]},"properties":{"name":"Corso Umberto","lines":"165, 165Q, 460","arr":["165","165Q","460"],"terminus":0,"mode":"bus","color":"#0059a9","colorDark":"#00294f","angle":202.7,"snapDist":8,"label":1}},{"type":"Feature","geometry":{"type":"Point","coordinates":[14.191114,40.898108]},"properties":{"name":"Merolla","lines":"165, 165Q, 460","arr":["165","165Q","460"],"terminus":0,"mode":"bus","color":"#0059a9","colorDark":"#00294f","angle":178.9,"snapDist":14,"label":1}},{"type":"Feature","geometry":{"type":"Point","coordinates":[14.220975,40.889058]},"properties":{"name":"Dei Ciliegi-sottopasso","lines":"165, 165Q","arr":["165","165Q"],"terminus":0,"mode":"bus","color":"#0059a9","colorDark":"#00294f","angle":305.5,"snapDist":11,"label":1}},{"type":"Feature","geometry":{"type":"Point","coordinates":[14.218478,40.88612]},"properties":{"name":"Dei Ciliegi","lines":"165, 165Q","arr":["165","165Q"],"terminus":0,"mode":"bus","color":"#0059a9","colorDark":"#00294f","angle":303.2,"snapDist":11,"label":1}},{"type":"Feature","geometry":{"type":"Point","coordinates":[14.217627,40.883519]},"properties":{"name":"Toscanella 109","lines":"165, 165Q, 572","arr":["165","165Q","572"],"terminus":0,"mode":"bus","color":"#0059a9","colorDark":"#00294f","angle":282.5,"snapDist":1,"label":1}},{"type":"Feature","geometry":{"type":"Point","coordinates":[14.217746,40.88134]},"properties":{"name":"Toscanella 83/e","lines":"165, 165Q, 572","arr":["165","165Q","572"],"terminus":0,"mode":"bus","color":"#0059a9","colorDark":"#00294f","angle":242.8,"snapDist":1,"label":1}},{"type":"Feature","geometry":{"type":"Point","coordinates":[14.218604,40.880075]},"properties":{"name":"Toscanella 57","lines":"165, 165Q, 572","arr":["165","165Q","572"],"terminus":0,"mode":"bus","color":"#0059a9","colorDark":"#00294f","angle":242.9,"snapDist":3,"label":1}},{"type":"Feature","geometry":{"type":"Point","coordinates":[14.221594,40.875438]},"properties":{"name":"Toscanella 5","lines":"165, 165Q, 572","arr":["165","165Q","572"],"terminus":0,"mode":"bus","color":"#0059a9","colorDark":"#00294f","angle":243.9,"snapDist":3,"label":1}},{"type":"Feature","geometry":{"type":"Point","coordinates":[14.22172,40.87434]},"properties":{"name":"De Amicis 250 FR.","lines":"165, 165Q, C76","arr":["165","165Q","C76"],"terminus":0,"mode":"bus","color":"#0059a9","colorDark":"#00294f","angle":277.3,"snapDist":2,"label":1}},{"type":"Feature","geometry":{"type":"Point","coordinates":[14.222091,40.870087]},"properties":{"name":"De Amicis 64 FR.","lines":"165, 165Q, C76","arr":["165","165Q","C76"],"terminus":0,"mode":"bus","color":"#0059a9","colorDark":"#00294f","angle":262.5,"snapDist":1,"label":1}},{"type":"Feature","geometry":{"type":"Point","coordinates":[14.221159,40.863721]},"properties":{"name":"Pansini Semmola","lines":"165, 165Q, 204, C76, N3, N7","arr":["165","165Q","204","C76","N3","N7"],"terminus":0,"mode":"bus","color":"#0059a9","colorDark":"#00294f","angle":285.4,"snapDist":2,"label":1}},{"type":"Feature","geometry":{"type":"Point","coordinates":[14.222364,40.869278]},"properties":{"name":"De Amicis 30","lines":"165, 165Q","arr":["165","165Q"],"terminus":0,"mode":"bus","color":"#0059a9","colorDark":"#00294f","angle":62.1,"snapDist":11,"label":1}},{"type":"Feature","geometry":{"type":"Point","coordinates":[14.221832,40.870968]},"properties":{"name":"De Amicis Policlinico","lines":"165, 165Q","arr":["165","165Q"],"terminus":0,"mode":"bus","color":"#0059a9","colorDark":"#00294f","angle":69.3,"snapDist":10,"label":1}},{"type":"Feature","geometry":{"type":"Point","coordinates":[14.221644,40.873918]},"properties":{"name":"De Amicis 250","lines":"165, 165Q","arr":["165","165Q"],"terminus":0,"mode":"bus","color":"#0059a9","colorDark":"#00294f","angle":98,"snapDist":10,"label":1}},{"type":"Feature","geometry":{"type":"Point","coordinates":[14.221332,40.875843]},"properties":{"name":"Toscanella 17-21 FR.","lines":"165, 165Q, 572","arr":["165","165Q","572"],"terminus":0,"mode":"bus","color":"#0059a9","colorDark":"#00294f","angle":63.9,"snapDist":12,"label":1}},{"type":"Feature","geometry":{"type":"Point","coordinates":[14.219841,40.878147]},"properties":{"name":"Toscanella 47 FR.","lines":"165, 165Q, 572","arr":["165","165Q","572"],"terminus":0,"mode":"bus","color":"#0059a9","colorDark":"#00294f","angle":68,"snapDist":9,"label":1}},{"type":"Feature","geometry":{"type":"Point","coordinates":[14.218436,40.880323]},"properties":{"name":"Toscanella","lines":"165, 165Q, 572","arr":["165","165Q","572"],"terminus":0,"mode":"bus","color":"#0059a9","colorDark":"#00294f","angle":62.9,"snapDist":7,"label":1}},{"type":"Feature","geometry":{"type":"Point","coordinates":[14.217584,40.88337]},"properties":{"name":"Toscanella 107 FR.","lines":"165, 165Q, 572","arr":["165","165Q","572"],"terminus":0,"mode":"bus","color":"#0059a9","colorDark":"#00294f","angle":102.5,"snapDist":10,"label":1}},{"type":"Feature","geometry":{"type":"Point","coordinates":[14.218465,40.886105]},"properties":{"name":"Dei Ciliegi","lines":"165, 165Q, 572","arr":["165","165Q","572"],"terminus":0,"mode":"bus","color":"#0059a9","colorDark":"#00294f","angle":123.2,"snapDist":10,"label":0}},{"type":"Feature","geometry":{"type":"Point","coordinates":[14.192613,40.901127]},"properties":{"name":"Lazio","lines":"165, 165Q, 460","arr":["165","165Q","460"],"terminus":0,"mode":"bus","color":"#0059a9","colorDark":"#00294f","angle":12.5,"snapDist":3,"label":1}},{"type":"Feature","geometry":{"type":"Point","coordinates":[14.186787,40.902165]},"properties":{"name":"Tagliamento","lines":"165, 165Q, 460","arr":["165","165Q","460"],"terminus":0,"mode":"bus","color":"#0059a9","colorDark":"#00294f","angle":9.8,"snapDist":5,"label":1}},{"type":"Feature","geometry":{"type":"Point","coordinates":[14.18575,40.901368]},"properties":{"name":"Piave Chiesa","lines":"165, 165Q, 460","arr":["165","165Q","460"],"terminus":0,"mode":"bus","color":"#0059a9","colorDark":"#00294f","angle":286.7,"snapDist":6,"label":1}},{"type":"Feature","geometry":{"type":"Point","coordinates":[14.185909,40.900406]},"properties":{"name":"Corso Mediterraneo FR.24","lines":"165, 165Q, 460","arr":["165","165Q","460"],"terminus":0,"mode":"bus","color":"#0059a9","colorDark":"#00294f","angle":220.7,"snapDist":8,"label":1}},{"type":"Feature","geometry":{"type":"Point","coordinates":[14.18241,40.899828]},"properties":{"name":"San Rocco 80","lines":"165, 165Q","arr":["165","165Q"],"terminus":0,"mode":"bus","color":"#0059a9","colorDark":"#00294f","angle":2.8,"snapDist":5,"label":1}},{"type":"Feature","geometry":{"type":"Point","coordinates":[14.179119,40.899785]},"properties":{"name":"San Rocco 114","lines":"165, 165Q","arr":["165","165Q"],"terminus":0,"mode":"bus","color":"#0059a9","colorDark":"#00294f","angle":351,"snapDist":6,"label":1}},{"type":"Feature","geometry":{"type":"Point","coordinates":[14.175734,40.89993]},"properties":{"name":"San Rocco-Poste","lines":"165, 165Q","arr":["165","165Q"],"terminus":0,"mode":"bus","color":"#0059a9","colorDark":"#00294f","angle":14.8,"snapDist":6,"label":1}},{"type":"Feature","geometry":{"type":"Point","coordinates":[14.173195,40.899333]},"properties":{"name":"San Rocco 182","lines":"165, 165Q","arr":["165","165Q"],"terminus":0,"mode":"bus","color":"#0059a9","colorDark":"#00294f","angle":332.1,"snapDist":6,"label":1}},{"type":"Feature","geometry":{"type":"Point","coordinates":[14.169359,40.897592]},"properties":{"name":"San Rocco","lines":"165, 165Q","arr":["165","165Q"],"terminus":0,"mode":"bus","color":"#0059a9","colorDark":"#00294f","angle":328.9,"snapDist":7,"label":1}},{"type":"Feature","geometry":{"type":"Point","coordinates":[14.167533,40.896923]},"properties":{"name":"San Rocco 276","lines":"165, 165Q","arr":["165","165Q"],"terminus":0,"mode":"bus","color":"#0059a9","colorDark":"#00294f","angle":343.4,"snapDist":3,"label":1}},{"type":"Feature","geometry":{"type":"Point","coordinates":[14.164762,40.896376]},"properties":{"name":"San Rocco-San Marco","lines":"165, 165Q","arr":["165","165Q"],"terminus":0,"mode":"bus","color":"#0059a9","colorDark":"#00294f","angle":346,"snapDist":4,"label":0}},{"type":"Feature","geometry":{"type":"Point","coordinates":[14.160311,40.896843]},"properties":{"name":"San Rocco","lines":"165, 165Q","arr":["165","165Q"],"terminus":0,"mode":"bus","color":"#0059a9","colorDark":"#00294f","angle":36.3,"snapDist":10,"label":1}},{"type":"Feature","geometry":{"type":"Point","coordinates":[14.157853,40.897867]},"properties":{"name":"San Rocco 368","lines":"165, 165Q","arr":["165","165Q"],"terminus":0,"mode":"bus","color":"#0059a9","colorDark":"#00294f","angle":9.9,"snapDist":11,"label":1}},{"type":"Feature","geometry":{"type":"Point","coordinates":[14.153379,40.899075]},"properties":{"name":"San Rocco 400","lines":"165, 165Q","arr":["165","165Q"],"terminus":0,"mode":"bus","color":"#0059a9","colorDark":"#00294f","angle":32.1,"snapDist":12,"label":1}},{"type":"Feature","geometry":{"type":"Point","coordinates":[14.151084,40.900084]},"properties":{"name":"San Rocco-Distributore","lines":"165, 165Q","arr":["165","165Q"],"terminus":0,"mode":"bus","color":"#0059a9","colorDark":"#00294f","angle":29.5,"snapDist":8,"label":1}},{"type":"Feature","geometry":{"type":"Point","coordinates":[14.147627,40.9014]},"properties":{"name":"Castel Belvedere 6","lines":"165, 165Q","arr":["165","165Q"],"terminus":0,"mode":"bus","color":"#0059a9","colorDark":"#00294f","angle":357.7,"snapDist":5,"label":1}},{"type":"Feature","geometry":{"type":"Point","coordinates":[14.143227,40.901306]},"properties":{"name":"Castel Belvedere 16","lines":"165, 165Q","arr":["165","165Q"],"terminus":0,"mode":"bus","color":"#0059a9","colorDark":"#00294f","angle":0.3,"snapDist":8,"label":1}},{"type":"Feature","geometry":{"type":"Point","coordinates":[14.139335,40.901932]},"properties":{"name":"Castel Belvedere","lines":"165, 165Q","arr":["165","165Q"],"terminus":0,"mode":"bus","color":"#0059a9","colorDark":"#00294f","angle":12.4,"snapDist":4,"label":0}},{"type":"Feature","geometry":{"type":"Point","coordinates":[14.135169,40.90208]},"properties":{"name":"Castel Belvedere 122","lines":"165, 165Q","arr":["165","165Q"],"terminus":0,"mode":"bus","color":"#0059a9","colorDark":"#00294f","angle":3.2,"snapDist":6,"label":1}},{"type":"Feature","geometry":{"type":"Point","coordinates":[14.130702,40.90181]},"properties":{"name":"Castel Belvedere","lines":"165, 165Q","arr":["165","165Q"],"terminus":0,"mode":"bus","color":"#0059a9","colorDark":"#00294f","angle":342.2,"snapDist":8,"label":1}},{"type":"Feature","geometry":{"type":"Point","coordinates":[14.125993,40.902073]},"properties":{"name":"Castel Belvedere","lines":"165, 165Q","arr":["165","165Q"],"terminus":0,"mode":"bus","color":"#0059a9","colorDark":"#00294f","angle":10,"snapDist":6,"label":0}},{"type":"Feature","geometry":{"type":"Point","coordinates":[14.122789,40.903349]},"properties":{"name":"Castel Belvedere","lines":"165, 165Q","arr":["165","165Q"],"terminus":0,"mode":"bus","color":"#0059a9","colorDark":"#00294f","angle":34.3,"snapDist":12,"label":1}},{"type":"Feature","geometry":{"type":"Point","coordinates":[14.130708,40.907911]},"properties":{"name":"Consolare Campana - Civ. 206","lines":"165Q","arr":["165Q"],"terminus":0,"mode":"bus","color":"#0059a9","colorDark":"#00294f","angle":154.7,"snapDist":9,"label":1}},{"type":"Feature","geometry":{"type":"Point","coordinates":[14.137121,40.910179]},"properties":{"name":"Consolare Campana - Civ. 84","lines":"165Q","arr":["165Q"],"terminus":0,"mode":"bus","color":"#0059a9","colorDark":"#00294f","angle":154.8,"snapDist":15,"label":1}},{"type":"Feature","geometry":{"type":"Point","coordinates":[14.143949,40.912577]},"properties":{"name":"Consolare Campana - FR. 9","lines":"165Q","arr":["165Q"],"terminus":0,"mode":"bus","color":"#0059a9","colorDark":"#00294f","angle":154.7,"snapDist":11,"label":1}},{"type":"Feature","geometry":{"type":"Point","coordinates":[14.139179,40.916111]},"properties":{"name":"Di Vittorio - Piazza Apicella","lines":"165Q","arr":["165Q"],"terminus":1,"mode":"bus","color":"#0059a9","colorDark":"#00294f","angle":119.3,"snapDist":40,"label":1}},{"type":"Feature","geometry":{"type":"Point","coordinates":[14.136338,40.909897]},"properties":{"name":"Consolare Campana - FR. Civ. 118","lines":"165Q","arr":["165Q"],"terminus":0,"mode":"bus","color":"#0059a9","colorDark":"#00294f","angle":334.1,"snapDist":13,"label":1}},{"type":"Feature","geometry":{"type":"Point","coordinates":[14.130826,40.907954]},"properties":{"name":"Consolare Campana - FR. Civ. 204","lines":"165Q","arr":["165Q"],"terminus":0,"mode":"bus","color":"#0059a9","colorDark":"#00294f","angle":334.7,"snapDist":7,"label":1}},{"type":"Feature","geometry":{"type":"Point","coordinates":[14.220914,40.893615]},"properties":{"name":"Corso Campano 46 a","lines":"167, 572","arr":["167","572"],"terminus":0,"mode":"bus","color":"#0059a9","colorDark":"#00294f","angle":174.5,"snapDist":9,"label":1}},{"type":"Feature","geometry":{"type":"Point","coordinates":[14.22278,40.893742]},"properties":{"name":"Corso Campano 64","lines":"167, 572","arr":["167","572"],"terminus":0,"mode":"bus","color":"#0059a9","colorDark":"#00294f","angle":175.1,"snapDist":9,"label":1}},{"type":"Feature","geometry":{"type":"Point","coordinates":[14.226398,40.893984]},"properties":{"name":"Corso Campano","lines":"167, 572","arr":["167","572"],"terminus":0,"mode":"bus","color":"#0059a9","colorDark":"#00294f","angle":174.9,"snapDist":5,"label":1}},{"type":"Feature","geometry":{"type":"Point","coordinates":[14.228692,40.891737]},"properties":{"name":"Mugnano Marianella","lines":"167","arr":["167"],"terminus":0,"mode":"bus","color":"#0059a9","colorDark":"#00294f","angle":229.7,"snapDist":0,"label":1}},{"type":"Feature","geometry":{"type":"Point","coordinates":[14.231224,40.89115]},"properties":{"name":"Dell'Abbondanza","lines":"167","arr":["167"],"terminus":0,"mode":"bus","color":"#0059a9","colorDark":"#00294f","angle":101.7,"snapDist":11,"label":1}},{"type":"Feature","geometry":{"type":"Point","coordinates":[14.231798,40.892807]},"properties":{"name":"Dell'Abbondanza 54","lines":"167","arr":["167"],"terminus":0,"mode":"bus","color":"#0059a9","colorDark":"#00294f","angle":105.4,"snapDist":8,"label":1}},{"type":"Feature","geometry":{"type":"Point","coordinates":[14.233109,40.892952]},"properties":{"name":"Piovani","lines":"167","arr":["167"],"terminus":0,"mode":"bus","color":"#0059a9","colorDark":"#00294f","angle":203.4,"snapDist":12,"label":1}},{"type":"Feature","geometry":{"type":"Point","coordinates":[14.23518,40.893538]},"properties":{"name":"Dietro la Vigna","lines":"167","arr":["167"],"terminus":0,"mode":"bus","color":"#0059a9","colorDark":"#00294f","angle":110.2,"snapDist":7,"label":1}},{"type":"Feature","geometry":{"type":"Point","coordinates":[14.236186,40.895677]},"properties":{"name":"Zuccarini - Parcheggio","lines":"167, 180, C67, R5","arr":["167","180","C67","R5"],"terminus":0,"mode":"bus","color":"#0059a9","colorDark":"#00294f","angle":214.2,"snapDist":6,"label":1}},{"type":"Feature","geometry":{"type":"Point","coordinates":[14.238537,40.894479]},"properties":{"name":"Zuccarini - Stazione M1","lines":"167, 180, C67, NL1, R5","arr":["167","180","C67","NL1","R5"],"terminus":0,"mode":"bus","color":"#0059a9","colorDark":"#00294f","angle":214.1,"snapDist":8,"label":1}},{"type":"Feature","geometry":{"type":"Point","coordinates":[14.239948,40.893765]},"properties":{"name":"Zuccarini - Fronte Stazione M1","lines":"167, 180, C67, NL1, R5","arr":["167","180","C67","NL1","R5"],"terminus":0,"mode":"bus","color":"#0059a9","colorDark":"#00294f","angle":32.1,"snapDist":17,"label":1}},{"type":"Feature","geometry":{"type":"Point","coordinates":[14.242886,40.895605]},"properties":{"name":"Labriola - Università","lines":"167, 180, C67, R5","arr":["167","180","C67","R5"],"terminus":0,"mode":"bus","color":"#0059a9","colorDark":"#00294f","angle":213.3,"snapDist":5,"label":1}},{"type":"Feature","geometry":{"type":"Point","coordinates":[14.245447,40.894325]},"properties":{"name":"Labriola - Parco Fiorito","lines":"167, 180, C67, R5","arr":["167","180","C67","R5"],"terminus":0,"mode":"bus","color":"#0059a9","colorDark":"#00294f","angle":212.6,"snapDist":7,"label":1}},{"type":"Feature","geometry":{"type":"Point","coordinates":[14.243867,40.895204]},"properties":{"name":"Labriola - Università","lines":"167, 180, C67, R5","arr":["167","180","C67","R5"],"terminus":0,"mode":"bus","color":"#0059a9","colorDark":"#00294f","angle":33.1,"snapDist":8,"label":0}},{"type":"Feature","geometry":{"type":"Point","coordinates":[14.242614,40.895824]},"properties":{"name":"Labriola - Gobetti","lines":"167, 180, C67, R5","arr":["167","180","C67","R5"],"terminus":0,"mode":"bus","color":"#0059a9","colorDark":"#00294f","angle":33.4,"snapDist":9,"label":1}},{"type":"Feature","geometry":{"type":"Point","coordinates":[14.240116,40.897016]},"properties":{"name":"Labriola","lines":"167, 180, R5","arr":["167","180","R5"],"terminus":0,"mode":"bus","color":"#0059a9","colorDark":"#00294f","angle":30,"snapDist":8,"label":1}},{"type":"Feature","geometry":{"type":"Point","coordinates":[14.237443,40.898185]},"properties":{"name":"Labriola - Galimberi","lines":"167, 180, R5","arr":["167","180","R5"],"terminus":0,"mode":"bus","color":"#0059a9","colorDark":"#00294f","angle":32.3,"snapDist":6,"label":1}},{"type":"Feature","geometry":{"type":"Point","coordinates":[14.233978,40.899733]},"properties":{"name":"Labriola - VV.FF.","lines":"167, 180, C67, N5","arr":["167","180","C67","N5"],"terminus":0,"mode":"bus","color":"#0059a9","colorDark":"#00294f","angle":30.7,"snapDist":3,"label":1}},{"type":"Feature","geometry":{"type":"Point","coordinates":[14.232853,40.899496]},"properties":{"name":"Vicinale Tavernola","lines":"167","arr":["167"],"terminus":0,"mode":"bus","color":"#0059a9","colorDark":"#00294f","angle":353.4,"snapDist":0,"label":1}},{"type":"Feature","geometry":{"type":"Point","coordinates":[14.224244,40.903633]},"properties":{"name":"Cupa Perillo","lines":"167","arr":["167"],"terminus":0,"mode":"bus","color":"#0059a9","colorDark":"#00294f","angle":33.1,"snapDist":9,"label":1}},{"type":"Feature","geometry":{"type":"Point","coordinates":[14.221906,40.905038]},"properties":{"name":"Moro","lines":"167","arr":["167"],"terminus":0,"mode":"bus","color":"#0059a9","colorDark":"#00294f","angle":40.2,"snapDist":9,"label":1}},{"type":"Feature","geometry":{"type":"Point","coordinates":[14.218898,40.907552]},"properties":{"name":"Moro","lines":"167","arr":["167"],"terminus":0,"mode":"bus","color":"#0059a9","colorDark":"#00294f","angle":17.8,"snapDist":6,"label":1}},{"type":"Feature","geometry":{"type":"Point","coordinates":[14.214427,40.908487]},"properties":{"name":"Moro","lines":"167, 460","arr":["167","460"],"terminus":0,"mode":"bus","color":"#0059a9","colorDark":"#00294f","angle":26,"snapDist":5,"label":1}},{"type":"Feature","geometry":{"type":"Point","coordinates":[14.211669,40.910091]},"properties":{"name":"Mercato","lines":"167, 460","arr":["167","460"],"terminus":0,"mode":"bus","color":"#0059a9","colorDark":"#00294f","angle":48.2,"snapDist":7,"label":1}},{"type":"Feature","geometry":{"type":"Point","coordinates":[14.212371,40.911931]},"properties":{"name":"Mugnano Melito","lines":"167","arr":["167"],"terminus":0,"mode":"bus","color":"#0059a9","colorDark":"#00294f","angle":146.5,"snapDist":7,"label":1}},{"type":"Feature","geometry":{"type":"Point","coordinates":[14.214319,40.912871]},"properties":{"name":"Mugnano Melito","lines":"167","arr":["167"],"terminus":0,"mode":"bus","color":"#0059a9","colorDark":"#00294f","angle":147.1,"snapDist":9,"label":0}},{"type":"Feature","geometry":{"type":"Point","coordinates":[14.216489,40.91397]},"properties":{"name":"Mugnano Melito","lines":"167","arr":["167"],"terminus":0,"mode":"bus","color":"#0059a9","colorDark":"#00294f","angle":146,"snapDist":9,"label":1}},{"type":"Feature","geometry":{"type":"Point","coordinates":[14.216729,40.914971]},"properties":{"name":"Nenni","lines":"167","arr":["167"],"terminus":0,"mode":"bus","color":"#0059a9","colorDark":"#00294f","angle":26.5,"snapDist":6,"label":1}},{"type":"Feature","geometry":{"type":"Point","coordinates":[14.205633,40.9201]},"properties":{"name":"Mugnano Giugliano","lines":"167","arr":["167"],"terminus":0,"mode":"bus","color":"#0059a9","colorDark":"#00294f","angle":87.7,"snapDist":8,"label":1}},{"type":"Feature","geometry":{"type":"Point","coordinates":[14.199984,40.923652]},"properties":{"name":"Basile","lines":"167","arr":["167"],"terminus":0,"mode":"bus","color":"#0059a9","colorDark":"#00294f","angle":270.9,"snapDist":8,"label":1}},{"type":"Feature","geometry":{"type":"Point","coordinates":[14.202371,40.921983]},"properties":{"name":"Magellano","lines":"167","arr":["167"],"terminus":0,"mode":"bus","color":"#0059a9","colorDark":"#00294f","angle":195.4,"snapDist":10,"label":0}},{"type":"Feature","geometry":{"type":"Point","coordinates":[14.205643,40.919905]},"properties":{"name":"Mugnano Giugliano","lines":"167","arr":["167"],"terminus":0,"mode":"bus","color":"#0059a9","colorDark":"#00294f","angle":267.7,"snapDist":4,"label":0}},{"type":"Feature","geometry":{"type":"Point","coordinates":[14.20686,40.916606]},"properties":{"name":"Nenni","lines":"167","arr":["167"],"terminus":0,"mode":"bus","color":"#0059a9","colorDark":"#00294f","angle":185.2,"snapDist":0,"label":1}},{"type":"Feature","geometry":{"type":"Point","coordinates":[14.216642,40.914871]},"properties":{"name":"Nenni","lines":"167","arr":["167"],"terminus":0,"mode":"bus","color":"#0059a9","colorDark":"#00294f","angle":206.8,"snapDist":2,"label":0}},{"type":"Feature","geometry":{"type":"Point","coordinates":[14.21655,40.914001]},"properties":{"name":"Mugnano Melito","lines":"167","arr":["167"],"terminus":0,"mode":"bus","color":"#0059a9","colorDark":"#00294f","angle":326,"snapDist":5,"label":0}},{"type":"Feature","geometry":{"type":"Point","coordinates":[14.214469,40.912947]},"properties":{"name":"Mugnano Melito","lines":"167","arr":["167"],"terminus":0,"mode":"bus","color":"#0059a9","colorDark":"#00294f","angle":326.5,"snapDist":6,"label":0}},{"type":"Feature","geometry":{"type":"Point","coordinates":[14.212462,40.911976]},"properties":{"name":"Mugnano Melito","lines":"167","arr":["167"],"terminus":0,"mode":"bus","color":"#0059a9","colorDark":"#00294f","angle":326.5,"snapDist":6,"label":0}},{"type":"Feature","geometry":{"type":"Point","coordinates":[14.211798,40.909982]},"properties":{"name":"Mercato","lines":"167","arr":["167"],"terminus":0,"mode":"bus","color":"#0059a9","colorDark":"#00294f","angle":228.2,"snapDist":4,"label":0}},{"type":"Feature","geometry":{"type":"Point","coordinates":[14.213391,40.908953]},"properties":{"name":"Moro","lines":"167","arr":["167"],"terminus":0,"mode":"bus","color":"#0059a9","colorDark":"#00294f","angle":213,"snapDist":4,"label":0}},{"type":"Feature","geometry":{"type":"Point","coordinates":[14.216446,40.90798]},"properties":{"name":"Moro","lines":"167","arr":["167"],"terminus":0,"mode":"bus","color":"#0059a9","colorDark":"#00294f","angle":197.8,"snapDist":5,"label":0}},{"type":"Feature","geometry":{"type":"Point","coordinates":[14.219126,40.907387]},"properties":{"name":"Moro A.","lines":"167","arr":["167"],"terminus":0,"mode":"bus","color":"#0059a9","colorDark":"#00294f","angle":237,"snapDist":3,"label":1}},{"type":"Feature","geometry":{"type":"Point","coordinates":[14.222372,40.904744]},"properties":{"name":"Moro","lines":"167","arr":["167"],"terminus":0,"mode":"bus","color":"#0059a9","colorDark":"#00294f","angle":216.1,"snapDist":0,"label":0}},{"type":"Feature","geometry":{"type":"Point","coordinates":[14.224564,40.903481]},"properties":{"name":"Cupa Perillo","lines":"167","arr":["167"],"terminus":0,"mode":"bus","color":"#0059a9","colorDark":"#00294f","angle":210.5,"snapDist":1,"label":0}},{"type":"Feature","geometry":{"type":"Point","coordinates":[14.232602,40.899325]},"properties":{"name":"Vicinale Tavernola","lines":"167","arr":["167"],"terminus":0,"mode":"bus","color":"#0059a9","colorDark":"#00294f","angle":128.9,"snapDist":15,"label":0}},{"type":"Feature","geometry":{"type":"Point","coordinates":[14.234496,40.899377]},"properties":{"name":"Labriola - VV.FF.","lines":"167, 180, C67","arr":["167","180","C67"],"terminus":0,"mode":"bus","color":"#0059a9","colorDark":"#00294f","angle":210.8,"snapDist":5,"label":0}},{"type":"Feature","geometry":{"type":"Point","coordinates":[14.235181,40.897771]},"properties":{"name":"Galimberti - Zuccarini","lines":"167, 180, C67, R5","arr":["167","180","C67","R5"],"terminus":0,"mode":"bus","color":"#0059a9","colorDark":"#00294f","angle":290.3,"snapDist":2,"label":1}},{"type":"Feature","geometry":{"type":"Point","coordinates":[14.239696,40.894702]},"properties":{"name":"Gobetti","lines":"167, C67","arr":["167","C67"],"terminus":0,"mode":"bus","color":"#0059a9","colorDark":"#00294f","angle":-56.8,"snapDist":12,"label":1}},{"type":"Feature","geometry":{"type":"Point","coordinates":[14.236259,40.895639]},"properties":{"name":"Zuccarini - Parcheggio","lines":"167, C67","arr":["167","C67"],"terminus":0,"mode":"bus","color":"#0059a9","colorDark":"#00294f","angle":34.2,"snapDist":7,"label":0}},{"type":"Feature","geometry":{"type":"Point","coordinates":[14.235067,40.893306]},"properties":{"name":"Dietro la Vigna 3","lines":"167, 178","arr":["167","178"],"terminus":0,"mode":"bus","color":"#0059a9","colorDark":"#00294f","angle":290.2,"snapDist":9,"label":1}},{"type":"Feature","geometry":{"type":"Point","coordinates":[14.233926,40.890973]},"properties":{"name":"Dietro la Vigna","lines":"167, 178","arr":["167","178"],"terminus":0,"mode":"bus","color":"#0059a9","colorDark":"#00294f","angle":288.4,"snapDist":15,"label":1}},{"type":"Feature","geometry":{"type":"Point","coordinates":[14.232654,40.889513]},"properties":{"name":"Marianella","lines":"167","arr":["167"],"terminus":0,"mode":"bus","color":"#0059a9","colorDark":"#00294f","angle":23,"snapDist":2,"label":1}},{"type":"Feature","geometry":{"type":"Point","coordinates":[14.231917,40.890171]},"properties":{"name":"Battaglia","lines":"167","arr":["167"],"terminus":0,"mode":"bus","color":"#0059a9","colorDark":"#00294f","angle":44.7,"snapDist":6,"label":1}},{"type":"Feature","geometry":{"type":"Point","coordinates":[14.228277,40.892111]},"properties":{"name":"Mugnano Marianella","lines":"167","arr":["167"],"terminus":0,"mode":"bus","color":"#0059a9","colorDark":"#00294f","angle":50.6,"snapDist":6,"label":0}},{"type":"Feature","geometry":{"type":"Point","coordinates":[14.221911,40.893685]},"properties":{"name":"Corso Campano 51","lines":"167, 572","arr":["167","572"],"terminus":0,"mode":"bus","color":"#0059a9","colorDark":"#00294f","angle":354.9,"snapDist":1,"label":1}},{"type":"Feature","geometry":{"type":"Point","coordinates":[14.233555,40.880062]},"properties":{"name":"Scaglione 55","lines":"168, 460, 663","arr":["168","460","663"],"terminus":0,"mode":"bus","color":"#0059a9","colorDark":"#00294f","angle":236.7,"snapDist":4,"label":1}},{"type":"Feature","geometry":{"type":"Point","coordinates":[14.234707,40.879206]},"properties":{"name":"Scaglione 29","lines":"168, 460, 663","arr":["168","460","663"],"terminus":0,"mode":"bus","color":"#0059a9","colorDark":"#00294f","angle":203.2,"snapDist":4,"label":1}},{"type":"Feature","geometry":{"type":"Point","coordinates":[14.236198,40.878724]},"properties":{"name":"Scaglione 23","lines":"168, 460, 663","arr":["168","460","663"],"terminus":0,"mode":"bus","color":"#0059a9","colorDark":"#00294f","angle":203.2,"snapDist":5,"label":1}},{"type":"Feature","geometry":{"type":"Point","coordinates":[14.23908,40.877797]},"properties":{"name":"Scaglione","lines":"168, 460, 663","arr":["168","460","663"],"terminus":0,"mode":"bus","color":"#0059a9","colorDark":"#00294f","angle":204,"snapDist":7,"label":1}},{"type":"Feature","geometry":{"type":"Point","coordinates":[14.24262,40.876623]},"properties":{"name":"Nuova S. Rocco","lines":"168, 460, 663","arr":["168","460","663"],"terminus":0,"mode":"bus","color":"#0059a9","colorDark":"#00294f","angle":203.5,"snapDist":4,"label":1}},{"type":"Feature","geometry":{"type":"Point","coordinates":[14.244145,40.876144]},"properties":{"name":"Nuova S. Rocco 111","lines":"168, 460, 663","arr":["168","460","663"],"terminus":0,"mode":"bus","color":"#0059a9","colorDark":"#00294f","angle":204,"snapDist":7,"label":1}},{"type":"Feature","geometry":{"type":"Point","coordinates":[14.246185,40.875462]},"properties":{"name":"Nuova S. Rocco","lines":"168, 460, 663","arr":["168","460","663"],"terminus":0,"mode":"bus","color":"#0059a9","colorDark":"#00294f","angle":204.2,"snapDist":6,"label":1}},{"type":"Feature","geometry":{"type":"Point","coordinates":[14.24742,40.875034]},"properties":{"name":"Nuova S. Rocco","lines":"168, 460, 663","arr":["168","460","663"],"terminus":0,"mode":"bus","color":"#0059a9","colorDark":"#00294f","angle":24.7,"snapDist":7,"label":0}},{"type":"Feature","geometry":{"type":"Point","coordinates":[14.245629,40.875646]},"properties":{"name":"Nuova S. Rocco 52","lines":"168, 460, 663","arr":["168","460","663"],"terminus":0,"mode":"bus","color":"#0059a9","colorDark":"#00294f","angle":23.4,"snapDist":5,"label":1}},{"type":"Feature","geometry":{"type":"Point","coordinates":[14.243914,40.876218]},"properties":{"name":"Nuova S. Rocco 61A","lines":"168, 460, 663","arr":["168","460","663"],"terminus":0,"mode":"bus","color":"#0059a9","colorDark":"#00294f","angle":21.6,"snapDist":4,"label":1}},{"type":"Feature","geometry":{"type":"Point","coordinates":[14.241389,40.877037]},"properties":{"name":"Nuova S. Rocco 112","lines":"168, 460, 663","arr":["168","460","663"],"terminus":0,"mode":"bus","color":"#0059a9","colorDark":"#00294f","angle":25,"snapDist":4,"label":1}},{"type":"Feature","geometry":{"type":"Point","coordinates":[14.238966,40.877835]},"properties":{"name":"Scaglione","lines":"168, 460, 663","arr":["168","460","663"],"terminus":0,"mode":"bus","color":"#0059a9","colorDark":"#00294f","angle":24,"snapDist":4,"label":0}},{"type":"Feature","geometry":{"type":"Point","coordinates":[14.235678,40.878892]},"properties":{"name":"Scaglione FR. 25","lines":"168, 460, 663","arr":["168","460","663"],"terminus":0,"mode":"bus","color":"#0059a9","colorDark":"#00294f","angle":23.2,"snapDist":6,"label":1}},{"type":"Feature","geometry":{"type":"Point","coordinates":[14.233538,40.880083]},"properties":{"name":"Scaglione","lines":"168, 460, 663","arr":["168","460","663"],"terminus":0,"mode":"bus","color":"#0059a9","colorDark":"#00294f","angle":56.7,"snapDist":6,"label":1}},{"type":"Feature","geometry":{"type":"Point","coordinates":[14.350877,40.909922]},"properties":{"name":"Don Luigi Puglisi - Traversa IV Pigna","lines":"169, 169P","arr":["169","169P"],"terminus":1,"mode":"bus","color":"#0059a9","colorDark":"#00294f","angle":101.1,"snapDist":11,"label":1}},{"type":"Feature","geometry":{"type":"Point","coordinates":[14.352317,40.910889]},"properties":{"name":"Pigna 66","lines":"169, 169P","arr":["169","169P"],"terminus":0,"mode":"bus","color":"#0059a9","colorDark":"#00294f","angle":146.3,"snapDist":32,"label":1}},{"type":"Feature","geometry":{"type":"Point","coordinates":[14.352748,40.909474]},"properties":{"name":"Delle Ginestre-Palazzetto dello Sport","lines":"169","arr":["169"],"terminus":0,"mode":"bus","color":"#0059a9","colorDark":"#00294f","angle":284.7,"snapDist":11,"label":1}},{"type":"Feature","geometry":{"type":"Point","coordinates":[14.350813,40.902771]},"properties":{"name":"Arcora-Viviani","lines":"169","arr":["169"],"terminus":0,"mode":"bus","color":"#0059a9","colorDark":"#00294f","angle":266,"snapDist":3,"label":1}},{"type":"Feature","geometry":{"type":"Point","coordinates":[14.349857,40.901729]},"properties":{"name":"Puglie-Arcora","lines":"169","arr":["169"],"terminus":0,"mode":"bus","color":"#0059a9","colorDark":"#00294f","angle":353.1,"snapDist":7,"label":1}},{"type":"Feature","geometry":{"type":"Point","coordinates":[14.347096,40.901476]},"properties":{"name":"Puglie-Madre Teresa di Calcutta","lines":"169","arr":["169"],"terminus":0,"mode":"bus","color":"#0059a9","colorDark":"#00294f","angle":352.5,"snapDist":9,"label":1}},{"type":"Feature","geometry":{"type":"Point","coordinates":[14.339629,40.902358]},"properties":{"name":"Puglie","lines":"169","arr":["169"],"terminus":0,"mode":"bus","color":"#0059a9","colorDark":"#00294f","angle":12.5,"snapDist":6,"label":1}},{"type":"Feature","geometry":{"type":"Point","coordinates":[14.336139,40.902483]},"properties":{"name":"Puglie-Napoli","lines":"169","arr":["169"],"terminus":0,"mode":"bus","color":"#0059a9","colorDark":"#00294f","angle":326.5,"snapDist":7,"label":1}},{"type":"Feature","geometry":{"type":"Point","coordinates":[14.331745,40.897685]},"properties":{"name":"Puglie","lines":"169","arr":["169"],"terminus":0,"mode":"bus","color":"#0059a9","colorDark":"#00294f","angle":315.9,"snapDist":5,"label":1}},{"type":"Feature","geometry":{"type":"Point","coordinates":[14.326715,40.894214]},"properties":{"name":"Puglie - Padula","lines":"169","arr":["169"],"terminus":0,"mode":"bus","color":"#0059a9","colorDark":"#00294f","angle":319.9,"snapDist":11,"label":1}},{"type":"Feature","geometry":{"type":"Point","coordinates":[14.322495,40.89035]},"properties":{"name":"Puglie","lines":"169","arr":["169"],"terminus":0,"mode":"bus","color":"#0059a9","colorDark":"#00294f","angle":301,"snapDist":10,"label":1}},{"type":"Feature","geometry":{"type":"Point","coordinates":[14.321386,40.88817]},"properties":{"name":"Puglie - Parco Platani","lines":"169","arr":["169"],"terminus":0,"mode":"bus","color":"#0059a9","colorDark":"#00294f","angle":286.7,"snapDist":11,"label":1}},{"type":"Feature","geometry":{"type":"Point","coordinates":[14.320302,40.885277]},"properties":{"name":"Puglie","lines":"169","arr":["169"],"terminus":0,"mode":"bus","color":"#0059a9","colorDark":"#00294f","angle":284.6,"snapDist":9,"label":1}},{"type":"Feature","geometry":{"type":"Point","coordinates":[14.315294,40.879847]},"properties":{"name":"Puglie - Deposito ANM","lines":"169, 182","arr":["169","182"],"terminus":0,"mode":"bus","color":"#0059a9","colorDark":"#00294f","angle":317.4,"snapDist":4,"label":1}},{"type":"Feature","geometry":{"type":"Point","coordinates":[14.31259,40.87799]},"properties":{"name":"Puglie","lines":"169","arr":["169"],"terminus":0,"mode":"bus","color":"#0059a9","colorDark":"#00294f","angle":318.2,"snapDist":7,"label":1}},{"type":"Feature","geometry":{"type":"Point","coordinates":[14.310379,40.876926]},"properties":{"name":"Puglie","lines":"169","arr":["169"],"terminus":0,"mode":"bus","color":"#0059a9","colorDark":"#00294f","angle":330.8,"snapDist":0,"label":1}},{"type":"Feature","geometry":{"type":"Point","coordinates":[14.30786,40.875865]},"properties":{"name":"Stadera","lines":"169, C90","arr":["169","C90"],"terminus":0,"mode":"bus","color":"#0059a9","colorDark":"#00294f","angle":331.3,"snapDist":5,"label":1}},{"type":"Feature","geometry":{"type":"Point","coordinates":[14.304802,40.874494]},"properties":{"name":"Stadera","lines":"169","arr":["169"],"terminus":0,"mode":"bus","color":"#0059a9","colorDark":"#00294f","angle":330.4,"snapDist":5,"label":1}},{"type":"Feature","geometry":{"type":"Point","coordinates":[14.302156,40.872532]},"properties":{"name":"Stadera","lines":"169, C90","arr":["169","C90"],"terminus":0,"mode":"bus","color":"#0059a9","colorDark":"#00294f","angle":315.9,"snapDist":7,"label":1}},{"type":"Feature","geometry":{"type":"Point","coordinates":[14.297465,40.869222]},"properties":{"name":"Stadera - Ponte FS","lines":"169, C90","arr":["169","C90"],"terminus":0,"mode":"bus","color":"#0059a9","colorDark":"#00294f","angle":316.7,"snapDist":6,"label":1}},{"type":"Feature","geometry":{"type":"Point","coordinates":[14.295477,40.868248]},"properties":{"name":"Poggioreale","lines":"169, C90","arr":["169","C90"],"terminus":0,"mode":"bus","color":"#0059a9","colorDark":"#00294f","angle":336.6,"snapDist":4,"label":1}},{"type":"Feature","geometry":{"type":"Point","coordinates":[14.292651,40.866614]},"properties":{"name":"Parise","lines":"169, C90","arr":["169","C90"],"terminus":0,"mode":"bus","color":"#0059a9","colorDark":"#00294f","angle":235.6,"snapDist":3,"label":1}},{"type":"Feature","geometry":{"type":"Point","coordinates":[14.294367,40.863594]},"properties":{"name":"Del Macello","lines":"169, 191","arr":["169","191"],"terminus":0,"mode":"bus","color":"#0059a9","colorDark":"#00294f","angle":322.8,"snapDist":1,"label":1}},{"type":"Feature","geometry":{"type":"Point","coordinates":[14.289876,40.862738]},"properties":{"name":"Caramanico","lines":"169","arr":["169"],"terminus":0,"mode":"bus","color":"#0059a9","colorDark":"#00294f","angle":57.5,"snapDist":13,"label":1}},{"type":"Feature","geometry":{"type":"Point","coordinates":[14.288497,40.864375]},"properties":{"name":"Caramanico","lines":"169","arr":["169"],"terminus":0,"mode":"bus","color":"#0059a9","colorDark":"#00294f","angle":57.5,"snapDist":17,"label":0}},{"type":"Feature","geometry":{"type":"Point","coordinates":[14.28613,40.864296]},"properties":{"name":"Nuova Poggioreale","lines":"169","arr":["169"],"terminus":0,"mode":"bus","color":"#0059a9","colorDark":"#00294f","angle":327.9,"snapDist":2,"label":1}},{"type":"Feature","geometry":{"type":"Point","coordinates":[14.287655,40.864931]},"properties":{"name":"Nuova Poggioreale - Caramanico","lines":"169","arr":["169"],"terminus":0,"mode":"bus","color":"#0059a9","colorDark":"#00294f","angle":148,"snapDist":0,"label":1}},{"type":"Feature","geometry":{"type":"Point","coordinates":[14.29002,40.862568]},"properties":{"name":"Caramanico","lines":"169","arr":["169"],"terminus":0,"mode":"bus","color":"#0059a9","colorDark":"#00294f","angle":237.5,"snapDist":7,"label":0}},{"type":"Feature","geometry":{"type":"Point","coordinates":[14.294596,40.863725]},"properties":{"name":"Macello","lines":"169, 191","arr":["169","191"],"terminus":0,"mode":"bus","color":"#0059a9","colorDark":"#00294f","angle":142.8,"snapDist":11,"label":1}},{"type":"Feature","geometry":{"type":"Point","coordinates":[14.296078,40.868199]},"properties":{"name":"Miraglia","lines":"169, C90","arr":["169","C90"],"terminus":0,"mode":"bus","color":"#0059a9","colorDark":"#00294f","angle":128.5,"snapDist":12,"label":1}},{"type":"Feature","geometry":{"type":"Point","coordinates":[14.297485,40.869237]},"properties":{"name":"Stadera - Ponte FS","lines":"169, C90","arr":["169","C90"],"terminus":0,"mode":"bus","color":"#0059a9","colorDark":"#00294f","angle":136.7,"snapDist":4,"label":0}},{"type":"Feature","geometry":{"type":"Point","coordinates":[14.299602,40.870712]},"properties":{"name":"Stadera - Palazzo dello Sport","lines":"169, C90","arr":["169","C90"],"terminus":0,"mode":"bus","color":"#0059a9","colorDark":"#00294f","angle":137.8,"snapDist":3,"label":1}},{"type":"Feature","geometry":{"type":"Point","coordinates":[14.302184,40.872552]},"properties":{"name":"Stadera","lines":"169, C90","arr":["169","C90"],"terminus":0,"mode":"bus","color":"#0059a9","colorDark":"#00294f","angle":135.9,"snapDist":3,"label":0}},{"type":"Feature","geometry":{"type":"Point","coordinates":[14.304865,40.874447]},"properties":{"name":"Stadera","lines":"169, C90","arr":["169","C90"],"terminus":0,"mode":"bus","color":"#0059a9","colorDark":"#00294f","angle":148.9,"snapDist":0,"label":0}},{"type":"Feature","geometry":{"type":"Point","coordinates":[14.307753,40.875694]},"properties":{"name":"Stadera - Sanseverino","lines":"169, C90","arr":["169","C90"],"terminus":0,"mode":"bus","color":"#0059a9","colorDark":"#00294f","angle":150.2,"snapDist":6,"label":1}},{"type":"Feature","geometry":{"type":"Point","coordinates":[14.310794,40.877101]},"properties":{"name":"Puglie - Costa","lines":"169","arr":["169"],"terminus":0,"mode":"bus","color":"#0059a9","colorDark":"#00294f","angle":150.8,"snapDist":13,"label":1}},{"type":"Feature","geometry":{"type":"Point","coordinates":[14.312724,40.878081]},"properties":{"name":"Puglie","lines":"169","arr":["169"],"terminus":0,"mode":"bus","color":"#0059a9","colorDark":"#00294f","angle":138.2,"snapDist":12,"label":0}},{"type":"Feature","geometry":{"type":"Point","coordinates":[14.315318,40.879863]},"properties":{"name":"Puglie - Deposito ANM","lines":"169, 182","arr":["169","182"],"terminus":0,"mode":"bus","color":"#0059a9","colorDark":"#00294f","angle":137.4,"snapDist":12,"label":0}},{"type":"Feature","geometry":{"type":"Point","coordinates":[14.320339,40.885384]},"properties":{"name":"Puglie","lines":"169","arr":["169"],"terminus":0,"mode":"bus","color":"#0059a9","colorDark":"#00294f","angle":104.6,"snapDist":12,"label":0}},{"type":"Feature","geometry":{"type":"Point","coordinates":[14.321429,40.888279]},"properties":{"name":"Puglie - Parco Platani","lines":"169","arr":["169"],"terminus":0,"mode":"bus","color":"#0059a9","colorDark":"#00294f","angle":106.7,"snapDist":13,"label":0}},{"type":"Feature","geometry":{"type":"Point","coordinates":[14.323076,40.891032]},"properties":{"name":"Puglie - Parco il Cedro","lines":"169","arr":["169"],"terminus":0,"mode":"bus","color":"#0059a9","colorDark":"#00294f","angle":125.7,"snapDist":12,"label":1}},{"type":"Feature","geometry":{"type":"Point","coordinates":[14.325749,40.893228]},"properties":{"name":"Puglie","lines":"169","arr":["169"],"terminus":0,"mode":"bus","color":"#0059a9","colorDark":"#00294f","angle":108.1,"snapDist":10,"label":1}},{"type":"Feature","geometry":{"type":"Point","coordinates":[14.327132,40.89448]},"properties":{"name":"Puglie","lines":"169","arr":["169"],"terminus":0,"mode":"bus","color":"#0059a9","colorDark":"#00294f","angle":139.9,"snapDist":8,"label":0}},{"type":"Feature","geometry":{"type":"Point","coordinates":[14.33173,40.897674]},"properties":{"name":"Puglie","lines":"169","arr":["169"],"terminus":0,"mode":"bus","color":"#0059a9","colorDark":"#00294f","angle":135.9,"snapDist":14,"label":0}},{"type":"Feature","geometry":{"type":"Point","coordinates":[14.335307,40.899616]},"properties":{"name":"Salice","lines":"169","arr":["169"],"terminus":0,"mode":"bus","color":"#0059a9","colorDark":"#00294f","angle":152.3,"snapDist":17,"label":1}},{"type":"Feature","geometry":{"type":"Point","coordinates":[14.335597,40.901446]},"properties":{"name":"Salice-Centro Meridiana","lines":"169","arr":["169"],"terminus":0,"mode":"bus","color":"#0059a9","colorDark":"#00294f","angle":76.4,"snapDist":9,"label":1}},{"type":"Feature","geometry":{"type":"Point","coordinates":[14.339985,40.902299]},"properties":{"name":"Puglie","lines":"169","arr":["169"],"terminus":0,"mode":"bus","color":"#0059a9","colorDark":"#00294f","angle":192,"snapDist":11,"label":0}},{"type":"Feature","geometry":{"type":"Point","coordinates":[14.347849,40.901486]},"properties":{"name":"Puglie-Rione Fico","lines":"169","arr":["169"],"terminus":0,"mode":"bus","color":"#0059a9","colorDark":"#00294f","angle":175.3,"snapDist":9,"label":1}},{"type":"Feature","geometry":{"type":"Point","coordinates":[14.350197,40.901708]},"properties":{"name":"Puglie-Casamanna","lines":"169","arr":["169"],"terminus":0,"mode":"bus","color":"#0059a9","colorDark":"#00294f","angle":172.3,"snapDist":8,"label":1}},{"type":"Feature","geometry":{"type":"Point","coordinates":[14.357144,40.902405]},"properties":{"name":"Puglie Tavernanova","lines":"169","arr":["169"],"terminus":0,"mode":"bus","color":"#0059a9","colorDark":"#00294f","angle":172.3,"snapDist":4,"label":1}},{"type":"Feature","geometry":{"type":"Point","coordinates":[14.360817,40.903312]},"properties":{"name":"Puglie","lines":"169","arr":["169"],"terminus":0,"mode":"bus","color":"#0059a9","colorDark":"#00294f","angle":160,"snapDist":9,"label":1}},{"type":"Feature","geometry":{"type":"Point","coordinates":[14.361643,40.907043]},"properties":{"name":"Viale Platani","lines":"169","arr":["169"],"terminus":0,"mode":"bus","color":"#0059a9","colorDark":"#00294f","angle":90.6,"snapDist":10,"label":1}},{"type":"Feature","geometry":{"type":"Point","coordinates":[14.363078,40.911217]},"properties":{"name":"Viale dei Tigli, 27-29","lines":"169","arr":["169"],"terminus":0,"mode":"bus","color":"#0059a9","colorDark":"#00294f","angle":10.4,"snapDist":2,"label":1}},{"type":"Feature","geometry":{"type":"Point","coordinates":[14.358952,40.911788]},"properties":{"name":"Viale dei Tigli,FR.CIV.34","lines":"169","arr":["169"],"terminus":0,"mode":"bus","color":"#0059a9","colorDark":"#00294f","angle":9.7,"snapDist":8,"label":1}},{"type":"Feature","geometry":{"type":"Point","coordinates":[14.354265,40.911907]},"properties":{"name":"Via Pigna,81","lines":"169","arr":["169"],"terminus":0,"mode":"bus","color":"#0059a9","colorDark":"#00294f","angle":324.1,"snapDist":5,"label":1}},{"type":"Feature","geometry":{"type":"Point","coordinates":[14.351727,40.909936]},"properties":{"name":"Pigna 31","lines":"169, 169P","arr":["169","169P"],"terminus":0,"mode":"bus","color":"#0059a9","colorDark":"#00294f","angle":278.4,"snapDist":12,"label":1}},{"type":"Feature","geometry":{"type":"Point","coordinates":[14.329327,40.927217]},"properties":{"name":"Stazione Av","lines":"169P","arr":["169P"],"terminus":0,"mode":"bus","color":"#0059a9","colorDark":"#00294f","angle":309.5,"snapDist":9,"label":1}},{"type":"Feature","geometry":{"type":"Point","coordinates":[14.320401,40.919605]},"properties":{"name":"Arena","lines":"169P","arr":["169P"],"terminus":0,"mode":"bus","color":"#0059a9","colorDark":"#00294f","angle":0.6,"snapDist":18,"label":1}},{"type":"Feature","geometry":{"type":"Point","coordinates":[14.309807,40.924783]},"properties":{"name":"Cinquevie","lines":"169P","arr":["169P"],"terminus":0,"mode":"bus","color":"#0059a9","colorDark":"#00294f","angle":79.6,"snapDist":44,"label":1}},{"type":"Feature","geometry":{"type":"Point","coordinates":[14.302131,40.926467]},"properties":{"name":"Carlo III - Meridionale","lines":"169P","arr":["169P"],"terminus":0,"mode":"bus","color":"#0059a9","colorDark":"#00294f","angle":94.3,"snapDist":8,"label":1}},{"type":"Feature","geometry":{"type":"Point","coordinates":[14.298265,40.929669]},"properties":{"name":"Via Donadio","lines":"169P","arr":["169P"],"terminus":0,"mode":"bus","color":"#0059a9","colorDark":"#00294f","angle":88.6,"snapDist":15,"label":1}},{"type":"Feature","geometry":{"type":"Point","coordinates":[14.30127,40.935194]},"properties":{"name":"Donadio - Umberto","lines":"169P","arr":["169P"],"terminus":0,"mode":"bus","color":"#0059a9","colorDark":"#00294f","angle":92.4,"snapDist":13,"label":1}},{"type":"Feature","geometry":{"type":"Point","coordinates":[14.30064,40.941567]},"properties":{"name":"Umberto I - Piazza I Maggio","lines":"169P","arr":["169P"],"terminus":0,"mode":"bus","color":"#0059a9","colorDark":"#00294f","angle":34.7,"snapDist":18,"label":1}},{"type":"Feature","geometry":{"type":"Point","coordinates":[14.302755,40.950259]},"properties":{"name":"Umberto I","lines":"169P","arr":["169P"],"terminus":0,"mode":"bus","color":"#0059a9","colorDark":"#00294f","angle":100.5,"snapDist":20,"label":1}},{"type":"Feature","geometry":{"type":"Point","coordinates":[14.292832,40.951245]},"properties":{"name":"Circumvallazione Ovest - Ist. Morano","lines":"169P","arr":["169P"],"terminus":0,"mode":"bus","color":"#0059a9","colorDark":"#00294f","angle":342.2,"snapDist":36,"label":1}},{"type":"Feature","geometry":{"type":"Point","coordinates":[14.28798,40.945317]},"properties":{"name":"Circumvallazione Ovest - IACP (Virtuale)","lines":"169P","arr":["169P"],"terminus":1,"mode":"bus","color":"#0059a9","colorDark":"#00294f","angle":81.5,"snapDist":46,"label":1}},{"type":"Feature","geometry":{"type":"Point","coordinates":[14.289094,40.947285]},"properties":{"name":"Circumvallazione Ovest - IACP","lines":"169P","arr":["169P"],"terminus":0,"mode":"bus","color":"#0059a9","colorDark":"#00294f","angle":170.8,"snapDist":38,"label":1}},{"type":"Feature","geometry":{"type":"Point","coordinates":[14.297957,40.951723]},"properties":{"name":"Circumvallazione Ovest - Ist. Morano","lines":"169P","arr":["169P"],"terminus":0,"mode":"bus","color":"#0059a9","colorDark":"#00294f","angle":171.2,"snapDist":19,"label":1}},{"type":"Feature","geometry":{"type":"Point","coordinates":[14.301004,40.944604]},"properties":{"name":"Umberto I","lines":"169P","arr":["169P"],"terminus":0,"mode":"bus","color":"#0059a9","colorDark":"#00294f","angle":278.4,"snapDist":26,"label":1}},{"type":"Feature","geometry":{"type":"Point","coordinates":[14.301053,40.936687]},"properties":{"name":"Umberto I","lines":"169P","arr":["169P"],"terminus":0,"mode":"bus","color":"#0059a9","colorDark":"#00294f","angle":260.7,"snapDist":18,"label":1}},{"type":"Feature","geometry":{"type":"Point","coordinates":[14.298321,40.929938]},"properties":{"name":"Donadio","lines":"169P","arr":["169P"],"terminus":0,"mode":"bus","color":"#0059a9","colorDark":"#00294f","angle":291.8,"snapDist":13,"label":1}},{"type":"Feature","geometry":{"type":"Point","coordinates":[14.302189,40.926852]},"properties":{"name":"Carlo III - Meridionale","lines":"169P","arr":["169P"],"terminus":0,"mode":"bus","color":"#0059a9","colorDark":"#00294f","angle":275.6,"snapDist":26,"label":0}},{"type":"Feature","geometry":{"type":"Point","coordinates":[14.311023,40.919031]},"properties":{"name":"Cinquevie","lines":"169P","arr":["169P"],"terminus":0,"mode":"bus","color":"#0059a9","colorDark":"#00294f","angle":1.5,"snapDist":46,"label":1}},{"type":"Feature","geometry":{"type":"Point","coordinates":[14.320976,40.919593]},"properties":{"name":"Arena","lines":"169P","arr":["169P"],"terminus":0,"mode":"bus","color":"#0059a9","colorDark":"#00294f","angle":181.9,"snapDist":48,"label":0}},{"type":"Feature","geometry":{"type":"Point","coordinates":[14.329059,40.858116]},"properties":{"name":"Argine - Stazionamento","lines":"173, 173A, 191, 195","arr":["173","173A","191","195"],"terminus":1,"mode":"bus","color":"#0059a9","colorDark":"#00294f","angle":-115.1,"snapDist":16,"label":1}},{"type":"Feature","geometry":{"type":"Point","coordinates":[14.331169,40.859476]},"properties":{"name":"Argine","lines":"173, 173A, 191, 195, 196","arr":["173","173A","191","195","196"],"terminus":0,"mode":"bus","color":"#0059a9","colorDark":"#00294f","angle":150,"snapDist":9,"label":1}},{"type":"Feature","geometry":{"type":"Point","coordinates":[14.334312,40.860878]},"properties":{"name":"Argine","lines":"173, 173A, 191, 195, 196","arr":["173","173A","191","195","196"],"terminus":0,"mode":"bus","color":"#0059a9","colorDark":"#00294f","angle":149,"snapDist":11,"label":1}},{"type":"Feature","geometry":{"type":"Point","coordinates":[14.336004,40.860754]},"properties":{"name":"Malibran","lines":"173, 173A, 195","arr":["173","173A","195"],"terminus":0,"mode":"bus","color":"#0059a9","colorDark":"#00294f","angle":245.7,"snapDist":4,"label":1}},{"type":"Feature","geometry":{"type":"Point","coordinates":[14.337901,40.85747]},"properties":{"name":"Malibran Parco Comunale","lines":"173, 173A, 195","arr":["173","173A","195"],"terminus":0,"mode":"bus","color":"#0059a9","colorDark":"#00294f","angle":-110.7,"snapDist":6,"label":1}},{"type":"Feature","geometry":{"type":"Point","coordinates":[14.340768,40.856033]},"properties":{"name":"Miranda","lines":"173, 173A, 195","arr":["173","173A","195"],"terminus":0,"mode":"bus","color":"#0059a9","colorDark":"#00294f","angle":154.2,"snapDist":7,"label":1}},{"type":"Feature","geometry":{"type":"Point","coordinates":[14.343662,40.85709]},"properties":{"name":"Miranda","lines":"173, 173A, 195","arr":["173","173A","195"],"terminus":0,"mode":"bus","color":"#0059a9","colorDark":"#00294f","angle":154.2,"snapDist":8,"label":1}},{"type":"Feature","geometry":{"type":"Point","coordinates":[14.338632,40.855736]},"properties":{"name":"Martiri della Libertà - Circumvesuviana","lines":"173, 173A, 195","arr":["173","173A","195"],"terminus":0,"mode":"bus","color":"#0059a9","colorDark":"#00294f","angle":59.7,"snapDist":9,"label":1}},{"type":"Feature","geometry":{"type":"Point","coordinates":[14.337825,40.857613]},"properties":{"name":"Malibran - Parco Comunale","lines":"173, 173A, 195","arr":["173","173A","195"],"terminus":0,"mode":"bus","color":"#0059a9","colorDark":"#00294f","angle":67,"snapDist":8,"label":1}},{"type":"Feature","geometry":{"type":"Point","coordinates":[14.336089,40.86061]},"properties":{"name":"Malibran","lines":"173, 173A, 195","arr":["173","173A","195"],"terminus":0,"mode":"bus","color":"#0059a9","colorDark":"#00294f","angle":65.7,"snapDist":10,"label":0}},{"type":"Feature","geometry":{"type":"Point","coordinates":[14.333844,40.860806]},"properties":{"name":"Argine","lines":"173, 173A, 191, 195, 196","arr":["173","173A","191","195","196"],"terminus":0,"mode":"bus","color":"#0059a9","colorDark":"#00294f","angle":329.2,"snapDist":1,"label":0}},{"type":"Feature","geometry":{"type":"Point","coordinates":[14.329819,40.858988]},"properties":{"name":"Argine - Viale Margherita","lines":"173, 173A, 191, 195, 196","arr":["173","173A","191","195","196"],"terminus":0,"mode":"bus","color":"#0059a9","colorDark":"#00294f","angle":328.8,"snapDist":5,"label":1}},{"type":"Feature","geometry":{"type":"Point","coordinates":[14.328074,40.858967]},"properties":{"name":"Principe di Napoli-Argine","lines":"173","arr":["173"],"terminus":0,"mode":"bus","color":"#0059a9","colorDark":"#00294f","angle":95.4,"snapDist":8,"label":1}},{"type":"Feature","geometry":{"type":"Point","coordinates":[14.32783,40.860761]},"properties":{"name":"Botteghelle-Maranda","lines":"173","arr":["173"],"terminus":0,"mode":"bus","color":"#0059a9","colorDark":"#00294f","angle":92.1,"snapDist":8,"label":1}},{"type":"Feature","geometry":{"type":"Point","coordinates":[14.32871,40.863779]},"properties":{"name":"Botteghelle 557","lines":"173","arr":["173"],"terminus":0,"mode":"bus","color":"#0059a9","colorDark":"#00294f","angle":109.1,"snapDist":8,"label":1}},{"type":"Feature","geometry":{"type":"Point","coordinates":[14.329154,40.864953]},"properties":{"name":"Botteghelle","lines":"173, 191","arr":["173","191"],"terminus":0,"mode":"bus","color":"#0059a9","colorDark":"#00294f","angle":101,"snapDist":8,"label":1}},{"type":"Feature","geometry":{"type":"Point","coordinates":[14.329659,40.86712]},"properties":{"name":"Botteghelle - Madonnelle","lines":"173, 191","arr":["173","191"],"terminus":0,"mode":"bus","color":"#0059a9","colorDark":"#00294f","angle":99.8,"snapDist":9,"label":1}},{"type":"Feature","geometry":{"type":"Point","coordinates":[14.331038,40.868659]},"properties":{"name":"F.lli Grimm - Hemingway","lines":"173, 472","arr":["173","472"],"terminus":0,"mode":"bus","color":"#0059a9","colorDark":"#00294f","angle":215.5,"snapDist":5,"label":1}},{"type":"Feature","geometry":{"type":"Point","coordinates":[14.33213,40.869039]},"properties":{"name":"Hemingway - F.lli Grimm","lines":"173, 191, 472","arr":["173","191","472"],"terminus":0,"mode":"bus","color":"#0059a9","colorDark":"#00294f","angle":143.2,"snapDist":7,"label":1}},{"type":"Feature","geometry":{"type":"Point","coordinates":[14.334009,40.868989]},"properties":{"name":"Hemingway - Poste","lines":"173, 191, 472","arr":["173","191","472"],"terminus":0,"mode":"bus","color":"#0059a9","colorDark":"#00294f","angle":207,"snapDist":2,"label":1}},{"type":"Feature","geometry":{"type":"Point","coordinates":[14.335928,40.868249]},"properties":{"name":"Hemingway - Salgari","lines":"173, 191, 472","arr":["173","191","472"],"terminus":0,"mode":"bus","color":"#0059a9","colorDark":"#00294f","angle":207,"snapDist":3,"label":1}},{"type":"Feature","geometry":{"type":"Point","coordinates":[14.337343,40.869513]},"properties":{"name":"Salgari -Poliambulatorio","lines":"173, 191, 196","arr":["173","191","196"],"terminus":0,"mode":"bus","color":"#0059a9","colorDark":"#00294f","angle":127,"snapDist":9,"label":1}},{"type":"Feature","geometry":{"type":"Point","coordinates":[14.339274,40.871057]},"properties":{"name":"Salgari - Palermo","lines":"173, 191, 196","arr":["173","191","196"],"terminus":0,"mode":"bus","color":"#0059a9","colorDark":"#00294f","angle":143.4,"snapDist":10,"label":1}},{"type":"Feature","geometry":{"type":"Point","coordinates":[14.339602,40.871607]},"properties":{"name":"Don Sturzo","lines":"173","arr":["173"],"terminus":0,"mode":"bus","color":"#0059a9","colorDark":"#00294f","angle":50.7,"snapDist":9,"label":1}},{"type":"Feature","geometry":{"type":"Point","coordinates":[14.336635,40.87236]},"properties":{"name":"Pinocchio","lines":"173","arr":["173"],"terminus":0,"mode":"bus","color":"#0059a9","colorDark":"#00294f","angle":293.8,"snapDist":10,"label":1}},{"type":"Feature","geometry":{"type":"Point","coordinates":[14.334558,40.872014]},"properties":{"name":"Palermo-Madonnelle","lines":"173","arr":["173"],"terminus":0,"mode":"bus","color":"#0059a9","colorDark":"#00294f","angle":2.9,"snapDist":4,"label":1}},{"type":"Feature","geometry":{"type":"Point","coordinates":[14.334009,40.875058]},"properties":{"name":"Napoli-Verga","lines":"173","arr":["173"],"terminus":0,"mode":"bus","color":"#0059a9","colorDark":"#00294f","angle":58.1,"snapDist":8,"label":1}},{"type":"Feature","geometry":{"type":"Point","coordinates":[14.335436,40.877223]},"properties":{"name":"Napoli","lines":"173","arr":["173"],"terminus":0,"mode":"bus","color":"#0059a9","colorDark":"#00294f","angle":139.4,"snapDist":12,"label":1}},{"type":"Feature","geometry":{"type":"Point","coordinates":[14.33884,40.876945]},"properties":{"name":"Bolivar","lines":"173","arr":["173"],"terminus":0,"mode":"bus","color":"#0059a9","colorDark":"#00294f","angle":137.5,"snapDist":11,"label":1}},{"type":"Feature","geometry":{"type":"Point","coordinates":[14.340696,40.876401]},"properties":{"name":"Roma-Rossi","lines":"173","arr":["173"],"terminus":0,"mode":"bus","color":"#0059a9","colorDark":"#00294f","angle":153,"snapDist":10,"label":1}},{"type":"Feature","geometry":{"type":"Point","coordinates":[14.34258,40.875071]},"properties":{"name":"Rossi-Alighieri","lines":"173","arr":["173"],"terminus":0,"mode":"bus","color":"#0059a9","colorDark":"#00294f","angle":235.8,"snapDist":4,"label":1}},{"type":"Feature","geometry":{"type":"Point","coordinates":[14.344337,40.873055]},"properties":{"name":"Rossi-Sanzio","lines":"173","arr":["173"],"terminus":0,"mode":"bus","color":"#0059a9","colorDark":"#00294f","angle":237.5,"snapDist":5,"label":1}},{"type":"Feature","geometry":{"type":"Point","coordinates":[14.349164,40.872903]},"properties":{"name":"Petrarca","lines":"173","arr":["173"],"terminus":1,"mode":"bus","color":"#0059a9","colorDark":"#00294f","angle":149,"snapDist":10,"label":1}},{"type":"Feature","geometry":{"type":"Point","coordinates":[14.351993,40.874284]},"properties":{"name":"Petrarca-Cimabue","lines":"173","arr":["173"],"terminus":0,"mode":"bus","color":"#0059a9","colorDark":"#00294f","angle":146,"snapDist":10,"label":1}},{"type":"Feature","geometry":{"type":"Point","coordinates":[14.354731,40.875668]},"properties":{"name":"Petrarca-Monteoliveto","lines":"173","arr":["173"],"terminus":0,"mode":"bus","color":"#0059a9","colorDark":"#00294f","angle":149.7,"snapDist":9,"label":1}},{"type":"Feature","geometry":{"type":"Point","coordinates":[14.352688,40.879057]},"properties":{"name":"Monteoliveto","lines":"173","arr":["173"],"terminus":0,"mode":"bus","color":"#0059a9","colorDark":"#00294f","angle":79,"snapDist":8,"label":1}},{"type":"Feature","geometry":{"type":"Point","coordinates":[14.352033,40.882742]},"properties":{"name":"De Filippo","lines":"173","arr":["173"],"terminus":0,"mode":"bus","color":"#0059a9","colorDark":"#00294f","angle":161.9,"snapDist":12,"label":1}},{"type":"Feature","geometry":{"type":"Point","coordinates":[14.352694,40.884907]},"properties":{"name":"Gramsci 3","lines":"173","arr":["173"],"terminus":0,"mode":"bus","color":"#0059a9","colorDark":"#00294f","angle":61.4,"snapDist":9,"label":1}},{"type":"Feature","geometry":{"type":"Point","coordinates":[14.349308,40.883859]},"properties":{"name":"Filichito-Monteoliveto","lines":"173","arr":["173"],"terminus":0,"mode":"bus","color":"#0059a9","colorDark":"#00294f","angle":324.2,"snapDist":2,"label":1}},{"type":"Feature","geometry":{"type":"Point","coordinates":[14.34704,40.881878]},"properties":{"name":"Filichito-Chiesa","lines":"173","arr":["173"],"terminus":0,"mode":"bus","color":"#0059a9","colorDark":"#00294f","angle":333.1,"snapDist":3,"label":1}},{"type":"Feature","geometry":{"type":"Point","coordinates":[14.344648,40.880866]},"properties":{"name":"Filichito-Lufrano","lines":"173","arr":["173"],"terminus":0,"mode":"bus","color":"#0059a9","colorDark":"#00294f","angle":322.7,"snapDist":3,"label":1}},{"type":"Feature","geometry":{"type":"Point","coordinates":[14.342861,40.878335]},"properties":{"name":"Einaudi","lines":"173, 472","arr":["173","472"],"terminus":0,"mode":"bus","color":"#0059a9","colorDark":"#00294f","angle":291.7,"snapDist":1,"label":1}},{"type":"Feature","geometry":{"type":"Point","coordinates":[14.340495,40.876323]},"properties":{"name":"Roma","lines":"173, 472","arr":["173","472"],"terminus":0,"mode":"bus","color":"#0059a9","colorDark":"#00294f","angle":333,"snapDist":2,"label":1}},{"type":"Feature","geometry":{"type":"Point","coordinates":[14.337691,40.876795]},"properties":{"name":"Colombo-Libertà","lines":"173, 472","arr":["173","472"],"terminus":0,"mode":"bus","color":"#0059a9","colorDark":"#00294f","angle":57.2,"snapDist":10,"label":1}},{"type":"Feature","geometry":{"type":"Point","coordinates":[14.334855,40.876858]},"properties":{"name":"Napoli","lines":"173, 472","arr":["173","472"],"terminus":0,"mode":"bus","color":"#0059a9","colorDark":"#00294f","angle":322.7,"snapDist":2,"label":0}},{"type":"Feature","geometry":{"type":"Point","coordinates":[14.334402,40.873898]},"properties":{"name":"Madonnelle-Via Napoli","lines":"173, 472","arr":["173","472"],"terminus":0,"mode":"bus","color":"#0059a9","colorDark":"#00294f","angle":298.7,"snapDist":2,"label":1}},{"type":"Feature","geometry":{"type":"Point","coordinates":[14.333766,40.871966]},"properties":{"name":"Madonnelle-Circumvesuviana","lines":"173, 472","arr":["173","472"],"terminus":0,"mode":"bus","color":"#0059a9","colorDark":"#00294f","angle":294.3,"snapDist":2,"label":1}},{"type":"Feature","geometry":{"type":"Point","coordinates":[14.331694,40.869811]},"properties":{"name":"Madonnelle-Rione Incis","lines":"173, 472","arr":["173","472"],"terminus":0,"mode":"bus","color":"#0059a9","colorDark":"#00294f","angle":308.2,"snapDist":2,"label":1}},{"type":"Feature","geometry":{"type":"Point","coordinates":[14.329534,40.866664]},"properties":{"name":"Botteghelle","lines":"173, 191, 472","arr":["173","191","472"],"terminus":0,"mode":"bus","color":"#0059a9","colorDark":"#00294f","angle":279.4,"snapDist":1,"label":0}},{"type":"Feature","geometry":{"type":"Point","coordinates":[14.329259,40.865362]},"properties":{"name":"Botteghelle","lines":"173, 191, 472","arr":["173","191","472"],"terminus":0,"mode":"bus","color":"#0059a9","colorDark":"#00294f","angle":281.5,"snapDist":2,"label":0}},{"type":"Feature","geometry":{"type":"Point","coordinates":[14.328784,40.863941]},"properties":{"name":"Botteghelle-Com.ponticelli","lines":"173, 472","arr":["173","472"],"terminus":0,"mode":"bus","color":"#0059a9","colorDark":"#00294f","angle":289.1,"snapDist":2,"label":1}},{"type":"Feature","geometry":{"type":"Point","coordinates":[14.328039,40.861614]},"properties":{"name":"Botteghelle","lines":"173, 472","arr":["173","472"],"terminus":0,"mode":"bus","color":"#0059a9","colorDark":"#00294f","angle":278.5,"snapDist":3,"label":1}},{"type":"Feature","geometry":{"type":"Point","coordinates":[14.328025,40.858574]},"properties":{"name":"Principe di Napoli-Argine","lines":"173, 472","arr":["173","472"],"terminus":0,"mode":"bus","color":"#0059a9","colorDark":"#00294f","angle":275.4,"snapDist":0,"label":0}},{"type":"Feature","geometry":{"type":"Point","coordinates":[14.343019,40.849553]},"properties":{"name":"Metamorfosi","lines":"173A, 175, 195","arr":["173A","175","195"],"terminus":0,"mode":"bus","color":"#0059a9","colorDark":"#00294f","angle":338.6,"snapDist":5,"label":0}},{"type":"Feature","geometry":{"type":"Point","coordinates":[14.338268,40.848179]},"properties":{"name":"Metamorfosi - Bartolo Longo","lines":"173A, 175, 195","arr":["173A","175","195"],"terminus":0,"mode":"bus","color":"#0059a9","colorDark":"#00294f","angle":338.3,"snapDist":4,"label":1}},{"type":"Feature","geometry":{"type":"Point","coordinates":[14.33432,40.846864]},"properties":{"name":"Mastellone - Cimitero","lines":"173A, 194","arr":["173A","194"],"terminus":0,"mode":"bus","color":"#0059a9","colorDark":"#00294f","angle":337.4,"snapDist":2,"label":1}},{"type":"Feature","geometry":{"type":"Point","coordinates":[14.332035,40.84601]},"properties":{"name":"Mastellone 152","lines":"173A, 194","arr":["173A","194"],"terminus":0,"mode":"bus","color":"#0059a9","colorDark":"#00294f","angle":339.5,"snapDist":5,"label":1}},{"type":"Feature","geometry":{"type":"Point","coordinates":[14.318976,40.844794]},"properties":{"name":"Chiaromonte - Day Hospital","lines":"173A, 194, 195","arr":["173A","194","195"],"terminus":1,"mode":"bus","color":"#0059a9","colorDark":"#00294f","angle":39.8,"snapDist":7,"label":1}},{"type":"Feature","geometry":{"type":"Point","coordinates":[14.314123,40.843824]},"properties":{"name":"Chiaromonte - Circumvesuviana","lines":"173A, 194","arr":["173A","194"],"terminus":0,"mode":"bus","color":"#0059a9","colorDark":"#00294f","angle":330.3,"snapDist":0,"label":1}},{"type":"Feature","geometry":{"type":"Point","coordinates":[14.31213,40.84236]},"properties":{"name":"Chiaromonte - Figurelle","lines":"173A, 194, 195","arr":["173A","194","195"],"terminus":0,"mode":"bus","color":"#0059a9","colorDark":"#00294f","angle":274.7,"snapDist":0,"label":1}},{"type":"Feature","geometry":{"type":"Point","coordinates":[14.312052,40.840329]},"properties":{"name":"2 Giugno","lines":"173A, 194","arr":["173A","194"],"terminus":0,"mode":"bus","color":"#0059a9","colorDark":"#00294f","angle":269.7,"snapDist":2,"label":1}},{"type":"Feature","geometry":{"type":"Point","coordinates":[14.312123,40.838467]},"properties":{"name":"2 Giugno","lines":"173A, 194","arr":["173A","194"],"terminus":0,"mode":"bus","color":"#0059a9","colorDark":"#00294f","angle":269.6,"snapDist":9,"label":0}},{"type":"Feature","geometry":{"type":"Point","coordinates":[14.312118,40.837698]},"properties":{"name":"2 Giugno-Repubbliche Marinare","lines":"173A, 194","arr":["173A","194"],"terminus":0,"mode":"bus","color":"#0059a9","colorDark":"#00294f","angle":270.5,"snapDist":1,"label":1}},{"type":"Feature","geometry":{"type":"Point","coordinates":[14.312108,40.83641]},"properties":{"name":"2 Giugno - Cimitero","lines":"173A, 194","arr":["173A","194"],"terminus":0,"mode":"bus","color":"#0059a9","colorDark":"#00294f","angle":270.2,"snapDist":1,"label":1}},{"type":"Feature","geometry":{"type":"Point","coordinates":[14.3121,40.834099]},"properties":{"name":"2 Giugno-Laghetto","lines":"173A, 194","arr":["173A","194"],"terminus":0,"mode":"bus","color":"#0059a9","colorDark":"#00294f","angle":270.2,"snapDist":4,"label":1}},{"type":"Feature","geometry":{"type":"Point","coordinates":[14.312094,40.832464]},"properties":{"name":"2 Giugno-Alveo Artificiale","lines":"173A, 194","arr":["173A","194"],"terminus":0,"mode":"bus","color":"#0059a9","colorDark":"#00294f","angle":270.2,"snapDist":5,"label":1}},{"type":"Feature","geometry":{"type":"Point","coordinates":[14.311549,40.831314]},"properties":{"name":"2 Giugno","lines":"173A, 194","arr":["173A","194"],"terminus":0,"mode":"bus","color":"#0059a9","colorDark":"#00294f","angle":311.6,"snapDist":3,"label":1}},{"type":"Feature","geometry":{"type":"Point","coordinates":[14.308824,40.831901]},"properties":{"name":"S.Giovanni a Teduccio - Chiesa","lines":"173A, 194, 254","arr":["173A","194","254"],"terminus":0,"mode":"bus","color":"#0059a9","colorDark":"#00294f","angle":44.5,"snapDist":17,"label":1}},{"type":"Feature","geometry":{"type":"Point","coordinates":[14.307337,40.832959]},"properties":{"name":"S.Giovanni a Teduccio - Stazione FS","lines":"173A, 194, 254","arr":["173A","194","254"],"terminus":0,"mode":"bus","color":"#0059a9","colorDark":"#00294f","angle":43.3,"snapDist":9,"label":1}},{"type":"Feature","geometry":{"type":"Point","coordinates":[14.305473,40.834315]},"properties":{"name":"S.Giovanni a Teduccio - Dep. ANM","lines":"173A, 194, 254, 421A","arr":["173A","194","254","421A"],"terminus":0,"mode":"bus","color":"#0059a9","colorDark":"#00294f","angle":43.3,"snapDist":6,"label":1}},{"type":"Feature","geometry":{"type":"Point","coordinates":[14.303669,40.835601]},"properties":{"name":"S.Giovanni a Teduccio - Sperone","lines":"173A, 194, 254, 421A","arr":["173A","194","254","421A"],"terminus":0,"mode":"bus","color":"#0059a9","colorDark":"#00294f","angle":43.7,"snapDist":9,"label":1}},{"type":"Feature","geometry":{"type":"Point","coordinates":[14.300899,40.837506]},"properties":{"name":"S.Giovanni a Teducci - Tartarone","lines":"173A, 194, 195, 254, 421A, 472","arr":["173A","194","195","254","421A","472"],"terminus":0,"mode":"bus","color":"#0059a9","colorDark":"#00294f","angle":34.3,"snapDist":5,"label":1}},{"type":"Feature","geometry":{"type":"Point","coordinates":[14.298916,40.838514]},"properties":{"name":"Ponte dei Francesi - Pazzigno","lines":"173A, 194, 195, 254, 421A, 472","arr":["173A","194","195","254","421A","472"],"terminus":0,"mode":"bus","color":"#0059a9","colorDark":"#00294f","angle":33,"snapDist":4,"label":1}},{"type":"Feature","geometry":{"type":"Point","coordinates":[14.29201,40.840948]},"properties":{"name":"Ponte dei Granili","lines":"173A, 194, 195, 254, 472","arr":["173A","194","195","254","472"],"terminus":0,"mode":"bus","color":"#0059a9","colorDark":"#00294f","angle":27.4,"snapDist":3,"label":1}},{"type":"Feature","geometry":{"type":"Point","coordinates":[14.286319,40.843007]},"properties":{"name":"Reggia di Portici","lines":"173A, 194, 195, 254, 472","arr":["173A","194","195","254","472"],"terminus":0,"mode":"bus","color":"#0059a9","colorDark":"#00294f","angle":24.1,"snapDist":7,"label":1}},{"type":"Feature","geometry":{"type":"Point","coordinates":[14.283699,40.844125]},"properties":{"name":"Reggia di Portici - S.Erasmo","lines":"173A, 194, 195, 254, 472","arr":["173A","194","195","254","472"],"terminus":0,"mode":"bus","color":"#0059a9","colorDark":"#00294f","angle":31.2,"snapDist":5,"label":1}},{"type":"Feature","geometry":{"type":"Point","coordinates":[14.278156,40.846464]},"properties":{"name":"Volta - Lucci","lines":"173A, 194, 195, 254, 421A, 455, 472, 475","arr":["173A","194","195","254","421A","455","472","475"],"terminus":0,"mode":"bus","color":"#0059a9","colorDark":"#00294f","angle":202.7,"snapDist":2,"label":0}},{"type":"Feature","geometry":{"type":"Point","coordinates":[14.279312,40.846017]},"properties":{"name":"Volta","lines":"173A, 195","arr":["173A","195"],"terminus":0,"mode":"bus","color":"#0059a9","colorDark":"#00294f","angle":209.9,"snapDist":5,"label":1}},{"type":"Feature","geometry":{"type":"Point","coordinates":[14.280708,40.845404]},"properties":{"name":"Volta - Brin","lines":"173A, 194, 195, 254, 421A, 455, 472, 475","arr":["173A","194","195","254","421A","455","472","475"],"terminus":0,"mode":"bus","color":"#0059a9","colorDark":"#00294f","angle":210.2,"snapDist":2,"label":0}},{"type":"Feature","geometry":{"type":"Point","coordinates":[14.282412,40.844653]},"properties":{"name":"Volta - S.Erasmo","lines":"173A, 194, 195, 254, 421A, 455, 472, 475","arr":["173A","194","195","254","421A","455","472","475"],"terminus":0,"mode":"bus","color":"#0059a9","colorDark":"#00294f","angle":209.6,"snapDist":2,"label":1}},{"type":"Feature","geometry":{"type":"Point","coordinates":[14.286365,40.842829]},"properties":{"name":"Reggia di Portici - Poste Italiane","lines":"173A, 194, 195, 254, 455, 472","arr":["173A","194","195","254","455","472"],"terminus":0,"mode":"bus","color":"#0059a9","colorDark":"#00294f","angle":202.8,"snapDist":6,"label":1}},{"type":"Feature","geometry":{"type":"Point","coordinates":[14.291503,40.840983]},"properties":{"name":"Ponte dei Granili","lines":"173A, 194, 195, 254, 455, 472","arr":["173A","194","195","254","455","472"],"terminus":0,"mode":"bus","color":"#0059a9","colorDark":"#00294f","angle":206.6,"snapDist":5,"label":0}},{"type":"Feature","geometry":{"type":"Point","coordinates":[14.293838,40.84017]},"properties":{"name":"Ponte dei Francesi - Vigliena","lines":"173A, 194, 195, 254, 455, 472","arr":["173A","194","195","254","455","472"],"terminus":0,"mode":"bus","color":"#0059a9","colorDark":"#00294f","angle":204.6,"snapDist":6,"label":1}},{"type":"Feature","geometry":{"type":"Point","coordinates":[14.295432,40.839629]},"properties":{"name":"Ponte dei Francesi","lines":"173A, 194, 195, 254, 455, 472","arr":["173A","194","195","254","455","472"],"terminus":0,"mode":"bus","color":"#0059a9","colorDark":"#00294f","angle":203.8,"snapDist":8,"label":1}},{"type":"Feature","geometry":{"type":"Point","coordinates":[14.298458,40.838637]},"properties":{"name":"Ponte dei Francesi - Croce Rossa Italiana","lines":"173A, 194, 195, 254, 455, 472","arr":["173A","194","195","254","455","472"],"terminus":0,"mode":"bus","color":"#0059a9","colorDark":"#00294f","angle":205.9,"snapDist":8,"label":1}},{"type":"Feature","geometry":{"type":"Point","coordinates":[14.299551,40.838194]},"properties":{"name":"S.Giovanni a Teduccio","lines":"173A, 194, 195, 254, 455, 472","arr":["173A","194","195","254","455","472"],"terminus":0,"mode":"bus","color":"#0059a9","colorDark":"#00294f","angle":213.9,"snapDist":14,"label":1}},{"type":"Feature","geometry":{"type":"Point","coordinates":[14.302098,40.836785]},"properties":{"name":"S.Giovanni a Teduccio - Tartarone","lines":"173A, 194, 195, 254, 455, 472","arr":["173A","194","195","254","455","472"],"terminus":0,"mode":"bus","color":"#0059a9","colorDark":"#00294f","angle":225.8,"snapDist":14,"label":1}},{"type":"Feature","geometry":{"type":"Point","coordinates":[14.303499,40.835724]},"properties":{"name":"S.Giovanni a Teduccio - Sperone","lines":"173A, 194, 195, 254, 421A, 455","arr":["173A","194","195","254","421A","455"],"terminus":0,"mode":"bus","color":"#0059a9","colorDark":"#00294f","angle":223.8,"snapDist":6,"label":0}},{"type":"Feature","geometry":{"type":"Point","coordinates":[14.305822,40.834067]},"properties":{"name":"S.Giovanni a Teduccio - Dep. ANM","lines":"173A, 194, 195, 254, 455","arr":["173A","194","195","254","455"],"terminus":0,"mode":"bus","color":"#0059a9","colorDark":"#00294f","angle":223.2,"snapDist":6,"label":0}},{"type":"Feature","geometry":{"type":"Point","coordinates":[14.307216,40.833044]},"properties":{"name":"S.Giovanni a Teduccio - Stazione FS","lines":"173A, 194, 195, 254, 455","arr":["173A","194","195","254","455"],"terminus":0,"mode":"bus","color":"#0059a9","colorDark":"#00294f","angle":223.3,"snapDist":0,"label":0}},{"type":"Feature","geometry":{"type":"Point","coordinates":[14.30855,40.832105]},"properties":{"name":"S.Giovanni a Teduccio - San Giovanni Battista","lines":"173A, 194, 195, 254, 455","arr":["173A","194","195","254","455"],"terminus":0,"mode":"bus","color":"#0059a9","colorDark":"#00294f","angle":224.5,"snapDist":0,"label":1}},{"type":"Feature","geometry":{"type":"Point","coordinates":[14.311572,40.831208]},"properties":{"name":"2 Giugno","lines":"173A, 194, 195","arr":["173A","194","195"],"terminus":0,"mode":"bus","color":"#0059a9","colorDark":"#00294f","angle":131.4,"snapDist":9,"label":0}},{"type":"Feature","geometry":{"type":"Point","coordinates":[14.313213,40.831651]},"properties":{"name":"Atripaldi","lines":"173A, 194, 195","arr":["173A","194","195"],"terminus":0,"mode":"bus","color":"#0059a9","colorDark":"#00294f","angle":153.6,"snapDist":9,"label":1}},{"type":"Feature","geometry":{"type":"Point","coordinates":[14.315919,40.832668]},"properties":{"name":"Atripaldi - Ex Pretura","lines":"173A, 194, 195","arr":["173A","194","195"],"terminus":0,"mode":"bus","color":"#0059a9","colorDark":"#00294f","angle":153.6,"snapDist":7,"label":1}},{"type":"Feature","geometry":{"type":"Point","coordinates":[14.31798,40.833443]},"properties":{"name":"Atripaldi - Repubbliche Marinare","lines":"173A, 194, 195","arr":["173A","194","195"],"terminus":0,"mode":"bus","color":"#0059a9","colorDark":"#00294f","angle":153.6,"snapDist":10,"label":1}},{"type":"Feature","geometry":{"type":"Point","coordinates":[14.319655,40.832817]},"properties":{"name":"Repubbliche Marinare - Rione Forzati","lines":"173A, 194","arr":["173A","194"],"terminus":0,"mode":"bus","color":"#0059a9","colorDark":"#00294f","angle":221.7,"snapDist":4,"label":0}},{"type":"Feature","geometry":{"type":"Point","coordinates":[14.314587,40.843952]},"properties":{"name":"Chiaromonte","lines":"173A, 195, 472, 475","arr":["173A","195","472","475"],"terminus":0,"mode":"bus","color":"#0059a9","colorDark":"#00294f","angle":149,"snapDist":10,"label":1}},{"type":"Feature","geometry":{"type":"Point","coordinates":[14.316066,40.844528]},"properties":{"name":"Cavalc. Ponticelli - Velotti","lines":"173A, 195, 472, 475","arr":["173A","195","472","475"],"terminus":0,"mode":"bus","color":"#0059a9","colorDark":"#00294f","angle":159.1,"snapDist":8,"label":1}},{"type":"Feature","geometry":{"type":"Point","coordinates":[14.318097,40.844777]},"properties":{"name":"Chiaromonte","lines":"173A, 195","arr":["173A","195"],"terminus":0,"mode":"bus","color":"#0059a9","colorDark":"#00294f","angle":184.1,"snapDist":1,"label":1}},{"type":"Feature","geometry":{"type":"Point","coordinates":[14.327751,40.844561]},"properties":{"name":"Mastellone 100 FR.","lines":"173A, 194","arr":["173A","194"],"terminus":0,"mode":"bus","color":"#0059a9","colorDark":"#00294f","angle":170,"snapDist":8,"label":1}},{"type":"Feature","geometry":{"type":"Point","coordinates":[14.334631,40.846845]},"properties":{"name":"Mastellone - Cimitero Barra","lines":"173A, 194","arr":["173A","194"],"terminus":0,"mode":"bus","color":"#0059a9","colorDark":"#00294f","angle":158.3,"snapDist":9,"label":1}},{"type":"Feature","geometry":{"type":"Point","coordinates":[14.344484,40.849824]},"properties":{"name":"Metamorfosi","lines":"173A","arr":["173A"],"terminus":0,"mode":"bus","color":"#0059a9","colorDark":"#00294f","angle":156.7,"snapDist":5,"label":0}},{"type":"Feature","geometry":{"type":"Point","coordinates":[14.346848,40.85065]},"properties":{"name":"Metamorfosi","lines":"173A","arr":["173A"],"terminus":0,"mode":"bus","color":"#0059a9","colorDark":"#00294f","angle":156.4,"snapDist":8,"label":1}},{"type":"Feature","geometry":{"type":"Point","coordinates":[14.326946,40.857719]},"properties":{"name":"Argine - Provincia","lines":"173A, 191, 195, 196, 472","arr":["173A","191","195","196","472"],"terminus":0,"mode":"bus","color":"#0059a9","colorDark":"#00294f","angle":329.6,"snapDist":3,"label":1}},{"type":"Feature","geometry":{"type":"Point","coordinates":[14.322162,40.855598]},"properties":{"name":"Argine - Cimitero","lines":"173A, 191, 195, 196, 472","arr":["173A","191","195","196","472"],"terminus":0,"mode":"bus","color":"#0059a9","colorDark":"#00294f","angle":329.7,"snapDist":4,"label":1}},{"type":"Feature","geometry":{"type":"Point","coordinates":[14.320065,40.854676]},"properties":{"name":"Argine - Palermo","lines":"173A, 191, 195, 196, 472","arr":["173A","191","195","196","472"],"terminus":0,"mode":"bus","color":"#0059a9","colorDark":"#00294f","angle":329.9,"snapDist":3,"label":1}},{"type":"Feature","geometry":{"type":"Point","coordinates":[14.320332,40.854671]},"properties":{"name":"Argine - Palermo","lines":"173A, 191, 195, 196","arr":["173A","191","195","196"],"terminus":0,"mode":"bus","color":"#0059a9","colorDark":"#00294f","angle":150,"snapDist":11,"label":0}},{"type":"Feature","geometry":{"type":"Point","coordinates":[14.322763,40.855751]},"properties":{"name":"Argine - Cimitero","lines":"173A, 191, 195, 196","arr":["173A","191","195","196"],"terminus":0,"mode":"bus","color":"#0059a9","colorDark":"#00294f","angle":149.4,"snapDist":9,"label":0}},{"type":"Feature","geometry":{"type":"Point","coordinates":[14.326006,40.857196]},"properties":{"name":"Argine - Maranda","lines":"173A, 191, 195, 196","arr":["173A","191","195","196"],"terminus":0,"mode":"bus","color":"#0059a9","colorDark":"#00294f","angle":149.5,"snapDist":10,"label":1}},{"type":"Feature","geometry":{"type":"Point","coordinates":[14.386312,40.861118]},"properties":{"name":"Cavour - Istituto Case Popolari","lines":"175, 475","arr":["175","475"],"terminus":1,"mode":"bus","color":"#0059a9","colorDark":"#00294f","angle":19.7,"snapDist":1,"label":1}},{"type":"Feature","geometry":{"type":"Point","coordinates":[14.381764,40.857455]},"properties":{"name":"Starzolla","lines":"175, 475","arr":["175","475"],"terminus":0,"mode":"bus","color":"#0059a9","colorDark":"#00294f","angle":338.2,"snapDist":5,"label":1}},{"type":"Feature","geometry":{"type":"Point","coordinates":[14.378294,40.857253]},"properties":{"name":"S.Giacomo","lines":"175, 475","arr":["175","475"],"terminus":0,"mode":"bus","color":"#0059a9","colorDark":"#00294f","angle":354.9,"snapDist":3,"label":1}},{"type":"Feature","geometry":{"type":"Point","coordinates":[14.379062,40.854541]},"properties":{"name":"Amodio","lines":"175, 475","arr":["175","475"],"terminus":0,"mode":"bus","color":"#0059a9","colorDark":"#00294f","angle":294.5,"snapDist":2,"label":1}},{"type":"Feature","geometry":{"type":"Point","coordinates":[14.376465,40.852895]},"properties":{"name":"Massa Pollena","lines":"175, 475","arr":["175","475"],"terminus":0,"mode":"bus","color":"#0059a9","colorDark":"#00294f","angle":315.8,"snapDist":2,"label":1}},{"type":"Feature","geometry":{"type":"Point","coordinates":[14.375109,40.849149]},"properties":{"name":"Boccarusso - Massa di Somma","lines":"175, 475","arr":["175","475"],"terminus":0,"mode":"bus","color":"#0059a9","colorDark":"#00294f","angle":260.7,"snapDist":2,"label":1}},{"type":"Feature","geometry":{"type":"Point","coordinates":[14.374507,40.847976]},"properties":{"name":"Boccarusso","lines":"175, 475","arr":["175","475"],"terminus":0,"mode":"bus","color":"#0059a9","colorDark":"#00294f","angle":329.8,"snapDist":3,"label":1}},{"type":"Feature","geometry":{"type":"Point","coordinates":[14.373085,40.847009]},"properties":{"name":"Boccarusso","lines":"175, 475","arr":["175","475"],"terminus":0,"mode":"bus","color":"#0059a9","colorDark":"#00294f","angle":262.4,"snapDist":7,"label":0}},{"type":"Feature","geometry":{"type":"Point","coordinates":[14.371892,40.845268]},"properties":{"name":"Piromallo","lines":"175, 475","arr":["175","475"],"terminus":0,"mode":"bus","color":"#0059a9","colorDark":"#00294f","angle":337.1,"snapDist":1,"label":1}},{"type":"Feature","geometry":{"type":"Point","coordinates":[14.369312,40.844563]},"properties":{"name":"Belvedere - Cannone","lines":"175, 177, 475","arr":["175","177","475"],"terminus":0,"mode":"bus","color":"#0059a9","colorDark":"#00294f","angle":35.7,"snapDist":11,"label":1}},{"type":"Feature","geometry":{"type":"Point","coordinates":[14.369927,40.846441]},"properties":{"name":"P.Co del Sole - P.le delle Mimose","lines":"175, 177, 475","arr":["175","177","475"],"terminus":0,"mode":"bus","color":"#0059a9","colorDark":"#00294f","angle":26.2,"snapDist":8,"label":1}},{"type":"Feature","geometry":{"type":"Point","coordinates":[14.36739,40.847383]},"properties":{"name":"P.Co del Sole - Viale delle Mimose","lines":"175, 177, 475","arr":["175","177","475"],"terminus":0,"mode":"bus","color":"#0059a9","colorDark":"#00294f","angle":21.7,"snapDist":7,"label":1}},{"type":"Feature","geometry":{"type":"Point","coordinates":[14.365059,40.848304]},"properties":{"name":"L.Giordano - S .sebastiano","lines":"175, 177, 475","arr":["175","177","475"],"terminus":0,"mode":"bus","color":"#0059a9","colorDark":"#00294f","angle":36.7,"snapDist":4,"label":1}},{"type":"Feature","geometry":{"type":"Point","coordinates":[14.362911,40.849522]},"properties":{"name":"Giordano","lines":"175, 177, 475","arr":["175","177","475"],"terminus":0,"mode":"bus","color":"#0059a9","colorDark":"#00294f","angle":36.9,"snapDist":6,"label":1}},{"type":"Feature","geometry":{"type":"Point","coordinates":[14.361303,40.848226]},"properties":{"name":"Libertà","lines":"175, 177, 475","arr":["175","177","475"],"terminus":0,"mode":"bus","color":"#0059a9","colorDark":"#00294f","angle":245.1,"snapDist":1,"label":1}},{"type":"Feature","geometry":{"type":"Point","coordinates":[14.362991,40.845464]},"properties":{"name":"Libertà - S .sebastiano","lines":"175, 177, 475","arr":["175","177","475"],"terminus":0,"mode":"bus","color":"#0059a9","colorDark":"#00294f","angle":242,"snapDist":4,"label":1}},{"type":"Feature","geometry":{"type":"Point","coordinates":[14.365278,40.842439]},"properties":{"name":"Libertà - Repubblica","lines":"175, 177, 475","arr":["175","177","475"],"terminus":0,"mode":"bus","color":"#0059a9","colorDark":"#00294f","angle":240.9,"snapDist":3,"label":1}},{"type":"Feature","geometry":{"type":"Point","coordinates":[14.36336,40.838482]},"properties":{"name":"Patacca","lines":"175, 177, 475","arr":["175","177","475"],"terminus":0,"mode":"bus","color":"#0059a9","colorDark":"#00294f","angle":339.2,"snapDist":3,"label":1}},{"type":"Feature","geometry":{"type":"Point","coordinates":[14.359388,40.836398]},"properties":{"name":"Togliatti - Chiesa","lines":"175, 475","arr":["175","475"],"terminus":0,"mode":"bus","color":"#0059a9","colorDark":"#00294f","angle":357.8,"snapDist":2,"label":1}},{"type":"Feature","geometry":{"type":"Point","coordinates":[14.357911,40.836337]},"properties":{"name":"Togliatti","lines":"175, 475","arr":["175","475"],"terminus":0,"mode":"bus","color":"#0059a9","colorDark":"#00294f","angle":357.2,"snapDist":6,"label":1}},{"type":"Feature","geometry":{"type":"Point","coordinates":[14.354195,40.836008]},"properties":{"name":"Togliatti","lines":"175, 475","arr":["175","475"],"terminus":0,"mode":"bus","color":"#0059a9","colorDark":"#00294f","angle":350.1,"snapDist":1,"label":1}},{"type":"Feature","geometry":{"type":"Point","coordinates":[14.350396,40.835498]},"properties":{"name":"Togliatti","lines":"175, 475","arr":["175","475"],"terminus":0,"mode":"bus","color":"#0059a9","colorDark":"#00294f","angle":349.9,"snapDist":5,"label":1}},{"type":"Feature","geometry":{"type":"Point","coordinates":[14.349322,40.837271]},"properties":{"name":"Formisano","lines":"175, 475","arr":["175","475"],"terminus":0,"mode":"bus","color":"#0059a9","colorDark":"#00294f","angle":80.2,"snapDist":12,"label":1}},{"type":"Feature","geometry":{"type":"Point","coordinates":[14.345,40.838853]},"properties":{"name":"Salvator Rosa - D'Acquisto","lines":"175, 475","arr":["175","475"],"terminus":0,"mode":"bus","color":"#0059a9","colorDark":"#00294f","angle":344.6,"snapDist":3,"label":1}},{"type":"Feature","geometry":{"type":"Point","coordinates":[14.341754,40.851521]},"properties":{"name":"Pomilio","lines":"175, 195","arr":["175","195"],"terminus":0,"mode":"bus","color":"#0059a9","colorDark":"#00294f","angle":359.7,"snapDist":6,"label":1}},{"type":"Feature","geometry":{"type":"Point","coordinates":[14.339776,40.851511]},"properties":{"name":"Pomilio - Circumvesuviana","lines":"175, 195","arr":["175","195"],"terminus":0,"mode":"bus","color":"#0059a9","colorDark":"#00294f","angle":359.4,"snapDist":8,"label":1}},{"type":"Feature","geometry":{"type":"Point","coordinates":[14.339124,40.849779]},"properties":{"name":"M.Pomilio","lines":"175, 195","arr":["175","195"],"terminus":0,"mode":"bus","color":"#0059a9","colorDark":"#00294f","angle":271.1,"snapDist":1,"label":1}},{"type":"Feature","geometry":{"type":"Point","coordinates":[14.342407,40.832282]},"properties":{"name":"Gianturco","lines":"175","arr":["175"],"terminus":0,"mode":"bus","color":"#0059a9","colorDark":"#00294f","angle":247.2,"snapDist":4,"label":1}},{"type":"Feature","geometry":{"type":"Point","coordinates":[14.346353,40.835007]},"properties":{"name":"Pittore - Giordano","lines":"175, 475","arr":["175","475"],"terminus":0,"mode":"bus","color":"#0059a9","colorDark":"#00294f","angle":170.7,"snapDist":13,"label":1}},{"type":"Feature","geometry":{"type":"Point","coordinates":[14.350561,40.83552]},"properties":{"name":"Togliatti","lines":"175, 475","arr":["175","475"],"terminus":0,"mode":"bus","color":"#0059a9","colorDark":"#00294f","angle":169.9,"snapDist":8,"label":0}},{"type":"Feature","geometry":{"type":"Point","coordinates":[14.354703,40.836076]},"properties":{"name":"Togliatti","lines":"175, 475","arr":["175","475"],"terminus":0,"mode":"bus","color":"#0059a9","colorDark":"#00294f","angle":170.1,"snapDist":7,"label":0}},{"type":"Feature","geometry":{"type":"Point","coordinates":[14.358067,40.836343]},"properties":{"name":"Togliatti","lines":"175, 475","arr":["175","475"],"terminus":0,"mode":"bus","color":"#0059a9","colorDark":"#00294f","angle":177.2,"snapDist":9,"label":0}},{"type":"Feature","geometry":{"type":"Point","coordinates":[14.361071,40.836575]},"properties":{"name":"Miranapoli","lines":"175, 177, 475","arr":["175","177","475"],"terminus":0,"mode":"bus","color":"#0059a9","colorDark":"#00294f","angle":116.3,"snapDist":9,"label":1}},{"type":"Feature","geometry":{"type":"Point","coordinates":[14.363635,40.838594]},"properties":{"name":"Patacca","lines":"175, 177, 475","arr":["175","177","475"],"terminus":0,"mode":"bus","color":"#0059a9","colorDark":"#00294f","angle":147.6,"snapDist":10,"label":0}},{"type":"Feature","geometry":{"type":"Point","coordinates":[14.366391,40.841632]},"properties":{"name":"Falconi","lines":"175, 177","arr":["175","177"],"terminus":0,"mode":"bus","color":"#0059a9","colorDark":"#00294f","angle":214.6,"snapDist":6,"label":1}},{"type":"Feature","geometry":{"type":"Point","coordinates":[14.369352,40.841314]},"properties":{"name":"Plinio il Vecchio","lines":"175, 177","arr":["175","177"],"terminus":0,"mode":"bus","color":"#0059a9","colorDark":"#00294f","angle":75.8,"snapDist":10,"label":1}},{"type":"Feature","geometry":{"type":"Point","coordinates":[14.370194,40.844068]},"properties":{"name":"Roma - Belvedere","lines":"175, 177, 475","arr":["175","177","475"],"terminus":1,"mode":"bus","color":"#0059a9","colorDark":"#00294f","angle":40.4,"snapDist":6,"label":1}},{"type":"Feature","geometry":{"type":"Point","coordinates":[14.372489,40.84512]},"properties":{"name":"Garibaldi","lines":"175, 475","arr":["175","475"],"terminus":0,"mode":"bus","color":"#0059a9","colorDark":"#00294f","angle":155.4,"snapDist":10,"label":1}},{"type":"Feature","geometry":{"type":"Point","coordinates":[14.373097,40.846942]},"properties":{"name":"Boccarusso","lines":"175, 475","arr":["175","475"],"terminus":0,"mode":"bus","color":"#0059a9","colorDark":"#00294f","angle":82.4,"snapDist":8,"label":0}},{"type":"Feature","geometry":{"type":"Point","coordinates":[14.37412,40.847806]},"properties":{"name":"Piazza dell'Autonomia","lines":"175, 475","arr":["175","475"],"terminus":0,"mode":"bus","color":"#0059a9","colorDark":"#00294f","angle":149.8,"snapDist":10,"label":1}},{"type":"Feature","geometry":{"type":"Point","coordinates":[14.375045,40.849445]},"properties":{"name":"Boccarusso - Massa di Somma","lines":"175, 475","arr":["175","475"],"terminus":0,"mode":"bus","color":"#0059a9","colorDark":"#00294f","angle":80.7,"snapDist":8,"label":0}},{"type":"Feature","geometry":{"type":"Point","coordinates":[14.375534,40.852003]},"properties":{"name":"Massa - Osp. Apicella","lines":"175, 475","arr":["175","475"],"terminus":0,"mode":"bus","color":"#0059a9","colorDark":"#00294f","angle":111.7,"snapDist":13,"label":1}},{"type":"Feature","geometry":{"type":"Point","coordinates":[14.379025,40.854481]},"properties":{"name":"Massa","lines":"175, 475","arr":["175","475"],"terminus":0,"mode":"bus","color":"#0059a9","colorDark":"#00294f","angle":114.5,"snapDist":10,"label":1}},{"type":"Feature","geometry":{"type":"Point","coordinates":[14.383288,40.857468]},"properties":{"name":"Donzetti","lines":"175, 475","arr":["175","475"],"terminus":0,"mode":"bus","color":"#0059a9","colorDark":"#00294f","angle":186.4,"snapDist":9,"label":1}},{"type":"Feature","geometry":{"type":"Point","coordinates":[14.388853,40.859086]},"properties":{"name":"Fusco","lines":"175, 475","arr":["175","475"],"terminus":0,"mode":"bus","color":"#0059a9","colorDark":"#00294f","angle":143.2,"snapDist":10,"label":1}},{"type":"Feature","geometry":{"type":"Point","coordinates":[14.363452,40.818311]},"properties":{"name":"San Vito","lines":"176","arr":["176"],"terminus":0,"mode":"bus","color":"#0059a9","colorDark":"#00294f","angle":118.5,"snapDist":9,"label":1}},{"type":"Feature","geometry":{"type":"Point","coordinates":[14.367683,40.822213]},"properties":{"name":"San Vito","lines":"176","arr":["176"],"terminus":0,"mode":"bus","color":"#0059a9","colorDark":"#00294f","angle":128.6,"snapDist":8,"label":1}},{"type":"Feature","geometry":{"type":"Point","coordinates":[14.368773,40.823111]},"properties":{"name":"San Vito","lines":"176","arr":["176"],"terminus":0,"mode":"bus","color":"#0059a9","colorDark":"#00294f","angle":132.1,"snapDist":8,"label":0}},{"type":"Feature","geometry":{"type":"Point","coordinates":[14.370263,40.823878]},"properties":{"name":"San Vito","lines":"176","arr":["176"],"terminus":0,"mode":"bus","color":"#0059a9","colorDark":"#00294f","angle":148.4,"snapDist":9,"label":1}},{"type":"Feature","geometry":{"type":"Point","coordinates":[14.372927,40.824579]},"properties":{"name":"San Vito","lines":"176","arr":["176"],"terminus":0,"mode":"bus","color":"#0059a9","colorDark":"#00294f","angle":147.5,"snapDist":9,"label":1}},{"type":"Feature","geometry":{"type":"Point","coordinates":[14.373258,40.825272]},"properties":{"name":"Cook","lines":"176","arr":["176"],"terminus":1,"mode":"bus","color":"#0059a9","colorDark":"#00294f","angle":343.8,"snapDist":1,"label":1}},{"type":"Feature","geometry":{"type":"Point","coordinates":[14.369982,40.824526]},"properties":{"name":"Cook","lines":"176","arr":["176"],"terminus":0,"mode":"bus","color":"#0059a9","colorDark":"#00294f","angle":327.7,"snapDist":3,"label":1}},{"type":"Feature","geometry":{"type":"Point","coordinates":[14.367611,40.822144]},"properties":{"name":"Cook","lines":"176","arr":["176"],"terminus":0,"mode":"bus","color":"#0059a9","colorDark":"#00294f","angle":308.6,"snapDist":7,"label":1}},{"type":"Feature","geometry":{"type":"Point","coordinates":[14.351073,40.804006]},"properties":{"name":"Resina","lines":"176, 177","arr":["176","177"],"terminus":0,"mode":"bus","color":"#0059a9","colorDark":"#00294f","angle":52.6,"snapDist":4,"label":1}},{"type":"Feature","geometry":{"type":"Point","coordinates":[14.349866,40.805394]},"properties":{"name":"Resina - Poste","lines":"176, 177","arr":["176","177"],"terminus":0,"mode":"bus","color":"#0059a9","colorDark":"#00294f","angle":57.7,"snapDist":7,"label":1}},{"type":"Feature","geometry":{"type":"Point","coordinates":[14.347959,40.808183]},"properties":{"name":"Resina","lines":"176, 177","arr":["176","177"],"terminus":0,"mode":"bus","color":"#0059a9","colorDark":"#00294f","angle":61.5,"snapDist":6,"label":1}},{"type":"Feature","geometry":{"type":"Point","coordinates":[14.34592,40.80936]},"properties":{"name":"Resina","lines":"176, 177","arr":["176","177"],"terminus":0,"mode":"bus","color":"#0059a9","colorDark":"#00294f","angle":32.4,"snapDist":3,"label":0}},{"type":"Feature","geometry":{"type":"Point","coordinates":[14.343493,40.810908]},"properties":{"name":"Università","lines":"176, 177","arr":["176","177"],"terminus":0,"mode":"bus","color":"#0059a9","colorDark":"#00294f","angle":51.2,"snapDist":10,"label":1}},{"type":"Feature","geometry":{"type":"Point","coordinates":[14.341328,40.812193]},"properties":{"name":"Università","lines":"176, 177","arr":["176","177"],"terminus":0,"mode":"bus","color":"#0059a9","colorDark":"#00294f","angle":33.5,"snapDist":3,"label":1}},{"type":"Feature","geometry":{"type":"Point","coordinates":[14.361835,40.81892]},"properties":{"name":"Cozzolino","lines":"177","arr":["177"],"terminus":0,"mode":"bus","color":"#0059a9","colorDark":"#00294f","angle":41,"snapDist":6,"label":1}},{"type":"Feature","geometry":{"type":"Point","coordinates":[14.359648,40.821574]},"properties":{"name":"Cozzolino","lines":"177","arr":["177"],"terminus":0,"mode":"bus","color":"#0059a9","colorDark":"#00294f","angle":61.2,"snapDist":10,"label":1}},{"type":"Feature","geometry":{"type":"Point","coordinates":[14.358478,40.823182]},"properties":{"name":"Cozzolino - Cimitero","lines":"177","arr":["177"],"terminus":0,"mode":"bus","color":"#0059a9","colorDark":"#00294f","angle":61.2,"snapDist":7,"label":1}},{"type":"Feature","geometry":{"type":"Point","coordinates":[14.3572,40.825296]},"properties":{"name":"Cozzolino","lines":"177","arr":["177"],"terminus":0,"mode":"bus","color":"#0059a9","colorDark":"#00294f","angle":68.4,"snapDist":9,"label":1}},{"type":"Feature","geometry":{"type":"Point","coordinates":[14.356002,40.82754]},"properties":{"name":"Cozzolino","lines":"177","arr":["177"],"terminus":0,"mode":"bus","color":"#0059a9","colorDark":"#00294f","angle":74.6,"snapDist":11,"label":1}},{"type":"Feature","geometry":{"type":"Point","coordinates":[14.355824,40.828567]},"properties":{"name":"Cozzolino","lines":"177","arr":["177"],"terminus":0,"mode":"bus","color":"#0059a9","colorDark":"#00294f","angle":93.7,"snapDist":11,"label":0}},{"type":"Feature","geometry":{"type":"Point","coordinates":[14.357465,40.831254]},"properties":{"name":"Cozzolino","lines":"177","arr":["177"],"terminus":0,"mode":"bus","color":"#0059a9","colorDark":"#00294f","angle":116.1,"snapDist":14,"label":1}},{"type":"Feature","geometry":{"type":"Point","coordinates":[14.360547,40.835813]},"properties":{"name":"Cozzolino","lines":"177","arr":["177"],"terminus":0,"mode":"bus","color":"#0059a9","colorDark":"#00294f","angle":297.6,"snapDist":2,"label":1}},{"type":"Feature","geometry":{"type":"Point","coordinates":[14.357295,40.830991]},"properties":{"name":"Cozzolino","lines":"177","arr":["177"],"terminus":0,"mode":"bus","color":"#0059a9","colorDark":"#00294f","angle":296.1,"snapDist":4,"label":0}},{"type":"Feature","geometry":{"type":"Point","coordinates":[14.355822,40.82855]},"properties":{"name":"Cozzolino","lines":"177","arr":["177"],"terminus":0,"mode":"bus","color":"#0059a9","colorDark":"#00294f","angle":273.7,"snapDist":1,"label":0}},{"type":"Feature","geometry":{"type":"Point","coordinates":[14.356471,40.826659]},"properties":{"name":"Cozzolino - Siani","lines":"177","arr":["177"],"terminus":0,"mode":"bus","color":"#0059a9","colorDark":"#00294f","angle":247.4,"snapDist":3,"label":1}},{"type":"Feature","geometry":{"type":"Point","coordinates":[14.359497,40.821781]},"properties":{"name":"Cozzolino","lines":"177","arr":["177"],"terminus":0,"mode":"bus","color":"#0059a9","colorDark":"#00294f","angle":241.2,"snapDist":5,"label":0}},{"type":"Feature","geometry":{"type":"Point","coordinates":[14.237632,40.892804]},"properties":{"name":"Tafuri - Plebiscito","lines":"178, N5","arr":["178","N5"],"terminus":1,"mode":"bus","color":"#0059a9","colorDark":"#00294f","angle":31.2,"snapDist":0,"label":1}},{"type":"Feature","geometry":{"type":"Point","coordinates":[14.232943,40.888817]},"properties":{"name":"Dietro la Vigna 85","lines":"178","arr":["178"],"terminus":0,"mode":"bus","color":"#0059a9","colorDark":"#00294f","angle":286.9,"snapDist":7,"label":1}},{"type":"Feature","geometry":{"type":"Point","coordinates":[14.234422,40.887349]},"properties":{"name":"Dietro la Vigna","lines":"178","arr":["178"],"terminus":0,"mode":"bus","color":"#0059a9","colorDark":"#00294f","angle":191.5,"snapDist":11,"label":1}},{"type":"Feature","geometry":{"type":"Point","coordinates":[14.237727,40.887586]},"properties":{"name":"Madonna delle Grazie","lines":"178","arr":["178"],"terminus":0,"mode":"bus","color":"#0059a9","colorDark":"#00294f","angle":96.5,"snapDist":12,"label":1}},{"type":"Feature","geometry":{"type":"Point","coordinates":[14.238651,40.889863]},"properties":{"name":"Napoli a Piscinola","lines":"178","arr":["178"],"terminus":0,"mode":"bus","color":"#0059a9","colorDark":"#00294f","angle":109.4,"snapDist":9,"label":1}},{"type":"Feature","geometry":{"type":"Point","coordinates":[14.239479,40.890556]},"properties":{"name":"Via Veneto","lines":"178","arr":["178"],"terminus":0,"mode":"bus","color":"#0059a9","colorDark":"#00294f","angle":210.3,"snapDist":1,"label":1}},{"type":"Feature","geometry":{"type":"Point","coordinates":[14.240742,40.889995]},"properties":{"name":"Vittorio Veneto","lines":"178","arr":["178"],"terminus":0,"mode":"bus","color":"#0059a9","colorDark":"#00294f","angle":210.4,"snapDist":3,"label":1}},{"type":"Feature","geometry":{"type":"Point","coordinates":[14.243111,40.888943]},"properties":{"name":"Vittorio Veneto","lines":"178","arr":["178"],"terminus":0,"mode":"bus","color":"#0059a9","colorDark":"#00294f","angle":210.4,"snapDist":4,"label":1}},{"type":"Feature","geometry":{"type":"Point","coordinates":[14.245606,40.88782]},"properties":{"name":"Vittorio Veneto","lines":"178","arr":["178"],"terminus":0,"mode":"bus","color":"#0059a9","colorDark":"#00294f","angle":211,"snapDist":7,"label":1}},{"type":"Feature","geometry":{"type":"Point","coordinates":[14.247376,40.88784]},"properties":{"name":"Ianfolla","lines":"178, C78","arr":["178","C78"],"terminus":0,"mode":"bus","color":"#0059a9","colorDark":"#00294f","angle":157.5,"snapDist":7,"label":1}},{"type":"Feature","geometry":{"type":"Point","coordinates":[14.250245,40.888763]},"properties":{"name":"Ianfolla","lines":"178, C78","arr":["178","C78"],"terminus":0,"mode":"bus","color":"#0059a9","colorDark":"#00294f","angle":164.7,"snapDist":7,"label":1}},{"type":"Feature","geometry":{"type":"Point","coordinates":[14.250211,40.8877]},"properties":{"name":"Miano 129","lines":"178, C67","arr":["178","C67"],"terminus":0,"mode":"bus","color":"#0059a9","colorDark":"#00294f","angle":295.6,"snapDist":3,"label":1}},{"type":"Feature","geometry":{"type":"Point","coordinates":[14.248877,40.885549]},"properties":{"name":"Miano","lines":"178, C67","arr":["178","C67"],"terminus":0,"mode":"bus","color":"#0059a9","colorDark":"#00294f","angle":293.9,"snapDist":2,"label":1}},{"type":"Feature","geometry":{"type":"Point","coordinates":[14.249507,40.881801]},"properties":{"name":"Miano 89","lines":"178, C67","arr":["178","C67"],"terminus":0,"mode":"bus","color":"#0059a9","colorDark":"#00294f","angle":266,"snapDist":2,"label":1}},{"type":"Feature","geometry":{"type":"Point","coordinates":[14.249494,40.881952]},"properties":{"name":"Miano 38","lines":"178, C67","arr":["178","C67"],"terminus":0,"mode":"bus","color":"#0059a9","colorDark":"#00294f","angle":86,"snapDist":11,"label":1}},{"type":"Feature","geometry":{"type":"Point","coordinates":[14.249039,40.885826]},"properties":{"name":"Miano","lines":"178, C67","arr":["178","C67"],"terminus":0,"mode":"bus","color":"#0059a9","colorDark":"#00294f","angle":113.9,"snapDist":10,"label":0}},{"type":"Feature","geometry":{"type":"Point","coordinates":[14.248929,40.886315]},"properties":{"name":"Vittorio Veneto 3 B","lines":"178","arr":["178"],"terminus":0,"mode":"bus","color":"#0059a9","colorDark":"#00294f","angle":30.9,"snapDist":5,"label":1}},{"type":"Feature","geometry":{"type":"Point","coordinates":[14.246882,40.887241]},"properties":{"name":"Vittorio Veneto","lines":"178","arr":["178"],"terminus":0,"mode":"bus","color":"#0059a9","colorDark":"#00294f","angle":30.9,"snapDist":5,"label":0}},{"type":"Feature","geometry":{"type":"Point","coordinates":[14.24538,40.887923]},"properties":{"name":"Vittorio Veneto","lines":"178, N5","arr":["178","N5"],"terminus":0,"mode":"bus","color":"#0059a9","colorDark":"#00294f","angle":31,"snapDist":5,"label":0}},{"type":"Feature","geometry":{"type":"Point","coordinates":[14.243232,40.888889]},"properties":{"name":"Vittorio Veneto","lines":"178, N5","arr":["178","N5"],"terminus":0,"mode":"bus","color":"#0059a9","colorDark":"#00294f","angle":30.4,"snapDist":5,"label":0}},{"type":"Feature","geometry":{"type":"Point","coordinates":[14.240932,40.88991]},"properties":{"name":"Vittorio Veneto","lines":"178, N5","arr":["178","N5"],"terminus":0,"mode":"bus","color":"#0059a9","colorDark":"#00294f","angle":30.4,"snapDist":8,"label":0}},{"type":"Feature","geometry":{"type":"Point","coordinates":[14.239486,40.890552]},"properties":{"name":"Vittorio Veneto","lines":"178, N5","arr":["178","N5"],"terminus":0,"mode":"bus","color":"#0059a9","colorDark":"#00294f","angle":30.3,"snapDist":8,"label":0}},{"type":"Feature","geometry":{"type":"Point","coordinates":[14.239595,40.892234]},"properties":{"name":"Napoli a Piscinola","lines":"178, N5","arr":["178","N5"],"terminus":0,"mode":"bus","color":"#0059a9","colorDark":"#00294f","angle":75.9,"snapDist":11,"label":1}},{"type":"Feature","geometry":{"type":"Point","coordinates":[14.194399,40.822741]},"properties":{"name":"Piazzale Tecchio","lines":"180, 181, 502, 618, C1, C1E, C3, N6, N7, R6, S1, S2","arr":["180","181","502","618","C1","C1E","C3","N6","N7","R6","S1","S2"],"terminus":1,"mode":"bus","color":"#0059a9","colorDark":"#00294f","angle":337.7,"snapDist":5,"label":1}},{"type":"Feature","geometry":{"type":"Point","coordinates":[14.195033,40.826949]},"properties":{"name":"Marino - Lepanto","lines":"180, 181, 502, 618, C3, N6, N7, R6, S2","arr":["180","181","502","618","C3","N6","N7","R6","S2"],"terminus":0,"mode":"bus","color":"#0059a9","colorDark":"#00294f","angle":109.1,"snapDist":13,"label":1}},{"type":"Feature","geometry":{"type":"Point","coordinates":[14.195748,40.828344]},"properties":{"name":"Marino - Stadio Maradona","lines":"180, 181, 502, 618, C3, N6, N7, R6, S2","arr":["180","181","502","618","C3","N6","N7","R6","S2"],"terminus":0,"mode":"bus","color":"#0059a9","colorDark":"#00294f","angle":113.1,"snapDist":12,"label":1}},{"type":"Feature","geometry":{"type":"Point","coordinates":[14.19595,40.830005]},"properties":{"name":"Leopardi - Direzione ANM","lines":"180, 502, 618, C3, N6, R6, S2","arr":["180","502","618","C3","N6","R6","S2"],"terminus":0,"mode":"bus","color":"#0059a9","colorDark":"#00294f","angle":22.5,"snapDist":5,"label":1}},{"type":"Feature","geometry":{"type":"Point","coordinates":[14.193784,40.830715]},"properties":{"name":"Leopardi - Rione Lauro","lines":"180, 502, 618, C3, N6, R6, S2","arr":["180","502","618","C3","N6","R6","S2"],"terminus":0,"mode":"bus","color":"#0059a9","colorDark":"#00294f","angle":23.4,"snapDist":3,"label":1}},{"type":"Feature","geometry":{"type":"Point","coordinates":[14.192228,40.831203]},"properties":{"name":"Leopardi - D'Aannunzio","lines":"180, 502, 618, C3, N6, R6, S2","arr":["180","502","618","C3","N6","R6","S2"],"terminus":0,"mode":"bus","color":"#0059a9","colorDark":"#00294f","angle":22.2,"snapDist":4,"label":1}},{"type":"Feature","geometry":{"type":"Point","coordinates":[14.190823,40.83547]},"properties":{"name":"Cintia -Parco San Paolo","lines":"180, R6, S2","arr":["180","R6","S2"],"terminus":0,"mode":"bus","color":"#0059a9","colorDark":"#00294f","angle":65.9,"snapDist":9,"label":1}},{"type":"Feature","geometry":{"type":"Point","coordinates":[14.189692,40.837207]},"properties":{"name":"Cintia - Clinica Center","lines":"180, R6, S2","arr":["180","R6","S2"],"terminus":0,"mode":"bus","color":"#0059a9","colorDark":"#00294f","angle":64.2,"snapDist":10,"label":1}},{"type":"Feature","geometry":{"type":"Point","coordinates":[14.187371,40.840423]},"properties":{"name":"Cintia-Monte Sant'Angelo","lines":"180, R6, S2","arr":["180","R6","S2"],"terminus":0,"mode":"bus","color":"#0059a9","colorDark":"#00294f","angle":61.2,"snapDist":9,"label":1}},{"type":"Feature","geometry":{"type":"Point","coordinates":[14.185575,40.842909]},"properties":{"name":"Cintia-Traiano","lines":"180, R6, S2","arr":["180","R6","S2"],"terminus":0,"mode":"bus","color":"#0059a9","colorDark":"#00294f","angle":60.1,"snapDist":9,"label":1}},{"type":"Feature","geometry":{"type":"Point","coordinates":[14.282056,40.87074]},"properties":{"name":"Virtuale Doganella","lines":"180","arr":["180"],"terminus":0,"mode":"bus","color":"#0059a9","colorDark":"#00294f","angle":171.3,"snapDist":5,"label":1}},{"type":"Feature","geometry":{"type":"Point","coordinates":[14.285559,40.873177]},"properties":{"name":"Salomone","lines":"180, C68","arr":["180","C68"],"terminus":0,"mode":"bus","color":"#0059a9","colorDark":"#00294f","angle":137.9,"snapDist":2,"label":1}},{"type":"Feature","geometry":{"type":"Point","coordinates":[14.284767,40.875249]},"properties":{"name":"Ruffo di Calabria - Aeroporto","lines":"180, C68","arr":["180","C68"],"terminus":0,"mode":"bus","color":"#0059a9","colorDark":"#00294f","angle":50.6,"snapDist":6,"label":1}},{"type":"Feature","geometry":{"type":"Point","coordinates":[14.284789,40.873186]},"properties":{"name":"Salomone - Aeroporto Civile","lines":"180, C68","arr":["180","C68"],"terminus":0,"mode":"bus","color":"#0059a9","colorDark":"#00294f","angle":321.6,"snapDist":2,"label":1}},{"type":"Feature","geometry":{"type":"Point","coordinates":[14.283628,40.872448]},"properties":{"name":"Salomone - Maddalena","lines":"180, C68","arr":["180","C68"],"terminus":0,"mode":"bus","color":"#0059a9","colorDark":"#00294f","angle":319.4,"snapDist":2,"label":1}},{"type":"Feature","geometry":{"type":"Point","coordinates":[14.280958,40.873301]},"properties":{"name":"Maddalena - Aeroporto Civile","lines":"180, 182, C68","arr":["180","182","C68"],"terminus":0,"mode":"bus","color":"#0059a9","colorDark":"#00294f","angle":52.5,"snapDist":3,"label":1}},{"type":"Feature","geometry":{"type":"Point","coordinates":[14.279177,40.875045]},"properties":{"name":"Maddalena - Aeroporto Militare","lines":"180, 182","arr":["180","182"],"terminus":0,"mode":"bus","color":"#0059a9","colorDark":"#00294f","angle":51.9,"snapDist":5,"label":1}},{"type":"Feature","geometry":{"type":"Point","coordinates":[14.270386,40.883542]},"properties":{"name":"Secondigliano - di Vittorio","lines":"180, N5, R5","arr":["180","N5","R5"],"terminus":0,"mode":"bus","color":"#0059a9","colorDark":"#00294f","angle":52,"snapDist":9,"label":1}},{"type":"Feature","geometry":{"type":"Point","coordinates":[14.268803,40.885077]},"properties":{"name":"Secondigliano - Maglione","lines":"180, N5, R5","arr":["180","N5","R5"],"terminus":0,"mode":"bus","color":"#0059a9","colorDark":"#00294f","angle":52,"snapDist":8,"label":1}},{"type":"Feature","geometry":{"type":"Point","coordinates":[14.26748,40.886359]},"properties":{"name":"Secondigliano - Ziviello","lines":"180, N5, R5","arr":["180","N5","R5"],"terminus":0,"mode":"bus","color":"#0059a9","colorDark":"#00294f","angle":52,"snapDist":9,"label":1}},{"type":"Feature","geometry":{"type":"Point","coordinates":[14.266109,40.887689]},"properties":{"name":"Secondigliano - Villa Alfiero","lines":"180, N5, R5","arr":["180","N5","R5"],"terminus":0,"mode":"bus","color":"#0059a9","colorDark":"#00294f","angle":52,"snapDist":10,"label":1}},{"type":"Feature","geometry":{"type":"Point","coordinates":[14.26404,40.889699]},"properties":{"name":"Secondigliano - Parco Gianturco","lines":"180, N5, R5","arr":["180","N5","R5"],"terminus":0,"mode":"bus","color":"#0059a9","colorDark":"#00294f","angle":50.1,"snapDist":10,"label":1}},{"type":"Feature","geometry":{"type":"Point","coordinates":[14.262615,40.891072]},"properties":{"name":"Secondigliano - Piscina Comunale","lines":"180, N5, R5","arr":["180","N5","R5"],"terminus":0,"mode":"bus","color":"#0059a9","colorDark":"#00294f","angle":52,"snapDist":12,"label":1}},{"type":"Feature","geometry":{"type":"Point","coordinates":[14.259627,40.893965]},"properties":{"name":"Secondigliano - Acquarola","lines":"180, C78, N5, R5","arr":["180","C78","N5","R5"],"terminus":0,"mode":"bus","color":"#0059a9","colorDark":"#00294f","angle":52,"snapDist":13,"label":1}},{"type":"Feature","geometry":{"type":"Point","coordinates":[14.257163,40.89635]},"properties":{"name":"Secondigliano - Aspromonte","lines":"180, C78, N5, R5","arr":["180","C78","N5","R5"],"terminus":0,"mode":"bus","color":"#0059a9","colorDark":"#00294f","angle":52,"snapDist":12,"label":1}},{"type":"Feature","geometry":{"type":"Point","coordinates":[14.254259,40.898395]},"properties":{"name":"Monte Rosa","lines":"180, C67","arr":["180","C67"],"terminus":0,"mode":"bus","color":"#0059a9","colorDark":"#00294f","angle":290.2,"snapDist":2,"label":1}},{"type":"Feature","geometry":{"type":"Point","coordinates":[14.252363,40.898952]},"properties":{"name":"Monte Rosa - del Cervinio","lines":"180, C67","arr":["180","C67"],"terminus":0,"mode":"bus","color":"#0059a9","colorDark":"#00294f","angle":30.7,"snapDist":5,"label":1}},{"type":"Feature","geometry":{"type":"Point","coordinates":[14.250866,40.90076]},"properties":{"name":"Piazza Libertà - Chiesa","lines":"180, C67","arr":["180","C67"],"terminus":0,"mode":"bus","color":"#0059a9","colorDark":"#00294f","angle":53.1,"snapDist":19,"label":1}},{"type":"Feature","geometry":{"type":"Point","coordinates":[14.249437,40.902307]},"properties":{"name":"Gran Sasso","lines":"180, C67","arr":["180","C67"],"terminus":0,"mode":"bus","color":"#0059a9","colorDark":"#00294f","angle":25.7,"snapDist":4,"label":1}},{"type":"Feature","geometry":{"type":"Point","coordinates":[14.247627,40.902245]},"properties":{"name":"Gran Sasso - Monte Rosa","lines":"180, C67","arr":["180","C67"],"terminus":0,"mode":"bus","color":"#0059a9","colorDark":"#00294f","angle":291.4,"snapDist":3,"label":1}},{"type":"Feature","geometry":{"type":"Point","coordinates":[14.245011,40.90361]},"properties":{"name":"F.lli Cervi - Parco le Rondini","lines":"180, C67","arr":["180","C67"],"terminus":0,"mode":"bus","color":"#0059a9","colorDark":"#00294f","angle":40.3,"snapDist":9,"label":1}},{"type":"Feature","geometry":{"type":"Point","coordinates":[14.242647,40.9051]},"properties":{"name":"F.lli Cervi - Baku","lines":"180, C67","arr":["180","C67"],"terminus":0,"mode":"bus","color":"#0059a9","colorDark":"#00294f","angle":39.4,"snapDist":5,"label":1}},{"type":"Feature","geometry":{"type":"Point","coordinates":[14.24111,40.906251]},"properties":{"name":"F.lli Cervi - SMS Pertini","lines":"180, C67, R5","arr":["180","C67","R5"],"terminus":0,"mode":"bus","color":"#0059a9","colorDark":"#00294f","angle":47.8,"snapDist":8,"label":1}},{"type":"Feature","geometry":{"type":"Point","coordinates":[14.238636,40.908553]},"properties":{"name":"F.lli Cervi - Prati","lines":"180, C67, R5","arr":["180","C67","R5"],"terminus":0,"mode":"bus","color":"#0059a9","colorDark":"#00294f","angle":67.1,"snapDist":16,"label":1}},{"type":"Feature","geometry":{"type":"Point","coordinates":[14.24153,40.904847]},"properties":{"name":"Baku - Cervi","lines":"180, C67, R5","arr":["180","C67","R5"],"terminus":0,"mode":"bus","color":"#0059a9","colorDark":"#00294f","angle":309.8,"snapDist":4,"label":1}},{"type":"Feature","geometry":{"type":"Point","coordinates":[14.239099,40.904575]},"properties":{"name":"Ghisleri","lines":"180, C67","arr":["180","C67"],"terminus":0,"mode":"bus","color":"#0059a9","colorDark":"#00294f","angle":11.6,"snapDist":5,"label":1}},{"type":"Feature","geometry":{"type":"Point","coordinates":[14.236483,40.90429]},"properties":{"name":"Ghisleri - Parco Lucrezia","lines":"180, C67","arr":["180","C67"],"terminus":0,"mode":"bus","color":"#0059a9","colorDark":"#00294f","angle":334.7,"snapDist":2,"label":1}},{"type":"Feature","geometry":{"type":"Point","coordinates":[14.232805,40.904075]},"properties":{"name":"Ingresso Lotto P","lines":"180, C67","arr":["180","C67"],"terminus":0,"mode":"bus","color":"#0059a9","colorDark":"#00294f","angle":3.6,"snapDist":4,"label":1}},{"type":"Feature","geometry":{"type":"Point","coordinates":[14.232004,40.903737]},"properties":{"name":"Galileo Galilei","lines":"180, C67","arr":["180","C67"],"terminus":0,"mode":"bus","color":"#0059a9","colorDark":"#00294f","angle":287.5,"snapDist":2,"label":1}},{"type":"Feature","geometry":{"type":"Point","coordinates":[14.231895,40.902218]},"properties":{"name":"Galileo Galilei - Piscina Comunale","lines":"180, C67","arr":["180","C67"],"terminus":0,"mode":"bus","color":"#0059a9","colorDark":"#00294f","angle":165.1,"snapDist":10,"label":1}},{"type":"Feature","geometry":{"type":"Point","coordinates":[14.234153,40.901144]},"properties":{"name":"Galileo Galilei - Parco ENEL","lines":"180, C67","arr":["180","C67"],"terminus":0,"mode":"bus","color":"#0059a9","colorDark":"#00294f","angle":264.5,"snapDist":0,"label":1}},{"type":"Feature","geometry":{"type":"Point","coordinates":[14.241196,40.892454]},"properties":{"name":"Zuccarini - M1 - Piscinola","lines":"180, C67, NL1, R5","arr":["180","C67","NL1","R5"],"terminus":1,"mode":"bus","color":"#0059a9","colorDark":"#00294f","angle":212.9,"snapDist":15,"label":1}},{"type":"Feature","geometry":{"type":"Point","coordinates":[14.233206,40.902157]},"properties":{"name":"Galileo Galilei - Parco Diana","lines":"180, C67, N5","arr":["180","C67","N5"],"terminus":0,"mode":"bus","color":"#0059a9","colorDark":"#00294f","angle":21.5,"snapDist":5,"label":1}},{"type":"Feature","geometry":{"type":"Point","coordinates":[14.232124,40.903713]},"properties":{"name":"Galileo Galilei","lines":"180, C67, N5","arr":["180","C67","N5"],"terminus":0,"mode":"bus","color":"#0059a9","colorDark":"#00294f","angle":106.7,"snapDist":9,"label":0}},{"type":"Feature","geometry":{"type":"Point","coordinates":[14.234425,40.903567]},"properties":{"name":"Della Resistenza","lines":"180, C67, N5","arr":["180","C67","N5"],"terminus":1,"mode":"bus","color":"#0059a9","colorDark":"#00294f","angle":214.1,"snapDist":12,"label":1}},{"type":"Feature","geometry":{"type":"Point","coordinates":[14.236913,40.904329]},"properties":{"name":"Ghisleri -Parco Lucrezia","lines":"180, C67, N5","arr":["180","C67","N5"],"terminus":0,"mode":"bus","color":"#0059a9","colorDark":"#00294f","angle":155.7,"snapDist":8,"label":1}},{"type":"Feature","geometry":{"type":"Point","coordinates":[14.239182,40.904472]},"properties":{"name":"Ghisleri","lines":"180, C67, N5","arr":["180","C67","N5"],"terminus":0,"mode":"bus","color":"#0059a9","colorDark":"#00294f","angle":194.1,"snapDist":5,"label":0}},{"type":"Feature","geometry":{"type":"Point","coordinates":[14.241619,40.9048]},"properties":{"name":"Baku - Cervi","lines":"180, C67, N5, R5","arr":["180","C67","N5","R5"],"terminus":0,"mode":"bus","color":"#0059a9","colorDark":"#00294f","angle":129,"snapDist":15,"label":0}},{"type":"Feature","geometry":{"type":"Point","coordinates":[14.238513,40.908663]},"properties":{"name":"F.lli Cervi - Materna Montale","lines":"180, C67, R5","arr":["180","C67","R5"],"terminus":0,"mode":"bus","color":"#0059a9","colorDark":"#00294f","angle":49.8,"snapDist":15,"label":1}},{"type":"Feature","geometry":{"type":"Point","coordinates":[14.240823,40.906399]},"properties":{"name":"F.lli Cervi - Lotto U","lines":"180, C67, R5","arr":["180","C67","R5"],"terminus":0,"mode":"bus","color":"#0059a9","colorDark":"#00294f","angle":227.8,"snapDist":2,"label":1}},{"type":"Feature","geometry":{"type":"Point","coordinates":[14.242768,40.90494]},"properties":{"name":"F.lli Cervi - Parco le Rondini","lines":"180, C67, N5, R5","arr":["180","C67","N5","R5"],"terminus":0,"mode":"bus","color":"#0059a9","colorDark":"#00294f","angle":216.9,"snapDist":3,"label":1}},{"type":"Feature","geometry":{"type":"Point","coordinates":[14.24521,40.903482]},"properties":{"name":"F.lli Cervi -Parco della Gioia","lines":"180, C67, N5, R5","arr":["180","C67","N5","R5"],"terminus":0,"mode":"bus","color":"#0059a9","colorDark":"#00294f","angle":220.3,"snapDist":7,"label":1}},{"type":"Feature","geometry":{"type":"Point","coordinates":[14.247279,40.902252]},"properties":{"name":"Monte Rosa - Monte S. Gabriele","lines":"180, C67, N5, R5","arr":["180","C67","N5","R5"],"terminus":0,"mode":"bus","color":"#0059a9","colorDark":"#00294f","angle":209.7,"snapDist":7,"label":1}},{"type":"Feature","geometry":{"type":"Point","coordinates":[14.250843,40.900247]},"properties":{"name":"Monte Rosa - Libertà","lines":"180, C67, N5, R5","arr":["180","C67","N5","R5"],"terminus":0,"mode":"bus","color":"#0059a9","colorDark":"#00294f","angle":232.1,"snapDist":5,"label":1}},{"type":"Feature","geometry":{"type":"Point","coordinates":[14.253714,40.898353]},"properties":{"name":"Monte Rosa - Mercatino Rionale","lines":"180, C67, N5, R5","arr":["180","C67","N5","R5"],"terminus":0,"mode":"bus","color":"#0059a9","colorDark":"#00294f","angle":208.4,"snapDist":6,"label":1}},{"type":"Feature","geometry":{"type":"Point","coordinates":[14.255501,40.897905]},"properties":{"name":"Roma verso Scampia","lines":"180, C67, N5, R5","arr":["180","C67","N5","R5"],"terminus":0,"mode":"bus","color":"#0059a9","colorDark":"#00294f","angle":231.7,"snapDist":7,"label":1}},{"type":"Feature","geometry":{"type":"Point","coordinates":[14.256778,40.896723]},"properties":{"name":"Secondigliano - Quadrivio Arzano","lines":"180, N5, R5","arr":["180","N5","R5"],"terminus":0,"mode":"bus","color":"#0059a9","colorDark":"#00294f","angle":232,"snapDist":5,"label":1}},{"type":"Feature","geometry":{"type":"Point","coordinates":[14.259162,40.894415]},"properties":{"name":"Secondigliano - Chiesa","lines":"180, N5, R5","arr":["180","N5","R5"],"terminus":0,"mode":"bus","color":"#0059a9","colorDark":"#00294f","angle":232,"snapDist":4,"label":1}},{"type":"Feature","geometry":{"type":"Point","coordinates":[14.260598,40.893033]},"properties":{"name":"Secondigliano - Regina Margherita","lines":"180, N5, R5","arr":["180","N5","R5"],"terminus":0,"mode":"bus","color":"#0059a9","colorDark":"#00294f","angle":230.8,"snapDist":6,"label":1}},{"type":"Feature","geometry":{"type":"Point","coordinates":[14.262251,40.891432]},"properties":{"name":"Secondigliano - Piscina","lines":"180, N5, R5","arr":["180","N5","R5"],"terminus":0,"mode":"bus","color":"#0059a9","colorDark":"#00294f","angle":233.4,"snapDist":6,"label":1}},{"type":"Feature","geometry":{"type":"Point","coordinates":[14.26371,40.890012]},"properties":{"name":"Secondigliano - Monte S.Michele","lines":"180, N5, R5","arr":["180","N5","R5"],"terminus":0,"mode":"bus","color":"#0059a9","colorDark":"#00294f","angle":232,"snapDist":3,"label":1}},{"type":"Feature","geometry":{"type":"Point","coordinates":[14.265119,40.888651]},"properties":{"name":"Secondigliano - Villa Cimmino","lines":"180, N5, R5","arr":["180","N5","R5"],"terminus":0,"mode":"bus","color":"#0059a9","colorDark":"#00294f","angle":232.3,"snapDist":5,"label":1}},{"type":"Feature","geometry":{"type":"Point","coordinates":[14.267819,40.886031]},"properties":{"name":"Secondigliano - Amato","lines":"180, N5, R5","arr":["180","N5","R5"],"terminus":0,"mode":"bus","color":"#0059a9","colorDark":"#00294f","angle":232,"snapDist":7,"label":1}},{"type":"Feature","geometry":{"type":"Point","coordinates":[14.270405,40.883523]},"properties":{"name":"Secondigliano - di Vittorio","lines":"180, N5, R5","arr":["180","N5","R5"],"terminus":0,"mode":"bus","color":"#0059a9","colorDark":"#00294f","angle":232,"snapDist":7,"label":0}},{"type":"Feature","geometry":{"type":"Point","coordinates":[14.275688,40.878341]},"properties":{"name":"Maddalena - Cupa Pozzelle","lines":"180, 182","arr":["180","182"],"terminus":0,"mode":"bus","color":"#0059a9","colorDark":"#00294f","angle":232.4,"snapDist":5,"label":1}},{"type":"Feature","geometry":{"type":"Point","coordinates":[14.277875,40.876187]},"properties":{"name":"Maddalena - Briganti","lines":"180, 182","arr":["180","182"],"terminus":0,"mode":"bus","color":"#0059a9","colorDark":"#00294f","angle":233.3,"snapDist":3,"label":1}},{"type":"Feature","geometry":{"type":"Point","coordinates":[14.281015,40.873116]},"properties":{"name":"Maddalena - Aeropoto Civile","lines":"180, 182, C68","arr":["180","182","C68"],"terminus":0,"mode":"bus","color":"#0059a9","colorDark":"#00294f","angle":233,"snapDist":3,"label":1}},{"type":"Feature","geometry":{"type":"Point","coordinates":[14.282172,40.871955]},"properties":{"name":"Maddalena - de Giaxa","lines":"180, 182, C68","arr":["180","182","C68"],"terminus":0,"mode":"bus","color":"#0059a9","colorDark":"#00294f","angle":233,"snapDist":1,"label":1}},{"type":"Feature","geometry":{"type":"Point","coordinates":[14.285209,40.874673]},"properties":{"name":"Ruffo di Calabria - Carbone","lines":"180, C68","arr":["180","C68"],"terminus":1,"mode":"bus","color":"#0059a9","colorDark":"#00294f","angle":230.6,"snapDist":5,"label":1}},{"type":"Feature","geometry":{"type":"Point","coordinates":[14.190975,40.837184]},"properties":{"name":"Marco Aurelio 232","lines":"180","arr":["180"],"terminus":0,"mode":"bus","color":"#0059a9","colorDark":"#00294f","angle":70.7,"snapDist":9,"label":1}},{"type":"Feature","geometry":{"type":"Point","coordinates":[14.189153,40.839]},"properties":{"name":"Marco Aurelio - Anco Marzio","lines":"180","arr":["180"],"terminus":0,"mode":"bus","color":"#0059a9","colorDark":"#00294f","angle":61.1,"snapDist":8,"label":1}},{"type":"Feature","geometry":{"type":"Point","coordinates":[14.188666,40.841285]},"properties":{"name":"O.Coclite","lines":"180, 618","arr":["180","618"],"terminus":0,"mode":"bus","color":"#0059a9","colorDark":"#00294f","angle":61,"snapDist":9,"label":1}},{"type":"Feature","geometry":{"type":"Point","coordinates":[14.187775,40.839519]},"properties":{"name":"Cintia - Monte Sant'Angelo","lines":"180, R6, S1, S2, S4, S4B","arr":["180","R6","S1","S2","S4","S4B"],"terminus":1,"mode":"bus","color":"#0059a9","colorDark":"#00294f","angle":235.9,"snapDist":3,"label":1}},{"type":"Feature","geometry":{"type":"Point","coordinates":[14.189508,40.837336]},"properties":{"name":"Cintia-Parco San Paolo","lines":"180, R6, S2, S4, S4B","arr":["180","R6","S2","S4","S4B"],"terminus":0,"mode":"bus","color":"#0059a9","colorDark":"#00294f","angle":243.1,"snapDist":3,"label":1}},{"type":"Feature","geometry":{"type":"Point","coordinates":[14.190502,40.835795]},"properties":{"name":"Cintia - Tangenziale","lines":"180, R6, S2, S4, S4B","arr":["180","R6","S2","S4","S4B"],"terminus":0,"mode":"bus","color":"#0059a9","colorDark":"#00294f","angle":243.4,"snapDist":1,"label":1}},{"type":"Feature","geometry":{"type":"Point","coordinates":[14.191011,40.833609]},"properties":{"name":"Cintia - Parco San Paolo","lines":"180, 502, 618, C3, N6, R6, S1, S2, S4, S4B","arr":["180","502","618","C3","N6","R6","S1","S2","S4","S4B"],"terminus":0,"mode":"bus","color":"#0059a9","colorDark":"#00294f","angle":263.8,"snapDist":2,"label":1}},{"type":"Feature","geometry":{"type":"Point","coordinates":[14.191329,40.831441]},"properties":{"name":"D'Annunzio - Cimitero","lines":"180, 618, N6, R6, S2","arr":["180","618","N6","R6","S2"],"terminus":0,"mode":"bus","color":"#0059a9","colorDark":"#00294f","angle":275.4,"snapDist":7,"label":1}},{"type":"Feature","geometry":{"type":"Point","coordinates":[14.19384,40.829613]},"properties":{"name":"De Gennaro - D'Annunzio","lines":"180, 502, 618, C3, N6, R6, S2","arr":["180","502","618","C3","N6","R6","S2"],"terminus":0,"mode":"bus","color":"#0059a9","colorDark":"#00294f","angle":202.8,"snapDist":9,"label":1}},{"type":"Feature","geometry":{"type":"Point","coordinates":[14.194558,40.826005]},"properties":{"name":"Marino - Stadio Maradona","lines":"180, 181, 502, 618, N1, N6, N7, R6, S1, S2","arr":["180","181","502","618","N1","N6","N7","R6","S1","S2"],"terminus":0,"mode":"bus","color":"#0059a9","colorDark":"#00294f","angle":292,"snapDist":14,"label":1}},{"type":"Feature","geometry":{"type":"Point","coordinates":[14.194117,40.824444]},"properties":{"name":"Tecchio - Cumana","lines":"180, 181, 502, 618, N6, N7, R6, S1, S2","arr":["180","181","502","618","N6","N7","R6","S1","S2"],"terminus":0,"mode":"bus","color":"#0059a9","colorDark":"#00294f","angle":65.5,"snapDist":7,"label":1}},{"type":"Feature","geometry":{"type":"Point","coordinates":[14.194848,40.823082]},"properties":{"name":"Tecchio - M2","lines":"180, 181, 502, 618, C1, C1E, C3, N6, N7, R6, S1, S2","arr":["180","181","502","618","C1","C1E","C3","N6","N7","R6","S1","S2"],"terminus":0,"mode":"bus","color":"#0059a9","colorDark":"#00294f","angle":246.6,"snapDist":4,"label":1}},{"type":"Feature","geometry":{"type":"Point","coordinates":[14.197335,40.829528]},"properties":{"name":"Leopardi -Direzione A.N.M.","lines":"181, C3, N7","arr":["181","C3","N7"],"terminus":0,"mode":"bus","color":"#0059a9","colorDark":"#00294f","angle":202.8,"snapDist":1,"label":1}},{"type":"Feature","geometry":{"type":"Point","coordinates":[14.198627,40.829154]},"properties":{"name":"Leopardi - Cariteo","lines":"181, C3, N7","arr":["181","C3","N7"],"terminus":0,"mode":"bus","color":"#0059a9","colorDark":"#00294f","angle":203.6,"snapDist":5,"label":1}},{"type":"Feature","geometry":{"type":"Point","coordinates":[14.200383,40.831874]},"properties":{"name":"Bixio - Arlotta","lines":"181, N7","arr":["181","N7"],"terminus":0,"mode":"bus","color":"#0059a9","colorDark":"#00294f","angle":74.3,"snapDist":10,"label":1}},{"type":"Feature","geometry":{"type":"Point","coordinates":[14.202378,40.833003]},"properties":{"name":"Bixio","lines":"181, N7","arr":["181","N7"],"terminus":0,"mode":"bus","color":"#0059a9","colorDark":"#00294f","angle":112.7,"snapDist":8,"label":1}},{"type":"Feature","geometry":{"type":"Point","coordinates":[14.20311,40.834434]},"properties":{"name":"Bixio - Consalvo","lines":"181, N7","arr":["181","N7"],"terminus":0,"mode":"bus","color":"#0059a9","colorDark":"#00294f","angle":111.3,"snapDist":9,"label":1}},{"type":"Feature","geometry":{"type":"Point","coordinates":[14.201229,40.834722]},"properties":{"name":"Caravaggio - Loggetta","lines":"181, N7, S3, S3A","arr":["181","N7","S3","S3A"],"terminus":0,"mode":"bus","color":"#0059a9","colorDark":"#00294f","angle":151.9,"snapDist":6,"label":1}},{"type":"Feature","geometry":{"type":"Point","coordinates":[14.203551,40.835358]},"properties":{"name":"Caravaggio","lines":"181, N7, S3, S3A","arr":["181","N7","S3","S3A"],"terminus":0,"mode":"bus","color":"#0059a9","colorDark":"#00294f","angle":148.5,"snapDist":7,"label":1}},{"type":"Feature","geometry":{"type":"Point","coordinates":[14.205699,40.835136]},"properties":{"name":"Caravaggio - Ist. Giordano","lines":"181, N7, S3, S3A","arr":["181","N7","S3","S3A"],"terminus":0,"mode":"bus","color":"#0059a9","colorDark":"#00294f","angle":172.3,"snapDist":6,"label":1}},{"type":"Feature","geometry":{"type":"Point","coordinates":[14.207397,40.835174]},"properties":{"name":"Caravaggio","lines":"181, N7, S3, S3A","arr":["181","N7","S3","S3A"],"terminus":1,"mode":"bus","color":"#0059a9","colorDark":"#00294f","angle":212.2,"snapDist":4,"label":1}},{"type":"Feature","geometry":{"type":"Point","coordinates":[14.2081,40.833955]},"properties":{"name":"Caravaggio","lines":"181, N7, S3A","arr":["181","N7","S3A"],"terminus":0,"mode":"bus","color":"#0059a9","colorDark":"#00294f","angle":218.8,"snapDist":3,"label":0}},{"type":"Feature","geometry":{"type":"Point","coordinates":[14.209968,40.832828]},"properties":{"name":"Caravaggio - ENEL","lines":"181, N7, S3A","arr":["181","N7","S3A"],"terminus":0,"mode":"bus","color":"#0059a9","colorDark":"#00294f","angle":241.5,"snapDist":1,"label":1}},{"type":"Feature","geometry":{"type":"Point","coordinates":[14.209146,40.834263]},"properties":{"name":"Caravaggio","lines":"181, N7, S3A","arr":["181","N7","S3A"],"terminus":0,"mode":"bus","color":"#0059a9","colorDark":"#00294f","angle":67.8,"snapDist":10,"label":0}},{"type":"Feature","geometry":{"type":"Point","coordinates":[14.210392,40.835808]},"properties":{"name":"Caravaggio - Manzoni","lines":"181, N7, S3A","arr":["181","N7","S3A"],"terminus":0,"mode":"bus","color":"#0059a9","colorDark":"#00294f","angle":169,"snapDist":8,"label":1}},{"type":"Feature","geometry":{"type":"Point","coordinates":[14.212803,40.835617]},"properties":{"name":"Manzoni - Largo Europa","lines":"181, C31, N7, S3A","arr":["181","C31","N7","S3A"],"terminus":0,"mode":"bus","color":"#0059a9","colorDark":"#00294f","angle":189.6,"snapDist":7,"label":1}},{"type":"Feature","geometry":{"type":"Point","coordinates":[14.215397,40.838299]},"properties":{"name":"Europa - Piave","lines":"181, 633, C31, N7","arr":["181","633","C31","N7"],"terminus":0,"mode":"bus","color":"#0059a9","colorDark":"#00294f","angle":148.7,"snapDist":7,"label":1}},{"type":"Feature","geometry":{"type":"Point","coordinates":[14.217452,40.840909]},"properties":{"name":"Cilea - San Domenico","lines":"181, 633, C31, C36, N7","arr":["181","633","C31","C36","N7"],"terminus":0,"mode":"bus","color":"#0059a9","colorDark":"#00294f","angle":78.5,"snapDist":9,"label":1}},{"type":"Feature","geometry":{"type":"Point","coordinates":[14.219122,40.842226]},"properties":{"name":"Cilea - Tangenziale di Napoli","lines":"181, 633, C31, C36, N7","arr":["181","633","C31","C36","N7"],"terminus":0,"mode":"bus","color":"#0059a9","colorDark":"#00294f","angle":128.5,"snapDist":16,"label":1}},{"type":"Feature","geometry":{"type":"Point","coordinates":[14.220791,40.842978]},"properties":{"name":"Cilea - Santa Maria della Libera","lines":"181, 633, C31, C36, N7","arr":["181","633","C31","C36","N7"],"terminus":0,"mode":"bus","color":"#0059a9","colorDark":"#00294f","angle":173.7,"snapDist":11,"label":1}},{"type":"Feature","geometry":{"type":"Point","coordinates":[14.223617,40.843216]},"properties":{"name":"Cilea - Acitillo","lines":"181, 633, C31, C36, N7","arr":["181","633","C31","C36","N7"],"terminus":0,"mode":"bus","color":"#0059a9","colorDark":"#00294f","angle":173.4,"snapDist":11,"label":1}},{"type":"Feature","geometry":{"type":"Point","coordinates":[14.223938,40.843243]},"properties":{"name":"Cilea - Gemito","lines":"181, 633, C31, C36, N7","arr":["181","633","C31","C36","N7"],"terminus":0,"mode":"bus","color":"#0059a9","colorDark":"#00294f","angle":353.8,"snapDist":5,"label":1}},{"type":"Feature","geometry":{"type":"Point","coordinates":[14.221156,40.843008]},"properties":{"name":"Cilea","lines":"181, 633, C31, C36, N7","arr":["181","633","C31","C36","N7"],"terminus":0,"mode":"bus","color":"#0059a9","colorDark":"#00294f","angle":353.7,"snapDist":4,"label":1}},{"type":"Feature","geometry":{"type":"Point","coordinates":[14.218163,40.841646]},"properties":{"name":"Cilea - Tangenziale di Napoli","lines":"181, 633, C31, C36, N7","arr":["181","633","C31","C36","N7"],"terminus":0,"mode":"bus","color":"#0059a9","colorDark":"#00294f","angle":325.2,"snapDist":3,"label":0}},{"type":"Feature","geometry":{"type":"Point","coordinates":[14.21754,40.840675]},"properties":{"name":"Cilea -San Domenico","lines":"181, 633, C31, C36, N7","arr":["181","633","C31","C36","N7"],"terminus":0,"mode":"bus","color":"#0059a9","colorDark":"#00294f","angle":252.4,"snapDist":6,"label":1}},{"type":"Feature","geometry":{"type":"Point","coordinates":[14.215963,40.838559]},"properties":{"name":"Europa-Santo Stefano","lines":"181, 633, C31, N7","arr":["181","633","C31","N7"],"terminus":0,"mode":"bus","color":"#0059a9","colorDark":"#00294f","angle":328.7,"snapDist":3,"label":1}},{"type":"Feature","geometry":{"type":"Point","coordinates":[14.213224,40.836925]},"properties":{"name":"Europa - Sacro Cuore","lines":"181, C31, N7","arr":["181","C31","N7"],"terminus":0,"mode":"bus","color":"#0059a9","colorDark":"#00294f","angle":262.2,"snapDist":5,"label":1}},{"type":"Feature","geometry":{"type":"Point","coordinates":[14.211002,40.835831]},"properties":{"name":"Caravaggio - Manzoni","lines":"181, N7","arr":["181","N7"],"terminus":0,"mode":"bus","color":"#0059a9","colorDark":"#00294f","angle":7.5,"snapDist":5,"label":0}},{"type":"Feature","geometry":{"type":"Point","coordinates":[14.209502,40.83568]},"properties":{"name":"Caravaggio- Parco Millefiori","lines":"181, N7","arr":["181","N7"],"terminus":0,"mode":"bus","color":"#0059a9","colorDark":"#00294f","angle":350.8,"snapDist":1,"label":1}},{"type":"Feature","geometry":{"type":"Point","coordinates":[14.209342,40.833898]},"properties":{"name":"Caravaggio","lines":"181, N7","arr":["181","N7"],"terminus":0,"mode":"bus","color":"#0059a9","colorDark":"#00294f","angle":247.8,"snapDist":1,"label":0}},{"type":"Feature","geometry":{"type":"Point","coordinates":[14.209719,40.833168]},"properties":{"name":"Caravaggio - ENEL","lines":"181, N7","arr":["181","N7"],"terminus":0,"mode":"bus","color":"#0059a9","colorDark":"#00294f","angle":48.1,"snapDist":8,"label":0}},{"type":"Feature","geometry":{"type":"Point","coordinates":[14.207918,40.834103]},"properties":{"name":"Caravaggio","lines":"181, N7","arr":["181","N7"],"terminus":0,"mode":"bus","color":"#0059a9","colorDark":"#00294f","angle":55.8,"snapDist":9,"label":0}},{"type":"Feature","geometry":{"type":"Point","coordinates":[14.207095,40.835314]},"properties":{"name":"Caravaggio","lines":"181, N7","arr":["181","N7"],"terminus":0,"mode":"bus","color":"#0059a9","colorDark":"#00294f","angle":29.5,"snapDist":7,"label":0}},{"type":"Feature","geometry":{"type":"Point","coordinates":[14.205265,40.835091]},"properties":{"name":"Caravaggio - Ist. Giordano","lines":"181, N7","arr":["181","N7"],"terminus":0,"mode":"bus","color":"#0059a9","colorDark":"#00294f","angle":352.3,"snapDist":4,"label":0}},{"type":"Feature","geometry":{"type":"Point","coordinates":[14.203376,40.835277]},"properties":{"name":"Caravaggio","lines":"181, N7","arr":["181","N7"],"terminus":0,"mode":"bus","color":"#0059a9","colorDark":"#00294f","angle":328.5,"snapDist":4,"label":0}},{"type":"Feature","geometry":{"type":"Point","coordinates":[14.201984,40.834934]},"properties":{"name":"Caravaggio - Loggetta","lines":"181, N7","arr":["181","N7"],"terminus":0,"mode":"bus","color":"#0059a9","colorDark":"#00294f","angle":345.2,"snapDist":6,"label":0}},{"type":"Feature","geometry":{"type":"Point","coordinates":[14.203028,40.834274]},"properties":{"name":"Bixio - Consalvo","lines":"181","arr":["181"],"terminus":0,"mode":"bus","color":"#0059a9","colorDark":"#00294f","angle":291.3,"snapDist":1,"label":0}},{"type":"Feature","geometry":{"type":"Point","coordinates":[14.202347,40.832949]},"properties":{"name":"Bixio","lines":"181","arr":["181"],"terminus":0,"mode":"bus","color":"#0059a9","colorDark":"#00294f","angle":292.7,"snapDist":2,"label":0}},{"type":"Feature","geometry":{"type":"Point","coordinates":[14.200208,40.831146]},"properties":{"name":"Arlotta - Metastasio","lines":"181","arr":["181"],"terminus":0,"mode":"bus","color":"#0059a9","colorDark":"#00294f","angle":292.9,"snapDist":1,"label":1}},{"type":"Feature","geometry":{"type":"Point","coordinates":[14.198111,40.829319]},"properties":{"name":"Leopardi - Cariteo","lines":"181, N1, N7","arr":["181","N1","N7"],"terminus":0,"mode":"bus","color":"#0059a9","colorDark":"#00294f","angle":22.5,"snapDist":4,"label":0}},{"type":"Feature","geometry":{"type":"Point","coordinates":[14.196283,40.82931]},"properties":{"name":"Marino - Direzione ANM","lines":"181, N1, N7","arr":["181","N1","N7"],"terminus":0,"mode":"bus","color":"#0059a9","colorDark":"#00294f","angle":292.2,"snapDist":9,"label":1}},{"type":"Feature","geometry":{"type":"Point","coordinates":[14.315213,40.879489]},"properties":{"name":"Deposito Via Puglie","lines":"182","arr":["182"],"terminus":1,"mode":"bus","color":"#0059a9","colorDark":"#00294f","angle":46.7,"snapDist":4,"label":1}},{"type":"Feature","geometry":{"type":"Point","coordinates":[14.311124,40.88295]},"properties":{"name":"Casoria Pascoli - Parco dei Pini","lines":"182, C90","arr":["182","C90"],"terminus":0,"mode":"bus","color":"#0059a9","colorDark":"#00294f","angle":308.1,"snapDist":2,"label":1}},{"type":"Feature","geometry":{"type":"Point","coordinates":[14.308324,40.883558]},"properties":{"name":"Casoria Pascoli","lines":"182, C90","arr":["182","C90"],"terminus":0,"mode":"bus","color":"#0059a9","colorDark":"#00294f","angle":54.3,"snapDist":10,"label":1}},{"type":"Feature","geometry":{"type":"Point","coordinates":[14.289245,40.894371]},"properties":{"name":"Paternum - Protezione Civile","lines":"182, C90","arr":["182","C90"],"terminus":0,"mode":"bus","color":"#0059a9","colorDark":"#00294f","angle":337.1,"snapDist":6,"label":1}},{"type":"Feature","geometry":{"type":"Point","coordinates":[14.287708,40.893912]},"properties":{"name":"Paternum","lines":"182, C90","arr":["182","C90"],"terminus":0,"mode":"bus","color":"#0059a9","colorDark":"#00294f","angle":338.8,"snapDist":3,"label":1}},{"type":"Feature","geometry":{"type":"Point","coordinates":[14.285751,40.893324]},"properties":{"name":"Quattro Aprile - Casoria","lines":"182, C90","arr":["182","C90"],"terminus":0,"mode":"bus","color":"#0059a9","colorDark":"#00294f","angle":336.7,"snapDist":3,"label":1}},{"type":"Feature","geometry":{"type":"Point","coordinates":[14.283689,40.892137]},"properties":{"name":"Piazza Quattro Aprile","lines":"182, C90","arr":["182","C90"],"terminus":0,"mode":"bus","color":"#0059a9","colorDark":"#00294f","angle":313.1,"snapDist":4,"label":1}},{"type":"Feature","geometry":{"type":"Point","coordinates":[14.282114,40.889327]},"properties":{"name":"San Pietro a Patierno","lines":"182, C90","arr":["182","C90"],"terminus":0,"mode":"bus","color":"#0059a9","colorDark":"#00294f","angle":325.2,"snapDist":3,"label":1}},{"type":"Feature","geometry":{"type":"Point","coordinates":[14.278235,40.88723]},"properties":{"name":"Nuovo Tempio","lines":"182, C90","arr":["182","C90"],"terminus":0,"mode":"bus","color":"#0059a9","colorDark":"#00294f","angle":324.9,"snapDist":6,"label":1}},{"type":"Feature","geometry":{"type":"Point","coordinates":[14.276221,40.886159]},"properties":{"name":"Nuovo Tempio","lines":"182, C90","arr":["182","C90"],"terminus":0,"mode":"bus","color":"#0059a9","colorDark":"#00294f","angle":324.6,"snapDist":1,"label":0}},{"type":"Feature","geometry":{"type":"Point","coordinates":[14.274892,40.884972]},"properties":{"name":"De Pinedo","lines":"182, 184","arr":["182","184"],"terminus":0,"mode":"bus","color":"#0059a9","colorDark":"#00294f","angle":307.4,"snapDist":2,"label":1}},{"type":"Feature","geometry":{"type":"Point","coordinates":[14.272631,40.882734]},"properties":{"name":"De Pinedo - di Vittorio","lines":"182, 184","arr":["182","184"],"terminus":0,"mode":"bus","color":"#0059a9","colorDark":"#00294f","angle":307.5,"snapDist":1,"label":1}},{"type":"Feature","geometry":{"type":"Point","coordinates":[14.284102,40.87012]},"properties":{"name":"Maddalena - S.Maria del Pianto","lines":"182, 584","arr":["182","584"],"terminus":0,"mode":"bus","color":"#0059a9","colorDark":"#00294f","angle":232.9,"snapDist":2,"label":1}},{"type":"Feature","geometry":{"type":"Point","coordinates":[14.283803,40.869048]},"properties":{"name":"Nuova del Campo - Cimitero del Pianto","lines":"182, 584","arr":["182","584"],"terminus":0,"mode":"bus","color":"#0059a9","colorDark":"#00294f","angle":317.7,"snapDist":2,"label":1}},{"type":"Feature","geometry":{"type":"Point","coordinates":[14.281741,40.86807]},"properties":{"name":"Nuova del Campo","lines":"182, 584","arr":["182","584"],"terminus":0,"mode":"bus","color":"#0059a9","colorDark":"#00294f","angle":333.2,"snapDist":0,"label":1}},{"type":"Feature","geometry":{"type":"Point","coordinates":[14.27913,40.869122]},"properties":{"name":"Nuova del Campo - de Giaxa","lines":"182, 584","arr":["182","584"],"terminus":0,"mode":"bus","color":"#0059a9","colorDark":"#00294f","angle":57.3,"snapDist":5,"label":1}},{"type":"Feature","geometry":{"type":"Point","coordinates":[14.275891,40.868951]},"properties":{"name":"Nuova del Campo","lines":"182, 584","arr":["182","584"],"terminus":0,"mode":"bus","color":"#0059a9","colorDark":"#00294f","angle":24.5,"snapDist":4,"label":1}},{"type":"Feature","geometry":{"type":"Point","coordinates":[14.272933,40.867655]},"properties":{"name":"Don Bosco - Salesiani","lines":"182, 584","arr":["182","584"],"terminus":0,"mode":"bus","color":"#0059a9","colorDark":"#00294f","angle":315.6,"snapDist":3,"label":1}},{"type":"Feature","geometry":{"type":"Point","coordinates":[14.27151,40.866582]},"properties":{"name":"Don Bosco - Provincia","lines":"182, 584","arr":["182","584"],"terminus":0,"mode":"bus","color":"#0059a9","colorDark":"#00294f","angle":315,"snapDist":7,"label":1}},{"type":"Feature","geometry":{"type":"Point","coordinates":[14.267972,40.863949]},"properties":{"name":"Don Bosco - Carlo III","lines":"182, 584","arr":["182","584"],"terminus":0,"mode":"bus","color":"#0059a9","colorDark":"#00294f","angle":315.6,"snapDist":2,"label":1}},{"type":"Feature","geometry":{"type":"Point","coordinates":[14.267705,40.863631]},"properties":{"name":"Don Bosco - Carlo III","lines":"182, 584","arr":["182","584"],"terminus":0,"mode":"bus","color":"#0059a9","colorDark":"#00294f","angle":135.3,"snapDist":9,"label":0}},{"type":"Feature","geometry":{"type":"Point","coordinates":[14.271188,40.866239]},"properties":{"name":"Don Bosco - Provincia","lines":"182, 584","arr":["182","584"],"terminus":0,"mode":"bus","color":"#0059a9","colorDark":"#00294f","angle":135.2,"snapDist":8,"label":0}},{"type":"Feature","geometry":{"type":"Point","coordinates":[14.27317,40.86773]},"properties":{"name":"Don Bosco - Salesiani","lines":"182, 584","arr":["182","584"],"terminus":0,"mode":"bus","color":"#0059a9","colorDark":"#00294f","angle":135.6,"snapDist":9,"label":0}},{"type":"Feature","geometry":{"type":"Point","coordinates":[14.275953,40.86885]},"properties":{"name":"Nuova del Campo","lines":"182, 584","arr":["182","584"],"terminus":0,"mode":"bus","color":"#0059a9","colorDark":"#00294f","angle":204.5,"snapDist":5,"label":0}},{"type":"Feature","geometry":{"type":"Point","coordinates":[14.277432,40.869297]},"properties":{"name":"Nuova del Campo","lines":"182, 584","arr":["182","584"],"terminus":0,"mode":"bus","color":"#0059a9","colorDark":"#00294f","angle":127,"snapDist":9,"label":0}},{"type":"Feature","geometry":{"type":"Point","coordinates":[14.279136,40.868974]},"properties":{"name":"Nuova del Campo - de Giaxa","lines":"182, 584","arr":["182","584"],"terminus":0,"mode":"bus","color":"#0059a9","colorDark":"#00294f","angle":239.1,"snapDist":3,"label":0}},{"type":"Feature","geometry":{"type":"Point","coordinates":[14.281845,40.868027]},"properties":{"name":"Nuova del Campo","lines":"182, 584","arr":["182","584"],"terminus":0,"mode":"bus","color":"#0059a9","colorDark":"#00294f","angle":153.3,"snapDist":9,"label":0}},{"type":"Feature","geometry":{"type":"Point","coordinates":[14.284051,40.869121]},"properties":{"name":"Nuova del Campo - Cimitero Pianto","lines":"182, 584","arr":["182","584"],"terminus":0,"mode":"bus","color":"#0059a9","colorDark":"#00294f","angle":137.7,"snapDist":10,"label":1}},{"type":"Feature","geometry":{"type":"Point","coordinates":[14.283882,40.870435]},"properties":{"name":"Com.maddalena - Tangenziale","lines":"182, 584","arr":["182","584"],"terminus":0,"mode":"bus","color":"#0059a9","colorDark":"#00294f","angle":51.5,"snapDist":7,"label":1}},{"type":"Feature","geometry":{"type":"Point","coordinates":[14.272319,40.882222]},"properties":{"name":"De Pinedo","lines":"182","arr":["182"],"terminus":0,"mode":"bus","color":"#0059a9","colorDark":"#00294f","angle":95.9,"snapDist":4,"label":1}},{"type":"Feature","geometry":{"type":"Point","coordinates":[14.276598,40.88636]},"properties":{"name":"Nuovo Tempio","lines":"182, C90","arr":["182","C90"],"terminus":0,"mode":"bus","color":"#0059a9","colorDark":"#00294f","angle":144.9,"snapDist":10,"label":0}},{"type":"Feature","geometry":{"type":"Point","coordinates":[14.278313,40.887272]},"properties":{"name":"Nuovo Tempio","lines":"182, C90","arr":["182","C90"],"terminus":0,"mode":"bus","color":"#0059a9","colorDark":"#00294f","angle":144.9,"snapDist":15,"label":0}},{"type":"Feature","geometry":{"type":"Point","coordinates":[14.280472,40.888439]},"properties":{"name":"Nuovo Tempio","lines":"182, C90","arr":["182","C90"],"terminus":0,"mode":"bus","color":"#0059a9","colorDark":"#00294f","angle":144.4,"snapDist":11,"label":1}},{"type":"Feature","geometry":{"type":"Point","coordinates":[14.282172,40.889358]},"properties":{"name":"San Pietro a Patierno","lines":"182, C90","arr":["182","C90"],"terminus":0,"mode":"bus","color":"#0059a9","colorDark":"#00294f","angle":145.2,"snapDist":6,"label":0}},{"type":"Feature","geometry":{"type":"Point","coordinates":[14.282737,40.890244]},"properties":{"name":"Tranway","lines":"182, C90","arr":["182","C90"],"terminus":0,"mode":"bus","color":"#0059a9","colorDark":"#00294f","angle":95.1,"snapDist":9,"label":1}},{"type":"Feature","geometry":{"type":"Point","coordinates":[14.283811,40.892235]},"properties":{"name":"Piazza Quattro Aprile - ASL","lines":"182, C90","arr":["182","C90"],"terminus":0,"mode":"bus","color":"#0059a9","colorDark":"#00294f","angle":133.1,"snapDist":7,"label":1}},{"type":"Feature","geometry":{"type":"Point","coordinates":[14.28656,40.893571]},"properties":{"name":"Paternum","lines":"182, C90","arr":["182","C90"],"terminus":0,"mode":"bus","color":"#0059a9","colorDark":"#00294f","angle":158.5,"snapDist":11,"label":0}},{"type":"Feature","geometry":{"type":"Point","coordinates":[14.290168,40.89427]},"properties":{"name":"Paternum","lines":"182, C90","arr":["182","C90"],"terminus":0,"mode":"bus","color":"#0059a9","colorDark":"#00294f","angle":198.1,"snapDist":4,"label":0}},{"type":"Feature","geometry":{"type":"Point","coordinates":[14.291813,40.894851]},"properties":{"name":"Luce","lines":"182, C90","arr":["182","C90"],"terminus":0,"mode":"bus","color":"#0059a9","colorDark":"#00294f","angle":150.2,"snapDist":9,"label":1}},{"type":"Feature","geometry":{"type":"Point","coordinates":[14.298692,40.895373]},"properties":{"name":"Casoria","lines":"182, C90","arr":["182","C90"],"terminus":0,"mode":"bus","color":"#0059a9","colorDark":"#00294f","angle":235.3,"snapDist":3,"label":1}},{"type":"Feature","geometry":{"type":"Point","coordinates":[14.301129,40.893581]},"properties":{"name":"Pascoli","lines":"182, C90","arr":["182","C90"],"terminus":0,"mode":"bus","color":"#0059a9","colorDark":"#00294f","angle":210.8,"snapDist":3,"label":1}},{"type":"Feature","geometry":{"type":"Point","coordinates":[14.308765,40.882969]},"properties":{"name":"Cavoni","lines":"182","arr":["182"],"terminus":0,"mode":"bus","color":"#0059a9","colorDark":"#00294f","angle":245.7,"snapDist":4,"label":1}},{"type":"Feature","geometry":{"type":"Point","coordinates":[14.268062,40.889852]},"properties":{"name":"Delle Galassie Stazionamento","lines":"184","arr":["184"],"terminus":1,"mode":"bus","color":"#0059a9","colorDark":"#00294f","angle":172.7,"snapDist":15,"label":1}},{"type":"Feature","geometry":{"type":"Point","coordinates":[14.269752,40.89001]},"properties":{"name":"Delle Galassie","lines":"184","arr":["184"],"terminus":0,"mode":"bus","color":"#0059a9","colorDark":"#00294f","angle":173.4,"snapDist":10,"label":1}},{"type":"Feature","geometry":{"type":"Point","coordinates":[14.271698,40.889138]},"properties":{"name":"Dello Stelvio","lines":"184, C90","arr":["184","C90"],"terminus":0,"mode":"bus","color":"#0059a9","colorDark":"#00294f","angle":185.9,"snapDist":10,"label":1}},{"type":"Feature","geometry":{"type":"Point","coordinates":[14.271302,40.887673]},"properties":{"name":"Dolomiti","lines":"184, C90","arr":["184","C90"],"terminus":0,"mode":"bus","color":"#0059a9","colorDark":"#00294f","angle":289.6,"snapDist":4,"label":1}},{"type":"Feature","geometry":{"type":"Point","coordinates":[14.271648,40.886397]},"properties":{"name":"Monte Tifata","lines":"184, C90","arr":["184","C90"],"terminus":0,"mode":"bus","color":"#0059a9","colorDark":"#00294f","angle":223.2,"snapDist":7,"label":1}},{"type":"Feature","geometry":{"type":"Point","coordinates":[14.272647,40.887858]},"properties":{"name":"Monte Faito","lines":"184, C90","arr":["184","C90"],"terminus":0,"mode":"bus","color":"#0059a9","colorDark":"#00294f","angle":103.3,"snapDist":11,"label":1}},{"type":"Feature","geometry":{"type":"Point","coordinates":[14.274033,40.890127]},"properties":{"name":"Monte Faito","lines":"184, C90","arr":["184","C90"],"terminus":0,"mode":"bus","color":"#0059a9","colorDark":"#00294f","angle":123.9,"snapDist":11,"label":1}},{"type":"Feature","geometry":{"type":"Point","coordinates":[14.276138,40.890135]},"properties":{"name":"Tranvie detta Fratte","lines":"184, C90","arr":["184","C90"],"terminus":0,"mode":"bus","color":"#0059a9","colorDark":"#00294f","angle":274.5,"snapDist":8,"label":1}},{"type":"Feature","geometry":{"type":"Point","coordinates":[14.275924,40.888217]},"properties":{"name":"Tramvie detta Fratta","lines":"184, C90","arr":["184","C90"],"terminus":0,"mode":"bus","color":"#0059a9","colorDark":"#00294f","angle":275,"snapDist":4,"label":1}},{"type":"Feature","geometry":{"type":"Point","coordinates":[14.27573,40.886196]},"properties":{"name":"Tramvia detta Fratta","lines":"184, C90","arr":["184","C90"],"terminus":0,"mode":"bus","color":"#0059a9","colorDark":"#00294f","angle":270.7,"snapDist":6,"label":1}},{"type":"Feature","geometry":{"type":"Point","coordinates":[14.270971,40.880473]},"properties":{"name":"Calata Capodichino - Parco Mazzini","lines":"184, N5, R5","arr":["184","N5","R5"],"terminus":0,"mode":"bus","color":"#0059a9","colorDark":"#00294f","angle":276.4,"snapDist":5,"label":1}},{"type":"Feature","geometry":{"type":"Point","coordinates":[14.270699,40.878791]},"properties":{"name":"Calata Capodichino - Ospedale L. Bianchi","lines":"184, N5, R5","arr":["184","N5","R5"],"terminus":0,"mode":"bus","color":"#0059a9","colorDark":"#00294f","angle":279.1,"snapDist":4,"label":1}},{"type":"Feature","geometry":{"type":"Point","coordinates":[14.270254,40.876264]},"properties":{"name":"Calata Capodichino - Ist. G.Bruno","lines":"184, N5, R5","arr":["184","N5","R5"],"terminus":0,"mode":"bus","color":"#0059a9","colorDark":"#00294f","angle":277.1,"snapDist":3,"label":1}},{"type":"Feature","geometry":{"type":"Point","coordinates":[14.270625,40.874014]},"properties":{"name":"Calata Capodichino - Cervi","lines":"184, N5, R5","arr":["184","N5","R5"],"terminus":0,"mode":"bus","color":"#0059a9","colorDark":"#00294f","angle":257.3,"snapDist":3,"label":1}},{"type":"Feature","geometry":{"type":"Point","coordinates":[14.27014,40.872512]},"properties":{"name":"Calata Capodichino - Case Popolari","lines":"184, N5, R5","arr":["184","N5","R5"],"terminus":0,"mode":"bus","color":"#0059a9","colorDark":"#00294f","angle":298.8,"snapDist":10,"label":1}},{"type":"Feature","geometry":{"type":"Point","coordinates":[14.268688,40.870605]},"properties":{"name":"Calata Capodichino - Cornelio","lines":"184, N5, R5","arr":["184","N5","R5"],"terminus":0,"mode":"bus","color":"#0059a9","colorDark":"#00294f","angle":289.9,"snapDist":10,"label":1}},{"type":"Feature","geometry":{"type":"Point","coordinates":[14.268438,40.867846]},"properties":{"name":"Arenaccia","lines":"184, C68, N5, R5","arr":["184","C68","N5","R5"],"terminus":0,"mode":"bus","color":"#0059a9","colorDark":"#00294f","angle":252.6,"snapDist":5,"label":1}},{"type":"Feature","geometry":{"type":"Point","coordinates":[14.268927,40.866562]},"properties":{"name":"Arenaccia","lines":"184, C68, N5, R5","arr":["184","C68","N5","R5"],"terminus":0,"mode":"bus","color":"#0059a9","colorDark":"#00294f","angle":254.1,"snapDist":4,"label":0}},{"type":"Feature","geometry":{"type":"Point","coordinates":[14.268754,40.865154]},"properties":{"name":"Gussone","lines":"184, 185, 254, 663, C63, C68","arr":["184","185","254","663","C63","C68"],"terminus":0,"mode":"bus","color":"#0059a9","colorDark":"#00294f","angle":127.5,"snapDist":17,"label":1}},{"type":"Feature","geometry":{"type":"Point","coordinates":[14.268735,40.867075]},"properties":{"name":"Arenaccia - Ottocalli","lines":"184, 185, 254, 663, C63, N5, R5","arr":["184","185","254","663","C63","N5","R5"],"terminus":0,"mode":"bus","color":"#0059a9","colorDark":"#00294f","angle":74.1,"snapDist":5,"label":1}},{"type":"Feature","geometry":{"type":"Point","coordinates":[14.268116,40.869117]},"properties":{"name":"Ottocalli","lines":"184, N5, R5","arr":["184","N5","R5"],"terminus":0,"mode":"bus","color":"#0059a9","colorDark":"#00294f","angle":94,"snapDist":10,"label":1}},{"type":"Feature","geometry":{"type":"Point","coordinates":[14.26896,40.871067]},"properties":{"name":"Calata Capodichino - S.Giuliano","lines":"184, N5, R5","arr":["184","N5","R5"],"terminus":0,"mode":"bus","color":"#0059a9","colorDark":"#00294f","angle":116.2,"snapDist":6,"label":1}},{"type":"Feature","geometry":{"type":"Point","coordinates":[14.270177,40.872562]},"properties":{"name":"Calata Capodichino - Chiesa","lines":"184, N5, R5","arr":["184","N5","R5"],"terminus":0,"mode":"bus","color":"#0059a9","colorDark":"#00294f","angle":118.8,"snapDist":8,"label":1}},{"type":"Feature","geometry":{"type":"Point","coordinates":[14.270601,40.874409]},"properties":{"name":"Calata Capodichino - Marigliano","lines":"184, N5, R5","arr":["184","N5","R5"],"terminus":0,"mode":"bus","color":"#0059a9","colorDark":"#00294f","angle":77.2,"snapDist":7,"label":1}},{"type":"Feature","geometry":{"type":"Point","coordinates":[14.270408,40.876517]},"properties":{"name":"Calata Capodichino - Feo","lines":"184, N5, R5","arr":["184","N5","R5"],"terminus":0,"mode":"bus","color":"#0059a9","colorDark":"#00294f","angle":96.4,"snapDist":5,"label":1}},{"type":"Feature","geometry":{"type":"Point","coordinates":[14.270962,40.879763]},"properties":{"name":"Calata Capodichino - Ospedale L.Bianchi","lines":"184, N5, R5","arr":["184","N5","R5"],"terminus":0,"mode":"bus","color":"#0059a9","colorDark":"#00294f","angle":96.6,"snapDist":5,"label":1}},{"type":"Feature","geometry":{"type":"Point","coordinates":[14.271153,40.881008]},"properties":{"name":"Calata Capodichino - Parco Mazzini","lines":"184, N5, R5","arr":["184","N5","R5"],"terminus":0,"mode":"bus","color":"#0059a9","colorDark":"#00294f","angle":96.6,"snapDist":5,"label":0}},{"type":"Feature","geometry":{"type":"Point","coordinates":[14.276099,40.886596]},"properties":{"name":"Provinciale di Caserta","lines":"184, C90","arr":["184","C90"],"terminus":0,"mode":"bus","color":"#0059a9","colorDark":"#00294f","angle":119.8,"snapDist":11,"label":1}},{"type":"Feature","geometry":{"type":"Point","coordinates":[14.276533,40.889473]},"properties":{"name":"Bolvito","lines":"184, C90","arr":["184","C90"],"terminus":0,"mode":"bus","color":"#0059a9","colorDark":"#00294f","angle":34.5,"snapDist":3,"label":1}},{"type":"Feature","geometry":{"type":"Point","coordinates":[14.275512,40.888692]},"properties":{"name":"Abate Desiderio","lines":"184, C90","arr":["184","C90"],"terminus":0,"mode":"bus","color":"#0059a9","colorDark":"#00294f","angle":301.9,"snapDist":2,"label":1}},{"type":"Feature","geometry":{"type":"Point","coordinates":[14.274194,40.888413]},"properties":{"name":"Diacono","lines":"184, C90","arr":["184","C90"],"terminus":0,"mode":"bus","color":"#0059a9","colorDark":"#00294f","angle":34.4,"snapDist":7,"label":1}},{"type":"Feature","geometry":{"type":"Point","coordinates":[14.272805,40.889039]},"properties":{"name":"Dello Stelvio","lines":"184, C90","arr":["184","C90"],"terminus":0,"mode":"bus","color":"#0059a9","colorDark":"#00294f","angle":10.8,"snapDist":1,"label":0}},{"type":"Feature","geometry":{"type":"Point","coordinates":[14.270825,40.889355]},"properties":{"name":"Dello Stelvio","lines":"184, C90","arr":["184","C90"],"terminus":0,"mode":"bus","color":"#0059a9","colorDark":"#00294f","angle":21.9,"snapDist":16,"label":0}},{"type":"Feature","geometry":{"type":"Point","coordinates":[14.269489,40.890109]},"properties":{"name":"Delle Galassie","lines":"184","arr":["184"],"terminus":0,"mode":"bus","color":"#0059a9","colorDark":"#00294f","angle":353.1,"snapDist":1,"label":0}},{"type":"Feature","geometry":{"type":"Point","coordinates":[14.267599,40.889935]},"properties":{"name":"Delle Galassie - Largo Costellazioni","lines":"184","arr":["184"],"terminus":0,"mode":"bus","color":"#0059a9","colorDark":"#00294f","angle":353.2,"snapDist":2,"label":1}},{"type":"Feature","geometry":{"type":"Point","coordinates":[14.265179,40.861818]},"properties":{"name":"Carlo III","lines":"185","arr":["185"],"terminus":1,"mode":"bus","color":"#0059a9","colorDark":"#00294f","angle":130.1,"snapDist":10,"label":1}},{"type":"Feature","geometry":{"type":"Point","coordinates":[14.267334,40.869584]},"properties":{"name":"Nicolini","lines":"185, 254, 663, C63","arr":["185","254","663","C63"],"terminus":0,"mode":"bus","color":"#0059a9","colorDark":"#00294f","angle":67.8,"snapDist":10,"label":1}},{"type":"Feature","geometry":{"type":"Point","coordinates":[14.266796,40.87061]},"properties":{"name":"Nicolini","lines":"185, 254, 663, C63","arr":["185","254","663","C63"],"terminus":0,"mode":"bus","color":"#0059a9","colorDark":"#00294f","angle":66.4,"snapDist":7,"label":0}},{"type":"Feature","geometry":{"type":"Point","coordinates":[14.265297,40.872682]},"properties":{"name":"S. Maria ai Monti","lines":"185","arr":["185"],"terminus":0,"mode":"bus","color":"#0059a9","colorDark":"#00294f","angle":57.2,"snapDist":7,"label":1}},{"type":"Feature","geometry":{"type":"Point","coordinates":[14.265176,40.874796]},"properties":{"name":"Masoni","lines":"185","arr":["185"],"terminus":0,"mode":"bus","color":"#0059a9","colorDark":"#00294f","angle":115.8,"snapDist":7,"label":1}},{"type":"Feature","geometry":{"type":"Point","coordinates":[14.265543,40.87647]},"properties":{"name":"Masoni","lines":"185","arr":["185"],"terminus":0,"mode":"bus","color":"#0059a9","colorDark":"#00294f","angle":82,"snapDist":9,"label":0}},{"type":"Feature","geometry":{"type":"Point","coordinates":[14.265984,40.877627]},"properties":{"name":"Masoni","lines":"185","arr":["185"],"terminus":0,"mode":"bus","color":"#0059a9","colorDark":"#00294f","angle":112.5,"snapDist":8,"label":1}},{"type":"Feature","geometry":{"type":"Point","coordinates":[14.265906,40.881468]},"properties":{"name":"Masoni","lines":"185","arr":["185"],"terminus":0,"mode":"bus","color":"#0059a9","colorDark":"#00294f","angle":6.1,"snapDist":5,"label":1}},{"type":"Feature","geometry":{"type":"Point","coordinates":[14.269325,40.882548]},"properties":{"name":"Comunale Vecchia di Miano","lines":"185","arr":["185"],"terminus":0,"mode":"bus","color":"#0059a9","colorDark":"#00294f","angle":213.8,"snapDist":4,"label":1}},{"type":"Feature","geometry":{"type":"Point","coordinates":[14.270751,40.882184]},"properties":{"name":"Comunale Vecchia di Miano - Piazza di Vittorio","lines":"185","arr":["185"],"terminus":0,"mode":"bus","color":"#0059a9","colorDark":"#00294f","angle":186.7,"snapDist":14,"label":1}},{"type":"Feature","geometry":{"type":"Point","coordinates":[14.269011,40.882701]},"properties":{"name":"Comunale Vecchia di Miano","lines":"185","arr":["185"],"terminus":0,"mode":"bus","color":"#0059a9","colorDark":"#00294f","angle":32.7,"snapDist":6,"label":0}},{"type":"Feature","geometry":{"type":"Point","coordinates":[14.266376,40.884144]},"properties":{"name":"Comunale Vecchia di Miano","lines":"185","arr":["185"],"terminus":0,"mode":"bus","color":"#0059a9","colorDark":"#00294f","angle":44.8,"snapDist":8,"label":1}},{"type":"Feature","geometry":{"type":"Point","coordinates":[14.264128,40.885674]},"properties":{"name":"Comunale Vecchia di Miano","lines":"185","arr":["185"],"terminus":0,"mode":"bus","color":"#0059a9","colorDark":"#00294f","angle":37.7,"snapDist":11,"label":1}},{"type":"Feature","geometry":{"type":"Point","coordinates":[14.262083,40.886329]},"properties":{"name":"Cup Santa Cesarea","lines":"185, C78","arr":["185","C78"],"terminus":0,"mode":"bus","color":"#0059a9","colorDark":"#00294f","angle":2.5,"snapDist":1,"label":1}},{"type":"Feature","geometry":{"type":"Point","coordinates":[14.260517,40.886642]},"properties":{"name":"Cupa Santa Cesarea","lines":"185, C78","arr":["185","C78"],"terminus":0,"mode":"bus","color":"#0059a9","colorDark":"#00294f","angle":21.1,"snapDist":6,"label":1}},{"type":"Feature","geometry":{"type":"Point","coordinates":[14.258848,40.887086]},"properties":{"name":"Cupa Santa Cesarea","lines":"185, C78","arr":["185","C78"],"terminus":0,"mode":"bus","color":"#0059a9","colorDark":"#00294f","angle":31.2,"snapDist":5,"label":0}},{"type":"Feature","geometry":{"type":"Point","coordinates":[14.256911,40.88812]},"properties":{"name":"Santa Cesarea","lines":"185, C78","arr":["185","C78"],"terminus":0,"mode":"bus","color":"#0059a9","colorDark":"#00294f","angle":16.4,"snapDist":12,"label":1}},{"type":"Feature","geometry":{"type":"Point","coordinates":[14.255078,40.887473]},"properties":{"name":"S. Francesco D'Assisi","lines":"185, C78","arr":["185","C78"],"terminus":0,"mode":"bus","color":"#0059a9","colorDark":"#00294f","angle":298.2,"snapDist":3,"label":1}},{"type":"Feature","geometry":{"type":"Point","coordinates":[14.253397,40.884366]},"properties":{"name":"Nuova Epitaffio","lines":"185, C78","arr":["185","C78"],"terminus":0,"mode":"bus","color":"#0059a9","colorDark":"#00294f","angle":269.9,"snapDist":3,"label":1}},{"type":"Feature","geometry":{"type":"Point","coordinates":[14.255503,40.884429]},"properties":{"name":"Mianella","lines":"185, C78","arr":["185","C78"],"terminus":0,"mode":"bus","color":"#0059a9","colorDark":"#00294f","angle":128.9,"snapDist":7,"label":1}},{"type":"Feature","geometry":{"type":"Point","coordinates":[14.25726,40.885868]},"properties":{"name":"Mianella","lines":"185, C78","arr":["185","C78"],"terminus":0,"mode":"bus","color":"#0059a9","colorDark":"#00294f","angle":124.4,"snapDist":9,"label":0}},{"type":"Feature","geometry":{"type":"Point","coordinates":[14.259751,40.88577]},"properties":{"name":"Cupa Capodichino","lines":"185, C78","arr":["185","C78"],"terminus":0,"mode":"bus","color":"#0059a9","colorDark":"#00294f","angle":208.9,"snapDist":5,"label":1}},{"type":"Feature","geometry":{"type":"Point","coordinates":[14.261593,40.884834]},"properties":{"name":"Marone","lines":"185","arr":["185"],"terminus":0,"mode":"bus","color":"#0059a9","colorDark":"#00294f","angle":294.5,"snapDist":3,"label":1}},{"type":"Feature","geometry":{"type":"Point","coordinates":[14.260203,40.884031]},"properties":{"name":"Zanotti Bianco","lines":"185","arr":["185"],"terminus":1,"mode":"bus","color":"#0059a9","colorDark":"#00294f","angle":25.2,"snapDist":15,"label":1}},{"type":"Feature","geometry":{"type":"Point","coordinates":[14.261674,40.884968]},"properties":{"name":"Marone","lines":"185","arr":["185"],"terminus":0,"mode":"bus","color":"#0059a9","colorDark":"#00294f","angle":114.5,"snapDist":9,"label":0}},{"type":"Feature","geometry":{"type":"Point","coordinates":[14.262637,40.885801]},"properties":{"name":"Cupa Capodichino","lines":"185, C78","arr":["185","C78"],"terminus":0,"mode":"bus","color":"#0059a9","colorDark":"#00294f","angle":125.3,"snapDist":6,"label":1}},{"type":"Feature","geometry":{"type":"Point","coordinates":[14.266029,40.881458]},"properties":{"name":"Masoni","lines":"185","arr":["185"],"terminus":0,"mode":"bus","color":"#0059a9","colorDark":"#00294f","angle":186.1,"snapDist":7,"label":0}},{"type":"Feature","geometry":{"type":"Point","coordinates":[14.26589,40.877457]},"properties":{"name":"Masoni","lines":"185","arr":["185"],"terminus":0,"mode":"bus","color":"#0059a9","colorDark":"#00294f","angle":292.5,"snapDist":3,"label":0}},{"type":"Feature","geometry":{"type":"Point","coordinates":[14.265271,40.874946]},"properties":{"name":"Masoni","lines":"185","arr":["185"],"terminus":0,"mode":"bus","color":"#0059a9","colorDark":"#00294f","angle":294.6,"snapDist":3,"label":0}},{"type":"Feature","geometry":{"type":"Point","coordinates":[14.265398,40.872563]},"properties":{"name":"Santa M. ai Monti","lines":"185","arr":["185"],"terminus":0,"mode":"bus","color":"#0059a9","colorDark":"#00294f","angle":237.2,"snapDist":2,"label":1}},{"type":"Feature","geometry":{"type":"Point","coordinates":[14.267045,40.869951]},"properties":{"name":"Nicolini","lines":"185, 201BR, 254, 663, C63","arr":["185","201BR","254","663","C63"],"terminus":0,"mode":"bus","color":"#0059a9","colorDark":"#00294f","angle":245.4,"snapDist":0,"label":0}},{"type":"Feature","geometry":{"type":"Point","coordinates":[14.268086,40.867137]},"properties":{"name":"SS.Giovanni e Paolo - Zurlo","lines":"185, 201BR, 254","arr":["185","201BR","254"],"terminus":0,"mode":"bus","color":"#0059a9","colorDark":"#00294f","angle":267,"snapDist":0,"label":1}},{"type":"Feature","geometry":{"type":"Point","coordinates":[14.338078,40.862594]},"properties":{"name":"Argine","lines":"191, 196","arr":["191","196"],"terminus":0,"mode":"bus","color":"#0059a9","colorDark":"#00294f","angle":149.4,"snapDist":7,"label":1}},{"type":"Feature","geometry":{"type":"Point","coordinates":[14.341099,40.863946]},"properties":{"name":"Argine-ITIS","lines":"191, 196","arr":["191","196"],"terminus":0,"mode":"bus","color":"#0059a9","colorDark":"#00294f","angle":149.4,"snapDist":5,"label":1}},{"type":"Feature","geometry":{"type":"Point","coordinates":[14.341855,40.864981]},"properties":{"name":"Consolini","lines":"191, 196","arr":["191","196"],"terminus":0,"mode":"bus","color":"#0059a9","colorDark":"#00294f","angle":29.1,"snapDist":7,"label":1}},{"type":"Feature","geometry":{"type":"Point","coordinates":[14.336243,40.867963]},"properties":{"name":"Pasquariello","lines":"191, 196","arr":["191","196"],"terminus":0,"mode":"bus","color":"#0059a9","colorDark":"#00294f","angle":74.3,"snapDist":6,"label":1}},{"type":"Feature","geometry":{"type":"Point","coordinates":[14.341623,40.869539]},"properties":{"name":"Maria Callas","lines":"191, 196","arr":["191","196"],"terminus":0,"mode":"bus","color":"#0059a9","colorDark":"#00294f","angle":233.9,"snapDist":2,"label":1}},{"type":"Feature","geometry":{"type":"Point","coordinates":[14.342063,40.86881]},"properties":{"name":"Callas","lines":"191, 196","arr":["191","196"],"terminus":1,"mode":"bus","color":"#0059a9","colorDark":"#00294f","angle":233.3,"snapDist":3,"label":1}},{"type":"Feature","geometry":{"type":"Point","coordinates":[14.344624,40.868657]},"properties":{"name":"Sambuco","lines":"191, 196","arr":["191","196"],"terminus":0,"mode":"bus","color":"#0059a9","colorDark":"#00294f","angle":235.1,"snapDist":2,"label":1}},{"type":"Feature","geometry":{"type":"Point","coordinates":[14.34412,40.868061]},"properties":{"name":"Flauto Magico","lines":"191, 196","arr":["191","196"],"terminus":0,"mode":"bus","color":"#0059a9","colorDark":"#00294f","angle":329,"snapDist":4,"label":1}},{"type":"Feature","geometry":{"type":"Point","coordinates":[14.340552,40.869263]},"properties":{"name":"Palermo - Salgari","lines":"191, 196","arr":["191","196"],"terminus":0,"mode":"bus","color":"#0059a9","colorDark":"#00294f","angle":53.8,"snapDist":7,"label":1}},{"type":"Feature","geometry":{"type":"Point","coordinates":[14.33728,40.86945]},"properties":{"name":"Salgari","lines":"191, 196","arr":["191","196"],"terminus":0,"mode":"bus","color":"#0059a9","colorDark":"#00294f","angle":-53,"snapDist":6,"label":1}},{"type":"Feature","geometry":{"type":"Point","coordinates":[14.333939,40.869094]},"properties":{"name":"Hemingway - Poste","lines":"191, 196","arr":["191","196"],"terminus":0,"mode":"bus","color":"#0059a9","colorDark":"#00294f","angle":26.8,"snapDist":7,"label":0}},{"type":"Feature","geometry":{"type":"Point","coordinates":[14.331631,40.868854]},"properties":{"name":"Hemingway - F.lli Grimm","lines":"191, 196","arr":["191","196"],"terminus":0,"mode":"bus","color":"#0059a9","colorDark":"#00294f","angle":323.9,"snapDist":1,"label":0}},{"type":"Feature","geometry":{"type":"Point","coordinates":[14.328538,40.864816]},"properties":{"name":"Fellapane","lines":"191","arr":["191"],"terminus":0,"mode":"bus","color":"#0059a9","colorDark":"#00294f","angle":21.4,"snapDist":12,"label":1}},{"type":"Feature","geometry":{"type":"Point","coordinates":[14.323945,40.863611]},"properties":{"name":"Provinciale delle Brecce","lines":"191","arr":["191"],"terminus":0,"mode":"bus","color":"#0059a9","colorDark":"#00294f","angle":308.7,"snapDist":13,"label":1}},{"type":"Feature","geometry":{"type":"Point","coordinates":[14.322205,40.862702]},"properties":{"name":"Provinciale delle Brecce","lines":"191","arr":["191"],"terminus":0,"mode":"bus","color":"#0059a9","colorDark":"#00294f","angle":338.7,"snapDist":13,"label":0}},{"type":"Feature","geometry":{"type":"Point","coordinates":[14.306609,40.865439]},"properties":{"name":"De Roberto","lines":"191","arr":["191"],"terminus":0,"mode":"bus","color":"#0059a9","colorDark":"#00294f","angle":350,"snapDist":8,"label":1}},{"type":"Feature","geometry":{"type":"Point","coordinates":[14.304674,40.865181]},"properties":{"name":"De Roberto","lines":"191","arr":["191"],"terminus":0,"mode":"bus","color":"#0059a9","colorDark":"#00294f","angle":350,"snapDist":6,"label":0}},{"type":"Feature","geometry":{"type":"Point","coordinates":[14.301269,40.86473]},"properties":{"name":"De Roberto","lines":"191","arr":["191"],"terminus":0,"mode":"bus","color":"#0059a9","colorDark":"#00294f","angle":350.9,"snapDist":8,"label":1}},{"type":"Feature","geometry":{"type":"Point","coordinates":[14.297606,40.864285]},"properties":{"name":"De Roberto","lines":"191","arr":["191"],"terminus":0,"mode":"bus","color":"#0059a9","colorDark":"#00294f","angle":350.9,"snapDist":2,"label":1}},{"type":"Feature","geometry":{"type":"Point","coordinates":[14.293347,40.866017]},"properties":{"name":"Parise","lines":"191","arr":["191"],"terminus":0,"mode":"bus","color":"#0059a9","colorDark":"#00294f","angle":345,"snapDist":2,"label":0}},{"type":"Feature","geometry":{"type":"Point","coordinates":[14.292973,40.860002]},"properties":{"name":"Damaiano","lines":"191","arr":["191"],"terminus":0,"mode":"bus","color":"#0059a9","colorDark":"#00294f","angle":171.3,"snapDist":10,"label":1}},{"type":"Feature","geometry":{"type":"Point","coordinates":[14.294682,40.859288]},"properties":{"name":"Bruno Gaetano","lines":"191","arr":["191"],"terminus":0,"mode":"bus","color":"#0059a9","colorDark":"#00294f","angle":285.5,"snapDist":2,"label":1}},{"type":"Feature","geometry":{"type":"Point","coordinates":[14.293467,40.857243]},"properties":{"name":"Bruno Gaetano","lines":"191","arr":["191"],"terminus":0,"mode":"bus","color":"#0059a9","colorDark":"#00294f","angle":323.5,"snapDist":2,"label":1}},{"type":"Feature","geometry":{"type":"Point","coordinates":[14.292285,40.857002]},"properties":{"name":"Coppola","lines":"191","arr":["191"],"terminus":0,"mode":"bus","color":"#0059a9","colorDark":"#00294f","angle":34,"snapDist":8,"label":1}},{"type":"Feature","geometry":{"type":"Point","coordinates":[14.288071,40.857184]},"properties":{"name":"Gianturco","lines":"191","arr":["191"],"terminus":0,"mode":"bus","color":"#0059a9","colorDark":"#00294f","angle":262.5,"snapDist":7,"label":1}},{"type":"Feature","geometry":{"type":"Point","coordinates":[14.28719,40.855888]},"properties":{"name":"Taddeo da Sessa","lines":"191","arr":["191"],"terminus":0,"mode":"bus","color":"#0059a9","colorDark":"#00294f","angle":352.8,"snapDist":3,"label":1}},{"type":"Feature","geometry":{"type":"Point","coordinates":[14.282271,40.8555]},"properties":{"name":"Taddeo da Sessa - Largo Terracini","lines":"191","arr":["191"],"terminus":0,"mode":"bus","color":"#0059a9","colorDark":"#00294f","angle":352.6,"snapDist":4,"label":1}},{"type":"Feature","geometry":{"type":"Point","coordinates":[14.27774,40.854954]},"properties":{"name":"Taddeo da Sessa - Porzio","lines":"191","arr":["191"],"terminus":0,"mode":"bus","color":"#0059a9","colorDark":"#00294f","angle":352.7,"snapDist":3,"label":1}},{"type":"Feature","geometry":{"type":"Point","coordinates":[14.276249,40.856655]},"properties":{"name":"Salerno - Rimini","lines":"191","arr":["191"],"terminus":0,"mode":"bus","color":"#0059a9","colorDark":"#00294f","angle":39.3,"snapDist":8,"label":1}},{"type":"Feature","geometry":{"type":"Point","coordinates":[14.274846,40.857513]},"properties":{"name":"Rimini","lines":"191","arr":["191"],"terminus":0,"mode":"bus","color":"#0059a9","colorDark":"#00294f","angle":38.8,"snapDist":10,"label":1}},{"type":"Feature","geometry":{"type":"Point","coordinates":[14.272911,40.854417]},"properties":{"name":"Meridionale - Pavia","lines":"191, N5","arr":["191","N5"],"terminus":0,"mode":"bus","color":"#0059a9","colorDark":"#00294f","angle":172.4,"snapDist":8,"label":1}},{"type":"Feature","geometry":{"type":"Point","coordinates":[14.275656,40.854689]},"properties":{"name":"Meridionale - Poste","lines":"191, N5","arr":["191","N5"],"terminus":0,"mode":"bus","color":"#0059a9","colorDark":"#00294f","angle":172.5,"snapDist":9,"label":1}},{"type":"Feature","geometry":{"type":"Point","coordinates":[14.281937,40.855684]},"properties":{"name":"Terracini - Taddeo da Sessa","lines":"191","arr":["191"],"terminus":0,"mode":"bus","color":"#0059a9","colorDark":"#00294f","angle":262.6,"snapDist":0,"label":1}},{"type":"Feature","geometry":{"type":"Point","coordinates":[14.283129,40.855409]},"properties":{"name":"Taddeo da Sessa - Officine FS","lines":"191, N5","arr":["191","N5"],"terminus":0,"mode":"bus","color":"#0059a9","colorDark":"#00294f","angle":172.9,"snapDist":7,"label":1}},{"type":"Feature","geometry":{"type":"Point","coordinates":[14.287349,40.855824]},"properties":{"name":"Taddeo da Sessa","lines":"191, N5","arr":["191","N5"],"terminus":0,"mode":"bus","color":"#0059a9","colorDark":"#00294f","angle":172.3,"snapDist":6,"label":0}},{"type":"Feature","geometry":{"type":"Point","coordinates":[14.290988,40.85623]},"properties":{"name":"Murialdo","lines":"191","arr":["191"],"terminus":0,"mode":"bus","color":"#0059a9","colorDark":"#00294f","angle":172.5,"snapDist":7,"label":1}},{"type":"Feature","geometry":{"type":"Point","coordinates":[14.292824,40.856883]},"properties":{"name":"Bruno Gaetano - Bonifaci","lines":"191","arr":["191"],"terminus":0,"mode":"bus","color":"#0059a9","colorDark":"#00294f","angle":143.5,"snapDist":10,"label":1}},{"type":"Feature","geometry":{"type":"Point","coordinates":[14.29393,40.857861]},"properties":{"name":"Bruno Gaetano","lines":"191","arr":["191"],"terminus":0,"mode":"bus","color":"#0059a9","colorDark":"#00294f","angle":115.1,"snapDist":10,"label":0}},{"type":"Feature","geometry":{"type":"Point","coordinates":[14.294864,40.859899]},"properties":{"name":"Bruno Gaetano","lines":"191","arr":["191"],"terminus":0,"mode":"bus","color":"#0059a9","colorDark":"#00294f","angle":98.5,"snapDist":10,"label":0}},{"type":"Feature","geometry":{"type":"Point","coordinates":[14.293484,40.860124]},"properties":{"name":"Da Maiano","lines":"191","arr":["191"],"terminus":0,"mode":"bus","color":"#0059a9","colorDark":"#00294f","angle":330.9,"snapDist":4,"label":1}},{"type":"Feature","geometry":{"type":"Point","coordinates":[14.292521,40.861937]},"properties":{"name":"Dei Bonifaci","lines":"191","arr":["191"],"terminus":0,"mode":"bus","color":"#0059a9","colorDark":"#00294f","angle":86.4,"snapDist":13,"label":1}},{"type":"Feature","geometry":{"type":"Point","coordinates":[14.29615,40.864112]},"properties":{"name":"Del Macello","lines":"191","arr":["191"],"terminus":0,"mode":"bus","color":"#0059a9","colorDark":"#00294f","angle":171.3,"snapDist":9,"label":0}},{"type":"Feature","geometry":{"type":"Point","coordinates":[14.301448,40.864752]},"properties":{"name":"De Roberto","lines":"191","arr":["191"],"terminus":0,"mode":"bus","color":"#0059a9","colorDark":"#00294f","angle":170.9,"snapDist":22,"label":0}},{"type":"Feature","geometry":{"type":"Point","coordinates":[14.304979,40.865221]},"properties":{"name":"De Roberto","lines":"191","arr":["191"],"terminus":0,"mode":"bus","color":"#0059a9","colorDark":"#00294f","angle":170,"snapDist":20,"label":0}},{"type":"Feature","geometry":{"type":"Point","coordinates":[14.307019,40.865494]},"properties":{"name":"De Roberto - Selenia","lines":"191","arr":["191"],"terminus":0,"mode":"bus","color":"#0059a9","colorDark":"#00294f","angle":170,"snapDist":17,"label":1}},{"type":"Feature","geometry":{"type":"Point","coordinates":[14.314068,40.861489]},"properties":{"name":"Provinciale delle Brecce","lines":"191","arr":["191"],"terminus":0,"mode":"bus","color":"#0059a9","colorDark":"#00294f","angle":147.1,"snapDist":13,"label":1}},{"type":"Feature","geometry":{"type":"Point","coordinates":[14.317684,40.86223]},"properties":{"name":"Provinciale delle Brecce","lines":"191","arr":["191"],"terminus":0,"mode":"bus","color":"#0059a9","colorDark":"#00294f","angle":148.6,"snapDist":13,"label":1}},{"type":"Feature","geometry":{"type":"Point","coordinates":[14.323049,40.862215]},"properties":{"name":"Comunale Maranda","lines":"191","arr":["191"],"terminus":0,"mode":"bus","color":"#0059a9","colorDark":"#00294f","angle":210.9,"snapDist":6,"label":1}},{"type":"Feature","geometry":{"type":"Point","coordinates":[14.326034,40.864535]},"properties":{"name":"Palermo - Argine","lines":"191","arr":["191"],"terminus":0,"mode":"bus","color":"#0059a9","colorDark":"#00294f","angle":110.3,"snapDist":14,"label":1}},{"type":"Feature","geometry":{"type":"Point","coordinates":[14.326998,40.865273]},"properties":{"name":"Fellapane","lines":"191","arr":["191"],"terminus":0,"mode":"bus","color":"#0059a9","colorDark":"#00294f","angle":201.4,"snapDist":8,"label":0}},{"type":"Feature","geometry":{"type":"Point","coordinates":[14.339169,40.870504]},"properties":{"name":"Palermo - Salgari","lines":"191","arr":["191"],"terminus":0,"mode":"bus","color":"#0059a9","colorDark":"#00294f","angle":233.9,"snapDist":7,"label":0}},{"type":"Feature","geometry":{"type":"Point","coordinates":[14.342577,40.866916]},"properties":{"name":"Palermo - Argine","lines":"191","arr":["191"],"terminus":0,"mode":"bus","color":"#0059a9","colorDark":"#00294f","angle":239.5,"snapDist":3,"label":1}},{"type":"Feature","geometry":{"type":"Point","coordinates":[14.34195,40.864457]},"properties":{"name":"Argine - Istituto Agrario","lines":"191","arr":["191"],"terminus":0,"mode":"bus","color":"#0059a9","colorDark":"#00294f","angle":325.6,"snapDist":4,"label":0}},{"type":"Feature","geometry":{"type":"Point","coordinates":[14.339949,40.863527]},"properties":{"name":"Argine - ITIS","lines":"191","arr":["191"],"terminus":0,"mode":"bus","color":"#0059a9","colorDark":"#00294f","angle":329.5,"snapDist":7,"label":1}},{"type":"Feature","geometry":{"type":"Point","coordinates":[14.338123,40.862714]},"properties":{"name":"Argine - Istituto Agrario","lines":"191","arr":["191"],"terminus":0,"mode":"bus","color":"#0059a9","colorDark":"#00294f","angle":329.5,"snapDist":1,"label":1}},{"type":"Feature","geometry":{"type":"Point","coordinates":[14.313792,40.83851]},"properties":{"name":"IV Novembre","lines":"194, 472, 475","arr":["194","472","475"],"terminus":0,"mode":"bus","color":"#0059a9","colorDark":"#00294f","angle":157.2,"snapDist":6,"label":1}},{"type":"Feature","geometry":{"type":"Point","coordinates":[14.315663,40.839075]},"properties":{"name":"IV Novembre","lines":"194, 472, 475","arr":["194","472","475"],"terminus":0,"mode":"bus","color":"#0059a9","colorDark":"#00294f","angle":158.7,"snapDist":6,"label":0}},{"type":"Feature","geometry":{"type":"Point","coordinates":[14.318336,40.8393]},"properties":{"name":"Buozzi","lines":"194, 472, 475","arr":["194","472","475"],"terminus":0,"mode":"bus","color":"#0059a9","colorDark":"#00294f","angle":244.9,"snapDist":2,"label":1}},{"type":"Feature","geometry":{"type":"Point","coordinates":[14.319761,40.837157]},"properties":{"name":"Buozzi","lines":"194, 472, 475","arr":["194","472","475"],"terminus":0,"mode":"bus","color":"#0059a9","colorDark":"#00294f","angle":242.8,"snapDist":2,"label":1}},{"type":"Feature","geometry":{"type":"Point","coordinates":[14.320657,40.83576]},"properties":{"name":"Buozzi","lines":"194, 475","arr":["194","475"],"terminus":0,"mode":"bus","color":"#0059a9","colorDark":"#00294f","angle":241.5,"snapDist":0,"label":0}},{"type":"Feature","geometry":{"type":"Point","coordinates":[14.321157,40.834275]},"properties":{"name":"Stigliola - Centro Polifunzionale","lines":"194, 475","arr":["194","475"],"terminus":0,"mode":"bus","color":"#0059a9","colorDark":"#00294f","angle":241.9,"snapDist":1,"label":1}},{"type":"Feature","geometry":{"type":"Point","coordinates":[14.322218,40.8345]},"properties":{"name":"Quaranta - Corso Sirena","lines":"194","arr":["194"],"terminus":0,"mode":"bus","color":"#0059a9","colorDark":"#00294f","angle":155.5,"snapDist":6,"label":1}},{"type":"Feature","geometry":{"type":"Point","coordinates":[14.323782,40.834989]},"properties":{"name":"Villa Bisignano 11 a","lines":"194","arr":["194"],"terminus":0,"mode":"bus","color":"#0059a9","colorDark":"#00294f","angle":156.6,"snapDist":7,"label":1}},{"type":"Feature","geometry":{"type":"Point","coordinates":[14.325945,40.836767]},"properties":{"name":"Bisignano - IV Traversa","lines":"194","arr":["194"],"terminus":0,"mode":"bus","color":"#0059a9","colorDark":"#00294f","angle":66,"snapDist":9,"label":1}},{"type":"Feature","geometry":{"type":"Point","coordinates":[14.324554,40.838919]},"properties":{"name":"Bisignano - IV Traversa","lines":"194","arr":["194"],"terminus":0,"mode":"bus","color":"#0059a9","colorDark":"#00294f","angle":61.2,"snapDist":6,"label":1}},{"type":"Feature","geometry":{"type":"Point","coordinates":[14.322702,40.84098]},"properties":{"name":"Suor Maria della Passione Beata","lines":"194","arr":["194"],"terminus":0,"mode":"bus","color":"#0059a9","colorDark":"#00294f","angle":66.8,"snapDist":6,"label":1}},{"type":"Feature","geometry":{"type":"Point","coordinates":[14.320311,40.841589]},"properties":{"name":"Mastellone","lines":"194","arr":["194"],"terminus":0,"mode":"bus","color":"#0059a9","colorDark":"#00294f","angle":67.2,"snapDist":9,"label":1}},{"type":"Feature","geometry":{"type":"Point","coordinates":[14.32029,40.842738]},"properties":{"name":"Mastellone - Vela","lines":"194","arr":["194"],"terminus":0,"mode":"bus","color":"#0059a9","colorDark":"#00294f","angle":70.7,"snapDist":9,"label":1}},{"type":"Feature","geometry":{"type":"Point","coordinates":[14.338798,40.855521]},"properties":{"name":"Martiri della Libertà - Circumvesuviana","lines":"195","arr":["195"],"terminus":0,"mode":"bus","color":"#0059a9","colorDark":"#00294f","angle":239.7,"snapDist":4,"label":0}},{"type":"Feature","geometry":{"type":"Point","coordinates":[14.339677,40.853759]},"properties":{"name":"Martiri della Libertà - de Meis","lines":"195","arr":["195"],"terminus":0,"mode":"bus","color":"#0059a9","colorDark":"#00294f","angle":51.5,"snapDist":15,"label":0}},{"type":"Feature","geometry":{"type":"Point","coordinates":[14.334727,40.8486]},"properties":{"name":"Bartolo Longo - Parco Europa","lines":"195","arr":["195"],"terminus":0,"mode":"bus","color":"#0059a9","colorDark":"#00294f","angle":35.5,"snapDist":9,"label":1}},{"type":"Feature","geometry":{"type":"Point","coordinates":[14.333005,40.849954]},"properties":{"name":"Bartolo Longo - de Meis","lines":"195","arr":["195"],"terminus":0,"mode":"bus","color":"#0059a9","colorDark":"#00294f","angle":62.2,"snapDist":8,"label":1}},{"type":"Feature","geometry":{"type":"Point","coordinates":[14.302975,40.842383]},"properties":{"name":"Martinez","lines":"195, 472","arr":["195","472"],"terminus":0,"mode":"bus","color":"#0059a9","colorDark":"#00294f","angle":255.1,"snapDist":4,"label":1}},{"type":"Feature","geometry":{"type":"Point","coordinates":[14.301673,40.840837]},"properties":{"name":"Imparato","lines":"195, 472","arr":["195","472"],"terminus":0,"mode":"bus","color":"#0059a9","colorDark":"#00294f","angle":261.6,"snapDist":3,"label":1}},{"type":"Feature","geometry":{"type":"Point","coordinates":[14.302085,40.838832]},"properties":{"name":"Ferrante Imparato","lines":"195, 472","arr":["195","472"],"terminus":0,"mode":"bus","color":"#0059a9","colorDark":"#00294f","angle":261.2,"snapDist":3,"label":1}},{"type":"Feature","geometry":{"type":"Point","coordinates":[14.282324,40.844691]},"properties":{"name":"Volta - Brin","lines":"195, 254, 421A, 472","arr":["195","254","421A","472"],"terminus":0,"mode":"bus","color":"#0059a9","colorDark":"#00294f","angle":29.6,"snapDist":6,"label":1}},{"type":"Feature","geometry":{"type":"Point","coordinates":[14.28007,40.845684]},"properties":{"name":"A.Volta-Parcheggio Brin","lines":"195, 254, 421A, 472","arr":["195","254","421A","472"],"terminus":0,"mode":"bus","color":"#0059a9","colorDark":"#00294f","angle":30.1,"snapDist":4,"label":1}},{"type":"Feature","geometry":{"type":"Point","coordinates":[14.316915,40.846194]},"properties":{"name":"Cavalc. Ponticelli-Volpicella","lines":"195, 472, 475","arr":["195","472","475"],"terminus":0,"mode":"bus","color":"#0059a9","colorDark":"#00294f","angle":130.5,"snapDist":9,"label":1}},{"type":"Feature","geometry":{"type":"Point","coordinates":[14.339122,40.849663]},"properties":{"name":"Pomilio","lines":"195","arr":["195"],"terminus":0,"mode":"bus","color":"#0059a9","colorDark":"#00294f","angle":90.8,"snapDist":7,"label":1}},{"type":"Feature","geometry":{"type":"Point","coordinates":[14.340025,40.851512]},"properties":{"name":"Pomilio - de Meis","lines":"195","arr":["195"],"terminus":0,"mode":"bus","color":"#0059a9","colorDark":"#00294f","angle":179.4,"snapDist":6,"label":1}},{"type":"Feature","geometry":{"type":"Point","coordinates":[14.341512,40.8517]},"properties":{"name":"Rea","lines":"195","arr":["195"],"terminus":0,"mode":"bus","color":"#0059a9","colorDark":"#00294f","angle":163.6,"snapDist":5,"label":1}},{"type":"Feature","geometry":{"type":"Point","coordinates":[14.309607,40.850032]},"properties":{"name":"Neapolis","lines":"196, 196BR","arr":["196","196BR"],"terminus":0,"mode":"bus","color":"#0059a9","colorDark":"#00294f","angle":149.4,"snapDist":10,"label":1}},{"type":"Feature","geometry":{"type":"Point","coordinates":[14.312518,40.851264]},"properties":{"name":"Argine - Hitachi","lines":"196, 196BR","arr":["196","196BR"],"terminus":0,"mode":"bus","color":"#0059a9","colorDark":"#00294f","angle":147.3,"snapDist":5,"label":0}},{"type":"Feature","geometry":{"type":"Point","coordinates":[14.314508,40.852207]},"properties":{"name":"Argine - motorizzazione","lines":"196, 196BR","arr":["196","196BR"],"terminus":0,"mode":"bus","color":"#0059a9","colorDark":"#00294f","angle":150.1,"snapDist":9,"label":1}},{"type":"Feature","geometry":{"type":"Point","coordinates":[14.328682,40.858375]},"properties":{"name":"Argine - Stazionamento","lines":"196","arr":["196"],"terminus":0,"mode":"bus","color":"#0059a9","colorDark":"#00294f","angle":149.1,"snapDist":8,"label":0}},{"type":"Feature","geometry":{"type":"Point","coordinates":[14.332535,40.8678]},"properties":{"name":"Fratelli Grimm","lines":"196","arr":["196"],"terminus":0,"mode":"bus","color":"#0059a9","colorDark":"#00294f","angle":217.5,"snapDist":2,"label":1}},{"type":"Feature","geometry":{"type":"Point","coordinates":[14.333173,40.865843]},"properties":{"name":"Coppi","lines":"196","arr":["196"],"terminus":0,"mode":"bus","color":"#0059a9","colorDark":"#00294f","angle":282.3,"snapDist":10,"label":1}},{"type":"Feature","geometry":{"type":"Point","coordinates":[14.333159,40.863334]},"properties":{"name":"Coppi - Bologna","lines":"196","arr":["196"],"terminus":0,"mode":"bus","color":"#0059a9","colorDark":"#00294f","angle":249.3,"snapDist":4,"label":1}},{"type":"Feature","geometry":{"type":"Point","coordinates":[14.314997,40.852508]},"properties":{"name":"Argine - motorizzazione","lines":"196, 196BR, 472","arr":["196","196BR","472"],"terminus":0,"mode":"bus","color":"#0059a9","colorDark":"#00294f","angle":330.2,"snapDist":0,"label":0}},{"type":"Feature","geometry":{"type":"Point","coordinates":[14.312408,40.8513]},"properties":{"name":"Argine - Hitachi","lines":"196, 196BR, 472","arr":["196","196BR","472"],"terminus":1,"mode":"bus","color":"#0059a9","colorDark":"#00294f","angle":327.4,"snapDist":3,"label":1}},{"type":"Feature","geometry":{"type":"Point","coordinates":[14.307364,40.849114]},"properties":{"name":"Argine","lines":"196, 196BR, 472","arr":["196","196BR","472"],"terminus":0,"mode":"bus","color":"#0059a9","colorDark":"#00294f","angle":329.6,"snapDist":4,"label":1}},{"type":"Feature","geometry":{"type":"Point","coordinates":[14.304524,40.847858]},"properties":{"name":"Argine - Cavalcavia Autostrada","lines":"196, 196BR, 472","arr":["196","196BR","472"],"terminus":0,"mode":"bus","color":"#0059a9","colorDark":"#00294f","angle":328.6,"snapDist":0,"label":1}},{"type":"Feature","geometry":{"type":"Point","coordinates":[14.300474,40.8467]},"properties":{"name":"Imparato Ferrante - Galileo Ferraris","lines":"196","arr":["196"],"terminus":0,"mode":"bus","color":"#0059a9","colorDark":"#00294f","angle":81.4,"snapDist":10,"label":1}},{"type":"Feature","geometry":{"type":"Point","coordinates":[14.299946,40.849339]},"properties":{"name":"Imparato Ferrante","lines":"196","arr":["196"],"terminus":0,"mode":"bus","color":"#0059a9","colorDark":"#00294f","angle":81.4,"snapDist":12,"label":1}},{"type":"Feature","geometry":{"type":"Point","coordinates":[14.283074,40.848887]},"properties":{"name":"Brin","lines":"196BR","arr":["196BR"],"terminus":0,"mode":"bus","color":"#0059a9","colorDark":"#00294f","angle":107.7,"snapDist":13,"label":1}},{"type":"Feature","geometry":{"type":"Point","coordinates":[14.266974,40.862802]},"properties":{"name":"Carlo III","lines":"201","arr":["201"],"terminus":1,"mode":"bus","color":"#149a3f","colorDark":"#0a5121","angle":129.1,"snapDist":13,"label":1}},{"type":"Feature","geometry":{"type":"Point","coordinates":[14.254704,40.843516]},"properties":{"name":"Sanfelice - Bovio","lines":"201, 202, 204, 302, 460, N1, N3, R2","arr":["201","202","204","302","460","N1","N3","R2"],"terminus":1,"mode":"bus","color":"#0059a9","colorDark":"#00294f","angle":178.2,"snapDist":4,"label":1}},{"type":"Feature","geometry":{"type":"Point","coordinates":[14.25374,40.84021]},"properties":{"name":"Depretis - San Marco","lines":"201, 202, 204, 302, N1","arr":["201","202","204","302","N1"],"terminus":0,"mode":"bus","color":"#0059a9","colorDark":"#00294f","angle":292.1,"snapDist":1,"label":1}},{"type":"Feature","geometry":{"type":"Point","coordinates":[14.252317,40.840771]},"properties":{"name":"Medina - Municipio","lines":"201, 202, 204, 302, N1, N3, R2","arr":["201","202","204","302","N1","N3","R2"],"terminus":1,"mode":"bus","color":"#0059a9","colorDark":"#00294f","angle":95.8,"snapDist":4,"label":1}},{"type":"Feature","geometry":{"type":"Point","coordinates":[14.266166,40.871436]},"properties":{"name":"Nicolini","lines":"201BR, 254","arr":["201BR","254"],"terminus":1,"mode":"bus","color":"#0059a9","colorDark":"#00294f","angle":246.4,"snapDist":1,"label":1}},{"type":"Feature","geometry":{"type":"Point","coordinates":[14.265183,40.86605]},"properties":{"name":"Giovan Battista Vico","lines":"202, 663, C63","arr":["202","663","C63"],"terminus":1,"mode":"bus","color":"#0059a9","colorDark":"#00294f","angle":219.7,"snapDist":6,"label":1}},{"type":"Feature","geometry":{"type":"Point","coordinates":[14.266507,40.861461]},"properties":{"name":"Garibaldi - Carlo III","lines":"202, 254, 302","arr":["202","254","302"],"terminus":0,"mode":"bus","color":"#0059a9","colorDark":"#00294f","angle":262.5,"snapDist":5,"label":1}},{"type":"Feature","geometry":{"type":"Point","coordinates":[14.266785,40.85987]},"properties":{"name":"Garibaldi - Porzio","lines":"202, 254, 302","arr":["202","254","302"],"terminus":0,"mode":"bus","color":"#0059a9","colorDark":"#00294f","angle":262.5,"snapDist":6,"label":1}},{"type":"Feature","geometry":{"type":"Point","coordinates":[14.267166,40.857691]},"properties":{"name":"Garibaldi - Volturno","lines":"202, 254, 302","arr":["202","254","302"],"terminus":0,"mode":"bus","color":"#0059a9","colorDark":"#00294f","angle":262.5,"snapDist":4,"label":1}},{"type":"Feature","geometry":{"type":"Point","coordinates":[14.267424,40.856217]},"properties":{"name":"Garibaldi - Casanova","lines":"202, 302","arr":["202","302"],"terminus":0,"mode":"bus","color":"#0059a9","colorDark":"#00294f","angle":262.5,"snapDist":6,"label":1}},{"type":"Feature","geometry":{"type":"Point","coordinates":[14.267775,40.854005]},"properties":{"name":"Garibaldi - Principe Umberto","lines":"202, 254, 302","arr":["202","254","302"],"terminus":0,"mode":"bus","color":"#0059a9","colorDark":"#00294f","angle":254,"snapDist":1,"label":0}},{"type":"Feature","geometry":{"type":"Point","coordinates":[14.268118,40.852464]},"properties":{"name":"Garibaldi - Umberto I","lines":"202, 254, 302","arr":["202","254","302"],"terminus":0,"mode":"bus","color":"#0059a9","colorDark":"#00294f","angle":263.4,"snapDist":2,"label":1}},{"type":"Feature","geometry":{"type":"Point","coordinates":[14.255304,40.841597]},"properties":{"name":"De Gasperi","lines":"202, 302, N1","arr":["202","302","N1"],"terminus":0,"mode":"bus","color":"#0059a9","colorDark":"#00294f","angle":321.6,"snapDist":6,"label":1}},{"type":"Feature","geometry":{"type":"Point","coordinates":[14.25595,40.843924]},"properties":{"name":"Bovio","lines":"202, 302, 460, N1, N3, R2","arr":["202","302","460","N1","N3","R2"],"terminus":0,"mode":"bus","color":"#0059a9","colorDark":"#00294f","angle":139.8,"snapDist":9,"label":1}},{"type":"Feature","geometry":{"type":"Point","coordinates":[14.258614,40.845639]},"properties":{"name":"Umberto I","lines":"202, 302, 460, N1, N3, R2","arr":["202","302","460","N1","N3","R2"],"terminus":0,"mode":"bus","color":"#0059a9","colorDark":"#00294f","angle":140.2,"snapDist":7,"label":1}},{"type":"Feature","geometry":{"type":"Point","coordinates":[14.260368,40.846757]},"properties":{"name":"Umberto I - N. Amore","lines":"202, 302, 460, N1, N3, R2","arr":["202","302","460","N1","N3","R2"],"terminus":0,"mode":"bus","color":"#0059a9","colorDark":"#00294f","angle":140.2,"snapDist":9,"label":1}},{"type":"Feature","geometry":{"type":"Point","coordinates":[14.263581,40.84883]},"properties":{"name":"Umberto I - Colletta","lines":"202, 302, 460, N1, N3, R2","arr":["202","302","460","N1","N3","R2"],"terminus":0,"mode":"bus","color":"#0059a9","colorDark":"#00294f","angle":137.4,"snapDist":9,"label":1}},{"type":"Feature","geometry":{"type":"Point","coordinates":[14.266033,40.850425]},"properties":{"name":"Umberto - Nolana","lines":"202, 302, 460, N1, N3, R2","arr":["202","302","460","N1","N3","R2"],"terminus":0,"mode":"bus","color":"#0059a9","colorDark":"#00294f","angle":138.4,"snapDist":11,"label":1}},{"type":"Feature","geometry":{"type":"Point","coordinates":[14.267199,40.857508]},"properties":{"name":"Garibaldi - S.Maria della Fede","lines":"202, 254, 302","arr":["202","254","302"],"terminus":0,"mode":"bus","color":"#0059a9","colorDark":"#00294f","angle":82.5,"snapDist":11,"label":1}},{"type":"Feature","geometry":{"type":"Point","coordinates":[14.266869,40.859393]},"properties":{"name":"Garibaldi - Porzio","lines":"202, 254, 302","arr":["202","254","302"],"terminus":0,"mode":"bus","color":"#0059a9","colorDark":"#00294f","angle":82.5,"snapDist":11,"label":0}},{"type":"Feature","geometry":{"type":"Point","coordinates":[14.266591,40.860983]},"properties":{"name":"Garibaldi - Carlo III","lines":"202, 254, 302","arr":["202","254","302"],"terminus":0,"mode":"bus","color":"#0059a9","colorDark":"#00294f","angle":82.5,"snapDist":9,"label":0}},{"type":"Feature","geometry":{"type":"Point","coordinates":[14.226795,40.864969]},"properties":{"name":"Cardarelli-Ospedale","lines":"204","arr":["204"],"terminus":1,"mode":"bus","color":"#149a3f","colorDark":"#0a5121","angle":-163,"snapDist":7,"label":1}},{"type":"Feature","geometry":{"type":"Point","coordinates":[14.230599,40.868391]},"properties":{"name":"Colli Aminei","lines":"204","arr":["204"],"terminus":0,"mode":"bus","color":"#149a3f","colorDark":"#0a5121","angle":184,"snapDist":6,"label":1}},{"type":"Feature","geometry":{"type":"Point","coordinates":[14.233172,40.868257]},"properties":{"name":"Colli Aminei","lines":"204, C65","arr":["204","C65"],"terminus":0,"mode":"bus","color":"#0059a9","colorDark":"#00294f","angle":183.9,"snapDist":6,"label":0}},{"type":"Feature","geometry":{"type":"Point","coordinates":[14.235923,40.869101]},"properties":{"name":"Colli Aminei","lines":"204","arr":["204"],"terminus":0,"mode":"bus","color":"#149a3f","colorDark":"#0a5121","angle":144.6,"snapDist":6,"label":1}},{"type":"Feature","geometry":{"type":"Point","coordinates":[14.238836,40.870729]},"properties":{"name":"Colli Aminei - Tribunale","lines":"204","arr":["204"],"terminus":0,"mode":"bus","color":"#149a3f","colorDark":"#0a5121","angle":143.4,"snapDist":10,"label":1}},{"type":"Feature","geometry":{"type":"Point","coordinates":[14.239951,40.87131]},"properties":{"name":"Colli Aminei","lines":"204","arr":["204"],"terminus":0,"mode":"bus","color":"#149a3f","colorDark":"#0a5121","angle":155.1,"snapDist":9,"label":1}},{"type":"Feature","geometry":{"type":"Point","coordinates":[14.241852,40.871631]},"properties":{"name":"Colli Aminei","lines":"204","arr":["204"],"terminus":0,"mode":"bus","color":"#149a3f","colorDark":"#0a5121","angle":186,"snapDist":8,"label":0}},{"type":"Feature","geometry":{"type":"Point","coordinates":[14.244082,40.871123]},"properties":{"name":"Colli Aminei","lines":"204","arr":["204"],"terminus":0,"mode":"bus","color":"#149a3f","colorDark":"#0a5121","angle":201.5,"snapDist":8,"label":1}},{"type":"Feature","geometry":{"type":"Point","coordinates":[14.247065,40.870213]},"properties":{"name":"Colli Aminei","lines":"204, C65","arr":["204","C65"],"terminus":0,"mode":"bus","color":"#0059a9","colorDark":"#00294f","angle":198.1,"snapDist":9,"label":1}},{"type":"Feature","geometry":{"type":"Point","coordinates":[14.246911,40.868637]},"properties":{"name":"Colli Aminei-C.T.O.","lines":"204","arr":["204"],"terminus":0,"mode":"bus","color":"#149a3f","colorDark":"#0a5121","angle":249.9,"snapDist":6,"label":1}},{"type":"Feature","geometry":{"type":"Point","coordinates":[14.24867,40.867633]},"properties":{"name":"Colli Aminei - Facoltà di Teologia","lines":"204, C65","arr":["204","C65"],"terminus":0,"mode":"bus","color":"#0059a9","colorDark":"#00294f","angle":227.3,"snapDist":7,"label":1}},{"type":"Feature","geometry":{"type":"Point","coordinates":[14.248588,40.8677]},"properties":{"name":"Colli Aminei - Ist. Teologia Capodimonte","lines":"204","arr":["204"],"terminus":0,"mode":"bus","color":"#149a3f","colorDark":"#0a5121","angle":47.3,"snapDist":5,"label":1}},{"type":"Feature","geometry":{"type":"Point","coordinates":[14.24737,40.869398]},"properties":{"name":"Colli Aminei - C.T.O. - Museo Capodimonte","lines":"204","arr":["204"],"terminus":0,"mode":"bus","color":"#149a3f","colorDark":"#0a5121","angle":144.5,"snapDist":11,"label":1}},{"type":"Feature","geometry":{"type":"Point","coordinates":[14.246733,40.870295]},"properties":{"name":"Colli Aminei - C.T.O.","lines":"204","arr":["204"],"terminus":0,"mode":"bus","color":"#149a3f","colorDark":"#0a5121","angle":18.1,"snapDist":3,"label":1}},{"type":"Feature","geometry":{"type":"Point","coordinates":[14.244078,40.871124]},"properties":{"name":"Colli Aminei","lines":"204","arr":["204"],"terminus":0,"mode":"bus","color":"#149a3f","colorDark":"#0a5121","angle":21.5,"snapDist":4,"label":0}},{"type":"Feature","geometry":{"type":"Point","coordinates":[14.242637,40.871524]},"properties":{"name":"Colli Aminei","lines":"204","arr":["204"],"terminus":0,"mode":"bus","color":"#149a3f","colorDark":"#0a5121","angle":12.3,"snapDist":5,"label":0}},{"type":"Feature","geometry":{"type":"Point","coordinates":[14.240035,40.87134]},"properties":{"name":"Colli Aminei","lines":"204","arr":["204"],"terminus":0,"mode":"bus","color":"#149a3f","colorDark":"#0a5121","angle":335.1,"snapDist":3,"label":0}},{"type":"Feature","geometry":{"type":"Point","coordinates":[14.238678,40.870641]},"properties":{"name":"Colli Aminei - Tribunale","lines":"204","arr":["204"],"terminus":0,"mode":"bus","color":"#149a3f","colorDark":"#0a5121","angle":323.4,"snapDist":2,"label":0}},{"type":"Feature","geometry":{"type":"Point","coordinates":[14.235766,40.869017]},"properties":{"name":"Colli Aminei","lines":"204","arr":["204"],"terminus":0,"mode":"bus","color":"#149a3f","colorDark":"#0a5121","angle":324.6,"snapDist":6,"label":0}},{"type":"Feature","geometry":{"type":"Point","coordinates":[14.234683,40.868438]},"properties":{"name":"Colli Aminei 74","lines":"204","arr":["204"],"terminus":0,"mode":"bus","color":"#149a3f","colorDark":"#0a5121","angle":325.8,"snapDist":3,"label":1}},{"type":"Feature","geometry":{"type":"Point","coordinates":[14.231557,40.86834]},"properties":{"name":"Colli Aminei","lines":"204, C65","arr":["204","C65"],"terminus":0,"mode":"bus","color":"#0059a9","colorDark":"#00294f","angle":4,"snapDist":7,"label":0}},{"type":"Feature","geometry":{"type":"Point","coordinates":[14.229349,40.868458]},"properties":{"name":"Colli Aminei 126","lines":"204, C65","arr":["204","C65"],"terminus":0,"mode":"bus","color":"#0059a9","colorDark":"#00294f","angle":4,"snapDist":5,"label":1}},{"type":"Feature","geometry":{"type":"Point","coordinates":[14.226091,40.864033]},"properties":{"name":"Cardarelli","lines":"204","arr":["204"],"terminus":0,"mode":"bus","color":"#149a3f","colorDark":"#0a5121","angle":106.7,"snapDist":8,"label":0}},{"type":"Feature","geometry":{"type":"Point","coordinates":[14.348398,40.820259]},"properties":{"name":"Piazza Poli","lines":"254","arr":["254"],"terminus":1,"mode":"bus","color":"#149a3f","colorDark":"#0a5121","angle":0,"snapDist":2,"label":1}},{"type":"Feature","geometry":{"type":"Point","coordinates":[14.347744,40.820251]},"properties":{"name":"Diaz Attestamento","lines":"254","arr":["254"],"terminus":0,"mode":"bus","color":"#149a3f","colorDark":"#0a5121","angle":358.9,"snapDist":4,"label":1}},{"type":"Feature","geometry":{"type":"Point","coordinates":[14.343916,40.820128]},"properties":{"name":"Diaz - Poste","lines":"254","arr":["254"],"terminus":0,"mode":"bus","color":"#149a3f","colorDark":"#0a5121","angle":354,"snapDist":4,"label":1}},{"type":"Feature","geometry":{"type":"Point","coordinates":[14.340579,40.819872]},"properties":{"name":"Diaz 77","lines":"254","arr":["254"],"terminus":0,"mode":"bus","color":"#149a3f","colorDark":"#0a5121","angle":354.4,"snapDist":5,"label":1}},{"type":"Feature","geometry":{"type":"Point","coordinates":[14.336675,40.819578]},"properties":{"name":"Diaz - Piazzetta Comes","lines":"254","arr":["254"],"terminus":0,"mode":"bus","color":"#149a3f","colorDark":"#0a5121","angle":347.6,"snapDist":5,"label":1}},{"type":"Feature","geometry":{"type":"Point","coordinates":[14.332873,40.818704]},"properties":{"name":"Diaz - Roma","lines":"254","arr":["254"],"terminus":0,"mode":"bus","color":"#149a3f","colorDark":"#0a5121","angle":343.3,"snapDist":2,"label":1}},{"type":"Feature","geometry":{"type":"Point","coordinates":[14.3214,40.823675]},"properties":{"name":"S.Giovanni a Teduccio - Chiesa","lines":"254","arr":["254"],"terminus":0,"mode":"bus","color":"#149a3f","colorDark":"#0a5121","angle":24.8,"snapDist":11,"label":1}},{"type":"Feature","geometry":{"type":"Point","coordinates":[14.319295,40.824399]},"properties":{"name":"S.Giovanni a Teduccio","lines":"254","arr":["254"],"terminus":0,"mode":"bus","color":"#149a3f","colorDark":"#0a5121","angle":24.6,"snapDist":9,"label":1}},{"type":"Feature","geometry":{"type":"Point","coordinates":[14.316263,40.826041]},"properties":{"name":"S.Giovanni a Teduccio","lines":"254","arr":["254"],"terminus":0,"mode":"bus","color":"#149a3f","colorDark":"#0a5121","angle":51.1,"snapDist":8,"label":1}},{"type":"Feature","geometry":{"type":"Point","coordinates":[14.314819,40.827527]},"properties":{"name":"S.Giovanni a Teduccio - I° Vico Marina","lines":"254","arr":["254"],"terminus":0,"mode":"bus","color":"#149a3f","colorDark":"#0a5121","angle":51.5,"snapDist":8,"label":1}},{"type":"Feature","geometry":{"type":"Point","coordinates":[14.313356,40.82887]},"properties":{"name":"S.Giovanni a Teduccio - Martirano","lines":"254","arr":["254"],"terminus":0,"mode":"bus","color":"#149a3f","colorDark":"#0a5121","angle":45,"snapDist":6,"label":1}},{"type":"Feature","geometry":{"type":"Point","coordinates":[14.311649,40.829926]},"properties":{"name":"S.Giovanni a Teduccio - Municipio","lines":"254","arr":["254"],"terminus":0,"mode":"bus","color":"#149a3f","colorDark":"#0a5121","angle":40,"snapDist":5,"label":1}},{"type":"Feature","geometry":{"type":"Point","coordinates":[14.311372,40.830093]},"properties":{"name":"S.Giovanni a Teduccio - biblioteca","lines":"254, 455","arr":["254","455"],"terminus":0,"mode":"bus","color":"#0059a9","colorDark":"#00294f","angle":220,"snapDist":4,"label":1}},{"type":"Feature","geometry":{"type":"Point","coordinates":[14.313532,40.828737]},"properties":{"name":"S.Giovanni a Teduccio","lines":"254, 455","arr":["254","455"],"terminus":0,"mode":"bus","color":"#0059a9","colorDark":"#00294f","angle":225,"snapDist":4,"label":1}},{"type":"Feature","geometry":{"type":"Point","coordinates":[14.31483,40.827517]},"properties":{"name":"S.Giovanni a Teduccio - I° Vico Marina","lines":"254, 455","arr":["254","455"],"terminus":0,"mode":"bus","color":"#0059a9","colorDark":"#00294f","angle":231.5,"snapDist":2,"label":0}},{"type":"Feature","geometry":{"type":"Point","coordinates":[14.316816,40.825524]},"properties":{"name":"S.Giovanni a Teduccio","lines":"254, 455","arr":["254","455"],"terminus":0,"mode":"bus","color":"#0059a9","colorDark":"#00294f","angle":231.1,"snapDist":5,"label":0}},{"type":"Feature","geometry":{"type":"Point","coordinates":[14.319416,40.824357]},"properties":{"name":"S.Giovanni a Teduccio","lines":"254, 455","arr":["254","455"],"terminus":0,"mode":"bus","color":"#0059a9","colorDark":"#00294f","angle":204.6,"snapDist":9,"label":0}},{"type":"Feature","geometry":{"type":"Point","coordinates":[14.321563,40.823603]},"properties":{"name":"S.Giovanni a Teduccio","lines":"254, 455","arr":["254","455"],"terminus":0,"mode":"bus","color":"#0059a9","colorDark":"#00294f","angle":212,"snapDist":7,"label":0}},{"type":"Feature","geometry":{"type":"Point","coordinates":[14.322503,40.82307]},"properties":{"name":"S.Giovanni a Teduccio - Pietrarsa","lines":"254, 455","arr":["254","455"],"terminus":0,"mode":"bus","color":"#0059a9","colorDark":"#00294f","angle":218.3,"snapDist":5,"label":1}},{"type":"Feature","geometry":{"type":"Point","coordinates":[14.340744,40.814931]},"properties":{"name":"Libertà-I Traversa Libertà","lines":"254","arr":["254"],"terminus":0,"mode":"bus","color":"#149a3f","colorDark":"#0a5121","angle":145.5,"snapDist":7,"label":1}},{"type":"Feature","geometry":{"type":"Point","coordinates":[14.343235,40.816253]},"properties":{"name":"Libertà-Leonardo da Vinci","lines":"254","arr":["254"],"terminus":0,"mode":"bus","color":"#149a3f","colorDark":"#0a5121","angle":145.3,"snapDist":8,"label":1}},{"type":"Feature","geometry":{"type":"Point","coordinates":[14.346039,40.817724]},"properties":{"name":"Libertà-Stazione Circumvesuviana","lines":"254","arr":["254"],"terminus":0,"mode":"bus","color":"#149a3f","colorDark":"#0a5121","angle":146,"snapDist":11,"label":1}},{"type":"Feature","geometry":{"type":"Point","coordinates":[14.348306,40.818995]},"properties":{"name":"Libertà-IV Traversa Libertà","lines":"254","arr":["254"],"terminus":0,"mode":"bus","color":"#149a3f","colorDark":"#0a5121","angle":144.8,"snapDist":10,"label":1}},{"type":"Feature","geometry":{"type":"Point","coordinates":[14.349829,40.819709]},"properties":{"name":"Libertà-ASL Na 5","lines":"254","arr":["254"],"terminus":0,"mode":"bus","color":"#149a3f","colorDark":"#0a5121","angle":150.8,"snapDist":11,"label":1}},{"type":"Feature","geometry":{"type":"Point","coordinates":[14.35096,40.821263]},"properties":{"name":"Bianchi","lines":"254","arr":["254"],"terminus":0,"mode":"bus","color":"#149a3f","colorDark":"#0a5121","angle":49.6,"snapDist":8,"label":1}},{"type":"Feature","geometry":{"type":"Point","coordinates":[14.265976,40.865541]},"properties":{"name":"Deposito Carlo III","lines":"302","arr":["302"],"terminus":1,"mode":"bus","color":"#0059a9","colorDark":"#00294f","angle":-139.9,"snapDist":33,"label":1}},{"type":"Feature","geometry":{"type":"Point","coordinates":[14.305598,40.834226]},"properties":{"name":"San Giovanni a Teduccio - Deposito A.N.M.","lines":"421A","arr":["421A"],"terminus":1,"mode":"bus","color":"#0059a9","colorDark":"#00294f","angle":223.3,"snapDist":32,"label":1}},{"type":"Feature","geometry":{"type":"Point","coordinates":[14.290563,40.84149]},"properties":{"name":"Ponte dei Granili-sottopasso","lines":"421A","arr":["421A"],"terminus":0,"mode":"bus","color":"#0059a9","colorDark":"#00294f","angle":26,"snapDist":6,"label":1}},{"type":"Feature","geometry":{"type":"Point","coordinates":[14.288162,40.842403]},"properties":{"name":"Reggia di Portici - Aciief Scuola Formazione","lines":"421A","arr":["421A"],"terminus":0,"mode":"bus","color":"#0059a9","colorDark":"#00294f","angle":-153.1,"snapDist":7,"label":1}},{"type":"Feature","geometry":{"type":"Point","coordinates":[14.286157,40.843061]},"properties":{"name":"Reggia di Portici-Gianturco","lines":"421A","arr":["421A"],"terminus":0,"mode":"bus","color":"#0059a9","colorDark":"#00294f","angle":24.1,"snapDist":5,"label":1}},{"type":"Feature","geometry":{"type":"Point","coordinates":[14.25692,40.84156]},"properties":{"name":"Colombo - de Gasperi","lines":"421A","arr":["421A"],"terminus":0,"mode":"bus","color":"#0059a9","colorDark":"#00294f","angle":301,"snapDist":8,"label":1}},{"type":"Feature","geometry":{"type":"Point","coordinates":[14.255467,40.839697]},"properties":{"name":"Colombo-Porto (Capolinea Linea 1-4)","lines":"421A","arr":["421A"],"terminus":1,"mode":"bus","color":"#0059a9","colorDark":"#00294f","angle":299.8,"snapDist":9,"label":1}},{"type":"Feature","geometry":{"type":"Point","coordinates":[14.256984,40.841642]},"properties":{"name":"Colombo-de Gasperi","lines":"421A","arr":["421A"],"terminus":0,"mode":"bus","color":"#0059a9","colorDark":"#00294f","angle":121,"snapDist":3,"label":1}},{"type":"Feature","geometry":{"type":"Point","coordinates":[14.28518,40.843468]},"properties":{"name":"Reggia di Portici-Gianturco","lines":"421A","arr":["421A"],"terminus":0,"mode":"bus","color":"#0059a9","colorDark":"#00294f","angle":212.2,"snapDist":12,"label":0}},{"type":"Feature","geometry":{"type":"Point","coordinates":[14.2883,40.84235]},"properties":{"name":"Reggia di Portici-Ingr.autostrada - Aciief Scuola Formazione","lines":"421A","arr":["421A"],"terminus":0,"mode":"bus","color":"#0059a9","colorDark":"#00294f","angle":207.3,"snapDist":11,"label":1}},{"type":"Feature","geometry":{"type":"Point","coordinates":[14.291064,40.841307]},"properties":{"name":"Ponte dei Granili-sottopasso","lines":"421A","arr":["421A"],"terminus":0,"mode":"bus","color":"#0059a9","colorDark":"#00294f","angle":205,"snapDist":11,"label":0}},{"type":"Feature","geometry":{"type":"Point","coordinates":[14.293937,40.840136]},"properties":{"name":"Ponte dei Francesi","lines":"421A","arr":["421A"],"terminus":0,"mode":"bus","color":"#0059a9","colorDark":"#00294f","angle":204.6,"snapDist":4,"label":0}},{"type":"Feature","geometry":{"type":"Point","coordinates":[14.273914,40.849733]},"properties":{"name":"Lucci","lines":"455, 460, 472, N1, N3, N5, R2","arr":["455","460","472","N1","N3","N5","R2"],"terminus":0,"mode":"bus","color":"#0059a9","colorDark":"#00294f","angle":45.6,"snapDist":8,"label":1}},{"type":"Feature","geometry":{"type":"Point","coordinates":[14.272,40.851488]},"properties":{"name":"Lucci - Garibaldi","lines":"455, 460, 472, 475, N1, N3, N5, R2","arr":["455","460","472","475","N1","N3","N5","R2"],"terminus":0,"mode":"bus","color":"#0059a9","colorDark":"#00294f","angle":68.6,"snapDist":7,"label":1}},{"type":"Feature","geometry":{"type":"Point","coordinates":[14.352347,40.797046]},"properties":{"name":"D'Annunzio","lines":"455","arr":["455"],"terminus":0,"mode":"bus","color":"#0059a9","colorDark":"#00294f","angle":230.1,"snapDist":7,"label":1}},{"type":"Feature","geometry":{"type":"Point","coordinates":[14.355349,40.794824]},"properties":{"name":"D'Annunzio-Villa Comunale","lines":"455","arr":["455"],"terminus":0,"mode":"bus","color":"#0059a9","colorDark":"#00294f","angle":222.6,"snapDist":6,"label":1}},{"type":"Feature","geometry":{"type":"Point","coordinates":[14.358235,40.792742]},"properties":{"name":"Viale del Commercio","lines":"455","arr":["455"],"terminus":0,"mode":"bus","color":"#0059a9","colorDark":"#00294f","angle":225.2,"snapDist":1,"label":1}},{"type":"Feature","geometry":{"type":"Point","coordinates":[14.362336,40.790651]},"properties":{"name":"Corallo","lines":"455","arr":["455"],"terminus":0,"mode":"bus","color":"#0059a9","colorDark":"#00294f","angle":233.5,"snapDist":5,"label":1}},{"type":"Feature","geometry":{"type":"Point","coordinates":[14.431073,40.760728]},"properties":{"name":"Palazzone","lines":"455","arr":["455"],"terminus":1,"mode":"bus","color":"#0059a9","colorDark":"#00294f","angle":1.9,"snapDist":8,"label":1}},{"type":"Feature","geometry":{"type":"Point","coordinates":[14.266986,40.85113]},"properties":{"name":"Umberto","lines":"460, N1, N3, R2","arr":["460","N1","N3","R2"],"terminus":0,"mode":"bus","color":"#0059a9","colorDark":"#00294f","angle":320.6,"snapDist":1,"label":1}},{"type":"Feature","geometry":{"type":"Point","coordinates":[14.26486,40.849758]},"properties":{"name":"Umberto I - Poerio","lines":"460, N1, N3, R2","arr":["460","N1","N3","R2"],"terminus":0,"mode":"bus","color":"#0059a9","colorDark":"#00294f","angle":318.9,"snapDist":2,"label":1}},{"type":"Feature","geometry":{"type":"Point","coordinates":[14.263639,40.848957]},"properties":{"name":"Umberto I°","lines":"460, N1, N3, R2","arr":["460","N1","N3","R2"],"terminus":0,"mode":"bus","color":"#0059a9","colorDark":"#00294f","angle":319.4,"snapDist":5,"label":1}},{"type":"Feature","geometry":{"type":"Point","coordinates":[14.260879,40.847173]},"properties":{"name":"Umberto I - Duomo","lines":"460, N1, N3, R2","arr":["460","N1","N3","R2"],"terminus":0,"mode":"bus","color":"#0059a9","colorDark":"#00294f","angle":319.4,"snapDist":6,"label":1}},{"type":"Feature","geometry":{"type":"Point","coordinates":[14.258582,40.845709]},"properties":{"name":"Umberto I","lines":"460, N1, N3, R2","arr":["460","N1","N3","R2"],"terminus":0,"mode":"bus","color":"#0059a9","colorDark":"#00294f","angle":320.2,"snapDist":2,"label":0}},{"type":"Feature","geometry":{"type":"Point","coordinates":[14.25586,40.843965]},"properties":{"name":"Bovio","lines":"460, N1, N3, R2","arr":["460","N1","N3","R2"],"terminus":0,"mode":"bus","color":"#0059a9","colorDark":"#00294f","angle":319.5,"snapDist":7,"label":0}},{"type":"Feature","geometry":{"type":"Point","coordinates":[14.25381,40.843371]},"properties":{"name":"Sanfelice","lines":"460, N1, N3, R2","arr":["460","N1","N3","R2"],"terminus":0,"mode":"bus","color":"#0059a9","colorDark":"#00294f","angle":345.9,"snapDist":4,"label":1}},{"type":"Feature","geometry":{"type":"Point","coordinates":[14.215269,40.90604]},"properties":{"name":"Crispi","lines":"460","arr":["460"],"terminus":0,"mode":"bus","color":"#0059a9","colorDark":"#00294f","angle":135.3,"snapDist":32,"label":1}},{"type":"Feature","geometry":{"type":"Point","coordinates":[14.208724,40.909541]},"properties":{"name":"Diaz 76","lines":"460","arr":["460"],"terminus":0,"mode":"bus","color":"#0059a9","colorDark":"#00294f","angle":308.7,"snapDist":4,"label":1}},{"type":"Feature","geometry":{"type":"Point","coordinates":[14.206748,40.908282]},"properties":{"name":"Chiesa 38","lines":"460","arr":["460"],"terminus":0,"mode":"bus","color":"#0059a9","colorDark":"#00294f","angle":273.6,"snapDist":1,"label":1}},{"type":"Feature","geometry":{"type":"Point","coordinates":[14.207272,40.906694]},"properties":{"name":"Napoli","lines":"460","arr":["460"],"terminus":0,"mode":"bus","color":"#0059a9","colorDark":"#00294f","angle":261.5,"snapDist":3,"label":1}},{"type":"Feature","geometry":{"type":"Point","coordinates":[14.207657,40.905139]},"properties":{"name":"Napoli 71 FR.","lines":"460","arr":["460"],"terminus":0,"mode":"bus","color":"#0059a9","colorDark":"#00294f","angle":259.3,"snapDist":2,"label":1}},{"type":"Feature","geometry":{"type":"Point","coordinates":[14.208362,40.902187]},"properties":{"name":"Napoli 180","lines":"460","arr":["460"],"terminus":0,"mode":"bus","color":"#0059a9","colorDark":"#00294f","angle":260.3,"snapDist":1,"label":1}},{"type":"Feature","geometry":{"type":"Point","coordinates":[14.208955,40.899795]},"properties":{"name":"Napoli 264","lines":"460","arr":["460"],"terminus":0,"mode":"bus","color":"#0059a9","colorDark":"#00294f","angle":259.8,"snapDist":4,"label":1}},{"type":"Feature","geometry":{"type":"Point","coordinates":[14.209287,40.898499]},"properties":{"name":"Bivio di Mugnano","lines":"460","arr":["460"],"terminus":0,"mode":"bus","color":"#0059a9","colorDark":"#00294f","angle":77.1,"snapDist":3,"label":1}},{"type":"Feature","geometry":{"type":"Point","coordinates":[14.190257,40.901739]},"properties":{"name":"Fermata Vituale","lines":"460","arr":["460"],"terminus":0,"mode":"bus","color":"#0059a9","colorDark":"#00294f","angle":107.1,"snapDist":12,"label":1}},{"type":"Feature","geometry":{"type":"Point","coordinates":[14.302148,40.838525]},"properties":{"name":"Ferrante Imparato","lines":"472","arr":["472"],"terminus":0,"mode":"bus","color":"#0059a9","colorDark":"#00294f","angle":81.2,"snapDist":11,"label":0}},{"type":"Feature","geometry":{"type":"Point","coordinates":[14.301675,40.840827]},"properties":{"name":"Ferrante Imparato - Circumvesuviana","lines":"472","arr":["472"],"terminus":0,"mode":"bus","color":"#0059a9","colorDark":"#00294f","angle":81.6,"snapDist":12,"label":1}},{"type":"Feature","geometry":{"type":"Point","coordinates":[14.30925,40.842787]},"properties":{"name":"Repubbliche Marinare","lines":"472, 475","arr":["472","475"],"terminus":0,"mode":"bus","color":"#0059a9","colorDark":"#00294f","angle":203.6,"snapDist":9,"label":0}},{"type":"Feature","geometry":{"type":"Point","coordinates":[14.310956,40.841811]},"properties":{"name":"Repubbliche Marinare - Rione Villa","lines":"472, 475","arr":["472","475"],"terminus":0,"mode":"bus","color":"#0059a9","colorDark":"#00294f","angle":221,"snapDist":6,"label":0}},{"type":"Feature","geometry":{"type":"Point","coordinates":[14.350802,40.869424]},"properties":{"name":"Rossi-Località Caravita","lines":"472","arr":["472"],"terminus":0,"mode":"bus","color":"#0059a9","colorDark":"#00294f","angle":43,"snapDist":6,"label":1}},{"type":"Feature","geometry":{"type":"Point","coordinates":[14.348461,40.870989]},"properties":{"name":"Rossi-Petrarca","lines":"472","arr":["472"],"terminus":0,"mode":"bus","color":"#0059a9","colorDark":"#00294f","angle":41,"snapDist":6,"label":1}},{"type":"Feature","geometry":{"type":"Point","coordinates":[14.344592,40.872753]},"properties":{"name":"Rossi-Sanzio","lines":"472","arr":["472"],"terminus":0,"mode":"bus","color":"#0059a9","colorDark":"#00294f","angle":57.5,"snapDist":8,"label":0}},{"type":"Feature","geometry":{"type":"Point","coordinates":[14.342751,40.87488]},"properties":{"name":"Rossi-Alighieri","lines":"472","arr":["472"],"terminus":0,"mode":"bus","color":"#0059a9","colorDark":"#00294f","angle":55.8,"snapDist":9,"label":0}},{"type":"Feature","geometry":{"type":"Point","coordinates":[14.34273,40.875596]},"properties":{"name":"Dante-P.le Padre Pio","lines":"472","arr":["472"],"terminus":0,"mode":"bus","color":"#0059a9","colorDark":"#00294f","angle":142.9,"snapDist":8,"label":1}},{"type":"Feature","geometry":{"type":"Point","coordinates":[14.344545,40.876637]},"properties":{"name":"Dante-Cimitero Volla","lines":"472","arr":["472"],"terminus":0,"mode":"bus","color":"#0059a9","colorDark":"#00294f","angle":143.7,"snapDist":8,"label":1}},{"type":"Feature","geometry":{"type":"Point","coordinates":[14.335326,40.867938]},"properties":{"name":"Fratelli Grimm","lines":"472","arr":["472"],"terminus":0,"mode":"bus","color":"#0059a9","colorDark":"#00294f","angle":340.6,"snapDist":1,"label":1}},{"type":"Feature","geometry":{"type":"Point","coordinates":[14.333991,40.867443]},"properties":{"name":"F.lli Grimm - Rione Incis","lines":"472","arr":["472"],"terminus":0,"mode":"bus","color":"#0059a9","colorDark":"#00294f","angle":357.6,"snapDist":3,"label":1}},{"type":"Feature","geometry":{"type":"Point","coordinates":[14.283115,40.848984]},"properties":{"name":"Brin","lines":"472, N1, N3, N5, R2","arr":["472","N1","N3","N5","R2"],"terminus":0,"mode":"bus","color":"#0059a9","colorDark":"#00294f","angle":287.7,"snapDist":7,"label":0}},{"type":"Feature","geometry":{"type":"Point","coordinates":[14.322268,40.832793]},"properties":{"name":"Stigliola - Villa Romana","lines":"475","arr":["475"],"terminus":0,"mode":"bus","color":"#0059a9","colorDark":"#00294f","angle":240.2,"snapDist":2,"label":1}},{"type":"Feature","geometry":{"type":"Point","coordinates":[14.326696,40.827246]},"properties":{"name":"Botteghelle-Parco S.Matteo","lines":"475","arr":["475"],"terminus":0,"mode":"bus","color":"#0059a9","colorDark":"#00294f","angle":237.6,"snapDist":5,"label":1}},{"type":"Feature","geometry":{"type":"Point","coordinates":[14.327433,40.826319]},"properties":{"name":"Botteghelle","lines":"475","arr":["475"],"terminus":0,"mode":"bus","color":"#0059a9","colorDark":"#00294f","angle":239.7,"snapDist":0,"label":1}},{"type":"Feature","geometry":{"type":"Point","coordinates":[14.329526,40.826899]},"properties":{"name":"Corso Umberto-Martiri della Libertà","lines":"475","arr":["475"],"terminus":0,"mode":"bus","color":"#0059a9","colorDark":"#00294f","angle":153.1,"snapDist":7,"label":1}},{"type":"Feature","geometry":{"type":"Point","coordinates":[14.330393,40.834245]},"properties":{"name":"Noschese","lines":"475","arr":["475"],"terminus":0,"mode":"bus","color":"#0059a9","colorDark":"#00294f","angle":250.8,"snapDist":2,"label":1}},{"type":"Feature","geometry":{"type":"Point","coordinates":[14.332024,40.833882]},"properties":{"name":"S.Martino-Strada","lines":"475","arr":["475"],"terminus":0,"mode":"bus","color":"#0059a9","colorDark":"#00294f","angle":164.3,"snapDist":6,"label":1}},{"type":"Feature","geometry":{"type":"Point","coordinates":[14.333376,40.831772]},"properties":{"name":"S.Martino-Mario","lines":"475","arr":["475"],"terminus":0,"mode":"bus","color":"#0059a9","colorDark":"#00294f","angle":72.7,"snapDist":3,"label":1}},{"type":"Feature","geometry":{"type":"Point","coordinates":[14.189793,40.830949]},"properties":{"name":"Terracina - Cimitero","lines":"502, C3, S4, S4B","arr":["502","C3","S4","S4B"],"terminus":0,"mode":"bus","color":"#0059a9","colorDark":"#00294f","angle":322.3,"snapDist":1,"label":1}},{"type":"Feature","geometry":{"type":"Point","coordinates":[14.187294,40.829504]},"properties":{"name":"Terracina - Marconi","lines":"502, C3, S4, S4B","arr":["502","C3","S4","S4B"],"terminus":0,"mode":"bus","color":"#0059a9","colorDark":"#00294f","angle":322.9,"snapDist":3,"label":1}},{"type":"Feature","geometry":{"type":"Point","coordinates":[14.185522,40.828491]},"properties":{"name":"Terracina","lines":"502, C3, S4, S4B","arr":["502","C3","S4","S4B"],"terminus":0,"mode":"bus","color":"#0059a9","colorDark":"#00294f","angle":322.9,"snapDist":3,"label":1}},{"type":"Feature","geometry":{"type":"Point","coordinates":[14.182465,40.826742]},"properties":{"name":"Terracina - Ospedale San Paolo","lines":"502, C3, S4, S4B","arr":["502","C3","S4","S4B"],"terminus":0,"mode":"bus","color":"#0059a9","colorDark":"#00294f","angle":322.9,"snapDist":2,"label":1}},{"type":"Feature","geometry":{"type":"Point","coordinates":[14.180261,40.825478]},"properties":{"name":"Terracina","lines":"502, C3, S4, S4B","arr":["502","C3","S4","S4B"],"terminus":0,"mode":"bus","color":"#0059a9","colorDark":"#00294f","angle":322.8,"snapDist":2,"label":1}},{"type":"Feature","geometry":{"type":"Point","coordinates":[14.178269,40.824335]},"properties":{"name":"Terracina - Barbagallo","lines":"502, C3, S4, S4B","arr":["502","C3","S4","S4B"],"terminus":0,"mode":"bus","color":"#0059a9","colorDark":"#00294f","angle":322.7,"snapDist":2,"label":1}},{"type":"Feature","geometry":{"type":"Point","coordinates":[14.177573,40.82316]},"properties":{"name":"Virgin","lines":"502, C3","arr":["502","C3"],"terminus":0,"mode":"bus","color":"#0059a9","colorDark":"#00294f","angle":256.7,"snapDist":4,"label":1}},{"type":"Feature","geometry":{"type":"Point","coordinates":[14.180444,40.821104]},"properties":{"name":"Labriola","lines":"502, C3","arr":["502","C3"],"terminus":0,"mode":"bus","color":"#0059a9","colorDark":"#00294f","angle":246.2,"snapDist":13,"label":1}},{"type":"Feature","geometry":{"type":"Point","coordinates":[14.180286,40.819528]},"properties":{"name":"Kennedy - ITIS Righi","lines":"502, C3","arr":["502","C3"],"terminus":0,"mode":"bus","color":"#0059a9","colorDark":"#00294f","angle":335.1,"snapDist":2,"label":0}},{"type":"Feature","geometry":{"type":"Point","coordinates":[14.177098,40.819275]},"properties":{"name":"Kennedy","lines":"502, C3","arr":["502","C3"],"terminus":0,"mode":"bus","color":"#0059a9","colorDark":"#00294f","angle":23.6,"snapDist":6,"label":1}},{"type":"Feature","geometry":{"type":"Point","coordinates":[14.174659,40.820585]},"properties":{"name":"Nuova Agnano","lines":"502, C3","arr":["502","C3"],"terminus":0,"mode":"bus","color":"#0059a9","colorDark":"#00294f","angle":76.4,"snapDist":9,"label":1}},{"type":"Feature","geometry":{"type":"Point","coordinates":[14.172201,40.82349]},"properties":{"name":"Nuova Agnano","lines":"502, C3, S4A, S4B","arr":["502","C3","S4A","S4B"],"terminus":0,"mode":"bus","color":"#0059a9","colorDark":"#00294f","angle":44.8,"snapDist":5,"label":1}},{"type":"Feature","geometry":{"type":"Point","coordinates":[14.168671,40.827157]},"properties":{"name":"Agnano Astroni -Terme","lines":"502, C3, S4A, S4B","arr":["502","C3","S4A","S4B"],"terminus":0,"mode":"bus","color":"#0059a9","colorDark":"#00294f","angle":46.8,"snapDist":7,"label":1}},{"type":"Feature","geometry":{"type":"Point","coordinates":[14.166185,40.829249]},"properties":{"name":"Agnano Astroni","lines":"502, C3, S4A, S4B","arr":["502","C3","S4A","S4B"],"terminus":0,"mode":"bus","color":"#0059a9","colorDark":"#00294f","angle":53.9,"snapDist":10,"label":1}},{"type":"Feature","geometry":{"type":"Point","coordinates":[14.162418,40.833538]},"properties":{"name":"Agnano Astroni - Ippodromo","lines":"502, C3, S4A, S4B","arr":["502","C3","S4A","S4B"],"terminus":0,"mode":"bus","color":"#0059a9","colorDark":"#00294f","angle":58.4,"snapDist":5,"label":1}},{"type":"Feature","geometry":{"type":"Point","coordinates":[14.161742,40.83435]},"properties":{"name":"Agnano Astroni - Ippodromo","lines":"502, C3","arr":["502","C3"],"terminus":0,"mode":"bus","color":"#0059a9","colorDark":"#00294f","angle":56.3,"snapDist":3,"label":0}},{"type":"Feature","geometry":{"type":"Point","coordinates":[14.159276,40.832537]},"properties":{"name":"Righi - Pisciarelli","lines":"502","arr":["502"],"terminus":0,"mode":"bus","color":"#0059a9","colorDark":"#00294f","angle":346.4,"snapDist":0,"label":1}},{"type":"Feature","geometry":{"type":"Point","coordinates":[14.155767,40.831644]},"properties":{"name":"Pisciarelli","lines":"502","arr":["502"],"terminus":0,"mode":"bus","color":"#0059a9","colorDark":"#00294f","angle":338.1,"snapDist":3,"label":1}},{"type":"Feature","geometry":{"type":"Point","coordinates":[14.15273,40.830526]},"properties":{"name":"Pisciarelli - Tribunale","lines":"502","arr":["502"],"terminus":1,"mode":"bus","color":"#0059a9","colorDark":"#00294f","angle":216.3,"snapDist":15,"label":1}},{"type":"Feature","geometry":{"type":"Point","coordinates":[14.164881,40.830675]},"properties":{"name":"Agnano Astroni - Scarfoglio","lines":"502, C3","arr":["502","C3"],"terminus":0,"mode":"bus","color":"#0059a9","colorDark":"#00294f","angle":234.2,"snapDist":1,"label":1}},{"type":"Feature","geometry":{"type":"Point","coordinates":[14.158311,40.828738]},"properties":{"name":"Scarfoglio","lines":"502","arr":["502"],"terminus":0,"mode":"bus","color":"#0059a9","colorDark":"#00294f","angle":-24.9,"snapDist":7,"label":1}},{"type":"Feature","geometry":{"type":"Point","coordinates":[14.154693,40.827775]},"properties":{"name":"Antiniana","lines":"502","arr":["502"],"terminus":0,"mode":"bus","color":"#0059a9","colorDark":"#00294f","angle":-5.5,"snapDist":4,"label":1}},{"type":"Feature","geometry":{"type":"Point","coordinates":[14.152006,40.825564]},"properties":{"name":"Antiniana-Osp.nato","lines":"502","arr":["502"],"terminus":0,"mode":"bus","color":"#0059a9","colorDark":"#00294f","angle":272.1,"snapDist":3,"label":1}},{"type":"Feature","geometry":{"type":"Point","coordinates":[14.154885,40.827788]},"properties":{"name":"Antiniana","lines":"502","arr":["502"],"terminus":0,"mode":"bus","color":"#0059a9","colorDark":"#00294f","angle":174.5,"snapDist":13,"label":0}},{"type":"Feature","geometry":{"type":"Point","coordinates":[14.157738,40.82854]},"properties":{"name":"Scarfoglio","lines":"502","arr":["502"],"terminus":0,"mode":"bus","color":"#0059a9","colorDark":"#00294f","angle":156.5,"snapDist":10,"label":0}},{"type":"Feature","geometry":{"type":"Point","coordinates":[14.160724,40.829615]},"properties":{"name":"Scarfoglio","lines":"502","arr":["502"],"terminus":0,"mode":"bus","color":"#0059a9","colorDark":"#00294f","angle":154.5,"snapDist":10,"label":1}},{"type":"Feature","geometry":{"type":"Point","coordinates":[14.166238,40.829195]},"properties":{"name":"Agnano Astroni","lines":"502, C3","arr":["502","C3"],"terminus":0,"mode":"bus","color":"#0059a9","colorDark":"#00294f","angle":231.7,"snapDist":3,"label":0}},{"type":"Feature","geometry":{"type":"Point","coordinates":[14.168259,40.827496]},"properties":{"name":"Agnano Astroni -Terme","lines":"502, C3","arr":["502","C3"],"terminus":0,"mode":"bus","color":"#0059a9","colorDark":"#00294f","angle":227.7,"snapDist":1,"label":0}},{"type":"Feature","geometry":{"type":"Point","coordinates":[14.172424,40.823322]},"properties":{"name":"Nuova Agnano","lines":"502, C3","arr":["502","C3"],"terminus":0,"mode":"bus","color":"#0059a9","colorDark":"#00294f","angle":224.8,"snapDist":3,"label":0}},{"type":"Feature","geometry":{"type":"Point","coordinates":[14.173596,40.820479]},"properties":{"name":"Beccadelli - Nuova Agnano","lines":"502, C3","arr":["502","C3"],"terminus":0,"mode":"bus","color":"#0059a9","colorDark":"#00294f","angle":204.1,"snapDist":7,"label":1}},{"type":"Feature","geometry":{"type":"Point","coordinates":[14.176289,40.819552]},"properties":{"name":"Kennedy","lines":"502, C3, S4, S4B","arr":["502","C3","S4","S4B"],"terminus":0,"mode":"bus","color":"#0059a9","colorDark":"#00294f","angle":204.8,"snapDist":6,"label":0}},{"type":"Feature","geometry":{"type":"Point","coordinates":[14.178669,40.819084]},"properties":{"name":"Kennedy - ITIS Righi","lines":"502, C3, S4, S4A, S4B","arr":["502","C3","S4","S4A","S4B"],"terminus":1,"mode":"bus","color":"#0059a9","colorDark":"#00294f","angle":173.6,"snapDist":9,"label":1}},{"type":"Feature","geometry":{"type":"Point","coordinates":[14.180477,40.819595]},"properties":{"name":"Kennedy","lines":"502, C3, S4A, S4B","arr":["502","C3","S4A","S4B"],"terminus":0,"mode":"bus","color":"#0059a9","colorDark":"#00294f","angle":155.1,"snapDist":10,"label":1}},{"type":"Feature","geometry":{"type":"Point","coordinates":[14.180197,40.821526]},"properties":{"name":"Labriola","lines":"502, C3, S4A, S4B","arr":["502","C3","S4A","S4B"],"terminus":0,"mode":"bus","color":"#0059a9","colorDark":"#00294f","angle":66.2,"snapDist":17,"label":0}},{"type":"Feature","geometry":{"type":"Point","coordinates":[14.177507,40.823371]},"properties":{"name":"Barbagallo","lines":"502, C3","arr":["502","C3"],"terminus":0,"mode":"bus","color":"#0059a9","colorDark":"#00294f","angle":76.7,"snapDist":8,"label":1}},{"type":"Feature","geometry":{"type":"Point","coordinates":[14.17848,40.824457]},"properties":{"name":"Terracina","lines":"502, C3","arr":["502","C3"],"terminus":0,"mode":"bus","color":"#0059a9","colorDark":"#00294f","angle":142.7,"snapDist":9,"label":0}},{"type":"Feature","geometry":{"type":"Point","coordinates":[14.180839,40.82581]},"properties":{"name":"Terracina","lines":"502, C3","arr":["502","C3"],"terminus":0,"mode":"bus","color":"#0059a9","colorDark":"#00294f","angle":142.8,"snapDist":7,"label":0}},{"type":"Feature","geometry":{"type":"Point","coordinates":[14.183077,40.827092]},"properties":{"name":"Terracina - Ospedale San Paolo","lines":"502, C3","arr":["502","C3"],"terminus":0,"mode":"bus","color":"#0059a9","colorDark":"#00294f","angle":142.9,"snapDist":7,"label":0}},{"type":"Feature","geometry":{"type":"Point","coordinates":[14.1859,40.828707]},"properties":{"name":"Terracina","lines":"502, C3","arr":["502","C3"],"terminus":0,"mode":"bus","color":"#0059a9","colorDark":"#00294f","angle":142.9,"snapDist":9,"label":0}},{"type":"Feature","geometry":{"type":"Point","coordinates":[14.187433,40.829584]},"properties":{"name":"Terracina - Marconi","lines":"502, C3","arr":["502","C3"],"terminus":0,"mode":"bus","color":"#0059a9","colorDark":"#00294f","angle":142.9,"snapDist":8,"label":0}},{"type":"Feature","geometry":{"type":"Point","coordinates":[14.189546,40.830805]},"properties":{"name":"Terracina - Cimitero","lines":"502, C3","arr":["502","C3"],"terminus":0,"mode":"bus","color":"#0059a9","colorDark":"#00294f","angle":142.3,"snapDist":8,"label":0}},{"type":"Feature","geometry":{"type":"Point","coordinates":[14.212394,40.868415]},"properties":{"name":"Ruggieri - Ospedale Monaldi","lines":"572, C42","arr":["572","C42"],"terminus":1,"mode":"bus","color":"#0059a9","colorDark":"#00294f","angle":37.7,"snapDist":7,"label":1}},{"type":"Feature","geometry":{"type":"Point","coordinates":[14.212637,40.870396]},"properties":{"name":"Com. Santacroce ad Orsolone","lines":"572, C76","arr":["572","C76"],"terminus":0,"mode":"bus","color":"#0059a9","colorDark":"#00294f","angle":83.9,"snapDist":6,"label":1}},{"type":"Feature","geometry":{"type":"Point","coordinates":[14.211282,40.873264]},"properties":{"name":"Com. Santa Croce ad Orsolone","lines":"572, C76","arr":["572","C76"],"terminus":0,"mode":"bus","color":"#0059a9","colorDark":"#00294f","angle":85.4,"snapDist":11,"label":1}},{"type":"Feature","geometry":{"type":"Point","coordinates":[14.211524,40.873661]},"properties":{"name":"Piazzetta Santacroce","lines":"572, C76","arr":["572","C76"],"terminus":0,"mode":"bus","color":"#0059a9","colorDark":"#00294f","angle":170.7,"snapDist":8,"label":1}},{"type":"Feature","geometry":{"type":"Point","coordinates":[14.219475,40.87514]},"properties":{"name":"Gaetano","lines":"572, C76","arr":["572","C76"],"terminus":0,"mode":"bus","color":"#0059a9","colorDark":"#00294f","angle":147.2,"snapDist":7,"label":1}},{"type":"Feature","geometry":{"type":"Point","coordinates":[14.216049,40.886751]},"properties":{"name":"Toscanella","lines":"572","arr":["572"],"terminus":0,"mode":"bus","color":"#0059a9","colorDark":"#00294f","angle":26.2,"snapDist":4,"label":1}},{"type":"Feature","geometry":{"type":"Point","coordinates":[14.214342,40.886817]},"properties":{"name":"Rione 25/80 di Chiaiano","lines":"572","arr":["572"],"terminus":0,"mode":"bus","color":"#0059a9","colorDark":"#00294f","angle":89.3,"snapDist":8,"label":1}},{"type":"Feature","geometry":{"type":"Point","coordinates":[14.212138,40.884778]},"properties":{"name":"Margherita-Cimitero Chiaiano","lines":"572","arr":["572"],"terminus":0,"mode":"bus","color":"#0059a9","colorDark":"#00294f","angle":205,"snapDist":2,"label":1}},{"type":"Feature","geometry":{"type":"Point","coordinates":[14.215907,40.886804]},"properties":{"name":"Toscanela","lines":"572","arr":["572"],"terminus":0,"mode":"bus","color":"#0059a9","colorDark":"#00294f","angle":26.2,"snapDist":5,"label":1}},{"type":"Feature","geometry":{"type":"Point","coordinates":[14.22806,40.894102]},"properties":{"name":"Corso Campano 116","lines":"572","arr":["572"],"terminus":1,"mode":"bus","color":"#0059a9","colorDark":"#00294f","angle":174.5,"snapDist":6,"label":1}},{"type":"Feature","geometry":{"type":"Point","coordinates":[14.231447,40.894348]},"properties":{"name":"Corso Campano 170","lines":"572","arr":["572"],"terminus":0,"mode":"bus","color":"#0059a9","colorDark":"#00294f","angle":174.3,"snapDist":8,"label":1}},{"type":"Feature","geometry":{"type":"Point","coordinates":[14.233415,40.894494]},"properties":{"name":"Corso Campano 198","lines":"572","arr":["572"],"terminus":0,"mode":"bus","color":"#0059a9","colorDark":"#00294f","angle":174.4,"snapDist":9,"label":1}},{"type":"Feature","geometry":{"type":"Point","coordinates":[14.233061,40.894468]},"properties":{"name":"Corso Campano 205","lines":"572","arr":["572"],"terminus":0,"mode":"bus","color":"#0059a9","colorDark":"#00294f","angle":-5.6,"snapDist":6,"label":1}},{"type":"Feature","geometry":{"type":"Point","coordinates":[14.231023,40.894316]},"properties":{"name":"Corso Campano 149","lines":"572","arr":["572"],"terminus":0,"mode":"bus","color":"#0059a9","colorDark":"#00294f","angle":-5.7,"snapDist":6,"label":1}},{"type":"Feature","geometry":{"type":"Point","coordinates":[14.227394,40.894054]},"properties":{"name":"Corso Campano 93","lines":"572","arr":["572"],"terminus":0,"mode":"bus","color":"#0059a9","colorDark":"#00294f","angle":354.5,"snapDist":7,"label":1}},{"type":"Feature","geometry":{"type":"Point","coordinates":[14.216375,40.888508]},"properties":{"name":"Corso Chiaiano","lines":"572","arr":["572"],"terminus":0,"mode":"bus","color":"#0059a9","colorDark":"#00294f","angle":278.1,"snapDist":1,"label":1}},{"type":"Feature","geometry":{"type":"Point","coordinates":[14.214026,40.874833]},"properties":{"name":"Gaetano Salvatore","lines":"572","arr":["572"],"terminus":0,"mode":"bus","color":"#0059a9","colorDark":"#00294f","angle":331.9,"snapDist":1,"label":1}},{"type":"Feature","geometry":{"type":"Point","coordinates":[14.211834,40.873716]},"properties":{"name":"Gaetano Salvatore","lines":"572","arr":["572"],"terminus":0,"mode":"bus","color":"#0059a9","colorDark":"#00294f","angle":332.8,"snapDist":2,"label":1}},{"type":"Feature","geometry":{"type":"Point","coordinates":[14.212952,40.868843]},"properties":{"name":"Com. Santacroce ad Orsolone-Cotugno","lines":"572, C76","arr":["572","C76"],"terminus":0,"mode":"bus","color":"#0059a9","colorDark":"#00294f","angle":257,"snapDist":3,"label":1}},{"type":"Feature","geometry":{"type":"Point","coordinates":[14.295093,40.872147]},"properties":{"name":"S.Maria del Pianto-Stazionamento","lines":"584","arr":["584"],"terminus":1,"mode":"bus","color":"#0059a9","colorDark":"#00294f","angle":139.7,"snapDist":11,"label":1}},{"type":"Feature","geometry":{"type":"Point","coordinates":[14.293632,40.874659]},"properties":{"name":"Del Riposo -Varco 8","lines":"584","arr":["584"],"terminus":0,"mode":"bus","color":"#0059a9","colorDark":"#00294f","angle":330.7,"snapDist":2,"label":1}},{"type":"Feature","geometry":{"type":"Point","coordinates":[14.288226,40.873752]},"properties":{"name":"Riposo","lines":"584","arr":["584"],"terminus":0,"mode":"bus","color":"#0059a9","colorDark":"#00294f","angle":340.7,"snapDist":5,"label":1}},{"type":"Feature","geometry":{"type":"Point","coordinates":[14.286649,40.873229]},"properties":{"name":"Riposo","lines":"584","arr":["584"],"terminus":0,"mode":"bus","color":"#0059a9","colorDark":"#00294f","angle":321.8,"snapDist":1,"label":0}},{"type":"Feature","geometry":{"type":"Point","coordinates":[14.284989,40.870757]},"properties":{"name":"Del Riposo","lines":"584","arr":["584"],"terminus":0,"mode":"bus","color":"#0059a9","colorDark":"#00294f","angle":291.9,"snapDist":3,"label":1}},{"type":"Feature","geometry":{"type":"Point","coordinates":[14.285548,40.871808]},"properties":{"name":"Riposo","lines":"584","arr":["584"],"terminus":0,"mode":"bus","color":"#0059a9","colorDark":"#00294f","angle":111.9,"snapDist":9,"label":1}},{"type":"Feature","geometry":{"type":"Point","coordinates":[14.286306,40.87298]},"properties":{"name":"Riposo","lines":"584","arr":["584"],"terminus":0,"mode":"bus","color":"#0059a9","colorDark":"#00294f","angle":132,"snapDist":13,"label":0}},{"type":"Feature","geometry":{"type":"Point","coordinates":[14.289768,40.874167]},"properties":{"name":"Riposo","lines":"584","arr":["584"],"terminus":0,"mode":"bus","color":"#0059a9","colorDark":"#00294f","angle":159.6,"snapDist":10,"label":0}},{"type":"Feature","geometry":{"type":"Point","coordinates":[14.293223,40.874511]},"properties":{"name":"Riposo","lines":"584","arr":["584"],"terminus":0,"mode":"bus","color":"#0059a9","colorDark":"#00294f","angle":154.7,"snapDist":10,"label":1}},{"type":"Feature","geometry":{"type":"Point","coordinates":[14.161138,40.85632]},"properties":{"name":"Picasso Ex Area Mercatale","lines":"612, 633, S4, S4A, S5","arr":["612","633","S4","S4A","S5"],"terminus":1,"mode":"bus","color":"#0059a9","colorDark":"#00294f","angle":223.4,"snapDist":21,"label":1}},{"type":"Feature","geometry":{"type":"Point","coordinates":[14.163658,40.856658]},"properties":{"name":"Modigliani","lines":"612, 633, N6, R6, S3, S3A, S4, S4B, S5","arr":["612","633","N6","R6","S3","S3A","S4","S4B","S5"],"terminus":1,"mode":"bus","color":"#0059a9","colorDark":"#00294f","angle":119.9,"snapDist":7,"label":1}},{"type":"Feature","geometry":{"type":"Point","coordinates":[14.161708,40.857494]},"properties":{"name":"Pallucci","lines":"612, 633, N6, R6, S3, S3A, S4, S4B, S5","arr":["612","633","N6","R6","S3","S3A","S4","S4B","S5"],"terminus":0,"mode":"bus","color":"#0059a9","colorDark":"#00294f","angle":315.8,"snapDist":2,"label":1}},{"type":"Feature","geometry":{"type":"Point","coordinates":[14.16038,40.855231]},"properties":{"name":"Montagna Spaccata","lines":"612, 633, N6, R6, S3, S3A, S4, S4B, S5","arr":["612","633","N6","R6","S3","S3A","S4","S4B","S5"],"terminus":1,"mode":"bus","color":"#0059a9","colorDark":"#00294f","angle":201.6,"snapDist":6,"label":1}},{"type":"Feature","geometry":{"type":"Point","coordinates":[14.163474,40.854335]},"properties":{"name":"Montagna Spaccata - Polo Artigianale","lines":"612, 633, N6, R6, S3, S3A, S4, S4B, S5","arr":["612","633","N6","R6","S3","S3A","S4","S4B","S5"],"terminus":0,"mode":"bus","color":"#0059a9","colorDark":"#00294f","angle":198.5,"snapDist":17,"label":1}},{"type":"Feature","geometry":{"type":"Point","coordinates":[14.16628,40.853309]},"properties":{"name":"Montagna Spaccata - Villaggio Caritas","lines":"612, 633, N6, R6, S3, S3A, S4, S4A, S4B, S5","arr":["612","633","N6","R6","S3","S3A","S4","S4A","S4B","S5"],"terminus":0,"mode":"bus","color":"#0059a9","colorDark":"#00294f","angle":203.7,"snapDist":0,"label":1}},{"type":"Feature","geometry":{"type":"Point","coordinates":[14.169943,40.852144]},"properties":{"name":"Montagna Spaccata","lines":"612, 633, N6, R6, S3, S3A, S4, S4A, S4B, S5","arr":["612","633","N6","R6","S3","S3A","S4","S4A","S4B","S5"],"terminus":0,"mode":"bus","color":"#0059a9","colorDark":"#00294f","angle":202.7,"snapDist":5,"label":1}},{"type":"Feature","geometry":{"type":"Point","coordinates":[14.172148,40.851368]},"properties":{"name":"Montagna Spaccata - Villaggio Italsider","lines":"612, 633, N6, R6, S3, S3A, S4, S4A, S4B, S5","arr":["612","633","N6","R6","S3","S3A","S4","S4A","S4B","S5"],"terminus":0,"mode":"bus","color":"#0059a9","colorDark":"#00294f","angle":205.4,"snapDist":3,"label":1}},{"type":"Feature","geometry":{"type":"Point","coordinates":[14.175423,40.850288]},"properties":{"name":"Montagna Spaccata-Campanile","lines":"612, 633, N6, R6, S3, S3A, S4, S4A, S4B, S5","arr":["612","633","N6","R6","S3","S3A","S4","S4A","S4B","S5"],"terminus":0,"mode":"bus","color":"#0059a9","colorDark":"#00294f","angle":203,"snapDist":3,"label":1}},{"type":"Feature","geometry":{"type":"Point","coordinates":[14.177918,40.849558]},"properties":{"name":"Montagna Spaccata-Padula","lines":"612, 633, N6, R6, S3, S3A, S4, S4A, S4B, S5","arr":["612","633","N6","R6","S3","S3A","S4","S4A","S4B","S5"],"terminus":0,"mode":"bus","color":"#0059a9","colorDark":"#00294f","angle":199.3,"snapDist":4,"label":1}},{"type":"Feature","geometry":{"type":"Point","coordinates":[14.185594,40.847133]},"properties":{"name":"Montagna Spaccata - Cintia","lines":"612, 633, N6, S3","arr":["612","633","N6","S3"],"terminus":0,"mode":"bus","color":"#0059a9","colorDark":"#00294f","angle":172.4,"snapDist":7,"label":1}},{"type":"Feature","geometry":{"type":"Point","coordinates":[14.191989,40.847352]},"properties":{"name":"Epomeo - Municipio","lines":"612, 618, 633, N6, S3","arr":["612","618","633","N6","S3"],"terminus":0,"mode":"bus","color":"#0059a9","colorDark":"#00294f","angle":200.9,"snapDist":6,"label":1}},{"type":"Feature","geometry":{"type":"Point","coordinates":[14.19425,40.84668]},"properties":{"name":"Epomeo - Circumflegrea Traiano","lines":"612, 618, 633, N6, S3","arr":["612","618","633","N6","S3"],"terminus":0,"mode":"bus","color":"#0059a9","colorDark":"#00294f","angle":201.3,"snapDist":7,"label":1}},{"type":"Feature","geometry":{"type":"Point","coordinates":[14.196114,40.846312]},"properties":{"name":"Epomeo","lines":"612, 618, 633, N6, S3","arr":["612","618","633","N6","S3"],"terminus":0,"mode":"bus","color":"#0059a9","colorDark":"#00294f","angle":194.2,"snapDist":8,"label":1}},{"type":"Feature","geometry":{"type":"Point","coordinates":[14.197834,40.845984]},"properties":{"name":"Epomeo","lines":"612, 618, 633, N6, S3","arr":["612","618","633","N6","S3"],"terminus":0,"mode":"bus","color":"#0059a9","colorDark":"#00294f","angle":194.1,"snapDist":5,"label":0}},{"type":"Feature","geometry":{"type":"Point","coordinates":[14.207231,40.843091]},"properties":{"name":"Giustiniano - Piave","lines":"612, 618, 633, N6, S3","arr":["612","618","633","N6","S3"],"terminus":0,"mode":"bus","color":"#0059a9","colorDark":"#00294f","angle":292.5,"snapDist":4,"label":1}},{"type":"Feature","geometry":{"type":"Point","coordinates":[14.205305,40.840264]},"properties":{"name":"Giustiniano - Po","lines":"612, 618, N6, S3","arr":["612","618","N6","S3"],"terminus":0,"mode":"bus","color":"#0059a9","colorDark":"#00294f","angle":300.6,"snapDist":2,"label":1}},{"type":"Feature","geometry":{"type":"Point","coordinates":[14.200773,40.83783]},"properties":{"name":"Cassiodoro","lines":"612, N6, S3, S3A","arr":["612","N6","S3","S3A"],"terminus":0,"mode":"bus","color":"#0059a9","colorDark":"#00294f","angle":264.3,"snapDist":1,"label":1}},{"type":"Feature","geometry":{"type":"Point","coordinates":[14.200162,40.835168]},"properties":{"name":"Cassiodoro - Giustiniano","lines":"612, N6, S3, S3A","arr":["612","N6","S3","S3A"],"terminus":0,"mode":"bus","color":"#0059a9","colorDark":"#00294f","angle":264.9,"snapDist":2,"label":1}},{"type":"Feature","geometry":{"type":"Point","coordinates":[14.20436,40.833663]},"properties":{"name":"Consalvo","lines":"612, N7","arr":["612","N7"],"terminus":0,"mode":"bus","color":"#0059a9","colorDark":"#00294f","angle":213.3,"snapDist":6,"label":1}},{"type":"Feature","geometry":{"type":"Point","coordinates":[14.206298,40.832167]},"properties":{"name":"Consalvo","lines":"612, N7","arr":["612","N7"],"terminus":0,"mode":"bus","color":"#0059a9","colorDark":"#00294f","angle":239.3,"snapDist":4,"label":1}},{"type":"Feature","geometry":{"type":"Point","coordinates":[14.207423,40.830679]},"properties":{"name":"Consalvo","lines":"612, N7","arr":["612","N7"],"terminus":0,"mode":"bus","color":"#0059a9","colorDark":"#00294f","angle":256.3,"snapDist":4,"label":0}},{"type":"Feature","geometry":{"type":"Point","coordinates":[14.207668,40.828709]},"properties":{"name":"Consalvo - C.Duilio","lines":"612, N7","arr":["612","N7"],"terminus":0,"mode":"bus","color":"#0059a9","colorDark":"#00294f","angle":267.4,"snapDist":1,"label":1}},{"type":"Feature","geometry":{"type":"Point","coordinates":[14.205197,40.826806]},"properties":{"name":"Caio Duilio-Linea 6","lines":"612","arr":["612"],"terminus":0,"mode":"bus","color":"#0059a9","colorDark":"#00294f","angle":337.1,"snapDist":2,"label":1}},{"type":"Feature","geometry":{"type":"Point","coordinates":[14.219865,40.830643]},"properties":{"name":"Piedigrotta","lines":"612","arr":["612"],"terminus":1,"mode":"bus","color":"#0059a9","colorDark":"#00294f","angle":102.4,"snapDist":10,"label":1}},{"type":"Feature","geometry":{"type":"Point","coordinates":[14.207687,40.828316]},"properties":{"name":"Consalvo - C.Duilio","lines":"612","arr":["612"],"terminus":0,"mode":"bus","color":"#0059a9","colorDark":"#00294f","angle":95.1,"snapDist":9,"label":0}},{"type":"Feature","geometry":{"type":"Point","coordinates":[14.207146,40.831093]},"properties":{"name":"Consalvo","lines":"612","arr":["612"],"terminus":0,"mode":"bus","color":"#0059a9","colorDark":"#00294f","angle":58.9,"snapDist":6,"label":0}},{"type":"Feature","geometry":{"type":"Point","coordinates":[14.205724,40.832898]},"properties":{"name":"Consalvo","lines":"612","arr":["612"],"terminus":0,"mode":"bus","color":"#0059a9","colorDark":"#00294f","angle":59.3,"snapDist":4,"label":0}},{"type":"Feature","geometry":{"type":"Point","coordinates":[14.203661,40.834375]},"properties":{"name":"Consalvo - Bixio","lines":"612","arr":["612"],"terminus":0,"mode":"bus","color":"#0059a9","colorDark":"#00294f","angle":61.8,"snapDist":7,"label":1}},{"type":"Feature","geometry":{"type":"Point","coordinates":[14.201012,40.83571]},"properties":{"name":"Giustiniano - Cassiodoro","lines":"612, N6","arr":["612","N6"],"terminus":0,"mode":"bus","color":"#0059a9","colorDark":"#00294f","angle":152.5,"snapDist":5,"label":1}},{"type":"Feature","geometry":{"type":"Point","coordinates":[14.203299,40.837555]},"properties":{"name":"Giustiniano","lines":"612, N6","arr":["612","N6"],"terminus":0,"mode":"bus","color":"#0059a9","colorDark":"#00294f","angle":119.5,"snapDist":7,"label":1}},{"type":"Feature","geometry":{"type":"Point","coordinates":[14.204871,40.839682]},"properties":{"name":"Giustiniano - Traiano","lines":"612, N6","arr":["612","N6"],"terminus":0,"mode":"bus","color":"#0059a9","colorDark":"#00294f","angle":118.5,"snapDist":10,"label":1}},{"type":"Feature","geometry":{"type":"Point","coordinates":[14.205797,40.840911]},"properties":{"name":"Giustiniano - Nerva","lines":"612, N6","arr":["612","N6"],"terminus":0,"mode":"bus","color":"#0059a9","colorDark":"#00294f","angle":119.2,"snapDist":9,"label":1}},{"type":"Feature","geometry":{"type":"Point","coordinates":[14.207399,40.843398]},"properties":{"name":"Giustiniano - Circumflegrea Piave","lines":"612, 633, N6, S3A","arr":["612","633","N6","S3A"],"terminus":0,"mode":"bus","color":"#0059a9","colorDark":"#00294f","angle":112.5,"snapDist":8,"label":1}},{"type":"Feature","geometry":{"type":"Point","coordinates":[14.198016,40.84595]},"properties":{"name":"Epomeo","lines":"612, 633, N6, S3A","arr":["612","633","N6","S3A"],"terminus":0,"mode":"bus","color":"#0059a9","colorDark":"#00294f","angle":14.1,"snapDist":5,"label":0}},{"type":"Feature","geometry":{"type":"Point","coordinates":[14.196292,40.846278]},"properties":{"name":"Epomeo","lines":"612, 633, N6, S3A","arr":["612","633","N6","S3A"],"terminus":0,"mode":"bus","color":"#0059a9","colorDark":"#00294f","angle":14.2,"snapDist":5,"label":0}},{"type":"Feature","geometry":{"type":"Point","coordinates":[14.193894,40.846785]},"properties":{"name":"Epomeo - Bottazzi","lines":"612, 633, N6, S3A","arr":["612","633","N6","S3A"],"terminus":0,"mode":"bus","color":"#0059a9","colorDark":"#00294f","angle":22,"snapDist":6,"label":1}},{"type":"Feature","geometry":{"type":"Point","coordinates":[14.191649,40.847451]},"properties":{"name":"Epomeo - Montagna Spaccata","lines":"612, 633, N6, S3A","arr":["612","633","N6","S3A"],"terminus":0,"mode":"bus","color":"#0059a9","colorDark":"#00294f","angle":20.9,"snapDist":6,"label":1}},{"type":"Feature","geometry":{"type":"Point","coordinates":[14.190591,40.847869]},"properties":{"name":"Montagna Spaccata-Poste","lines":"612, 633, N6, S3A","arr":["612","633","N6","S3A"],"terminus":0,"mode":"bus","color":"#0059a9","colorDark":"#00294f","angle":21.1,"snapDist":5,"label":1}},{"type":"Feature","geometry":{"type":"Point","coordinates":[14.185338,40.847189]},"properties":{"name":"Montagna Spaccata-Cintia","lines":"612, 633, N6, S2, S3A, S5","arr":["612","633","N6","S2","S3A","S5"],"terminus":0,"mode":"bus","color":"#0059a9","colorDark":"#00294f","angle":352.2,"snapDist":6,"label":1}},{"type":"Feature","geometry":{"type":"Point","coordinates":[14.180695,40.848738]},"properties":{"name":"Montagna Spaccata 209","lines":"612, 633, N6, R6, S3A, S5","arr":["612","633","N6","R6","S3A","S5"],"terminus":0,"mode":"bus","color":"#0059a9","colorDark":"#00294f","angle":25.9,"snapDist":8,"label":1}},{"type":"Feature","geometry":{"type":"Point","coordinates":[14.179144,40.849347]},"properties":{"name":"Montagna Spaccata-Padula","lines":"612, 633, S5","arr":["612","633","S5"],"terminus":0,"mode":"bus","color":"#0059a9","colorDark":"#00294f","angle":17.9,"snapDist":8,"label":0}},{"type":"Feature","geometry":{"type":"Point","coordinates":[14.175793,40.850242]},"properties":{"name":"Montagna Spaccata-Campanile","lines":"612, 633, S5","arr":["612","633","S5"],"terminus":0,"mode":"bus","color":"#0059a9","colorDark":"#00294f","angle":23,"snapDist":5,"label":0}},{"type":"Feature","geometry":{"type":"Point","coordinates":[14.172396,40.851363]},"properties":{"name":"Montagna Spaccata-Villaggio Italsider","lines":"612, 633, S5","arr":["612","633","S5"],"terminus":0,"mode":"bus","color":"#0059a9","colorDark":"#00294f","angle":23.4,"snapDist":4,"label":1}},{"type":"Feature","geometry":{"type":"Point","coordinates":[14.170429,40.852052]},"properties":{"name":"Montagna Spaccata","lines":"612, 633, S5","arr":["612","633","S5"],"terminus":0,"mode":"bus","color":"#0059a9","colorDark":"#00294f","angle":23.5,"snapDist":9,"label":0}},{"type":"Feature","geometry":{"type":"Point","coordinates":[14.166434,40.853605]},"properties":{"name":"Montagna Spaccata-Vigili del Fuoco","lines":"612, 633, S5","arr":["612","633","S5"],"terminus":0,"mode":"bus","color":"#0059a9","colorDark":"#00294f","angle":19.9,"snapDist":4,"label":1}},{"type":"Feature","geometry":{"type":"Point","coordinates":[14.167221,40.854931]},"properties":{"name":"Provinciale di Napoli-Villaggio Caritas","lines":"612, 633, S5","arr":["612","633","S5"],"terminus":0,"mode":"bus","color":"#0059a9","colorDark":"#00294f","angle":134.3,"snapDist":11,"label":1}},{"type":"Feature","geometry":{"type":"Point","coordinates":[14.168001,40.855928]},"properties":{"name":"Picasso","lines":"612, 633, N6, R6, S3, S3A, S4A, S4B, S5","arr":["612","633","N6","R6","S3","S3A","S4A","S4B","S5"],"terminus":0,"mode":"bus","color":"#0059a9","colorDark":"#00294f","angle":15.7,"snapDist":5,"label":1}},{"type":"Feature","geometry":{"type":"Point","coordinates":[14.163636,40.856372]},"properties":{"name":"Picasso","lines":"612, 633, S4A, S5","arr":["612","633","S4A","S5"],"terminus":0,"mode":"bus","color":"#0059a9","colorDark":"#00294f","angle":15.4,"snapDist":3,"label":1}},{"type":"Feature","geometry":{"type":"Point","coordinates":[14.193571,40.822765]},"properties":{"name":"Tecchio - M2","lines":"618","arr":["618"],"terminus":0,"mode":"bus","color":"#0059a9","colorDark":"#00294f","angle":64.7,"snapDist":4,"label":0}},{"type":"Feature","geometry":{"type":"Point","coordinates":[14.194104,40.833484]},"properties":{"name":"Quaranta-Gigante","lines":"618","arr":["618"],"terminus":0,"mode":"bus","color":"#0059a9","colorDark":"#00294f","angle":178.8,"snapDist":7,"label":1}},{"type":"Feature","geometry":{"type":"Point","coordinates":[14.19644,40.833664]},"properties":{"name":"Quaranta - Petruccelli","lines":"618","arr":["618"],"terminus":0,"mode":"bus","color":"#0059a9","colorDark":"#00294f","angle":154.8,"snapDist":10,"label":1}},{"type":"Feature","geometry":{"type":"Point","coordinates":[14.198274,40.834808]},"properties":{"name":"Porcelli - Cassiodoro","lines":"618","arr":["618"],"terminus":0,"mode":"bus","color":"#0059a9","colorDark":"#00294f","angle":349,"snapDist":2,"label":1}},{"type":"Feature","geometry":{"type":"Point","coordinates":[14.197047,40.835108]},"properties":{"name":"Testi - Tertulliano","lines":"618","arr":["618"],"terminus":0,"mode":"bus","color":"#0059a9","colorDark":"#00294f","angle":353.5,"snapDist":2,"label":1}},{"type":"Feature","geometry":{"type":"Point","coordinates":[14.195294,40.837257]},"properties":{"name":"Tertulliano - Testi","lines":"618","arr":["618"],"terminus":0,"mode":"bus","color":"#0059a9","colorDark":"#00294f","angle":61.6,"snapDist":7,"label":1}},{"type":"Feature","geometry":{"type":"Point","coordinates":[14.196618,40.839338]},"properties":{"name":"Tertulliano - Romolo e Remo","lines":"618","arr":["618"],"terminus":0,"mode":"bus","color":"#0059a9","colorDark":"#00294f","angle":55.5,"snapDist":7,"label":1}},{"type":"Feature","geometry":{"type":"Point","coordinates":[14.194473,40.83955]},"properties":{"name":"Traiano-Parco Pubblico","lines":"618","arr":["618"],"terminus":0,"mode":"bus","color":"#0059a9","colorDark":"#00294f","angle":18.4,"snapDist":5,"label":1}},{"type":"Feature","geometry":{"type":"Point","coordinates":[14.192304,40.840546]},"properties":{"name":"Marco Aurelio - Lattanzio","lines":"618","arr":["618"],"terminus":0,"mode":"bus","color":"#0059a9","colorDark":"#00294f","angle":339.7,"snapDist":4,"label":1}},{"type":"Feature","geometry":{"type":"Point","coordinates":[14.189453,40.841111]},"properties":{"name":"Marco Aurelio-Anco Marzio","lines":"618","arr":["618"],"terminus":0,"mode":"bus","color":"#0059a9","colorDark":"#00294f","angle":1,"snapDist":5,"label":1}},{"type":"Feature","geometry":{"type":"Point","coordinates":[14.188884,40.844209]},"properties":{"name":"Tarquinio Prisco-Andronico","lines":"618","arr":["618"],"terminus":0,"mode":"bus","color":"#0059a9","colorDark":"#00294f","angle":102.2,"snapDist":7,"label":1}},{"type":"Feature","geometry":{"type":"Point","coordinates":[14.188384,40.846025]},"properties":{"name":"Padula - Cinzia","lines":"618","arr":["618"],"terminus":0,"mode":"bus","color":"#0059a9","colorDark":"#00294f","angle":106.1,"snapDist":8,"label":1}},{"type":"Feature","geometry":{"type":"Point","coordinates":[14.195383,40.843212]},"properties":{"name":"Adriano","lines":"618","arr":["618"],"terminus":0,"mode":"bus","color":"#0059a9","colorDark":"#00294f","angle":12.3,"snapDist":4,"label":1}},{"type":"Feature","geometry":{"type":"Point","coordinates":[14.193129,40.842915]},"properties":{"name":"Adriano - Istituto Marotta","lines":"618","arr":["618"],"terminus":0,"mode":"bus","color":"#0059a9","colorDark":"#00294f","angle":331.6,"snapDist":4,"label":1}},{"type":"Feature","geometry":{"type":"Point","coordinates":[14.191169,40.842636]},"properties":{"name":"Traiano - Livio Andronico","lines":"618","arr":["618"],"terminus":0,"mode":"bus","color":"#0059a9","colorDark":"#00294f","angle":11.3,"snapDist":4,"label":1}},{"type":"Feature","geometry":{"type":"Point","coordinates":[14.188971,40.842994]},"properties":{"name":"Traiano - Tarquino Prisco","lines":"618","arr":["618"],"terminus":0,"mode":"bus","color":"#0059a9","colorDark":"#00294f","angle":11.4,"snapDist":3,"label":1}},{"type":"Feature","geometry":{"type":"Point","coordinates":[14.188763,40.841153]},"properties":{"name":"O.Coclite","lines":"618","arr":["618"],"terminus":0,"mode":"bus","color":"#0059a9","colorDark":"#00294f","angle":241,"snapDist":3,"label":0}},{"type":"Feature","geometry":{"type":"Point","coordinates":[14.189672,40.841096]},"properties":{"name":"Marco Aurelio - Chiesa","lines":"618","arr":["618"],"terminus":0,"mode":"bus","color":"#0059a9","colorDark":"#00294f","angle":189.8,"snapDist":7,"label":1}},{"type":"Feature","geometry":{"type":"Point","coordinates":[14.192472,40.840593]},"properties":{"name":"Marco Aurelio - Traiano","lines":"618","arr":["618"],"terminus":0,"mode":"bus","color":"#0059a9","colorDark":"#00294f","angle":159.7,"snapDist":8,"label":1}},{"type":"Feature","geometry":{"type":"Point","coordinates":[14.194861,40.839454]},"properties":{"name":"Traiano-Parco Pubblico","lines":"618, S3A","arr":["618","S3A"],"terminus":0,"mode":"bus","color":"#0059a9","colorDark":"#00294f","angle":197.7,"snapDist":11,"label":0}},{"type":"Feature","geometry":{"type":"Point","coordinates":[14.195206,40.837343]},"properties":{"name":"Tertulliano - Loggetta","lines":"618","arr":["618"],"terminus":0,"mode":"bus","color":"#0059a9","colorDark":"#00294f","angle":281.8,"snapDist":2,"label":1}},{"type":"Feature","geometry":{"type":"Point","coordinates":[14.195345,40.834717]},"properties":{"name":"Testi - Porcelli","lines":"618","arr":["618"],"terminus":0,"mode":"bus","color":"#0059a9","colorDark":"#00294f","angle":328.9,"snapDist":3,"label":1}},{"type":"Feature","geometry":{"type":"Point","coordinates":[14.19429,40.833784]},"properties":{"name":"Gigante - Quaranta","lines":"618","arr":["618"],"terminus":0,"mode":"bus","color":"#0059a9","colorDark":"#00294f","angle":333.3,"snapDist":2,"label":1}},{"type":"Feature","geometry":{"type":"Point","coordinates":[14.189908,40.798588]},"properties":{"name":"Marechiaro","lines":"622","arr":["622"],"terminus":0,"mode":"bus","color":"#0059a9","colorDark":"#00294f","angle":215.4,"snapDist":6,"label":1}},{"type":"Feature","geometry":{"type":"Point","coordinates":[14.19017,40.796525]},"properties":{"name":"Marechiaro","lines":"622","arr":["622"],"terminus":0,"mode":"bus","color":"#0059a9","colorDark":"#00294f","angle":273.2,"snapDist":4,"label":1}},{"type":"Feature","geometry":{"type":"Point","coordinates":[14.191367,40.795859]},"properties":{"name":"Marechiaro","lines":"622","arr":["622"],"terminus":0,"mode":"bus","color":"#0059a9","colorDark":"#00294f","angle":133.2,"snapDist":5,"label":0}},{"type":"Feature","geometry":{"type":"Point","coordinates":[14.193352,40.796733]},"properties":{"name":"Marechiaro","lines":"622","arr":["622"],"terminus":1,"mode":"bus","color":"#0059a9","colorDark":"#00294f","angle":162.5,"snapDist":5,"label":1}},{"type":"Feature","geometry":{"type":"Point","coordinates":[14.191317,40.795819]},"properties":{"name":"Marechiaro","lines":"622","arr":["622"],"terminus":0,"mode":"bus","color":"#0059a9","colorDark":"#00294f","angle":313.2,"snapDist":2,"label":0}},{"type":"Feature","geometry":{"type":"Point","coordinates":[14.190201,40.797159]},"properties":{"name":"Marechiaro","lines":"622","arr":["622"],"terminus":0,"mode":"bus","color":"#0059a9","colorDark":"#00294f","angle":65.4,"snapDist":2,"label":0}},{"type":"Feature","geometry":{"type":"Point","coordinates":[14.18939,40.800845]},"properties":{"name":"Marechiaro","lines":"622","arr":["622"],"terminus":0,"mode":"bus","color":"#0059a9","colorDark":"#00294f","angle":82.7,"snapDist":8,"label":1}},{"type":"Feature","geometry":{"type":"Point","coordinates":[14.2078,40.841795]},"properties":{"name":"Piave - Tevere","lines":"633","arr":["633"],"terminus":0,"mode":"bus","color":"#0059a9","colorDark":"#00294f","angle":209.3,"snapDist":5,"label":1}},{"type":"Feature","geometry":{"type":"Point","coordinates":[14.209527,40.841056]},"properties":{"name":"Piave - Arno","lines":"633","arr":["633"],"terminus":0,"mode":"bus","color":"#0059a9","colorDark":"#00294f","angle":209.8,"snapDist":4,"label":1}},{"type":"Feature","geometry":{"type":"Point","coordinates":[14.212082,40.839998]},"properties":{"name":"Piave","lines":"633","arr":["633"],"terminus":0,"mode":"bus","color":"#0059a9","colorDark":"#00294f","angle":202.6,"snapDist":7,"label":1}},{"type":"Feature","geometry":{"type":"Point","coordinates":[14.212487,40.83935]},"properties":{"name":"Piave - Sangro","lines":"633","arr":["633"],"terminus":0,"mode":"bus","color":"#0059a9","colorDark":"#00294f","angle":217.9,"snapDist":5,"label":1}},{"type":"Feature","geometry":{"type":"Point","coordinates":[14.21399,40.83853]},"properties":{"name":"Piave - Santo Stefano","lines":"633","arr":["633"],"terminus":0,"mode":"bus","color":"#0059a9","colorDark":"#00294f","angle":202.8,"snapDist":5,"label":1}},{"type":"Feature","geometry":{"type":"Point","coordinates":[14.214368,40.83842]},"properties":{"name":"Piave - Santo Stefano","lines":"633, S3A","arr":["633","S3A"],"terminus":0,"mode":"bus","color":"#0059a9","colorDark":"#00294f","angle":21.3,"snapDist":7,"label":0}},{"type":"Feature","geometry":{"type":"Point","coordinates":[14.211902,40.839535]},"properties":{"name":"Piave - Sangro","lines":"633, S3A","arr":["633","S3A"],"terminus":0,"mode":"bus","color":"#0059a9","colorDark":"#00294f","angle":11.8,"snapDist":7,"label":0}},{"type":"Feature","geometry":{"type":"Point","coordinates":[14.211245,40.840298]},"properties":{"name":"Piave","lines":"633, S3A","arr":["633","S3A"],"terminus":0,"mode":"bus","color":"#0059a9","colorDark":"#00294f","angle":30.2,"snapDist":8,"label":0}},{"type":"Feature","geometry":{"type":"Point","coordinates":[14.2083,40.841583]},"properties":{"name":"Piave - Giustiniano","lines":"633, S3A","arr":["633","S3A"],"terminus":0,"mode":"bus","color":"#0059a9","colorDark":"#00294f","angle":29.3,"snapDist":9,"label":1}},{"type":"Feature","geometry":{"type":"Point","coordinates":[14.265427,40.861796]},"properties":{"name":"Carlo III","lines":"654, C68","arr":["654","C68"],"terminus":1,"mode":"bus","color":"#0059a9","colorDark":"#00294f","angle":38.1,"snapDist":4,"label":0}},{"type":"Feature","geometry":{"type":"Point","coordinates":[14.264203,40.86667]},"properties":{"name":"De Marco","lines":"654","arr":["654"],"terminus":0,"mode":"bus","color":"#0059a9","colorDark":"#00294f","angle":40.2,"snapDist":7,"label":0}},{"type":"Feature","geometry":{"type":"Point","coordinates":[14.264017,40.867466]},"properties":{"name":"De Marco","lines":"654","arr":["654"],"terminus":0,"mode":"bus","color":"#0059a9","colorDark":"#00294f","angle":130.1,"snapDist":7,"label":0}},{"type":"Feature","geometry":{"type":"Point","coordinates":[14.264613,40.86834]},"properties":{"name":"De Marco","lines":"654","arr":["654"],"terminus":0,"mode":"bus","color":"#0059a9","colorDark":"#00294f","angle":34.8,"snapDist":7,"label":0}},{"type":"Feature","geometry":{"type":"Point","coordinates":[14.263814,40.869194]},"properties":{"name":"De Marco","lines":"654","arr":["654"],"terminus":0,"mode":"bus","color":"#0059a9","colorDark":"#00294f","angle":15.8,"snapDist":3,"label":1}},{"type":"Feature","geometry":{"type":"Point","coordinates":[14.263909,40.869674]},"properties":{"name":"De Marco","lines":"654","arr":["654"],"terminus":0,"mode":"bus","color":"#0059a9","colorDark":"#00294f","angle":20.3,"snapDist":5,"label":0}},{"type":"Feature","geometry":{"type":"Point","coordinates":[14.26463,40.870017]},"properties":{"name":"De Marco","lines":"654","arr":["654"],"terminus":0,"mode":"bus","color":"#0059a9","colorDark":"#00294f","angle":16.3,"snapDist":4,"label":0}},{"type":"Feature","geometry":{"type":"Point","coordinates":[14.262934,40.870402]},"properties":{"name":"De Marco","lines":"654","arr":["654"],"terminus":0,"mode":"bus","color":"#0059a9","colorDark":"#00294f","angle":18.9,"snapDist":5,"label":0}},{"type":"Feature","geometry":{"type":"Point","coordinates":[14.264757,40.869988]},"properties":{"name":"De Marco","lines":"654","arr":["654"],"terminus":0,"mode":"bus","color":"#0059a9","colorDark":"#00294f","angle":20.3,"snapDist":4,"label":0}},{"type":"Feature","geometry":{"type":"Point","coordinates":[14.263889,40.869679]},"properties":{"name":"De Marco","lines":"654","arr":["654"],"terminus":0,"mode":"bus","color":"#0059a9","colorDark":"#00294f","angle":200.3,"snapDist":1,"label":0}},{"type":"Feature","geometry":{"type":"Point","coordinates":[14.263901,40.869175]},"properties":{"name":"De Marco","lines":"654","arr":["654"],"terminus":0,"mode":"bus","color":"#0059a9","colorDark":"#00294f","angle":15.8,"snapDist":3,"label":0}},{"type":"Feature","geometry":{"type":"Point","coordinates":[14.264672,40.868309]},"properties":{"name":"De Marco","lines":"654","arr":["654"],"terminus":0,"mode":"bus","color":"#0059a9","colorDark":"#00294f","angle":34.8,"snapDist":3,"label":0}},{"type":"Feature","geometry":{"type":"Point","coordinates":[14.263976,40.867429]},"properties":{"name":"De Marco","lines":"654","arr":["654"],"terminus":1,"mode":"bus","color":"#0059a9","colorDark":"#00294f","angle":130.1,"snapDist":1,"label":1}},{"type":"Feature","geometry":{"type":"Point","coordinates":[14.26395,40.866717]},"properties":{"name":"Profumo","lines":"654","arr":["654"],"terminus":0,"mode":"bus","color":"#0059a9","colorDark":"#00294f","angle":-50.5,"snapDist":6,"label":1}},{"type":"Feature","geometry":{"type":"Point","coordinates":[14.263083,40.866413]},"properties":{"name":"Guadagno","lines":"654","arr":["654"],"terminus":0,"mode":"bus","color":"#0059a9","colorDark":"#00294f","angle":40.3,"snapDist":4,"label":1}},{"type":"Feature","geometry":{"type":"Point","coordinates":[14.26125,40.867262]},"properties":{"name":"Guadagno","lines":"654","arr":["654"],"terminus":0,"mode":"bus","color":"#0059a9","colorDark":"#00294f","angle":353.4,"snapDist":1,"label":0}},{"type":"Feature","geometry":{"type":"Point","coordinates":[14.259812,40.867822]},"properties":{"name":"S. Eframo","lines":"654","arr":["654"],"terminus":0,"mode":"bus","color":"#0059a9","colorDark":"#00294f","angle":-135.9,"snapDist":18,"label":1}},{"type":"Feature","geometry":{"type":"Point","coordinates":[14.262178,40.866957]},"properties":{"name":"Guadagno","lines":"654","arr":["654"],"terminus":0,"mode":"bus","color":"#0059a9","colorDark":"#00294f","angle":30.3,"snapDist":3,"label":0}},{"type":"Feature","geometry":{"type":"Point","coordinates":[14.264364,40.866567]},"properties":{"name":"De Marco","lines":"654","arr":["654"],"terminus":0,"mode":"bus","color":"#0059a9","colorDark":"#00294f","angle":220.2,"snapDist":4,"label":0}},{"type":"Feature","geometry":{"type":"Point","coordinates":[14.264484,40.865721]},"properties":{"name":"Veterinaria","lines":"654","arr":["654"],"terminus":0,"mode":"bus","color":"#0059a9","colorDark":"#00294f","angle":358,"snapDist":1,"label":1}},{"type":"Feature","geometry":{"type":"Point","coordinates":[14.262544,40.865242]},"properties":{"name":"Veterinaria","lines":"654","arr":["654"],"terminus":0,"mode":"bus","color":"#0059a9","colorDark":"#00294f","angle":327.2,"snapDist":1,"label":0}},{"type":"Feature","geometry":{"type":"Point","coordinates":[14.261875,40.863812]},"properties":{"name":"Veterinaria","lines":"654","arr":["654"],"terminus":0,"mode":"bus","color":"#0059a9","colorDark":"#00294f","angle":283.2,"snapDist":1,"label":1}},{"type":"Feature","geometry":{"type":"Point","coordinates":[14.260928,40.862012]},"properties":{"name":"Veterinaria","lines":"654","arr":["654"],"terminus":0,"mode":"bus","color":"#0059a9","colorDark":"#00294f","angle":312.3,"snapDist":0,"label":0}},{"type":"Feature","geometry":{"type":"Point","coordinates":[14.26144,40.860461]},"properties":{"name":"Tenore","lines":"654","arr":["654"],"terminus":0,"mode":"bus","color":"#0059a9","colorDark":"#00294f","angle":228.8,"snapDist":4,"label":1}},{"type":"Feature","geometry":{"type":"Point","coordinates":[14.264991,40.8722]},"properties":{"name":"Ponti Rossi 285","lines":"663, C63","arr":["663","C63"],"terminus":0,"mode":"bus","color":"#0059a9","colorDark":"#00294f","angle":294,"snapDist":2,"label":1}},{"type":"Feature","geometry":{"type":"Point","coordinates":[14.263348,40.871283]},"properties":{"name":"Ponti Rossi","lines":"663, C63","arr":["663","C63"],"terminus":0,"mode":"bus","color":"#0059a9","colorDark":"#00294f","angle":40.6,"snapDist":9,"label":1}},{"type":"Feature","geometry":{"type":"Point","coordinates":[14.263388,40.873212]},"properties":{"name":"Ponti Rossi","lines":"663, C63","arr":["663","C63"],"terminus":0,"mode":"bus","color":"#0059a9","colorDark":"#00294f","angle":39.8,"snapDist":6,"label":0}},{"type":"Feature","geometry":{"type":"Point","coordinates":[14.25941,40.872431]},"properties":{"name":"Ponti Rossi","lines":"663, C63","arr":["663","C63"],"terminus":0,"mode":"bus","color":"#0059a9","colorDark":"#00294f","angle":327.3,"snapDist":3,"label":1}},{"type":"Feature","geometry":{"type":"Point","coordinates":[14.256521,40.869986]},"properties":{"name":"Ponti Rossi","lines":"663, C63","arr":["663","C63"],"terminus":0,"mode":"bus","color":"#0059a9","colorDark":"#00294f","angle":303.8,"snapDist":1,"label":1}},{"type":"Feature","geometry":{"type":"Point","coordinates":[14.25433,40.868954]},"properties":{"name":"Ponti Rossi","lines":"663, C63","arr":["663","C63"],"terminus":0,"mode":"bus","color":"#0059a9","colorDark":"#00294f","angle":310.4,"snapDist":1,"label":0}},{"type":"Feature","geometry":{"type":"Point","coordinates":[14.253053,40.866878]},"properties":{"name":"Ponti Rossi","lines":"663, C63","arr":["663","C63"],"terminus":0,"mode":"bus","color":"#0059a9","colorDark":"#00294f","angle":277.4,"snapDist":1,"label":1}},{"type":"Feature","geometry":{"type":"Point","coordinates":[14.251866,40.865728]},"properties":{"name":"Capodimonte - Museo di Capodimonte e Real Bosco","lines":"663, C63","arr":["663","C63"],"terminus":0,"mode":"bus","color":"#0059a9","colorDark":"#00294f","angle":318.7,"snapDist":2,"label":1}},{"type":"Feature","geometry":{"type":"Point","coordinates":[14.249849,40.865394]},"properties":{"name":"Capodimonte - Museo di Capodimonte e Real Bosco","lines":"663, C63","arr":["663","C63"],"terminus":0,"mode":"bus","color":"#0059a9","colorDark":"#00294f","angle":7.7,"snapDist":3,"label":0}},{"type":"Feature","geometry":{"type":"Point","coordinates":[14.231201,40.880174]},"properties":{"name":"Rocco di Torrepadula-Metro Frullone","lines":"663, C78, NL1","arr":["663","C78","NL1"],"terminus":0,"mode":"bus","color":"#0059a9","colorDark":"#00294f","angle":301.3,"snapDist":3,"label":1}},{"type":"Feature","geometry":{"type":"Point","coordinates":[14.232576,40.88027]},"properties":{"name":"Rocco di Torrepadula Villa","lines":"663, C78, NL1","arr":["663","C78","NL1"],"terminus":0,"mode":"bus","color":"#0059a9","colorDark":"#00294f","angle":120.2,"snapDist":8,"label":0}},{"type":"Feature","geometry":{"type":"Point","coordinates":[14.249271,40.865885]},"properties":{"name":"Capodimonte","lines":"663, C63","arr":["663","C63"],"terminus":0,"mode":"bus","color":"#0059a9","colorDark":"#00294f","angle":251.4,"snapDist":3,"label":0}},{"type":"Feature","geometry":{"type":"Point","coordinates":[14.25227,40.865993]},"properties":{"name":"Capodimonte - Museo di Capodimonte e Real Bosco","lines":"663, C63","arr":["663","C63"],"terminus":0,"mode":"bus","color":"#0059a9","colorDark":"#00294f","angle":140.7,"snapDist":11,"label":0}},{"type":"Feature","geometry":{"type":"Point","coordinates":[14.253091,40.86719]},"properties":{"name":"Ponti Rossi","lines":"663, C63","arr":["663","C63"],"terminus":0,"mode":"bus","color":"#0059a9","colorDark":"#00294f","angle":93.1,"snapDist":9,"label":0}},{"type":"Feature","geometry":{"type":"Point","coordinates":[14.254527,40.869131]},"properties":{"name":"Ponti Rossi - Chiesa Volto Santo","lines":"663, C63","arr":["663","C63"],"terminus":0,"mode":"bus","color":"#0059a9","colorDark":"#00294f","angle":119.4,"snapDist":10,"label":1}},{"type":"Feature","geometry":{"type":"Point","coordinates":[14.256508,40.869972]},"properties":{"name":"Ponti Rossi","lines":"663, C63","arr":["663","C63"],"terminus":0,"mode":"bus","color":"#0059a9","colorDark":"#00294f","angle":123.8,"snapDist":12,"label":0}},{"type":"Feature","geometry":{"type":"Point","coordinates":[14.26139,40.872964]},"properties":{"name":"Ponti Rossi","lines":"663, C63","arr":["663","C63"],"terminus":0,"mode":"bus","color":"#0059a9","colorDark":"#00294f","angle":59.3,"snapDist":10,"label":0}},{"type":"Feature","geometry":{"type":"Point","coordinates":[14.26371,40.872971]},"properties":{"name":"Ponti Rossi","lines":"663, C63","arr":["663","C63"],"terminus":0,"mode":"bus","color":"#0059a9","colorDark":"#00294f","angle":225.9,"snapDist":1,"label":0}},{"type":"Feature","geometry":{"type":"Point","coordinates":[14.263911,40.871184]},"properties":{"name":"Ponti Rossi","lines":"663, C63","arr":["663","C63"],"terminus":0,"mode":"bus","color":"#0059a9","colorDark":"#00294f","angle":182.4,"snapDist":7,"label":0}},{"type":"Feature","geometry":{"type":"Point","coordinates":[14.26607,40.867766]},"properties":{"name":"Minichini","lines":"663, C63","arr":["663","C63"],"terminus":0,"mode":"bus","color":"#0059a9","colorDark":"#00294f","angle":309.1,"snapDist":0,"label":1}},{"type":"Feature","geometry":{"type":"Point","coordinates":[14.249884,40.835263]},"properties":{"name":"Acton ASC","lines":"ACTON","arr":["ACTON"],"terminus":1,"mode":"bus","color":"#0059a9","colorDark":"#00294f","angle":55.1,"snapDist":7,"label":1}},{"type":"Feature","geometry":{"type":"Point","coordinates":[14.249816,40.835336]},"properties":{"name":"Acton ASC1","lines":"ACTON","arr":["ACTON"],"terminus":1,"mode":"bus","color":"#0059a9","colorDark":"#00294f","angle":55.1,"snapDist":1,"label":1}},{"type":"Feature","geometry":{"type":"Point","coordinates":[14.283087,40.876689]},"properties":{"name":"Aeroporto","lines":"ALIB","arr":["ALIB"],"terminus":1,"mode":"bus","color":"#0059a9","colorDark":"#00294f","angle":229.9,"snapDist":5,"label":1}},{"type":"Feature","geometry":{"type":"Point","coordinates":[14.271522,40.853093]},"properties":{"name":"Alibus - Garibaldi - Rosa Parks","lines":"ALIB","arr":["ALIB"],"terminus":0,"mode":"bus","color":"#0059a9","colorDark":"#00294f","angle":281,"snapDist":1,"label":1}},{"type":"Feature","geometry":{"type":"Point","coordinates":[14.257702,40.841754]},"properties":{"name":"Immacolatella - Porta di Massa","lines":"ALIB","arr":["ALIB"],"terminus":0,"mode":"bus","color":"#0059a9","colorDark":"#00294f","angle":121.7,"snapDist":19,"label":1}},{"type":"Feature","geometry":{"type":"Point","coordinates":[14.257808,40.83849]},"properties":{"name":"Beverello - Angioino","lines":"ALIB","arr":["ALIB"],"terminus":1,"mode":"bus","color":"#0059a9","colorDark":"#00294f","angle":16.4,"snapDist":22,"label":1}},{"type":"Feature","geometry":{"type":"Point","coordinates":[14.257621,40.841655]},"properties":{"name":"Immacolatella - Porta di Massa","lines":"ALIB","arr":["ALIB"],"terminus":0,"mode":"bus","color":"#0059a9","colorDark":"#00294f","angle":121.7,"snapDist":13,"label":0}},{"type":"Feature","geometry":{"type":"Point","coordinates":[14.263204,40.845088]},"properties":{"name":"Pisacane","lines":"ALIB","arr":["ALIB"],"terminus":0,"mode":"bus","color":"#0059a9","colorDark":"#00294f","angle":-122.6,"snapDist":9,"label":1}},{"type":"Feature","geometry":{"type":"Point","coordinates":[14.27179,40.852537]},"properties":{"name":"Garibaldi","lines":"ALIB","arr":["ALIB"],"terminus":0,"mode":"bus","color":"#0059a9","colorDark":"#00294f","angle":162.1,"snapDist":22,"label":1}},{"type":"Feature","geometry":{"type":"Point","coordinates":[14.283542,40.876507]},"properties":{"name":"Aeroporto","lines":"ALIB","arr":["ALIB"],"terminus":0,"mode":"bus","color":"#0059a9","colorDark":"#00294f","angle":53.9,"snapDist":5,"label":0}},{"type":"Feature","geometry":{"type":"Point","coordinates":[14.192056,40.822434]},"properties":{"name":"Diocleziano","lines":"C1, C1E, R7","arr":["C1","C1E","R7"],"terminus":0,"mode":"bus","color":"#0059a9","colorDark":"#00294f","angle":335.4,"snapDist":7,"label":1}},{"type":"Feature","geometry":{"type":"Point","coordinates":[14.188861,40.821324]},"properties":{"name":"Diocleziano","lines":"C1, C1E, R7","arr":["C1","C1E","R7"],"terminus":0,"mode":"bus","color":"#0059a9","colorDark":"#00294f","angle":335.5,"snapDist":5,"label":1}},{"type":"Feature","geometry":{"type":"Point","coordinates":[14.187115,40.820723]},"properties":{"name":"Diocleziano - Cavalleggeri","lines":"C1, C1E, R7","arr":["C1","C1E","R7"],"terminus":0,"mode":"bus","color":"#0059a9","colorDark":"#00294f","angle":335.6,"snapDist":7,"label":1}},{"type":"Feature","geometry":{"type":"Point","coordinates":[14.183837,40.819622]},"properties":{"name":"Diocleziano - Edenlandia","lines":"C1, C1E","arr":["C1","C1E"],"terminus":0,"mode":"bus","color":"#0059a9","colorDark":"#00294f","angle":336.1,"snapDist":4,"label":1}},{"type":"Feature","geometry":{"type":"Point","coordinates":[14.180711,40.818583]},"properties":{"name":"Diocleziano","lines":"C1, C1E","arr":["C1","C1E"],"terminus":0,"mode":"bus","color":"#0059a9","colorDark":"#00294f","angle":336.3,"snapDist":6,"label":1}},{"type":"Feature","geometry":{"type":"Point","coordinates":[14.177569,40.817547]},"properties":{"name":"Diocleziano - Esedra","lines":"C1, C1E","arr":["C1","C1E"],"terminus":0,"mode":"bus","color":"#0059a9","colorDark":"#00294f","angle":336.2,"snapDist":7,"label":1}},{"type":"Feature","geometry":{"type":"Point","coordinates":[14.174816,40.816641]},"properties":{"name":"Nuova Bagnoli-Cumana Nuova Agnano","lines":"C1, C1E","arr":["C1","C1E"],"terminus":0,"mode":"bus","color":"#0059a9","colorDark":"#00294f","angle":336.1,"snapDist":5,"label":1}},{"type":"Feature","geometry":{"type":"Point","coordinates":[14.173008,40.816038]},"properties":{"name":"Nuova Bagnoli-Villa le Palme","lines":"C1, C1E","arr":["C1","C1E"],"terminus":0,"mode":"bus","color":"#0059a9","colorDark":"#00294f","angle":336.2,"snapDist":6,"label":1}},{"type":"Feature","geometry":{"type":"Point","coordinates":[14.170534,40.815207]},"properties":{"name":"Nuova Bagnoli-Carafa","lines":"C1, C1E","arr":["C1","C1E"],"terminus":0,"mode":"bus","color":"#0059a9","colorDark":"#00294f","angle":336,"snapDist":4,"label":1}},{"type":"Feature","geometry":{"type":"Point","coordinates":[14.167587,40.814231]},"properties":{"name":"Piazza Bagnoli","lines":"C1, C1E","arr":["C1","C1E"],"terminus":0,"mode":"bus","color":"#0059a9","colorDark":"#00294f","angle":336,"snapDist":2,"label":1}},{"type":"Feature","geometry":{"type":"Point","coordinates":[14.167011,40.813125]},"properties":{"name":"Coroglio - Arenile","lines":"C1, C1E, R7","arr":["C1","C1E","R7"],"terminus":0,"mode":"bus","color":"#0059a9","colorDark":"#00294f","angle":224.7,"snapDist":5,"label":1}},{"type":"Feature","geometry":{"type":"Point","coordinates":[14.17236,40.808461]},"properties":{"name":"Coroglio","lines":"C1, C1E, R7","arr":["C1","C1E","R7"],"terminus":0,"mode":"bus","color":"#0059a9","colorDark":"#00294f","angle":233.3,"snapDist":6,"label":1}},{"type":"Feature","geometry":{"type":"Point","coordinates":[14.17358,40.806123]},"properties":{"name":"Coroglio","lines":"C1, C1E, R7","arr":["C1","C1E","R7"],"terminus":0,"mode":"bus","color":"#0059a9","colorDark":"#00294f","angle":252.6,"snapDist":4,"label":1}},{"type":"Feature","geometry":{"type":"Point","coordinates":[14.174259,40.804472]},"properties":{"name":"Coroglio - Città della Scieza","lines":"C1, C1E, R7","arr":["C1","C1E","R7"],"terminus":0,"mode":"bus","color":"#0059a9","colorDark":"#00294f","angle":252.7,"snapDist":3,"label":1}},{"type":"Feature","geometry":{"type":"Point","coordinates":[14.174816,40.803063]},"properties":{"name":"Coroglio","lines":"C1, C1E, R7","arr":["C1","C1E","R7"],"terminus":0,"mode":"bus","color":"#0059a9","colorDark":"#00294f","angle":252.8,"snapDist":5,"label":1}},{"type":"Feature","geometry":{"type":"Point","coordinates":[14.176611,40.800661]},"properties":{"name":"Discesa Coroglio - Nisida","lines":"C1, C1E","arr":["C1","C1E"],"terminus":0,"mode":"bus","color":"#0059a9","colorDark":"#00294f","angle":158.2,"snapDist":8,"label":1}},{"type":"Feature","geometry":{"type":"Point","coordinates":[14.176093,40.799943]},"properties":{"name":"Discesa Coroglio - Grotta di Seiano","lines":"C1, C1E","arr":["C1","C1E"],"terminus":0,"mode":"bus","color":"#0059a9","colorDark":"#00294f","angle":137.6,"snapDist":8,"label":1}},{"type":"Feature","geometry":{"type":"Point","coordinates":[14.190044,40.801735]},"properties":{"name":"Boccaccio - Casale","lines":"C1, C1E, C21, C31","arr":["C1","C1E","C21","C31"],"terminus":0,"mode":"bus","color":"#0059a9","colorDark":"#00294f","angle":64.3,"snapDist":9,"label":1}},{"type":"Feature","geometry":{"type":"Point","coordinates":[14.188345,40.802829]},"properties":{"name":"Boccaccio - Pascoli","lines":"C1, C1E, C21, C31","arr":["C1","C1E","C21","C31"],"terminus":0,"mode":"bus","color":"#0059a9","colorDark":"#00294f","angle":61,"snapDist":8,"label":1}},{"type":"Feature","geometry":{"type":"Point","coordinates":[14.187415,40.804217]},"properties":{"name":"Pascoli","lines":"C1, C1E, C21, C31","arr":["C1","C1E","C21","C31"],"terminus":0,"mode":"bus","color":"#0059a9","colorDark":"#00294f","angle":137.1,"snapDist":11,"label":1}},{"type":"Feature","geometry":{"type":"Point","coordinates":[14.188383,40.804761]},"properties":{"name":"Pascoli - Poste","lines":"C1, C1E, C21, C31","arr":["C1","C1E","C21","C31"],"terminus":0,"mode":"bus","color":"#0059a9","colorDark":"#00294f","angle":156.4,"snapDist":11,"label":1}},{"type":"Feature","geometry":{"type":"Point","coordinates":[14.190688,40.804927]},"properties":{"name":"Pascoli - Padula","lines":"C1, C1E, C21, C31","arr":["C1","C1E","C21","C31"],"terminus":0,"mode":"bus","color":"#0059a9","colorDark":"#00294f","angle":189,"snapDist":7,"label":1}},{"type":"Feature","geometry":{"type":"Point","coordinates":[14.191941,40.806477]},"properties":{"name":"Padula - Manzoni","lines":"C1, C1E, C21, C31","arr":["C1","C1E","C21","C31"],"terminus":1,"mode":"bus","color":"#0059a9","colorDark":"#00294f","angle":64.7,"snapDist":8,"label":1}},{"type":"Feature","geometry":{"type":"Point","coordinates":[14.187319,40.805457]},"properties":{"name":"Manzoni 257","lines":"C1, C1E, C21, C31","arr":["C1","C1E","C21","C31"],"terminus":0,"mode":"bus","color":"#0059a9","colorDark":"#00294f","angle":321.4,"snapDist":4,"label":1}},{"type":"Feature","geometry":{"type":"Point","coordinates":[14.186634,40.80386]},"properties":{"name":"Manzoni-Parco Virgiliano","lines":"C1, C1E, C21, C31","arr":["C1","C1E","C21","C31"],"terminus":0,"mode":"bus","color":"#0059a9","colorDark":"#00294f","angle":237.9,"snapDist":5,"label":1}},{"type":"Feature","geometry":{"type":"Point","coordinates":[14.188332,40.802847]},"properties":{"name":"Boccaccio-S.Strato","lines":"C1, C1E, C21, C31","arr":["C1","C1E","C21","C31"],"terminus":0,"mode":"bus","color":"#0059a9","colorDark":"#00294f","angle":241,"snapDist":6,"label":1}},{"type":"Feature","geometry":{"type":"Point","coordinates":[14.176011,40.80012]},"properties":{"name":"Discesa Coroglio - Grotta di Seiano","lines":"C1, C1E","arr":["C1","C1E"],"terminus":0,"mode":"bus","color":"#0059a9","colorDark":"#00294f","angle":139.3,"snapDist":9,"label":0}},{"type":"Feature","geometry":{"type":"Point","coordinates":[14.175028,40.802549]},"properties":{"name":"Coroglio","lines":"C1, C1E, R7","arr":["C1","C1E","R7"],"terminus":0,"mode":"bus","color":"#0059a9","colorDark":"#00294f","angle":72.7,"snapDist":15,"label":0}},{"type":"Feature","geometry":{"type":"Point","coordinates":[14.173942,40.805244]},"properties":{"name":"Coroglio - Città della Scieza","lines":"C1, C1E, R7","arr":["C1","C1E","R7"],"terminus":0,"mode":"bus","color":"#0059a9","colorDark":"#00294f","angle":72.7,"snapDist":7,"label":0}},{"type":"Feature","geometry":{"type":"Point","coordinates":[14.173658,40.805933]},"properties":{"name":"Coroglio","lines":"C1, C1E, R7","arr":["C1","C1E","R7"],"terminus":0,"mode":"bus","color":"#0059a9","colorDark":"#00294f","angle":72.6,"snapDist":10,"label":0}},{"type":"Feature","geometry":{"type":"Point","coordinates":[14.172639,40.808178]},"properties":{"name":"Coroglio","lines":"C1, C1E, R7","arr":["C1","C1E","R7"],"terminus":0,"mode":"bus","color":"#0059a9","colorDark":"#00294f","angle":53.1,"snapDist":8,"label":0}},{"type":"Feature","geometry":{"type":"Point","coordinates":[14.167343,40.812866]},"properties":{"name":"Coroglio - Arenile","lines":"C1, C1E, R7","arr":["C1","C1E","R7"],"terminus":0,"mode":"bus","color":"#0059a9","colorDark":"#00294f","angle":47.2,"snapDist":6,"label":0}},{"type":"Feature","geometry":{"type":"Point","coordinates":[14.167006,40.814027]},"properties":{"name":"Bagnoli-Cumana","lines":"C1, C1E","arr":["C1","C1E"],"terminus":0,"mode":"bus","color":"#0059a9","colorDark":"#00294f","angle":153.5,"snapDist":12,"label":1}},{"type":"Feature","geometry":{"type":"Point","coordinates":[14.169959,40.815013]},"properties":{"name":"Nuova Bagnoli - Carafa","lines":"C1, C1E","arr":["C1","C1E"],"terminus":0,"mode":"bus","color":"#0059a9","colorDark":"#00294f","angle":156,"snapDist":9,"label":1}},{"type":"Feature","geometry":{"type":"Point","coordinates":[14.173022,40.816042]},"properties":{"name":"Nuova Bagnoli-Villa le Palme","lines":"C1, C1E","arr":["C1","C1E"],"terminus":0,"mode":"bus","color":"#0059a9","colorDark":"#00294f","angle":156.2,"snapDist":9,"label":0}},{"type":"Feature","geometry":{"type":"Point","coordinates":[14.175188,40.816763]},"properties":{"name":"Nuova Bagnoli - Agnano","lines":"C1, C1E","arr":["C1","C1E"],"terminus":0,"mode":"bus","color":"#0059a9","colorDark":"#00294f","angle":156.6,"snapDist":9,"label":1}},{"type":"Feature","geometry":{"type":"Point","coordinates":[14.177254,40.817443]},"properties":{"name":"Diocleziano-Piazza Esedra","lines":"C1, C1E","arr":["C1","C1E"],"terminus":0,"mode":"bus","color":"#0059a9","colorDark":"#00294f","angle":156.2,"snapDist":16,"label":1}},{"type":"Feature","geometry":{"type":"Point","coordinates":[14.180383,40.81847]},"properties":{"name":"Diocleziano - Poste","lines":"C1, C1E","arr":["C1","C1E"],"terminus":0,"mode":"bus","color":"#0059a9","colorDark":"#00294f","angle":157.1,"snapDist":9,"label":1}},{"type":"Feature","geometry":{"type":"Point","coordinates":[14.182129,40.819056]},"properties":{"name":"Diocleziano","lines":"C1, C1E","arr":["C1","C1E"],"terminus":0,"mode":"bus","color":"#0059a9","colorDark":"#00294f","angle":156.1,"snapDist":10,"label":0}},{"type":"Feature","geometry":{"type":"Point","coordinates":[14.184073,40.819701]},"properties":{"name":"Diocleziano - Osservatorio Vesuviano","lines":"C1, C1E","arr":["C1","C1E"],"terminus":0,"mode":"bus","color":"#0059a9","colorDark":"#00294f","angle":156.1,"snapDist":9,"label":1}},{"type":"Feature","geometry":{"type":"Point","coordinates":[14.185931,40.820325]},"properties":{"name":"Diocleziano-Aosta","lines":"C1, C1E","arr":["C1","C1E"],"terminus":0,"mode":"bus","color":"#0059a9","colorDark":"#00294f","angle":155.9,"snapDist":9,"label":1}},{"type":"Feature","geometry":{"type":"Point","coordinates":[14.187352,40.820805]},"properties":{"name":"Diocleziano - Cavalleggeri","lines":"C1, C1E, R7","arr":["C1","C1E","R7"],"terminus":0,"mode":"bus","color":"#0059a9","colorDark":"#00294f","angle":155.6,"snapDist":8,"label":0}},{"type":"Feature","geometry":{"type":"Point","coordinates":[14.188789,40.821299]},"properties":{"name":"Diocleziano","lines":"C1, C1E, R7","arr":["C1","C1E","R7"],"terminus":0,"mode":"bus","color":"#0059a9","colorDark":"#00294f","angle":155.5,"snapDist":10,"label":0}},{"type":"Feature","geometry":{"type":"Point","coordinates":[14.192435,40.822566]},"properties":{"name":"Diocleziano","lines":"C1, C1E, R7","arr":["C1","C1E","R7"],"terminus":0,"mode":"bus","color":"#0059a9","colorDark":"#00294f","angle":155.4,"snapDist":7,"label":0}},{"type":"Feature","geometry":{"type":"Point","coordinates":[14.174909,40.799609]},"properties":{"name":"Nisida - Lido Pola","lines":"C1E","arr":["C1E"],"terminus":0,"mode":"bus","color":"#0059a9","colorDark":"#00294f","angle":213.6,"snapDist":1,"label":1}},{"type":"Feature","geometry":{"type":"Point","coordinates":[14.170277,40.797893]},"properties":{"name":"Nisida","lines":"C1E","arr":["C1E"],"terminus":0,"mode":"bus","color":"#0059a9","colorDark":"#00294f","angle":331.7,"snapDist":3,"label":1}},{"type":"Feature","geometry":{"type":"Point","coordinates":[14.167215,40.796534]},"properties":{"name":"Nisida - Marina Militare","lines":"C1E","arr":["C1E"],"terminus":0,"mode":"bus","color":"#0059a9","colorDark":"#00294f","angle":328.9,"snapDist":8,"label":1}},{"type":"Feature","geometry":{"type":"Point","coordinates":[14.170814,40.798172]},"properties":{"name":"Nisida - Nisida Mare","lines":"C1E","arr":["C1E"],"terminus":0,"mode":"bus","color":"#0059a9","colorDark":"#00294f","angle":138.8,"snapDist":14,"label":1}},{"type":"Feature","geometry":{"type":"Point","coordinates":[14.162442,40.835338]},"properties":{"name":"Ruggiero","lines":"C3","arr":["C3"],"terminus":0,"mode":"bus","color":"#0059a9","colorDark":"#00294f","angle":102.4,"snapDist":10,"label":1}},{"type":"Feature","geometry":{"type":"Point","coordinates":[14.16567,40.837778]},"properties":{"name":"Ruggiero","lines":"C3","arr":["C3"],"terminus":0,"mode":"bus","color":"#0059a9","colorDark":"#00294f","angle":95.1,"snapDist":13,"label":1}},{"type":"Feature","geometry":{"type":"Point","coordinates":[14.16674,40.838178]},"properties":{"name":"Ruggiero","lines":"C3","arr":["C3"],"terminus":0,"mode":"bus","color":"#0059a9","colorDark":"#00294f","angle":189.6,"snapDist":12,"label":0}},{"type":"Feature","geometry":{"type":"Point","coordinates":[14.1751,40.836902]},"properties":{"name":"Ruggiero - Cavone degli Sbirri","lines":"C3","arr":["C3"],"terminus":0,"mode":"bus","color":"#0059a9","colorDark":"#00294f","angle":190.2,"snapDist":17,"label":1}},{"type":"Feature","geometry":{"type":"Point","coordinates":[14.169467,40.83722]},"properties":{"name":"Ruggiero - Immacolata","lines":"C3","arr":["C3"],"terminus":0,"mode":"bus","color":"#0059a9","colorDark":"#00294f","angle":142.2,"snapDist":3,"label":1}},{"type":"Feature","geometry":{"type":"Point","coordinates":[14.163761,40.836711]},"properties":{"name":"Ruggiero","lines":"C3","arr":["C3"],"terminus":0,"mode":"bus","color":"#0059a9","colorDark":"#00294f","angle":168.1,"snapDist":4,"label":0}},{"type":"Feature","geometry":{"type":"Point","coordinates":[14.162067,40.834594]},"properties":{"name":"Ruggiero","lines":"C3","arr":["C3"],"terminus":0,"mode":"bus","color":"#0059a9","colorDark":"#00294f","angle":-67,"snapDist":6,"label":0}},{"type":"Feature","geometry":{"type":"Point","coordinates":[14.162997,40.832765]},"properties":{"name":"Agnano Astroni - Ippodromo","lines":"C3","arr":["C3"],"terminus":0,"mode":"bus","color":"#0059a9","colorDark":"#00294f","angle":286.7,"snapDist":4,"label":0}},{"type":"Feature","geometry":{"type":"Point","coordinates":[14.170962,40.820834]},"properties":{"name":"Liberazione","lines":"C3","arr":["C3"],"terminus":0,"mode":"bus","color":"#0059a9","colorDark":"#00294f","angle":348,"snapDist":5,"label":1}},{"type":"Feature","geometry":{"type":"Point","coordinates":[14.169541,40.820059]},"properties":{"name":"Cerbone - Liceo","lines":"C3","arr":["C3"],"terminus":0,"mode":"bus","color":"#0059a9","colorDark":"#00294f","angle":283.9,"snapDist":0,"label":1}},{"type":"Feature","geometry":{"type":"Point","coordinates":[14.169205,40.817965]},"properties":{"name":"Cerbone - Acate","lines":"C3","arr":["C3"],"terminus":0,"mode":"bus","color":"#0059a9","colorDark":"#00294f","angle":275.8,"snapDist":2,"label":1}},{"type":"Feature","geometry":{"type":"Point","coordinates":[14.169307,40.816978]},"properties":{"name":"Piazza Salvemini","lines":"C3","arr":["C3"],"terminus":1,"mode":"bus","color":"#0059a9","colorDark":"#00294f","angle":133,"snapDist":13,"label":1}},{"type":"Feature","geometry":{"type":"Point","coordinates":[14.169354,40.818487]},"properties":{"name":"Cerbone - Ilioneo","lines":"C3","arr":["C3"],"terminus":0,"mode":"bus","color":"#0059a9","colorDark":"#00294f","angle":101.3,"snapDist":8,"label":1}},{"type":"Feature","geometry":{"type":"Point","coordinates":[14.171514,40.820775]},"properties":{"name":"Liberazione","lines":"C3","arr":["C3"],"terminus":0,"mode":"bus","color":"#0059a9","colorDark":"#00294f","angle":168.2,"snapDist":7,"label":0}},{"type":"Feature","geometry":{"type":"Point","coordinates":[14.201218,40.828279]},"properties":{"name":"Leopardi - Cumana","lines":"C3","arr":["C3"],"terminus":0,"mode":"bus","color":"#0059a9","colorDark":"#00294f","angle":203.1,"snapDist":2,"label":1}},{"type":"Feature","geometry":{"type":"Point","coordinates":[14.220553,40.825219]},"properties":{"name":"Capolinea Mergellina","lines":"C16, C21","arr":["C16","C21"],"terminus":1,"mode":"bus","color":"#0059a9","colorDark":"#00294f","angle":21.7,"snapDist":2,"label":1}},{"type":"Feature","geometry":{"type":"Point","coordinates":[14.21984,40.825981]},"properties":{"name":"Mergellina","lines":"C16, C21","arr":["C16","C21"],"terminus":0,"mode":"bus","color":"#0059a9","colorDark":"#00294f","angle":86.3,"snapDist":10,"label":1}},{"type":"Feature","geometry":{"type":"Point","coordinates":[14.219625,40.832088]},"properties":{"name":"Vittorio Emanuele II - M2 Mergellina","lines":"C16","arr":["C16"],"terminus":0,"mode":"bus","color":"#0059a9","colorDark":"#00294f","angle":89.3,"snapDist":7,"label":1}},{"type":"Feature","geometry":{"type":"Point","coordinates":[14.220251,40.833013]},"properties":{"name":"Vittorio Emanuele II - Stazione Carabinieri","lines":"C16","arr":["C16"],"terminus":0,"mode":"bus","color":"#0059a9","colorDark":"#00294f","angle":159.2,"snapDist":10,"label":1}},{"type":"Feature","geometry":{"type":"Point","coordinates":[14.221444,40.834066]},"properties":{"name":"Giordani","lines":"C16","arr":["C16"],"terminus":0,"mode":"bus","color":"#0059a9","colorDark":"#00294f","angle":50.9,"snapDist":8,"label":1}},{"type":"Feature","geometry":{"type":"Point","coordinates":[14.231107,40.837203]},"properties":{"name":"Vittorio Emanuele II - Parco Margherita","lines":"C16","arr":["C16"],"terminus":0,"mode":"bus","color":"#0059a9","colorDark":"#00294f","angle":199.6,"snapDist":4,"label":1}},{"type":"Feature","geometry":{"type":"Point","coordinates":[14.233817,40.838704]},"properties":{"name":"Vittorio Emanuele II - Funicolare Chiaia","lines":"C16","arr":["C16"],"terminus":0,"mode":"bus","color":"#0059a9","colorDark":"#00294f","angle":173.9,"snapDist":6,"label":1}},{"type":"Feature","geometry":{"type":"Point","coordinates":[14.237327,40.839897]},"properties":{"name":"Vittorio Emanuele II","lines":"C16","arr":["C16"],"terminus":0,"mode":"bus","color":"#0059a9","colorDark":"#00294f","angle":129.2,"snapDist":10,"label":1}},{"type":"Feature","geometry":{"type":"Point","coordinates":[14.23971,40.839626]},"properties":{"name":"Vittorio Emanuele II","lines":"C16","arr":["C16"],"terminus":0,"mode":"bus","color":"#0059a9","colorDark":"#00294f","angle":180.2,"snapDist":5,"label":0}},{"type":"Feature","geometry":{"type":"Point","coordinates":[14.243283,40.840093]},"properties":{"name":"Vittorio Emanuele II - Cariati","lines":"C16, NAVF2","arr":["C16","NAVF2"],"terminus":0,"mode":"bus","color":"#0059a9","colorDark":"#00294f","angle":133,"snapDist":6,"label":1}},{"type":"Feature","geometry":{"type":"Point","coordinates":[14.243919,40.84167]},"properties":{"name":"Vittorio Emanuele II","lines":"C16","arr":["C16"],"terminus":0,"mode":"bus","color":"#0059a9","colorDark":"#00294f","angle":96.5,"snapDist":7,"label":1}},{"type":"Feature","geometry":{"type":"Point","coordinates":[14.244652,40.843311]},"properties":{"name":"Vittorio Emanuele II - Chiesa","lines":"C16","arr":["C16"],"terminus":0,"mode":"bus","color":"#0059a9","colorDark":"#00294f","angle":109.1,"snapDist":8,"label":1}},{"type":"Feature","geometry":{"type":"Point","coordinates":[14.243993,40.844578]},"properties":{"name":"Vittorio Emanuele II","lines":"C16","arr":["C16"],"terminus":0,"mode":"bus","color":"#0059a9","colorDark":"#00294f","angle":103.7,"snapDist":8,"label":1}},{"type":"Feature","geometry":{"type":"Point","coordinates":[14.241899,40.846775]},"properties":{"name":"Vittorio Emanuele II - Funicolare Montesanto","lines":"C16, NAVF2","arr":["C16","NAVF2"],"terminus":0,"mode":"bus","color":"#0059a9","colorDark":"#00294f","angle":64.7,"snapDist":7,"label":1}},{"type":"Feature","geometry":{"type":"Point","coordinates":[14.24135,40.849372]},"properties":{"name":"Vittorio Emanuele II","lines":"C16","arr":["C16"],"terminus":0,"mode":"bus","color":"#0059a9","colorDark":"#00294f","angle":110.9,"snapDist":10,"label":1}},{"type":"Feature","geometry":{"type":"Point","coordinates":[14.241994,40.85061]},"properties":{"name":"Vittorio Emanuele II - Mazzini","lines":"C16","arr":["C16"],"terminus":0,"mode":"bus","color":"#0059a9","colorDark":"#00294f","angle":111.7,"snapDist":9,"label":1}},{"type":"Feature","geometry":{"type":"Point","coordinates":[14.242188,40.850979]},"properties":{"name":"Vittorio Emanuele II - Mazzini","lines":"C16","arr":["C16"],"terminus":0,"mode":"bus","color":"#0059a9","colorDark":"#00294f","angle":291.8,"snapDist":2,"label":0}},{"type":"Feature","geometry":{"type":"Point","coordinates":[14.241466,40.849602]},"properties":{"name":"Vittorio Emanuele II","lines":"C16","arr":["C16"],"terminus":0,"mode":"bus","color":"#0059a9","colorDark":"#00294f","angle":290.9,"snapDist":0,"label":0}},{"type":"Feature","geometry":{"type":"Point","coordinates":[14.241352,40.847646]},"properties":{"name":"Vittorio Emanuele II - S.Antonio ai Monti","lines":"C16","arr":["C16"],"terminus":0,"mode":"bus","color":"#0059a9","colorDark":"#00294f","angle":245.1,"snapDist":1,"label":1}},{"type":"Feature","geometry":{"type":"Point","coordinates":[14.24208,40.846492]},"properties":{"name":"Vittorio Emanuele II - Funicolare di Montesanto","lines":"C16, NAVF2","arr":["C16","NAVF2"],"terminus":0,"mode":"bus","color":"#0059a9","colorDark":"#00294f","angle":242.5,"snapDist":1,"label":1}},{"type":"Feature","geometry":{"type":"Point","coordinates":[14.244011,40.844928]},"properties":{"name":"Vittorio Emanuele II","lines":"C16","arr":["C16"],"terminus":0,"mode":"bus","color":"#0059a9","colorDark":"#00294f","angle":247.2,"snapDist":4,"label":0}},{"type":"Feature","geometry":{"type":"Point","coordinates":[14.244502,40.842983]},"properties":{"name":"Vittorio Emanuele II - Chiesa","lines":"C16","arr":["C16"],"terminus":0,"mode":"bus","color":"#0059a9","colorDark":"#00294f","angle":289.1,"snapDist":0,"label":0}},{"type":"Feature","geometry":{"type":"Point","coordinates":[14.24388,40.841411]},"properties":{"name":"Vittorio Emanuele II","lines":"C16","arr":["C16"],"terminus":0,"mode":"bus","color":"#0059a9","colorDark":"#00294f","angle":276.5,"snapDist":1,"label":0}},{"type":"Feature","geometry":{"type":"Point","coordinates":[14.242622,40.839703]},"properties":{"name":"Vittorio Emanule II - Funicolare Centrale","lines":"C16, NAVF2","arr":["C16","NAVF2"],"terminus":0,"mode":"bus","color":"#0059a9","colorDark":"#00294f","angle":330.4,"snapDist":6,"label":1}},{"type":"Feature","geometry":{"type":"Point","coordinates":[14.238687,40.839629]},"properties":{"name":"Vittorio Emanuele II - Chiesa","lines":"C16","arr":["C16"],"terminus":0,"mode":"bus","color":"#0059a9","colorDark":"#00294f","angle":0.5,"snapDist":10,"label":1}},{"type":"Feature","geometry":{"type":"Point","coordinates":[14.237161,40.839655]},"properties":{"name":"Vittorio Emanuele II","lines":"C16","arr":["C16"],"terminus":0,"mode":"bus","color":"#0059a9","colorDark":"#00294f","angle":288.4,"snapDist":2,"label":0}},{"type":"Feature","geometry":{"type":"Point","coordinates":[14.234464,40.838756]},"properties":{"name":"Vittorio Emanuele II - Funicolare Chiaia","lines":"C16","arr":["C16"],"terminus":0,"mode":"bus","color":"#0059a9","colorDark":"#00294f","angle":353.9,"snapDist":5,"label":0}},{"type":"Feature","geometry":{"type":"Point","coordinates":[14.232527,40.837866]},"properties":{"name":"Vittorio Emanuele II - Parco Grifeo","lines":"C16","arr":["C16"],"terminus":0,"mode":"bus","color":"#0059a9","colorDark":"#00294f","angle":277.5,"snapDist":2,"label":1}},{"type":"Feature","geometry":{"type":"Point","coordinates":[14.230568,40.837322]},"properties":{"name":"Vittorio Emanuele II - Tasso","lines":"C16","arr":["C16"],"terminus":0,"mode":"bus","color":"#0059a9","colorDark":"#00294f","angle":1.8,"snapDist":6,"label":0}},{"type":"Feature","geometry":{"type":"Point","coordinates":[14.219138,40.834724]},"properties":{"name":"Vittorio Emanuele II - Parco Comola Ricci","lines":"C16","arr":["C16"],"terminus":0,"mode":"bus","color":"#0059a9","colorDark":"#00294f","angle":257.2,"snapDist":0,"label":1}},{"type":"Feature","geometry":{"type":"Point","coordinates":[14.220442,40.834136]},"properties":{"name":"Vittorio Emanule II -Presidio Sanitario","lines":"C16","arr":["C16"],"terminus":0,"mode":"bus","color":"#0059a9","colorDark":"#00294f","angle":210.4,"snapDist":5,"label":1}},{"type":"Feature","geometry":{"type":"Point","coordinates":[14.220029,40.832952]},"properties":{"name":"Vitvittorio Emanuele II - Stazione Carabinieri","lines":"C16","arr":["C16"],"terminus":0,"mode":"bus","color":"#0059a9","colorDark":"#00294f","angle":340.2,"snapDist":5,"label":1}},{"type":"Feature","geometry":{"type":"Point","coordinates":[14.219644,40.831372]},"properties":{"name":"Vittorio Emanuele II - M2 Mergellina","lines":"C16","arr":["C16"],"terminus":0,"mode":"bus","color":"#0059a9","colorDark":"#00294f","angle":269,"snapDist":3,"label":0}},{"type":"Feature","geometry":{"type":"Point","coordinates":[14.21963,40.83068]},"properties":{"name":"Piedigrotta - Chiesa","lines":"C16","arr":["C16"],"terminus":0,"mode":"bus","color":"#0059a9","colorDark":"#00294f","angle":267.6,"snapDist":3,"label":1}},{"type":"Feature","geometry":{"type":"Point","coordinates":[14.218871,40.825977]},"properties":{"name":"Orazio","lines":"C21","arr":["C21"],"terminus":0,"mode":"bus","color":"#0059a9","colorDark":"#00294f","angle":262.9,"snapDist":2,"label":1}},{"type":"Feature","geometry":{"type":"Point","coordinates":[14.218013,40.823952]},"properties":{"name":"Orazio","lines":"C21","arr":["C21"],"terminus":0,"mode":"bus","color":"#0059a9","colorDark":"#00294f","angle":335.4,"snapDist":2,"label":1}},{"type":"Feature","geometry":{"type":"Point","coordinates":[14.216318,40.823884]},"properties":{"name":"Petrarca","lines":"C21","arr":["C21"],"terminus":0,"mode":"bus","color":"#0059a9","colorDark":"#00294f","angle":357.8,"snapDist":3,"label":1}},{"type":"Feature","geometry":{"type":"Point","coordinates":[14.213455,40.821927]},"properties":{"name":"Petrarca","lines":"C21","arr":["C21"],"terminus":0,"mode":"bus","color":"#0059a9","colorDark":"#00294f","angle":306.3,"snapDist":1,"label":1}},{"type":"Feature","geometry":{"type":"Point","coordinates":[14.211788,40.821148]},"properties":{"name":"Petrarca-Via Nevio","lines":"C21","arr":["C21"],"terminus":0,"mode":"bus","color":"#0059a9","colorDark":"#00294f","angle":318.4,"snapDist":1,"label":1}},{"type":"Feature","geometry":{"type":"Point","coordinates":[14.210797,40.820162]},"properties":{"name":"Petrarca","lines":"C21","arr":["C21"],"terminus":0,"mode":"bus","color":"#0059a9","colorDark":"#00294f","angle":303.5,"snapDist":4,"label":1}},{"type":"Feature","geometry":{"type":"Point","coordinates":[14.208884,40.817683]},"properties":{"name":"Petrarca","lines":"C21","arr":["C21"],"terminus":0,"mode":"bus","color":"#0059a9","colorDark":"#00294f","angle":285.2,"snapDist":3,"label":1}},{"type":"Feature","geometry":{"type":"Point","coordinates":[14.206184,40.815055]},"properties":{"name":"Petrarca-Tito Livio","lines":"C21","arr":["C21"],"terminus":0,"mode":"bus","color":"#0059a9","colorDark":"#00294f","angle":306.5,"snapDist":7,"label":1}},{"type":"Feature","geometry":{"type":"Point","coordinates":[14.205129,40.81397]},"properties":{"name":"Petrarca","lines":"C21","arr":["C21"],"terminus":0,"mode":"bus","color":"#0059a9","colorDark":"#00294f","angle":304.9,"snapDist":7,"label":1}},{"type":"Feature","geometry":{"type":"Point","coordinates":[14.203785,40.812796]},"properties":{"name":"Petrarca 81","lines":"C21","arr":["C21"],"terminus":0,"mode":"bus","color":"#0059a9","colorDark":"#00294f","angle":317.9,"snapDist":6,"label":1}},{"type":"Feature","geometry":{"type":"Point","coordinates":[14.201944,40.811532]},"properties":{"name":"Petrarca 65","lines":"C21","arr":["C21"],"terminus":0,"mode":"bus","color":"#0059a9","colorDark":"#00294f","angle":317.6,"snapDist":5,"label":1}},{"type":"Feature","geometry":{"type":"Point","coordinates":[14.198979,40.809422]},"properties":{"name":"Petrarca - Villa Ruffo","lines":"C21","arr":["C21"],"terminus":0,"mode":"bus","color":"#0059a9","colorDark":"#00294f","angle":299.8,"snapDist":5,"label":1}},{"type":"Feature","geometry":{"type":"Point","coordinates":[14.19854,40.808318]},"properties":{"name":"Petrarca","lines":"C21","arr":["C21"],"terminus":0,"mode":"bus","color":"#0059a9","colorDark":"#00294f","angle":294.9,"snapDist":5,"label":1}},{"type":"Feature","geometry":{"type":"Point","coordinates":[14.195799,40.807331]},"properties":{"name":"Petrarca - Torre Ranieri","lines":"C21","arr":["C21"],"terminus":0,"mode":"bus","color":"#0059a9","colorDark":"#00294f","angle":356.6,"snapDist":4,"label":1}},{"type":"Feature","geometry":{"type":"Point","coordinates":[14.193856,40.807229]},"properties":{"name":"Petrarca","lines":"C21","arr":["C21"],"terminus":0,"mode":"bus","color":"#0059a9","colorDark":"#00294f","angle":355.5,"snapDist":6,"label":1}},{"type":"Feature","geometry":{"type":"Point","coordinates":[14.191712,40.806879]},"properties":{"name":"Manzoni - Padula","lines":"C21, C31","arr":["C21","C31"],"terminus":0,"mode":"bus","color":"#0059a9","colorDark":"#00294f","angle":357.3,"snapDist":6,"label":1}},{"type":"Feature","geometry":{"type":"Point","coordinates":[14.193599,40.807214]},"properties":{"name":"Petrarca - Manzoni","lines":"C21","arr":["C21"],"terminus":0,"mode":"bus","color":"#0059a9","colorDark":"#00294f","angle":175.5,"snapDist":8,"label":1}},{"type":"Feature","geometry":{"type":"Point","coordinates":[14.196011,40.80734]},"properties":{"name":"Petrarca - Torre Ranieri","lines":"C21","arr":["C21"],"terminus":0,"mode":"bus","color":"#0059a9","colorDark":"#00294f","angle":176.6,"snapDist":9,"label":0}},{"type":"Feature","geometry":{"type":"Point","coordinates":[14.198607,40.808431]},"properties":{"name":"Petrarca","lines":"C21","arr":["C21"],"terminus":0,"mode":"bus","color":"#0059a9","colorDark":"#00294f","angle":111.7,"snapDist":10,"label":0}},{"type":"Feature","geometry":{"type":"Point","coordinates":[14.199334,40.809741]},"properties":{"name":"Petrarca - Villa Ruffo","lines":"C21","arr":["C21"],"terminus":0,"mode":"bus","color":"#0059a9","colorDark":"#00294f","angle":132.8,"snapDist":10,"label":0}},{"type":"Feature","geometry":{"type":"Point","coordinates":[14.202043,40.811601]},"properties":{"name":"Petrarca - Villa Vittoria","lines":"C21","arr":["C21"],"terminus":0,"mode":"bus","color":"#0059a9","colorDark":"#00294f","angle":137.6,"snapDist":14,"label":1}},{"type":"Feature","geometry":{"type":"Point","coordinates":[14.203989,40.812936]},"properties":{"name":"Petrarca","lines":"C21","arr":["C21"],"terminus":0,"mode":"bus","color":"#0059a9","colorDark":"#00294f","angle":137.9,"snapDist":10,"label":0}},{"type":"Feature","geometry":{"type":"Point","coordinates":[14.20532,40.814173]},"properties":{"name":"Petrarca","lines":"C21","arr":["C21"],"terminus":0,"mode":"bus","color":"#0059a9","colorDark":"#00294f","angle":126.5,"snapDist":11,"label":0}},{"type":"Feature","geometry":{"type":"Point","coordinates":[14.206313,40.815187]},"properties":{"name":"Petrarca - Tito Livio","lines":"C21","arr":["C21"],"terminus":0,"mode":"bus","color":"#0059a9","colorDark":"#00294f","angle":126.5,"snapDist":11,"label":1}},{"type":"Feature","geometry":{"type":"Point","coordinates":[14.208677,40.81653]},"properties":{"name":"Petrarca - Facoltà Teologia","lines":"C21","arr":["C21"],"terminus":0,"mode":"bus","color":"#0059a9","colorDark":"#00294f","angle":105.1,"snapDist":7,"label":1}},{"type":"Feature","geometry":{"type":"Point","coordinates":[14.211154,40.820545]},"properties":{"name":"Petrarca","lines":"C21","arr":["C21"],"terminus":0,"mode":"bus","color":"#0059a9","colorDark":"#00294f","angle":128.7,"snapDist":10,"label":0}},{"type":"Feature","geometry":{"type":"Point","coordinates":[14.21224,40.821365]},"properties":{"name":"Petrarca - Parco Carelli","lines":"C21","arr":["C21"],"terminus":0,"mode":"bus","color":"#0059a9","colorDark":"#00294f","angle":146.8,"snapDist":8,"label":1}},{"type":"Feature","geometry":{"type":"Point","coordinates":[14.213664,40.822164]},"properties":{"name":"Petrarca","lines":"C21","arr":["C21"],"terminus":0,"mode":"bus","color":"#0059a9","colorDark":"#00294f","angle":123.2,"snapDist":10,"label":0}},{"type":"Feature","geometry":{"type":"Point","coordinates":[14.216751,40.8239]},"properties":{"name":"Petrarca - Orazio","lines":"C21","arr":["C21"],"terminus":0,"mode":"bus","color":"#0059a9","colorDark":"#00294f","angle":176.7,"snapDist":7,"label":1}},{"type":"Feature","geometry":{"type":"Point","coordinates":[14.218956,40.824186]},"properties":{"name":"Orazio","lines":"C21","arr":["C21"],"terminus":0,"mode":"bus","color":"#0059a9","colorDark":"#00294f","angle":149.7,"snapDist":7,"label":0}},{"type":"Feature","geometry":{"type":"Point","coordinates":[14.218857,40.826062]},"properties":{"name":"Orazio","lines":"C21","arr":["C21"],"terminus":0,"mode":"bus","color":"#0059a9","colorDark":"#00294f","angle":82.9,"snapDist":7,"label":0}},{"type":"Feature","geometry":{"type":"Point","coordinates":[14.193671,40.807892]},"properties":{"name":"Manzoni - Petrarca","lines":"C31","arr":["C31"],"terminus":0,"mode":"bus","color":"#0059a9","colorDark":"#00294f","angle":133.1,"snapDist":11,"label":1}},{"type":"Feature","geometry":{"type":"Point","coordinates":[14.196376,40.809431]},"properties":{"name":"Manzoni - Torre Ranieri","lines":"C31","arr":["C31"],"terminus":0,"mode":"bus","color":"#0059a9","colorDark":"#00294f","angle":143.7,"snapDist":9,"label":1}},{"type":"Feature","geometry":{"type":"Point","coordinates":[14.198016,40.810724]},"properties":{"name":"Manzoni","lines":"C31","arr":["C31"],"terminus":0,"mode":"bus","color":"#0059a9","colorDark":"#00294f","angle":99.5,"snapDist":8,"label":1}},{"type":"Feature","geometry":{"type":"Point","coordinates":[14.199031,40.81329]},"properties":{"name":"Manzoni - Ospedale Fatebenefratelli","lines":"C31","arr":["C31"],"terminus":0,"mode":"bus","color":"#0059a9","colorDark":"#00294f","angle":91.8,"snapDist":11,"label":1}},{"type":"Feature","geometry":{"type":"Point","coordinates":[14.199967,40.815036]},"properties":{"name":"Manzoni - Ospedale Fatebenefratelli","lines":"C31","arr":["C31"],"terminus":0,"mode":"bus","color":"#0059a9","colorDark":"#00294f","angle":117.9,"snapDist":16,"label":0}},{"type":"Feature","geometry":{"type":"Point","coordinates":[14.201965,40.817792]},"properties":{"name":"Manzoni","lines":"C31","arr":["C31"],"terminus":0,"mode":"bus","color":"#0059a9","colorDark":"#00294f","angle":131.6,"snapDist":9,"label":1}},{"type":"Feature","geometry":{"type":"Point","coordinates":[14.203911,40.819274]},"properties":{"name":"Manzoni - Poste","lines":"C31","arr":["C31"],"terminus":0,"mode":"bus","color":"#0059a9","colorDark":"#00294f","angle":139.1,"snapDist":10,"label":1}},{"type":"Feature","geometry":{"type":"Point","coordinates":[14.205977,40.820918]},"properties":{"name":"Manzoni - Montessori","lines":"C31","arr":["C31"],"terminus":0,"mode":"bus","color":"#0059a9","colorDark":"#00294f","angle":136.7,"snapDist":9,"label":1}},{"type":"Feature","geometry":{"type":"Point","coordinates":[14.208319,40.821903]},"properties":{"name":"Manzoni - Porta Posillipo","lines":"C31","arr":["C31"],"terminus":0,"mode":"bus","color":"#0059a9","colorDark":"#00294f","angle":146.9,"snapDist":10,"label":1}},{"type":"Feature","geometry":{"type":"Point","coordinates":[14.20971,40.82274]},"properties":{"name":"Manzoni-Suore del Cenacolo","lines":"C31","arr":["C31"],"terminus":0,"mode":"bus","color":"#0059a9","colorDark":"#00294f","angle":125.6,"snapDist":11,"label":1}},{"type":"Feature","geometry":{"type":"Point","coordinates":[14.210853,40.82401]},"properties":{"name":"Manzoni - Belvedere Iannello","lines":"C31","arr":["C31"],"terminus":0,"mode":"bus","color":"#0059a9","colorDark":"#00294f","angle":122.7,"snapDist":10,"label":1}},{"type":"Feature","geometry":{"type":"Point","coordinates":[14.212475,40.825961]},"properties":{"name":"Manzoni - Funicolare Mergellina","lines":"C31","arr":["C31"],"terminus":0,"mode":"bus","color":"#0059a9","colorDark":"#00294f","angle":92.8,"snapDist":14,"label":1}},{"type":"Feature","geometry":{"type":"Point","coordinates":[14.212584,40.827598]},"properties":{"name":"Manzoni","lines":"C31","arr":["C31"],"terminus":0,"mode":"bus","color":"#0059a9","colorDark":"#00294f","angle":91.8,"snapDist":10,"label":1}},{"type":"Feature","geometry":{"type":"Point","coordinates":[14.212971,40.829406]},"properties":{"name":"Manzoni","lines":"C31","arr":["C31"],"terminus":0,"mode":"bus","color":"#0059a9","colorDark":"#00294f","angle":100,"snapDist":10,"label":0}},{"type":"Feature","geometry":{"type":"Point","coordinates":[14.212783,40.830838]},"properties":{"name":"Manzoni","lines":"C31","arr":["C31"],"terminus":0,"mode":"bus","color":"#0059a9","colorDark":"#00294f","angle":91,"snapDist":9,"label":1}},{"type":"Feature","geometry":{"type":"Point","coordinates":[14.211635,40.833023]},"properties":{"name":"Manzoni","lines":"C31","arr":["C31"],"terminus":0,"mode":"bus","color":"#0059a9","colorDark":"#00294f","angle":67.9,"snapDist":9,"label":1}},{"type":"Feature","geometry":{"type":"Point","coordinates":[14.211145,40.834421]},"properties":{"name":"Manzoni - Caravaggio","lines":"C31","arr":["C31"],"terminus":0,"mode":"bus","color":"#0059a9","colorDark":"#00294f","angle":85.7,"snapDist":9,"label":1}},{"type":"Feature","geometry":{"type":"Point","coordinates":[14.211122,40.834662]},"properties":{"name":"Manzoni - Caravaggio","lines":"C31","arr":["C31"],"terminus":0,"mode":"bus","color":"#0059a9","colorDark":"#00294f","angle":265.7,"snapDist":2,"label":0}},{"type":"Feature","geometry":{"type":"Point","coordinates":[14.211798,40.832719]},"properties":{"name":"Manzoni","lines":"C31","arr":["C31"],"terminus":0,"mode":"bus","color":"#0059a9","colorDark":"#00294f","angle":247.9,"snapDist":1,"label":0}},{"type":"Feature","geometry":{"type":"Point","coordinates":[14.212762,40.830483]},"properties":{"name":"Manzoni - Ortensio","lines":"C31","arr":["C31"],"terminus":0,"mode":"bus","color":"#0059a9","colorDark":"#00294f","angle":274.8,"snapDist":0,"label":1}},{"type":"Feature","geometry":{"type":"Point","coordinates":[14.212846,40.829013]},"properties":{"name":"Manzoni","lines":"C31","arr":["C31"],"terminus":0,"mode":"bus","color":"#0059a9","colorDark":"#00294f","angle":288.5,"snapDist":1,"label":0}},{"type":"Feature","geometry":{"type":"Point","coordinates":[14.212587,40.827666]},"properties":{"name":"Manzoni - Stazio","lines":"C31","arr":["C31"],"terminus":0,"mode":"bus","color":"#0059a9","colorDark":"#00294f","angle":271.8,"snapDist":2,"label":1}},{"type":"Feature","geometry":{"type":"Point","coordinates":[14.212311,40.82571]},"properties":{"name":"Manzoni - Funicolare Mergellina","lines":"C31","arr":["C31"],"terminus":0,"mode":"bus","color":"#0059a9","colorDark":"#00294f","angle":304.9,"snapDist":3,"label":0}},{"type":"Feature","geometry":{"type":"Point","coordinates":[14.210752,40.823891]},"properties":{"name":"Manzoni","lines":"C31","arr":["C31"],"terminus":0,"mode":"bus","color":"#0059a9","colorDark":"#00294f","angle":302.7,"snapDist":1,"label":1}},{"type":"Feature","geometry":{"type":"Point","coordinates":[14.209738,40.822769]},"properties":{"name":"Manzoni","lines":"C31","arr":["C31"],"terminus":0,"mode":"bus","color":"#0059a9","colorDark":"#00294f","angle":305.6,"snapDist":1,"label":0}},{"type":"Feature","geometry":{"type":"Point","coordinates":[14.207222,40.821621]},"properties":{"name":"Manzoni - Suore del Cenacolo","lines":"C31","arr":["C31"],"terminus":0,"mode":"bus","color":"#0059a9","colorDark":"#00294f","angle":338.3,"snapDist":2,"label":1}},{"type":"Feature","geometry":{"type":"Point","coordinates":[14.205457,40.820543]},"properties":{"name":"Manzoni - Porta Posillipo","lines":"C31","arr":["C31"],"terminus":0,"mode":"bus","color":"#0059a9","colorDark":"#00294f","angle":316.3,"snapDist":1,"label":1}},{"type":"Feature","geometry":{"type":"Point","coordinates":[14.20354,40.819031]},"properties":{"name":"Manzoni - Poste","lines":"C31","arr":["C31"],"terminus":0,"mode":"bus","color":"#0059a9","colorDark":"#00294f","angle":319.1,"snapDist":2,"label":0}},{"type":"Feature","geometry":{"type":"Point","coordinates":[14.201685,40.817553]},"properties":{"name":"Manzoni - Poste","lines":"C31","arr":["C31"],"terminus":0,"mode":"bus","color":"#0059a9","colorDark":"#00294f","angle":311.6,"snapDist":3,"label":1}},{"type":"Feature","geometry":{"type":"Point","coordinates":[14.200666,40.816116]},"properties":{"name":"Manzoni","lines":"C31","arr":["C31"],"terminus":0,"mode":"bus","color":"#0059a9","colorDark":"#00294f","angle":291.3,"snapDist":8,"label":0}},{"type":"Feature","geometry":{"type":"Point","coordinates":[14.1998,40.814807]},"properties":{"name":"Manzoni - Ospedale Fatebenefratelli","lines":"C31","arr":["C31"],"terminus":0,"mode":"bus","color":"#0059a9","colorDark":"#00294f","angle":299.4,"snapDist":1,"label":0}},{"type":"Feature","geometry":{"type":"Point","coordinates":[14.199029,40.81324]},"properties":{"name":"Manzoni - Ospedale Fatebenefratelli","lines":"C31","arr":["C31"],"terminus":0,"mode":"bus","color":"#0059a9","colorDark":"#00294f","angle":271.8,"snapDist":2,"label":0}},{"type":"Feature","geometry":{"type":"Point","coordinates":[14.198003,40.810664]},"properties":{"name":"Manzoni","lines":"C31","arr":["C31"],"terminus":0,"mode":"bus","color":"#0059a9","colorDark":"#00294f","angle":279.5,"snapDist":4,"label":0}},{"type":"Feature","geometry":{"type":"Point","coordinates":[14.195688,40.809034]},"properties":{"name":"Manzoni Torre Ranieri","lines":"C31","arr":["C31"],"terminus":0,"mode":"bus","color":"#0059a9","colorDark":"#00294f","angle":322,"snapDist":3,"label":1}},{"type":"Feature","geometry":{"type":"Point","coordinates":[14.193377,40.807655]},"properties":{"name":"Manzoni-Petrarca","lines":"C31","arr":["C31"],"terminus":0,"mode":"bus","color":"#0059a9","colorDark":"#00294f","angle":313.1,"snapDist":2,"label":1}},{"type":"Feature","geometry":{"type":"Point","coordinates":[14.231608,40.844005]},"properties":{"name":"Vanvitelli","lines":"C36, NAVF2","arr":["C36","NAVF2"],"terminus":1,"mode":"bus","color":"#0059a9","colorDark":"#00294f","angle":323.6,"snapDist":9,"label":1}},{"type":"Feature","geometry":{"type":"Point","coordinates":[14.229595,40.845437]},"properties":{"name":"Stanzione - Merliani","lines":"C36, C37","arr":["C36","C37"],"terminus":0,"mode":"bus","color":"#0059a9","colorDark":"#00294f","angle":354.8,"snapDist":3,"label":1}},{"type":"Feature","geometry":{"type":"Point","coordinates":[14.227003,40.845234]},"properties":{"name":"Pitloo","lines":"C36, C37","arr":["C36","C37"],"terminus":0,"mode":"bus","color":"#0059a9","colorDark":"#00294f","angle":353.8,"snapDist":4,"label":1}},{"type":"Feature","geometry":{"type":"Point","coordinates":[14.226323,40.844368]},"properties":{"name":"Fracanzano","lines":"C36, C37","arr":["C36","C37"],"terminus":0,"mode":"bus","color":"#0059a9","colorDark":"#00294f","angle":358.5,"snapDist":1,"label":1}},{"type":"Feature","geometry":{"type":"Point","coordinates":[14.215926,40.840482]},"properties":{"name":"San Domenico","lines":"C36","arr":["C36"],"terminus":0,"mode":"bus","color":"#0059a9","colorDark":"#00294f","angle":43.5,"snapDist":7,"label":1}},{"type":"Feature","geometry":{"type":"Point","coordinates":[14.214948,40.841932]},"properties":{"name":"San Domenico","lines":"C36","arr":["C36"],"terminus":0,"mode":"bus","color":"#0059a9","colorDark":"#00294f","angle":103.5,"snapDist":7,"label":0}},{"type":"Feature","geometry":{"type":"Point","coordinates":[14.215077,40.842945]},"properties":{"name":"San Domenico","lines":"C36","arr":["C36"],"terminus":0,"mode":"bus","color":"#0059a9","colorDark":"#00294f","angle":25.2,"snapDist":4,"label":1}},{"type":"Feature","geometry":{"type":"Point","coordinates":[14.213851,40.843144]},"properties":{"name":"Vicinale S.Domenico","lines":"C36","arr":["C36"],"terminus":0,"mode":"bus","color":"#0059a9","colorDark":"#00294f","angle":327.8,"snapDist":1,"label":1}},{"type":"Feature","geometry":{"type":"Point","coordinates":[14.210956,40.843512]},"properties":{"name":"San Domenico","lines":"C36","arr":["C36"],"terminus":0,"mode":"bus","color":"#0059a9","colorDark":"#00294f","angle":79.6,"snapDist":12,"label":0}},{"type":"Feature","geometry":{"type":"Point","coordinates":[14.209011,40.844095]},"properties":{"name":"San Domenico","lines":"C36","arr":["C36"],"terminus":1,"mode":"bus","color":"#0059a9","colorDark":"#00294f","angle":165.1,"snapDist":7,"label":1}},{"type":"Feature","geometry":{"type":"Point","coordinates":[14.210345,40.844008]},"properties":{"name":"San Domenico","lines":"C36","arr":["C36"],"terminus":0,"mode":"bus","color":"#0059a9","colorDark":"#00294f","angle":249.6,"snapDist":4,"label":0}},{"type":"Feature","geometry":{"type":"Point","coordinates":[14.212082,40.84245]},"properties":{"name":"San Domenico","lines":"C36","arr":["C36"],"terminus":0,"mode":"bus","color":"#0059a9","colorDark":"#00294f","angle":189.2,"snapDist":7,"label":0}},{"type":"Feature","geometry":{"type":"Point","coordinates":[14.213032,40.842492]},"properties":{"name":"San Domenico","lines":"C36","arr":["C36"],"terminus":0,"mode":"bus","color":"#0059a9","colorDark":"#00294f","angle":133.9,"snapDist":4,"label":0}},{"type":"Feature","geometry":{"type":"Point","coordinates":[14.21502,40.842965]},"properties":{"name":"San Domenico","lines":"C36","arr":["C36"],"terminus":0,"mode":"bus","color":"#0059a9","colorDark":"#00294f","angle":205.2,"snapDist":4,"label":0}},{"type":"Feature","geometry":{"type":"Point","coordinates":[14.214967,40.841991]},"properties":{"name":"San Domenico","lines":"C36","arr":["C36"],"terminus":0,"mode":"bus","color":"#0059a9","colorDark":"#00294f","angle":283.5,"snapDist":1,"label":0}},{"type":"Feature","geometry":{"type":"Point","coordinates":[14.215674,40.84067]},"properties":{"name":"San Domenico","lines":"C36","arr":["C36"],"terminus":0,"mode":"bus","color":"#0059a9","colorDark":"#00294f","angle":225.4,"snapDist":2,"label":0}},{"type":"Feature","geometry":{"type":"Point","coordinates":[14.240162,40.844318]},"properties":{"name":"San Martino-Certosa","lines":"C37","arr":["C37"],"terminus":1,"mode":"bus","color":"#0059a9","colorDark":"#00294f","angle":40.6,"snapDist":9,"label":1}},{"type":"Feature","geometry":{"type":"Point","coordinates":[14.237884,40.845456]},"properties":{"name":"Via Angelini","lines":"C37","arr":["C37"],"terminus":0,"mode":"bus","color":"#0059a9","colorDark":"#00294f","angle":38.1,"snapDist":5,"label":1}},{"type":"Feature","geometry":{"type":"Point","coordinates":[14.236085,40.845592]},"properties":{"name":"D'Auria","lines":"C37","arr":["C37"],"terminus":0,"mode":"bus","color":"#0059a9","colorDark":"#00294f","angle":304.8,"snapDist":0,"label":1}},{"type":"Feature","geometry":{"type":"Point","coordinates":[14.235754,40.844406]},"properties":{"name":"Morghen-Funicolare Montesanto","lines":"C37","arr":["C37"],"terminus":0,"mode":"bus","color":"#0059a9","colorDark":"#00294f","angle":263.5,"snapDist":4,"label":1}},{"type":"Feature","geometry":{"type":"Point","coordinates":[14.234804,40.844221]},"properties":{"name":"Morghen 137","lines":"C37","arr":["C37"],"terminus":0,"mode":"bus","color":"#0059a9","colorDark":"#00294f","angle":82.9,"snapDist":8,"label":1}},{"type":"Feature","geometry":{"type":"Point","coordinates":[14.233818,40.844405]},"properties":{"name":"Morghen 53","lines":"C37","arr":["C37"],"terminus":0,"mode":"bus","color":"#0059a9","colorDark":"#00294f","angle":264.5,"snapDist":4,"label":1}},{"type":"Feature","geometry":{"type":"Point","coordinates":[14.233818,40.844405]},"properties":{"name":"Morghen 36","lines":"C37","arr":["C37"],"terminus":0,"mode":"bus","color":"#0059a9","colorDark":"#00294f","angle":84.5,"snapDist":9,"label":1}},{"type":"Feature","geometry":{"type":"Point","coordinates":[14.234844,40.843952]},"properties":{"name":"Morghen 56","lines":"C37","arr":["C37"],"terminus":0,"mode":"bus","color":"#0059a9","colorDark":"#00294f","angle":264.1,"snapDist":2,"label":1}},{"type":"Feature","geometry":{"type":"Point","coordinates":[14.235775,40.844255]},"properties":{"name":"Morghen - Funicolare Montesanto","lines":"C37","arr":["C37"],"terminus":0,"mode":"bus","color":"#0059a9","colorDark":"#00294f","angle":84.7,"snapDist":10,"label":1}},{"type":"Feature","geometry":{"type":"Point","coordinates":[14.236315,40.845842]},"properties":{"name":"D'Auria-Cotronei","lines":"C37","arr":["C37"],"terminus":0,"mode":"bus","color":"#0059a9","colorDark":"#00294f","angle":124.8,"snapDist":8,"label":1}},{"type":"Feature","geometry":{"type":"Point","coordinates":[14.237573,40.845641]},"properties":{"name":"Angelini-Dalbono","lines":"C37","arr":["C37"],"terminus":0,"mode":"bus","color":"#0059a9","colorDark":"#00294f","angle":218.1,"snapDist":2,"label":1}},{"type":"Feature","geometry":{"type":"Point","coordinates":[14.239584,40.844662]},"properties":{"name":"Angelini S. Elmo","lines":"C37","arr":["C37"],"terminus":0,"mode":"bus","color":"#0059a9","colorDark":"#00294f","angle":217.7,"snapDist":5,"label":1}},{"type":"Feature","geometry":{"type":"Point","coordinates":[14.217518,40.86286]},"properties":{"name":"Iannelli-Cangiani","lines":"C42","arr":["C42"],"terminus":0,"mode":"bus","color":"#0059a9","colorDark":"#00294f","angle":290.2,"snapDist":0,"label":1}},{"type":"Feature","geometry":{"type":"Point","coordinates":[14.217296,40.858146]},"properties":{"name":"Iannelli 264","lines":"C42","arr":["C42"],"terminus":0,"mode":"bus","color":"#0059a9","colorDark":"#00294f","angle":261.1,"snapDist":1,"label":1}},{"type":"Feature","geometry":{"type":"Point","coordinates":[14.219422,40.853691]},"properties":{"name":"Iannelli 136","lines":"C42","arr":["C42"],"terminus":0,"mode":"bus","color":"#0059a9","colorDark":"#00294f","angle":231.5,"snapDist":3,"label":1}},{"type":"Feature","geometry":{"type":"Point","coordinates":[14.225952,40.850154]},"properties":{"name":"Martini-Arenella","lines":"C42, N3, N7","arr":["C42","N3","N7"],"terminus":0,"mode":"bus","color":"#0059a9","colorDark":"#00294f","angle":193.2,"snapDist":7,"label":1}},{"type":"Feature","geometry":{"type":"Point","coordinates":[14.226954,40.850861]},"properties":{"name":"San Giacomo dei Capri-Castellino","lines":"C42, N3, N7","arr":["C42","N3","N7"],"terminus":0,"mode":"bus","color":"#0059a9","colorDark":"#00294f","angle":212.3,"snapDist":8,"label":1}},{"type":"Feature","geometry":{"type":"Point","coordinates":[14.228242,40.850361]},"properties":{"name":"Giotto-Ruoppolo","lines":"C42, C44, N3, N7","arr":["C42","C44","N3","N7"],"terminus":0,"mode":"bus","color":"#0059a9","colorDark":"#00294f","angle":174,"snapDist":10,"label":1}},{"type":"Feature","geometry":{"type":"Point","coordinates":[14.229854,40.850498]},"properties":{"name":"Giotto-Medaglie D'Oro","lines":"C42, C44, N3, N7","arr":["C42","C44","N3","N7"],"terminus":0,"mode":"bus","color":"#0059a9","colorDark":"#00294f","angle":173.2,"snapDist":12,"label":1}},{"type":"Feature","geometry":{"type":"Point","coordinates":[14.2348,40.850461]},"properties":{"name":"Via Suarez","lines":"C44","arr":["C44"],"terminus":1,"mode":"bus","color":"#0059a9","colorDark":"#00294f","angle":199.9,"snapDist":7,"label":1}},{"type":"Feature","geometry":{"type":"Point","coordinates":[14.234599,40.84843]},"properties":{"name":"Michelangelo","lines":"C44","arr":["C44"],"terminus":0,"mode":"bus","color":"#0059a9","colorDark":"#00294f","angle":306.6,"snapDist":6,"label":1}},{"type":"Feature","geometry":{"type":"Point","coordinates":[14.232163,40.847623]},"properties":{"name":"Michelangelo","lines":"C44","arr":["C44"],"terminus":0,"mode":"bus","color":"#0059a9","colorDark":"#00294f","angle":344.3,"snapDist":6,"label":1}},{"type":"Feature","geometry":{"type":"Point","coordinates":[14.227996,40.851562]},"properties":{"name":"Piscicelli-Ruoppolo","lines":"C44","arr":["C44"],"terminus":0,"mode":"bus","color":"#0059a9","colorDark":"#00294f","angle":313.1,"snapDist":1,"label":1}},{"type":"Feature","geometry":{"type":"Point","coordinates":[14.226392,40.852293]},"properties":{"name":"Castellino-Schiappoli","lines":"C44","arr":["C44"],"terminus":0,"mode":"bus","color":"#0059a9","colorDark":"#00294f","angle":66.6,"snapDist":8,"label":1}},{"type":"Feature","geometry":{"type":"Point","coordinates":[14.22564,40.853501]},"properties":{"name":"Castellino-dell'Erba","lines":"C44","arr":["C44"],"terminus":0,"mode":"bus","color":"#0059a9","colorDark":"#00294f","angle":63.1,"snapDist":11,"label":1}},{"type":"Feature","geometry":{"type":"Point","coordinates":[14.224921,40.855199]},"properties":{"name":"Castellino-C.N.R.","lines":"C44","arr":["C44"],"terminus":0,"mode":"bus","color":"#0059a9","colorDark":"#00294f","angle":75.9,"snapDist":12,"label":1}},{"type":"Feature","geometry":{"type":"Point","coordinates":[14.224837,40.856587]},"properties":{"name":"Castellino 115","lines":"C44","arr":["C44"],"terminus":0,"mode":"bus","color":"#0059a9","colorDark":"#00294f","angle":108.2,"snapDist":10,"label":1}},{"type":"Feature","geometry":{"type":"Point","coordinates":[14.225551,40.857885]},"properties":{"name":"Castellino-Montedonzelli","lines":"C44","arr":["C44"],"terminus":0,"mode":"bus","color":"#0059a9","colorDark":"#00294f","angle":113.3,"snapDist":9,"label":1}},{"type":"Feature","geometry":{"type":"Point","coordinates":[14.225258,40.860226]},"properties":{"name":"Castellino 136","lines":"C44","arr":["C44"],"terminus":0,"mode":"bus","color":"#0059a9","colorDark":"#00294f","angle":62.1,"snapDist":7,"label":1}},{"type":"Feature","geometry":{"type":"Point","coordinates":[14.224653,40.86104]},"properties":{"name":"Castellino-D'Antona","lines":"C44","arr":["C44"],"terminus":0,"mode":"bus","color":"#0059a9","colorDark":"#00294f","angle":59.2,"snapDist":8,"label":1}},{"type":"Feature","geometry":{"type":"Point","coordinates":[14.224902,40.860723]},"properties":{"name":"Castellino-Jemma","lines":"C44, N3, N7","arr":["C44","N3","N7"],"terminus":0,"mode":"bus","color":"#0059a9","colorDark":"#00294f","angle":239.2,"snapDist":5,"label":1}},{"type":"Feature","geometry":{"type":"Point","coordinates":[14.225407,40.857616]},"properties":{"name":"Castellino 131","lines":"C44, N3, N7","arr":["C44","N3","N7"],"terminus":0,"mode":"bus","color":"#0059a9","colorDark":"#00294f","angle":292,"snapDist":3,"label":1}},{"type":"Feature","geometry":{"type":"Point","coordinates":[14.22485,40.856617]},"properties":{"name":"Castellino-Metropolitana","lines":"C44, N3, N7","arr":["C44","N3","N7"],"terminus":0,"mode":"bus","color":"#0059a9","colorDark":"#00294f","angle":288.2,"snapDist":1,"label":1}},{"type":"Feature","geometry":{"type":"Point","coordinates":[14.225091,40.854696]},"properties":{"name":"Castellino-C.N.R.","lines":"C44, N3, N7","arr":["C44","N3","N7"],"terminus":0,"mode":"bus","color":"#0059a9","colorDark":"#00294f","angle":255.7,"snapDist":2,"label":0}},{"type":"Feature","geometry":{"type":"Point","coordinates":[14.225695,40.85342]},"properties":{"name":"Castellino-dell'Erba","lines":"C44, N3, N7","arr":["C44","N3","N7"],"terminus":0,"mode":"bus","color":"#0059a9","colorDark":"#00294f","angle":243.1,"snapDist":2,"label":0}},{"type":"Feature","geometry":{"type":"Point","coordinates":[14.226418,40.852247]},"properties":{"name":"Castellino-Schiappoli","lines":"C44, N3, N7","arr":["C44","N3","N7"],"terminus":0,"mode":"bus","color":"#0059a9","colorDark":"#00294f","angle":246.6,"snapDist":5,"label":0}},{"type":"Feature","geometry":{"type":"Point","coordinates":[14.253622,40.854859]},"properties":{"name":"Piazza Cavour","lines":"C52","arr":["C52"],"terminus":1,"mode":"bus","color":"#0059a9","colorDark":"#00294f","angle":338.8,"snapDist":4,"label":1}},{"type":"Feature","geometry":{"type":"Point","coordinates":[14.255459,40.856355]},"properties":{"name":"Vergini","lines":"C52","arr":["C52"],"terminus":0,"mode":"bus","color":"#0059a9","colorDark":"#00294f","angle":17.1,"snapDist":8,"label":1}},{"type":"Feature","geometry":{"type":"Point","coordinates":[14.251547,40.857891]},"properties":{"name":"Sanità","lines":"C52","arr":["C52"],"terminus":0,"mode":"bus","color":"#0059a9","colorDark":"#00294f","angle":69.1,"snapDist":4,"label":1}},{"type":"Feature","geometry":{"type":"Point","coordinates":[14.250923,40.859003]},"properties":{"name":"Sanità","lines":"C52","arr":["C52"],"terminus":0,"mode":"bus","color":"#0059a9","colorDark":"#00294f","angle":53.6,"snapDist":6,"label":0}},{"type":"Feature","geometry":{"type":"Point","coordinates":[14.249063,40.859377]},"properties":{"name":"Sanità - Basilica S.M.alla Sanità","lines":"C52","arr":["C52"],"terminus":0,"mode":"bus","color":"#0059a9","colorDark":"#00294f","angle":27.4,"snapDist":8,"label":1}},{"type":"Feature","geometry":{"type":"Point","coordinates":[14.247928,40.859395]},"properties":{"name":"San Vincenzo alla Sanità","lines":"C52","arr":["C52"],"terminus":0,"mode":"bus","color":"#0059a9","colorDark":"#00294f","angle":62,"snapDist":6,"label":1}},{"type":"Feature","geometry":{"type":"Point","coordinates":[14.247747,40.860434]},"properties":{"name":"San Gennaro dei Poveri","lines":"C52","arr":["C52"],"terminus":0,"mode":"bus","color":"#0059a9","colorDark":"#00294f","angle":141.2,"snapDist":7,"label":0}},{"type":"Feature","geometry":{"type":"Point","coordinates":[14.246851,40.861503]},"properties":{"name":"San Gennaro dei Poveri","lines":"C52","arr":["C52"],"terminus":1,"mode":"bus","color":"#0059a9","colorDark":"#00294f","angle":222.1,"snapDist":4,"label":1}},{"type":"Feature","geometry":{"type":"Point","coordinates":[14.247673,40.860389]},"properties":{"name":"San Gennaro dei Poveri","lines":"C52","arr":["C52"],"terminus":0,"mode":"bus","color":"#0059a9","colorDark":"#00294f","angle":321.2,"snapDist":2,"label":0}},{"type":"Feature","geometry":{"type":"Point","coordinates":[14.246522,40.858939]},"properties":{"name":"Fontanelle - Centro la Tenda","lines":"C52","arr":["C52"],"terminus":0,"mode":"bus","color":"#0059a9","colorDark":"#00294f","angle":170.3,"snapDist":1,"label":1}},{"type":"Feature","geometry":{"type":"Point","coordinates":[14.245308,40.858153]},"properties":{"name":"Fontanelle - Calata Fontanelle","lines":"C52","arr":["C52"],"terminus":0,"mode":"bus","color":"#0059a9","colorDark":"#00294f","angle":310,"snapDist":1,"label":1}},{"type":"Feature","geometry":{"type":"Point","coordinates":[14.244039,40.858961]},"properties":{"name":"Fontanelle - Chiesa","lines":"C52","arr":["C52"],"terminus":0,"mode":"bus","color":"#0059a9","colorDark":"#00294f","angle":16.9,"snapDist":0,"label":1}},{"type":"Feature","geometry":{"type":"Point","coordinates":[14.242348,40.859148]},"properties":{"name":"Fontanelle","lines":"C52","arr":["C52"],"terminus":0,"mode":"bus","color":"#0059a9","colorDark":"#00294f","angle":-147.6,"snapDist":19,"label":1}},{"type":"Feature","geometry":{"type":"Point","coordinates":[14.243606,40.858978]},"properties":{"name":"Fontanelle - Vico San Nicola","lines":"C52","arr":["C52"],"terminus":0,"mode":"bus","color":"#0059a9","colorDark":"#00294f","angle":355.1,"snapDist":6,"label":1}},{"type":"Feature","geometry":{"type":"Point","coordinates":[14.245026,40.858078]},"properties":{"name":"Fontanelle","lines":"C52","arr":["C52"],"terminus":0,"mode":"bus","color":"#0059a9","colorDark":"#00294f","angle":57,"snapDist":3,"label":1}},{"type":"Feature","geometry":{"type":"Point","coordinates":[14.246994,40.858991]},"properties":{"name":"Sanità","lines":"C52","arr":["C52"],"terminus":0,"mode":"bus","color":"#0059a9","colorDark":"#00294f","angle":171.7,"snapDist":6,"label":1}},{"type":"Feature","geometry":{"type":"Point","coordinates":[14.249364,40.859341]},"properties":{"name":"Piazza Sanità","lines":"C52","arr":["C52"],"terminus":0,"mode":"bus","color":"#0059a9","colorDark":"#00294f","angle":165.8,"snapDist":3,"label":1}},{"type":"Feature","geometry":{"type":"Point","coordinates":[14.250692,40.859198]},"properties":{"name":"Sanità","lines":"C52","arr":["C52"],"terminus":0,"mode":"bus","color":"#0059a9","colorDark":"#00294f","angle":225.7,"snapDist":4,"label":0}},{"type":"Feature","geometry":{"type":"Point","coordinates":[14.251448,40.858086]},"properties":{"name":"Arena alla Sanità - S. Felice","lines":"C52","arr":["C52"],"terminus":0,"mode":"bus","color":"#0059a9","colorDark":"#00294f","angle":251.9,"snapDist":0,"label":1}},{"type":"Feature","geometry":{"type":"Point","coordinates":[14.253573,40.856746]},"properties":{"name":"Pagano M.","lines":"C52","arr":["C52"],"terminus":0,"mode":"bus","color":"#0059a9","colorDark":"#00294f","angle":199.4,"snapDist":7,"label":1}},{"type":"Feature","geometry":{"type":"Point","coordinates":[14.26605,40.855062]},"properties":{"name":"Piazza San Francesco (Fermata Virtuale)","lines":"C56","arr":["C56"],"terminus":0,"mode":"bus","color":"#0059a9","colorDark":"#00294f","angle":30.2,"snapDist":4,"label":1}},{"type":"Feature","geometry":{"type":"Point","coordinates":[14.262222,40.856527]},"properties":{"name":"Rosaroll","lines":"C56","arr":["C56"],"terminus":0,"mode":"bus","color":"#0059a9","colorDark":"#00294f","angle":26.4,"snapDist":1,"label":1}},{"type":"Feature","geometry":{"type":"Point","coordinates":[14.259222,40.855858]},"properties":{"name":"Cirillo","lines":"C56","arr":["C56"],"terminus":0,"mode":"bus","color":"#0059a9","colorDark":"#00294f","angle":203.4,"snapDist":1,"label":1}},{"type":"Feature","geometry":{"type":"Point","coordinates":[14.26099,40.855278]},"properties":{"name":"Carbonara","lines":"C56","arr":["C56"],"terminus":0,"mode":"bus","color":"#0059a9","colorDark":"#00294f","angle":203.6,"snapDist":6,"label":1}},{"type":"Feature","geometry":{"type":"Point","coordinates":[14.264942,40.853929]},"properties":{"name":"De Nicola","lines":"C56","arr":["C56"],"terminus":0,"mode":"bus","color":"#0059a9","colorDark":"#00294f","angle":210.4,"snapDist":1,"label":1}},{"type":"Feature","geometry":{"type":"Point","coordinates":[14.267163,40.852901]},"properties":{"name":"Poerio","lines":"C56","arr":["C56"],"terminus":0,"mode":"bus","color":"#0059a9","colorDark":"#00294f","angle":211.5,"snapDist":9,"label":1}},{"type":"Feature","geometry":{"type":"Point","coordinates":[14.228515,40.869347]},"properties":{"name":"S.Gatto - M1 Colli Aminei","lines":"C65","arr":["C65"],"terminus":1,"mode":"bus","color":"#0059a9","colorDark":"#00294f","angle":293.2,"snapDist":6,"label":1}},{"type":"Feature","geometry":{"type":"Point","coordinates":[14.230815,40.868627]},"properties":{"name":"S.Gatto","lines":"C65","arr":["C65"],"terminus":0,"mode":"bus","color":"#0059a9","colorDark":"#00294f","angle":189,"snapDist":6,"label":1}},{"type":"Feature","geometry":{"type":"Point","coordinates":[14.234385,40.869098]},"properties":{"name":"Nicolardi 20","lines":"C65","arr":["C65"],"terminus":0,"mode":"bus","color":"#0059a9","colorDark":"#00294f","angle":105.4,"snapDist":7,"label":1}},{"type":"Feature","geometry":{"type":"Point","coordinates":[14.235293,40.871582]},"properties":{"name":"Nicolardi 144","lines":"C65","arr":["C65"],"terminus":0,"mode":"bus","color":"#0059a9","colorDark":"#00294f","angle":105.5,"snapDist":7,"label":1}},{"type":"Feature","geometry":{"type":"Point","coordinates":[14.23721,40.873433]},"properties":{"name":"Nicolardi 230","lines":"C65","arr":["C65"],"terminus":0,"mode":"bus","color":"#0059a9","colorDark":"#00294f","angle":130,"snapDist":7,"label":1}},{"type":"Feature","geometry":{"type":"Point","coordinates":[14.239824,40.874839]},"properties":{"name":"Nicolardi 292","lines":"C65","arr":["C65"],"terminus":0,"mode":"bus","color":"#0059a9","colorDark":"#00294f","angle":171.1,"snapDist":6,"label":1}},{"type":"Feature","geometry":{"type":"Point","coordinates":[14.242276,40.874688]},"properties":{"name":"Nicolardi","lines":"C65","arr":["C65"],"terminus":0,"mode":"bus","color":"#0059a9","colorDark":"#00294f","angle":196.6,"snapDist":2,"label":1}},{"type":"Feature","geometry":{"type":"Point","coordinates":[14.24494,40.87165]},"properties":{"name":"Vecchia S.Rocco","lines":"C65","arr":["C65"],"terminus":0,"mode":"bus","color":"#0059a9","colorDark":"#00294f","angle":224.3,"snapDist":6,"label":1}},{"type":"Feature","geometry":{"type":"Point","coordinates":[14.24515,40.871242]},"properties":{"name":"Cardinale Prisco","lines":"C65","arr":["C65"],"terminus":0,"mode":"bus","color":"#0059a9","colorDark":"#00294f","angle":312.9,"snapDist":1,"label":1}},{"type":"Feature","geometry":{"type":"Point","coordinates":[14.24702,40.874131]},"properties":{"name":"Lieti","lines":"C65","arr":["C65"],"terminus":1,"mode":"bus","color":"#0059a9","colorDark":"#00294f","angle":276.6,"snapDist":4,"label":1}},{"type":"Feature","geometry":{"type":"Point","coordinates":[14.246782,40.872506]},"properties":{"name":"Lieti","lines":"C65","arr":["C65"],"terminus":0,"mode":"bus","color":"#0059a9","colorDark":"#00294f","angle":277,"snapDist":2,"label":0}},{"type":"Feature","geometry":{"type":"Point","coordinates":[14.245805,40.871566]},"properties":{"name":"Bosco di Capodimonte","lines":"C65","arr":["C65"],"terminus":0,"mode":"bus","color":"#0059a9","colorDark":"#00294f","angle":352.9,"snapDist":4,"label":1}},{"type":"Feature","geometry":{"type":"Point","coordinates":[14.241922,40.874857]},"properties":{"name":"Nicolardi","lines":"C65","arr":["C65"],"terminus":0,"mode":"bus","color":"#0059a9","colorDark":"#00294f","angle":18.1,"snapDist":3,"label":0}},{"type":"Feature","geometry":{"type":"Point","coordinates":[14.239822,40.874953]},"properties":{"name":"Nicolardi","lines":"C65","arr":["C65"],"terminus":0,"mode":"bus","color":"#0059a9","colorDark":"#00294f","angle":351.1,"snapDist":2,"label":0}},{"type":"Feature","geometry":{"type":"Point","coordinates":[14.237009,40.873413]},"properties":{"name":"Nicolardi - Chiesa","lines":"C65","arr":["C65"],"terminus":0,"mode":"bus","color":"#0059a9","colorDark":"#00294f","angle":309.6,"snapDist":1,"label":1}},{"type":"Feature","geometry":{"type":"Point","coordinates":[14.235154,40.871647]},"properties":{"name":"Nicolardi","lines":"C65","arr":["C65"],"terminus":0,"mode":"bus","color":"#0059a9","colorDark":"#00294f","angle":285.2,"snapDist":2,"label":1}},{"type":"Feature","geometry":{"type":"Point","coordinates":[14.234826,40.870737]},"properties":{"name":"Nicolardi 110","lines":"C65","arr":["C65"],"terminus":0,"mode":"bus","color":"#0059a9","colorDark":"#00294f","angle":285.3,"snapDist":0,"label":1}},{"type":"Feature","geometry":{"type":"Point","coordinates":[14.234254,40.869175]},"properties":{"name":"Nicolardi","lines":"C65","arr":["C65"],"terminus":0,"mode":"bus","color":"#0059a9","colorDark":"#00294f","angle":285.7,"snapDist":1,"label":1}},{"type":"Feature","geometry":{"type":"Point","coordinates":[14.227597,40.86868]},"properties":{"name":"S.Gatto - Colli Aminei","lines":"C65","arr":["C65"],"terminus":0,"mode":"bus","color":"#0059a9","colorDark":"#00294f","angle":95,"snapDist":6,"label":1}},{"type":"Feature","geometry":{"type":"Point","coordinates":[14.235323,40.897506]},"properties":{"name":"Galimberti - Labriola","lines":"C67, N5","arr":["C67","N5"],"terminus":0,"mode":"bus","color":"#0059a9","colorDark":"#00294f","angle":124.4,"snapDist":10,"label":1}},{"type":"Feature","geometry":{"type":"Point","coordinates":[14.255476,40.895996]},"properties":{"name":"Napoli a Capodimonte","lines":"C67, C78, N5","arr":["C67","C78","N5"],"terminus":0,"mode":"bus","color":"#0059a9","colorDark":"#00294f","angle":295.6,"snapDist":6,"label":1}},{"type":"Feature","geometry":{"type":"Point","coordinates":[14.256379,40.895116]},"properties":{"name":"Com. Acquarola","lines":"C67, C78, N5","arr":["C67","C78","N5"],"terminus":0,"mode":"bus","color":"#0059a9","colorDark":"#00294f","angle":214.6,"snapDist":5,"label":1}},{"type":"Feature","geometry":{"type":"Point","coordinates":[14.257279,40.893129]},"properties":{"name":"Gambardella","lines":"C67, C78, N5","arr":["C67","C78","N5"],"terminus":0,"mode":"bus","color":"#0059a9","colorDark":"#00294f","angle":279.3,"snapDist":6,"label":1}},{"type":"Feature","geometry":{"type":"Point","coordinates":[14.25654,40.892125]},"properties":{"name":"Lombardia - Poste","lines":"C67, C78, N5","arr":["C67","C78","N5"],"terminus":0,"mode":"bus","color":"#0059a9","colorDark":"#00294f","angle":1.3,"snapDist":2,"label":1}},{"type":"Feature","geometry":{"type":"Point","coordinates":[14.254387,40.892568]},"properties":{"name":"Lombardia","lines":"C67, C78, N5","arr":["C67","C78","N5"],"terminus":0,"mode":"bus","color":"#0059a9","colorDark":"#00294f","angle":25.3,"snapDist":6,"label":1}},{"type":"Feature","geometry":{"type":"Point","coordinates":[14.253002,40.892092]},"properties":{"name":"Miano - Caserma Boscariello","lines":"C67, C78, N5","arr":["C67","C78","N5"],"terminus":0,"mode":"bus","color":"#0059a9","colorDark":"#00294f","angle":295.7,"snapDist":5,"label":1}},{"type":"Feature","geometry":{"type":"Point","coordinates":[14.251342,40.889487]},"properties":{"name":"Miano","lines":"C67, C78, N5","arr":["C67","C78","N5"],"terminus":0,"mode":"bus","color":"#0059a9","colorDark":"#00294f","angle":296.1,"snapDist":5,"label":1}},{"type":"Feature","geometry":{"type":"Point","coordinates":[14.250391,40.887983]},"properties":{"name":"Miano 137","lines":"C67","arr":["C67"],"terminus":0,"mode":"bus","color":"#0059a9","colorDark":"#00294f","angle":115.6,"snapDist":11,"label":1}},{"type":"Feature","geometry":{"type":"Point","coordinates":[14.252241,40.890897]},"properties":{"name":"Miano 177A","lines":"C67","arr":["C67"],"terminus":0,"mode":"bus","color":"#0059a9","colorDark":"#00294f","angle":115.7,"snapDist":9,"label":1}},{"type":"Feature","geometry":{"type":"Point","coordinates":[14.253318,40.892588]},"properties":{"name":"Miano Caserma Boscariello","lines":"C67","arr":["C67"],"terminus":0,"mode":"bus","color":"#0059a9","colorDark":"#00294f","angle":115.7,"snapDist":8,"label":1}},{"type":"Feature","geometry":{"type":"Point","coordinates":[14.255166,40.892289]},"properties":{"name":"Lombardia","lines":"C67","arr":["C67"],"terminus":0,"mode":"bus","color":"#0059a9","colorDark":"#00294f","angle":205.3,"snapDist":5,"label":0}},{"type":"Feature","geometry":{"type":"Point","coordinates":[14.256836,40.89212]},"properties":{"name":"Lombardia - Poste","lines":"C67","arr":["C67"],"terminus":0,"mode":"bus","color":"#0059a9","colorDark":"#00294f","angle":186.5,"snapDist":7,"label":0}},{"type":"Feature","geometry":{"type":"Point","coordinates":[14.257238,40.892873]},"properties":{"name":"Gambardella","lines":"C67","arr":["C67"],"terminus":0,"mode":"bus","color":"#0059a9","colorDark":"#00294f","angle":94.4,"snapDist":8,"label":0}},{"type":"Feature","geometry":{"type":"Point","coordinates":[14.256269,40.895173]},"properties":{"name":"Com. Acquarola 50","lines":"C67","arr":["C67"],"terminus":0,"mode":"bus","color":"#0059a9","colorDark":"#00294f","angle":34.6,"snapDist":5,"label":1}},{"type":"Feature","geometry":{"type":"Point","coordinates":[14.25586,40.896601]},"properties":{"name":"Napoli a Capodimonte 15","lines":"C67","arr":["C67"],"terminus":0,"mode":"bus","color":"#0059a9","colorDark":"#00294f","angle":115.6,"snapDist":6,"label":1}},{"type":"Feature","geometry":{"type":"Point","coordinates":[14.270128,40.868148]},"properties":{"name":"Briganti","lines":"C68","arr":["C68"],"terminus":0,"mode":"bus","color":"#0059a9","colorDark":"#00294f","angle":152.7,"snapDist":9,"label":1}},{"type":"Feature","geometry":{"type":"Point","coordinates":[14.271139,40.869495]},"properties":{"name":"Briganti - viadotto Tangenziale","lines":"C68","arr":["C68"],"terminus":0,"mode":"bus","color":"#0059a9","colorDark":"#00294f","angle":93.6,"snapDist":8,"label":1}},{"type":"Feature","geometry":{"type":"Point","coordinates":[14.271726,40.870168]},"properties":{"name":"Briganti","lines":"C68","arr":["C68"],"terminus":0,"mode":"bus","color":"#0059a9","colorDark":"#00294f","angle":165.2,"snapDist":8,"label":1}},{"type":"Feature","geometry":{"type":"Point","coordinates":[14.272395,40.871137]},"properties":{"name":"Briganti","lines":"C68","arr":["C68"],"terminus":0,"mode":"bus","color":"#0059a9","colorDark":"#00294f","angle":170.7,"snapDist":5,"label":0}},{"type":"Feature","geometry":{"type":"Point","coordinates":[14.273239,40.8711]},"properties":{"name":"Briganti","lines":"C68","arr":["C68"],"terminus":0,"mode":"bus","color":"#0059a9","colorDark":"#00294f","angle":139.5,"snapDist":9,"label":0}},{"type":"Feature","geometry":{"type":"Point","coordinates":[14.274047,40.871981]},"properties":{"name":"Briganti","lines":"C68","arr":["C68"],"terminus":0,"mode":"bus","color":"#0059a9","colorDark":"#00294f","angle":10.2,"snapDist":4,"label":1}},{"type":"Feature","geometry":{"type":"Point","coordinates":[14.276447,40.873252]},"properties":{"name":"Briganti - Ospedale S.G.Bosco","lines":"C68","arr":["C68"],"terminus":0,"mode":"bus","color":"#0059a9","colorDark":"#00294f","angle":132.1,"snapDist":7,"label":1}},{"type":"Feature","geometry":{"type":"Point","coordinates":[14.276972,40.874113]},"properties":{"name":"Briganti","lines":"C68","arr":["C68"],"terminus":0,"mode":"bus","color":"#0059a9","colorDark":"#00294f","angle":97.9,"snapDist":8,"label":1}},{"type":"Feature","geometry":{"type":"Point","coordinates":[14.277984,40.875064]},"properties":{"name":"Briganti - Maddalena","lines":"C68","arr":["C68"],"terminus":0,"mode":"bus","color":"#0059a9","colorDark":"#00294f","angle":317.7,"snapDist":3,"label":1}},{"type":"Feature","geometry":{"type":"Point","coordinates":[14.27692,40.873785]},"properties":{"name":"Briganti - Parcheggio","lines":"C68","arr":["C68"],"terminus":0,"mode":"bus","color":"#0059a9","colorDark":"#00294f","angle":273.6,"snapDist":3,"label":1}},{"type":"Feature","geometry":{"type":"Point","coordinates":[14.276292,40.873122]},"properties":{"name":"Briganti - Ospedale S.G.Bosco","lines":"C68","arr":["C68"],"terminus":0,"mode":"bus","color":"#0059a9","colorDark":"#00294f","angle":312.1,"snapDist":2,"label":0}},{"type":"Feature","geometry":{"type":"Point","coordinates":[14.274429,40.87192]},"properties":{"name":"Briganti","lines":"C68","arr":["C68"],"terminus":0,"mode":"bus","color":"#0059a9","colorDark":"#00294f","angle":193.1,"snapDist":6,"label":0}},{"type":"Feature","geometry":{"type":"Point","coordinates":[14.273147,40.871041]},"properties":{"name":"Briganti - biblioteca","lines":"C68","arr":["C68"],"terminus":0,"mode":"bus","color":"#0059a9","colorDark":"#00294f","angle":319.5,"snapDist":2,"label":1}},{"type":"Feature","geometry":{"type":"Point","coordinates":[14.271925,40.870711]},"properties":{"name":"Briganti - Cupa Pozzelle","lines":"C68","arr":["C68"],"terminus":0,"mode":"bus","color":"#0059a9","colorDark":"#00294f","angle":267.4,"snapDist":2,"label":1}},{"type":"Feature","geometry":{"type":"Point","coordinates":[14.2715,40.870165]},"properties":{"name":"Briganti","lines":"C68","arr":["C68"],"terminus":0,"mode":"bus","color":"#0059a9","colorDark":"#00294f","angle":18.3,"snapDist":3,"label":0}},{"type":"Feature","geometry":{"type":"Point","coordinates":[14.270987,40.868955]},"properties":{"name":"Briganti - viadotto Tangenziale","lines":"C68","arr":["C68"],"terminus":0,"mode":"bus","color":"#0059a9","colorDark":"#00294f","angle":292.1,"snapDist":1,"label":0}},{"type":"Feature","geometry":{"type":"Point","coordinates":[14.269759,40.868236]},"properties":{"name":"D'Ambrosio - Briganti","lines":"C68","arr":["C68"],"terminus":0,"mode":"bus","color":"#0059a9","colorDark":"#00294f","angle":71.6,"snapDist":7,"label":1}},{"type":"Feature","geometry":{"type":"Point","coordinates":[14.21922,40.865163]},"properties":{"name":"Quagliariello","lines":"C76","arr":["C76"],"terminus":0,"mode":"bus","color":"#0059a9","colorDark":"#00294f","angle":76,"snapDist":11,"label":1}},{"type":"Feature","geometry":{"type":"Point","coordinates":[14.216809,40.866614]},"properties":{"name":"Quagliariello 35E","lines":"C76","arr":["C76"],"terminus":0,"mode":"bus","color":"#0059a9","colorDark":"#00294f","angle":43.9,"snapDist":4,"label":1}},{"type":"Feature","geometry":{"type":"Point","coordinates":[14.203319,40.870391]},"properties":{"name":"Cinque - Dir. Camaldoli Hospital","lines":"C76","arr":["C76"],"terminus":0,"mode":"bus","color":"#0059a9","colorDark":"#00294f","angle":100.1,"snapDist":10,"label":1}},{"type":"Feature","geometry":{"type":"Point","coordinates":[14.204061,40.872917]},"properties":{"name":"Camaldoli Hospital","lines":"C76","arr":["C76"],"terminus":1,"mode":"bus","color":"#0059a9","colorDark":"#00294f","angle":-39.6,"snapDist":51,"label":1}},{"type":"Feature","geometry":{"type":"Point","coordinates":[14.202996,40.869208]},"properties":{"name":"Cinque","lines":"C76","arr":["C76"],"terminus":0,"mode":"bus","color":"#0059a9","colorDark":"#00294f","angle":284.9,"snapDist":4,"label":1}},{"type":"Feature","geometry":{"type":"Point","coordinates":[14.211584,40.874122]},"properties":{"name":"Comunale Margherita","lines":"C76","arr":["C76"],"terminus":0,"mode":"bus","color":"#0059a9","colorDark":"#00294f","angle":118.6,"snapDist":6,"label":1}},{"type":"Feature","geometry":{"type":"Point","coordinates":[14.212227,40.875534]},"properties":{"name":"Comunale Margherita-Poste","lines":"C76","arr":["C76"],"terminus":0,"mode":"bus","color":"#0059a9","colorDark":"#00294f","angle":84.3,"snapDist":6,"label":1}},{"type":"Feature","geometry":{"type":"Point","coordinates":[14.210378,40.879058]},"properties":{"name":"Comunale Margherita","lines":"C76","arr":["C76"],"terminus":0,"mode":"bus","color":"#0059a9","colorDark":"#00294f","angle":48.9,"snapDist":9,"label":1}},{"type":"Feature","geometry":{"type":"Point","coordinates":[14.236925,40.883955]},"properties":{"name":"Marco di Torrepadula","lines":"C78","arr":["C78"],"terminus":0,"mode":"bus","color":"#0059a9","colorDark":"#00294f","angle":92.1,"snapDist":8,"label":1}},{"type":"Feature","geometry":{"type":"Point","coordinates":[14.238574,40.885036]},"properties":{"name":"Ianfolla","lines":"C78","arr":["C78"],"terminus":0,"mode":"bus","color":"#0059a9","colorDark":"#00294f","angle":158.6,"snapDist":9,"label":1}},{"type":"Feature","geometry":{"type":"Point","coordinates":[14.242663,40.886341]},"properties":{"name":"Ianfolla","lines":"C78","arr":["C78"],"terminus":0,"mode":"bus","color":"#0059a9","colorDark":"#00294f","angle":157.1,"snapDist":8,"label":1}},{"type":"Feature","geometry":{"type":"Point","coordinates":[14.245739,40.887332]},"properties":{"name":"Ianfolla","lines":"C78","arr":["C78"],"terminus":0,"mode":"bus","color":"#0059a9","colorDark":"#00294f","angle":158,"snapDist":10,"label":0}},{"type":"Feature","geometry":{"type":"Point","coordinates":[14.25284,40.887818]},"properties":{"name":"Lazio","lines":"C78","arr":["C78"],"terminus":0,"mode":"bus","color":"#0059a9","colorDark":"#00294f","angle":193.7,"snapDist":9,"label":1}},{"type":"Feature","geometry":{"type":"Point","coordinates":[14.257471,40.889191]},"properties":{"name":"Regina Margherita","lines":"C78","arr":["C78"],"terminus":0,"mode":"bus","color":"#0059a9","colorDark":"#00294f","angle":134.9,"snapDist":8,"label":1}},{"type":"Feature","geometry":{"type":"Point","coordinates":[14.259381,40.890644]},"properties":{"name":"Regina Margherita","lines":"C78","arr":["C78"],"terminus":0,"mode":"bus","color":"#0059a9","colorDark":"#00294f","angle":135,"snapDist":8,"label":1}},{"type":"Feature","geometry":{"type":"Point","coordinates":[14.261221,40.892023]},"properties":{"name":"Regina Margherita","lines":"C78","arr":["C78"],"terminus":0,"mode":"bus","color":"#0059a9","colorDark":"#00294f","angle":135.5,"snapDist":6,"label":0}},{"type":"Feature","geometry":{"type":"Point","coordinates":[14.257791,40.896478]},"properties":{"name":"Aspromonte","lines":"C78","arr":["C78"],"terminus":0,"mode":"bus","color":"#0059a9","colorDark":"#00294f","angle":139.5,"snapDist":11,"label":1}},{"type":"Feature","geometry":{"type":"Point","coordinates":[14.26376,40.895946]},"properties":{"name":"Camposanto","lines":"C78","arr":["C78"],"terminus":0,"mode":"bus","color":"#0059a9","colorDark":"#00294f","angle":131.6,"snapDist":10,"label":1}},{"type":"Feature","geometry":{"type":"Point","coordinates":[14.264219,40.897627]},"properties":{"name":"Gerusalemme Liberata","lines":"C78, C90","arr":["C78","C90"],"terminus":0,"mode":"bus","color":"#0059a9","colorDark":"#00294f","angle":40.8,"snapDist":6,"label":1}},{"type":"Feature","geometry":{"type":"Point","coordinates":[14.262248,40.89893]},"properties":{"name":"Gerusalemme Liberata-ASL","lines":"C78, C90","arr":["C78","C90"],"terminus":0,"mode":"bus","color":"#0059a9","colorDark":"#00294f","angle":41.1,"snapDist":6,"label":1}},{"type":"Feature","geometry":{"type":"Point","coordinates":[14.261656,40.899887]},"properties":{"name":"Miracolo a Milano 18","lines":"C78, C90","arr":["C78","C90"],"terminus":0,"mode":"bus","color":"#0059a9","colorDark":"#00294f","angle":131.3,"snapDist":9,"label":1}},{"type":"Feature","geometry":{"type":"Point","coordinates":[14.264324,40.899297]},"properties":{"name":"Rione dei Fiori","lines":"C78","arr":["C78"],"terminus":1,"mode":"bus","color":"#0059a9","colorDark":"#00294f","angle":221.3,"snapDist":4,"label":1}},{"type":"Feature","geometry":{"type":"Point","coordinates":[14.264812,40.897199]},"properties":{"name":"Gerusalemme Liberata","lines":"C78","arr":["C78"],"terminus":0,"mode":"bus","color":"#0059a9","colorDark":"#00294f","angle":225,"snapDist":2,"label":0}},{"type":"Feature","geometry":{"type":"Point","coordinates":[14.263531,40.895752]},"properties":{"name":"Camposanto","lines":"C78","arr":["C78"],"terminus":0,"mode":"bus","color":"#0059a9","colorDark":"#00294f","angle":311.6,"snapDist":0,"label":0}},{"type":"Feature","geometry":{"type":"Point","coordinates":[14.261627,40.895957]},"properties":{"name":"Cupa dell'Arco","lines":"C78","arr":["C78"],"terminus":0,"mode":"bus","color":"#0059a9","colorDark":"#00294f","angle":44.7,"snapDist":8,"label":1}},{"type":"Feature","geometry":{"type":"Point","coordinates":[14.259244,40.897414]},"properties":{"name":"Aspromonte","lines":"C78","arr":["C78"],"terminus":0,"mode":"bus","color":"#0059a9","colorDark":"#00294f","angle":139.1,"snapDist":8,"label":0}},{"type":"Feature","geometry":{"type":"Point","coordinates":[14.250185,40.888751]},"properties":{"name":"Ianfolla","lines":"C78, N5","arr":["C78","N5"],"terminus":0,"mode":"bus","color":"#0059a9","colorDark":"#00294f","angle":344.7,"snapDist":4,"label":0}},{"type":"Feature","geometry":{"type":"Point","coordinates":[14.248474,40.8882]},"properties":{"name":"Ianfolla","lines":"C78, N5","arr":["C78","N5"],"terminus":0,"mode":"bus","color":"#0059a9","colorDark":"#00294f","angle":336.5,"snapDist":2,"label":0}},{"type":"Feature","geometry":{"type":"Point","coordinates":[14.245064,40.887118]},"properties":{"name":"Ianfolla","lines":"C78","arr":["C78"],"terminus":0,"mode":"bus","color":"#0059a9","colorDark":"#00294f","angle":336.3,"snapDist":2,"label":0}},{"type":"Feature","geometry":{"type":"Point","coordinates":[14.242927,40.886425]},"properties":{"name":"Ianfolla","lines":"C78","arr":["C78"],"terminus":0,"mode":"bus","color":"#0059a9","colorDark":"#00294f","angle":337.1,"snapDist":2,"label":0}},{"type":"Feature","geometry":{"type":"Point","coordinates":[14.238066,40.884886]},"properties":{"name":"Ianfolla","lines":"C78","arr":["C78"],"terminus":0,"mode":"bus","color":"#0059a9","colorDark":"#00294f","angle":338.6,"snapDist":1,"label":0}},{"type":"Feature","geometry":{"type":"Point","coordinates":[14.236915,40.883748]},"properties":{"name":"Rocco di Torrepadula","lines":"C78","arr":["C78"],"terminus":0,"mode":"bus","color":"#0059a9","colorDark":"#00294f","angle":273.9,"snapDist":1,"label":1}},{"type":"Feature","geometry":{"type":"Point","coordinates":[14.295025,40.86679]},"properties":{"name":"Miraglia - Parise","lines":"C90","arr":["C90"],"terminus":1,"mode":"bus","color":"#0059a9","colorDark":"#00294f","angle":-67.8,"snapDist":17,"label":1}},{"type":"Feature","geometry":{"type":"Point","coordinates":[14.307349,40.878227]},"properties":{"name":"Arpino","lines":"C90","arr":["C90"],"terminus":0,"mode":"bus","color":"#0059a9","colorDark":"#00294f","angle":103.4,"snapDist":11,"label":1}},{"type":"Feature","geometry":{"type":"Point","coordinates":[14.309733,40.878624]},"properties":{"name":"Colasanto","lines":"C90","arr":["C90"],"terminus":0,"mode":"bus","color":"#0059a9","colorDark":"#00294f","angle":190.7,"snapDist":7,"label":1}},{"type":"Feature","geometry":{"type":"Point","coordinates":[14.310922,40.879237]},"properties":{"name":"Croce - Comune di Casoria","lines":"C90","arr":["C90"],"terminus":0,"mode":"bus","color":"#0059a9","colorDark":"#00294f","angle":133.6,"snapDist":9,"label":1}},{"type":"Feature","geometry":{"type":"Point","coordinates":[14.312393,40.88135]},"properties":{"name":"Croce","lines":"C90","arr":["C90"],"terminus":0,"mode":"bus","color":"#0059a9","colorDark":"#00294f","angle":92.2,"snapDist":10,"label":1}},{"type":"Feature","geometry":{"type":"Point","coordinates":[14.312803,40.882455]},"properties":{"name":"Croce - Parco Blu","lines":"C90","arr":["C90"],"terminus":0,"mode":"bus","color":"#0059a9","colorDark":"#00294f","angle":101.9,"snapDist":6,"label":1}},{"type":"Feature","geometry":{"type":"Point","coordinates":[14.313228,40.883551]},"properties":{"name":"Croce - Parco il Giardino","lines":"C90","arr":["C90"],"terminus":0,"mode":"bus","color":"#0059a9","colorDark":"#00294f","angle":129.7,"snapDist":7,"label":1}},{"type":"Feature","geometry":{"type":"Point","coordinates":[14.27005,40.890671]},"properties":{"name":"Del Cassano 178","lines":"C90","arr":["C90"],"terminus":0,"mode":"bus","color":"#0059a9","colorDark":"#00294f","angle":97,"snapDist":8,"label":1}},{"type":"Feature","geometry":{"type":"Point","coordinates":[14.270243,40.892002]},"properties":{"name":"Del Cassano 209","lines":"C90","arr":["C90"],"terminus":0,"mode":"bus","color":"#0059a9","colorDark":"#00294f","angle":95.1,"snapDist":8,"label":1}},{"type":"Feature","geometry":{"type":"Point","coordinates":[14.268059,40.895978]},"properties":{"name":"Cassano - Tagliamonte","lines":"C90","arr":["C90"],"terminus":0,"mode":"bus","color":"#0059a9","colorDark":"#00294f","angle":56.6,"snapDist":1,"label":1}},{"type":"Feature","geometry":{"type":"Point","coordinates":[14.264381,40.900899]},"properties":{"name":"La Certosa di Parma","lines":"C90","arr":["C90"],"terminus":1,"mode":"bus","color":"#0059a9","colorDark":"#00294f","angle":151.4,"snapDist":16,"label":1}},{"type":"Feature","geometry":{"type":"Point","coordinates":[14.265034,40.900411]},"properties":{"name":"Del Cassano","lines":"C90","arr":["C90"],"terminus":0,"mode":"bus","color":"#0059a9","colorDark":"#00294f","angle":253.9,"snapDist":1,"label":1}},{"type":"Feature","geometry":{"type":"Point","coordinates":[14.265622,40.899053]},"properties":{"name":"Del Cassano","lines":"C90","arr":["C90"],"terminus":0,"mode":"bus","color":"#0059a9","colorDark":"#00294f","angle":249.9,"snapDist":5,"label":0}},{"type":"Feature","geometry":{"type":"Point","coordinates":[14.26958,40.894345]},"properties":{"name":"Cassano - Italia","lines":"C90","arr":["C90"],"terminus":0,"mode":"bus","color":"#0059a9","colorDark":"#00294f","angle":230.8,"snapDist":2,"label":1}},{"type":"Feature","geometry":{"type":"Point","coordinates":[14.2703,40.892506]},"properties":{"name":"Del Cassano 217","lines":"C90","arr":["C90"],"terminus":0,"mode":"bus","color":"#0059a9","colorDark":"#00294f","angle":274.7,"snapDist":3,"label":1}},{"type":"Feature","geometry":{"type":"Point","coordinates":[14.270028,40.890426]},"properties":{"name":"Del Cassano 172 FR.","lines":"C90","arr":["C90"],"terminus":0,"mode":"bus","color":"#0059a9","colorDark":"#00294f","angle":272.9,"snapDist":2,"label":1}},{"type":"Feature","geometry":{"type":"Point","coordinates":[14.307991,40.88278]},"properties":{"name":"Nuova detta Casoria","lines":"C90","arr":["C90"],"terminus":0,"mode":"bus","color":"#0059a9","colorDark":"#00294f","angle":309.7,"snapDist":3,"label":1}},{"type":"Feature","geometry":{"type":"Point","coordinates":[14.306499,40.880176]},"properties":{"name":"Nuova detta Casoria","lines":"C90","arr":["C90"],"terminus":0,"mode":"bus","color":"#0059a9","colorDark":"#00294f","angle":246.9,"snapDist":1,"label":1}},{"type":"Feature","geometry":{"type":"Point","coordinates":[14.305302,40.879244]},"properties":{"name":"Rosa dei Venti","lines":"C90","arr":["C90"],"terminus":0,"mode":"bus","color":"#0059a9","colorDark":"#00294f","angle":314.1,"snapDist":4,"label":1}},{"type":"Feature","geometry":{"type":"Point","coordinates":[14.302776,40.876864]},"properties":{"name":"Rosa dei Venti","lines":"C90","arr":["C90"],"terminus":0,"mode":"bus","color":"#0059a9","colorDark":"#00294f","angle":326.2,"snapDist":5,"label":1}},{"type":"Feature","geometry":{"type":"Point","coordinates":[14.244696,40.835764]},"properties":{"name":"Chiaia ASC","lines":"CHIAIA","arr":["CHIAIA"],"terminus":1,"mode":"bus","color":"#0059a9","colorDark":"#00294f","angle":61.7,"snapDist":9,"label":1}},{"type":"Feature","geometry":{"type":"Point","coordinates":[14.244799,40.835576]},"properties":{"name":"Chiaia ASC1","lines":"CHIAIA","arr":["CHIAIA"],"terminus":1,"mode":"bus","color":"#0059a9","colorDark":"#00294f","angle":70.1,"snapDist":11,"label":1}},{"type":"Feature","geometry":{"type":"Point","coordinates":[14.248871,40.837072]},"properties":{"name":"Trieste e Trento","lines":"E6","arr":["E6"],"terminus":1,"mode":"bus","color":"#0059a9","colorDark":"#00294f","angle":112.6,"snapDist":6,"label":1}},{"type":"Feature","geometry":{"type":"Point","coordinates":[14.247433,40.836124]},"properties":{"name":"Piazza Carolina","lines":"E6","arr":["E6"],"terminus":0,"mode":"bus","color":"#0059a9","colorDark":"#00294f","angle":329.5,"snapDist":7,"label":1}},{"type":"Feature","geometry":{"type":"Point","coordinates":[14.245086,40.834939]},"properties":{"name":"Monte di Dio","lines":"E6","arr":["E6"],"terminus":0,"mode":"bus","color":"#0059a9","colorDark":"#00294f","angle":252.3,"snapDist":1,"label":1}},{"type":"Feature","geometry":{"type":"Point","coordinates":[14.245667,40.833577]},"properties":{"name":"Monte di Dio","lines":"E6","arr":["E6"],"terminus":0,"mode":"bus","color":"#0059a9","colorDark":"#00294f","angle":252.4,"snapDist":2,"label":0}},{"type":"Feature","geometry":{"type":"Point","coordinates":[14.2467,40.833871]},"properties":{"name":"Egiziaca a Pizzofalcone","lines":"E6","arr":["E6"],"terminus":0,"mode":"bus","color":"#0059a9","colorDark":"#00294f","angle":72.7,"snapDist":7,"label":1}},{"type":"Feature","geometry":{"type":"Point","coordinates":[14.248344,40.834729]},"properties":{"name":"Solitaria","lines":"E6","arr":["E6"],"terminus":0,"mode":"bus","color":"#0059a9","colorDark":"#00294f","angle":138.4,"snapDist":9,"label":1}},{"type":"Feature","geometry":{"type":"Point","coordinates":[14.250383,40.834722]},"properties":{"name":"Console","lines":"E6","arr":["E6"],"terminus":0,"mode":"bus","color":"#0059a9","colorDark":"#00294f","angle":235.1,"snapDist":7,"label":1}},{"type":"Feature","geometry":{"type":"Point","coordinates":[14.242068,40.834218]},"properties":{"name":"Piazza dei Martiri","lines":"E6","arr":["E6"],"terminus":1,"mode":"bus","color":"#0059a9","colorDark":"#00294f","angle":61.5,"snapDist":8,"label":1}},{"type":"Feature","geometry":{"type":"Point","coordinates":[14.240226,40.836536]},"properties":{"name":"Filangieri - Cavallerizza","lines":"E6","arr":["E6"],"terminus":0,"mode":"bus","color":"#0059a9","colorDark":"#00294f","angle":39.7,"snapDist":4,"label":1}},{"type":"Feature","geometry":{"type":"Point","coordinates":[14.238255,40.836697]},"properties":{"name":"Vasto a Chiaia","lines":"E6","arr":["E6"],"terminus":0,"mode":"bus","color":"#0059a9","colorDark":"#00294f","angle":88.9,"snapDist":7,"label":1}},{"type":"Feature","geometry":{"type":"Point","coordinates":[14.2394,40.837061]},"properties":{"name":"Vico Vetriera","lines":"E6","arr":["E6"],"terminus":0,"mode":"bus","color":"#0059a9","colorDark":"#00294f","angle":178.9,"snapDist":6,"label":1}},{"type":"Feature","geometry":{"type":"Point","coordinates":[14.240666,40.83674]},"properties":{"name":"Rampe Brancaccio-Gradini","lines":"E6","arr":["E6"],"terminus":0,"mode":"bus","color":"#0059a9","colorDark":"#00294f","angle":231.2,"snapDist":1,"label":1}},{"type":"Feature","geometry":{"type":"Point","coordinates":[14.240834,40.837016]},"properties":{"name":"Rampe Brancaccio 10","lines":"E6","arr":["E6"],"terminus":0,"mode":"bus","color":"#0059a9","colorDark":"#00294f","angle":55.3,"snapDist":6,"label":1}},{"type":"Feature","geometry":{"type":"Point","coordinates":[14.240461,40.837209]},"properties":{"name":"Rampe Brancaccio","lines":"E6","arr":["E6"],"terminus":0,"mode":"bus","color":"#0059a9","colorDark":"#00294f","angle":357.4,"snapDist":1,"label":1}},{"type":"Feature","geometry":{"type":"Point","coordinates":[14.242318,40.837857]},"properties":{"name":"Piazzetta Mondragone","lines":"E6","arr":["E6"],"terminus":0,"mode":"bus","color":"#0059a9","colorDark":"#00294f","angle":192.7,"snapDist":3,"label":1}},{"type":"Feature","geometry":{"type":"Point","coordinates":[14.24371,40.837285]},"properties":{"name":"Nicotera","lines":"E6","arr":["E6"],"terminus":0,"mode":"bus","color":"#0059a9","colorDark":"#00294f","angle":242.8,"snapDist":1,"label":1}},{"type":"Feature","geometry":{"type":"Point","coordinates":[14.244809,40.835555]},"properties":{"name":"Nicotera","lines":"E6","arr":["E6"],"terminus":0,"mode":"bus","color":"#0059a9","colorDark":"#00294f","angle":250.1,"snapDist":0,"label":0}},{"type":"Feature","geometry":{"type":"Point","coordinates":[14.247177,40.835958]},"properties":{"name":"G.Serra","lines":"E6","arr":["E6"],"terminus":0,"mode":"bus","color":"#0059a9","colorDark":"#00294f","angle":160.3,"snapDist":7,"label":1}},{"type":"Feature","geometry":{"type":"Point","coordinates":[14.248596,40.830432]},"properties":{"name":"Echia ASC","lines":"ECHIA","arr":["ECHIA"],"terminus":1,"mode":"bus","color":"#0059a9","colorDark":"#00294f","angle":2.4,"snapDist":6,"label":1}},{"type":"Feature","geometry":{"type":"Point","coordinates":[14.248476,40.830435]},"properties":{"name":"Echia ASC1","lines":"ECHIA","arr":["ECHIA"],"terminus":1,"mode":"bus","color":"#0059a9","colorDark":"#00294f","angle":2.4,"snapDist":19,"label":1}},{"type":"Feature","geometry":{"type":"Point","coordinates":[14.252205,40.840638]},"properties":{"name":"Medina - Municipio","lines":"N1, N3, R2","arr":["N1","N3","R2"],"terminus":0,"mode":"bus","color":"#0059a9","colorDark":"#00294f","angle":277.1,"snapDist":6,"label":0}},{"type":"Feature","geometry":{"type":"Point","coordinates":[14.2494,40.837759]},"properties":{"name":"San Carlo - Trieste e Trento","lines":"N1, N3, R2","arr":["N1","N3","R2"],"terminus":1,"mode":"bus","color":"#0059a9","colorDark":"#00294f","angle":331.8,"snapDist":7,"label":1}},{"type":"Feature","geometry":{"type":"Point","coordinates":[14.25189,40.838948]},"properties":{"name":"Municipio","lines":"N1","arr":["N1"],"terminus":0,"mode":"bus","color":"#0059a9","colorDark":"#00294f","angle":110.4,"snapDist":9,"label":1}},{"type":"Feature","geometry":{"type":"Point","coordinates":[14.200669,40.828498]},"properties":{"name":"Leopardi - Cumana","lines":"N1, N7","arr":["N1","N7"],"terminus":0,"mode":"bus","color":"#0059a9","colorDark":"#00294f","angle":23.5,"snapDist":5,"label":0}},{"type":"Feature","geometry":{"type":"Point","coordinates":[14.250666,40.838223]},"properties":{"name":"Municipio - San Carlo","lines":"N3, R2","arr":["N3","R2"],"terminus":0,"mode":"bus","color":"#0059a9","colorDark":"#00294f","angle":155.7,"snapDist":9,"label":1}},{"type":"Feature","geometry":{"type":"Point","coordinates":[14.225156,40.851394]},"properties":{"name":"Altamura - Martini","lines":"N3, N7","arr":["N3","N7"],"terminus":0,"mode":"bus","color":"#0059a9","colorDark":"#00294f","angle":270.8,"snapDist":1,"label":1}},{"type":"Feature","geometry":{"type":"Point","coordinates":[14.271628,40.853545]},"properties":{"name":"Garibaldi","lines":"N5","arr":["N5"],"terminus":0,"mode":"bus","color":"#0059a9","colorDark":"#00294f","angle":82.7,"snapDist":14,"label":0}},{"type":"Feature","geometry":{"type":"Point","coordinates":[14.271283,40.855582]},"properties":{"name":"Novara","lines":"N5, R5","arr":["N5","R5"],"terminus":0,"mode":"bus","color":"#0059a9","colorDark":"#00294f","angle":82.4,"snapDist":12,"label":0}},{"type":"Feature","geometry":{"type":"Point","coordinates":[14.270956,40.857607]},"properties":{"name":"Arenaccia","lines":"N5, R5","arr":["N5","R5"],"terminus":0,"mode":"bus","color":"#0059a9","colorDark":"#00294f","angle":83.2,"snapDist":9,"label":1}},{"type":"Feature","geometry":{"type":"Point","coordinates":[14.270631,40.859762]},"properties":{"name":"Arenaccia","lines":"N5, R5","arr":["N5","R5"],"terminus":0,"mode":"bus","color":"#0059a9","colorDark":"#00294f","angle":83.6,"snapDist":9,"label":1}},{"type":"Feature","geometry":{"type":"Point","coordinates":[14.270302,40.861848]},"properties":{"name":"Arenaccia","lines":"N5, R5","arr":["N5","R5"],"terminus":0,"mode":"bus","color":"#0059a9","colorDark":"#00294f","angle":80.7,"snapDist":8,"label":1}},{"type":"Feature","geometry":{"type":"Point","coordinates":[14.269618,40.864328]},"properties":{"name":"Arenaccia","lines":"N5, R5","arr":["N5","R5"],"terminus":0,"mode":"bus","color":"#0059a9","colorDark":"#00294f","angle":78,"snapDist":10,"label":1}},{"type":"Feature","geometry":{"type":"Point","coordinates":[14.269514,40.864377]},"properties":{"name":"Arenaccia","lines":"N5, R5","arr":["N5","R5"],"terminus":0,"mode":"bus","color":"#0059a9","colorDark":"#00294f","angle":258.3,"snapDist":9,"label":0}},{"type":"Feature","geometry":{"type":"Point","coordinates":[14.270035,40.862435]},"properties":{"name":"Arenaccia","lines":"N5, R5","arr":["N5","R5"],"terminus":0,"mode":"bus","color":"#0059a9","colorDark":"#00294f","angle":258.9,"snapDist":4,"label":0}},{"type":"Feature","geometry":{"type":"Point","coordinates":[14.270599,40.859202]},"properties":{"name":"Arenaccia","lines":"N5, R5","arr":["N5","R5"],"terminus":0,"mode":"bus","color":"#0059a9","colorDark":"#00294f","angle":263.5,"snapDist":13,"label":0}},{"type":"Feature","geometry":{"type":"Point","coordinates":[14.287066,40.853576]},"properties":{"name":"Brin","lines":"N5","arr":["N5"],"terminus":0,"mode":"bus","color":"#0059a9","colorDark":"#00294f","angle":353.4,"snapDist":6,"label":1}},{"type":"Feature","geometry":{"type":"Point","coordinates":[14.28444,40.851976]},"properties":{"name":"Brin","lines":"N5","arr":["N5"],"terminus":0,"mode":"bus","color":"#0059a9","colorDark":"#00294f","angle":290.4,"snapDist":5,"label":1}},{"type":"Feature","geometry":{"type":"Point","coordinates":[14.180116,40.84959]},"properties":{"name":"Padula - Montagna Spaccata","lines":"N6, R6, S3, S3A, S4A, S4B","arr":["N6","R6","S3","S3A","S4A","S4B"],"terminus":1,"mode":"bus","color":"#0059a9","colorDark":"#00294f","angle":115,"snapDist":9,"label":1}},{"type":"Feature","geometry":{"type":"Point","coordinates":[14.180412,40.851575]},"properties":{"name":"Padula - Rigoletto","lines":"N6, R6, S3, S3A, S4A, S4B","arr":["N6","R6","S3","S3A","S4A","S4B"],"terminus":0,"mode":"bus","color":"#0059a9","colorDark":"#00294f","angle":74.2,"snapDist":12,"label":1}},{"type":"Feature","geometry":{"type":"Point","coordinates":[14.180453,40.854665]},"properties":{"name":"Padula - Isituto Palasciano","lines":"N6, R6, S3, S3A, S4A, S4B","arr":["N6","R6","S3","S3A","S4A","S4B"],"terminus":0,"mode":"bus","color":"#0059a9","colorDark":"#00294f","angle":95.6,"snapDist":11,"label":1}},{"type":"Feature","geometry":{"type":"Point","coordinates":[14.180407,40.856556]},"properties":{"name":"Padula 145","lines":"N6, R6, S3, S3A, S4A, S4B","arr":["N6","R6","S3","S3A","S4A","S4B"],"terminus":0,"mode":"bus","color":"#0059a9","colorDark":"#00294f","angle":95.3,"snapDist":9,"label":1}},{"type":"Feature","geometry":{"type":"Point","coordinates":[14.180798,40.858333]},"properties":{"name":"Padula Piccola Lurdes","lines":"N6, R6, S3, S3A, S4A, S4B","arr":["N6","R6","S3","S3A","S4A","S4B"],"terminus":0,"mode":"bus","color":"#0059a9","colorDark":"#00294f","angle":100.3,"snapDist":18,"label":1}},{"type":"Feature","geometry":{"type":"Point","coordinates":[14.178993,40.860848]},"properties":{"name":"Comunale Napoli","lines":"N6, R6, S3, S3A, S4A, S4B","arr":["N6","R6","S3","S3A","S4A","S4B"],"terminus":0,"mode":"bus","color":"#0059a9","colorDark":"#00294f","angle":61.1,"snapDist":12,"label":1}},{"type":"Feature","geometry":{"type":"Point","coordinates":[14.177272,40.863058]},"properties":{"name":"San Giorgio","lines":"N6, R6, S3, S3A, S4A, S4B","arr":["N6","R6","S3","S3A","S4A","S4B"],"terminus":0,"mode":"bus","color":"#0059a9","colorDark":"#00294f","angle":50.6,"snapDist":9,"label":1}},{"type":"Feature","geometry":{"type":"Point","coordinates":[14.175588,40.862744]},"properties":{"name":"Simioli-Suore Vocazioniste","lines":"N6, R6, S3, S3A, S4A, S4B","arr":["N6","R6","S3","S3A","S4A","S4B"],"terminus":0,"mode":"bus","color":"#0059a9","colorDark":"#00294f","angle":329,"snapDist":2,"label":1}},{"type":"Feature","geometry":{"type":"Point","coordinates":[14.173339,40.862619]},"properties":{"name":"Torricelli","lines":"N6, R6, S3, S3A, S4A, S4B","arr":["N6","R6","S3","S3A","S4A","S4B"],"terminus":0,"mode":"bus","color":"#0059a9","colorDark":"#00294f","angle":61.3,"snapDist":12,"label":1}},{"type":"Feature","geometry":{"type":"Point","coordinates":[14.172479,40.861602]},"properties":{"name":"Torricelli","lines":"N6, R6, S3, S3A, S4A, S4B","arr":["N6","R6","S3","S3A","S4A","S4B"],"terminus":0,"mode":"bus","color":"#0059a9","colorDark":"#00294f","angle":238.2,"snapDist":11,"label":0}},{"type":"Feature","geometry":{"type":"Point","coordinates":[14.171192,40.859794]},"properties":{"name":"Provinciale di Napoli - Carlo I","lines":"N6, R6, S3, S3A, S4A, S4B","arr":["N6","R6","S3","S3A","S4A","S4B"],"terminus":0,"mode":"bus","color":"#0059a9","colorDark":"#00294f","angle":285.2,"snapDist":1,"label":1}},{"type":"Feature","geometry":{"type":"Point","coordinates":[14.17045,40.858332]},"properties":{"name":"Provinciale di Napoli - Catena","lines":"N6, R6, S3, S3A, S4A, S4B","arr":["N6","R6","S3","S3A","S4A","S4B"],"terminus":0,"mode":"bus","color":"#0059a9","colorDark":"#00294f","angle":274.7,"snapDist":0,"label":1}},{"type":"Feature","geometry":{"type":"Point","coordinates":[14.221394,40.864367]},"properties":{"name":"Pansini","lines":"NL1","arr":["NL1"],"terminus":1,"mode":"bus","color":"#0059a9","colorDark":"#00294f","angle":285.4,"snapDist":1,"label":1}},{"type":"Feature","geometry":{"type":"Point","coordinates":[14.280374,40.845764]},"properties":{"name":"Volta - Brin","lines":"R2","arr":["R2"],"terminus":1,"mode":"bus","color":"#0059a9","colorDark":"#00294f","angle":2.3,"snapDist":1,"label":1}},{"type":"Feature","geometry":{"type":"Point","coordinates":[14.25321,40.90021]},"properties":{"name":"Napoli - Roma verso Scampia","lines":"R5","arr":["R5"],"terminus":0,"mode":"bus","color":"#0059a9","colorDark":"#00294f","angle":50.3,"snapDist":3,"label":1}},{"type":"Feature","geometry":{"type":"Point","coordinates":[14.249606,40.903508]},"properties":{"name":"Napoli - Roma verso Scampia","lines":"R5","arr":["R5"],"terminus":0,"mode":"bus","color":"#0059a9","colorDark":"#00294f","angle":50.1,"snapDist":8,"label":1}},{"type":"Feature","geometry":{"type":"Point","coordinates":[14.247178,40.905707]},"properties":{"name":"Napoli - Roma verso Scampia","lines":"R5","arr":["R5"],"terminus":0,"mode":"bus","color":"#0059a9","colorDark":"#00294f","angle":50.1,"snapDist":10,"label":1}},{"type":"Feature","geometry":{"type":"Point","coordinates":[14.244322,40.907299]},"properties":{"name":"Baku-Poste","lines":"R5","arr":["R5"],"terminus":0,"mode":"bus","color":"#0059a9","colorDark":"#00294f","angle":309.4,"snapDist":9,"label":1}},{"type":"Feature","geometry":{"type":"Point","coordinates":[14.242531,40.902691]},"properties":{"name":"Ghisleri - Centro Sociale Buon Pastore","lines":"R5","arr":["R5"],"terminus":0,"mode":"bus","color":"#0059a9","colorDark":"#00294f","angle":222,"snapDist":4,"label":1}},{"type":"Feature","geometry":{"type":"Point","coordinates":[14.244576,40.901283]},"properties":{"name":"Ghisleri - Mercatino Rionale","lines":"R5","arr":["R5"],"terminus":0,"mode":"bus","color":"#0059a9","colorDark":"#00294f","angle":221.1,"snapDist":7,"label":1}},{"type":"Feature","geometry":{"type":"Point","coordinates":[14.245849,40.900528]},"properties":{"name":"Ghisleri - Ist. Pertini","lines":"R5","arr":["R5"],"terminus":0,"mode":"bus","color":"#0059a9","colorDark":"#00294f","angle":215.5,"snapDist":8,"label":1}},{"type":"Feature","geometry":{"type":"Point","coordinates":[14.247548,40.899611]},"properties":{"name":"Ghisleri - Parco delle Palme Isol. 5","lines":"R5","arr":["R5"],"terminus":0,"mode":"bus","color":"#0059a9","colorDark":"#00294f","angle":215.5,"snapDist":4,"label":1}},{"type":"Feature","geometry":{"type":"Point","coordinates":[14.250153,40.898269]},"properties":{"name":"Ghisleri - Parco delle Palme Isol. 6","lines":"R5","arr":["R5"],"terminus":0,"mode":"bus","color":"#0059a9","colorDark":"#00294f","angle":216,"snapDist":5,"label":1}},{"type":"Feature","geometry":{"type":"Point","coordinates":[14.250257,40.896404]},"properties":{"name":"Ciccotti - Resistenza","lines":"R5","arr":["R5"],"terminus":0,"mode":"bus","color":"#0059a9","colorDark":"#00294f","angle":296,"snapDist":0,"label":1}},{"type":"Feature","geometry":{"type":"Point","coordinates":[14.248383,40.893339]},"properties":{"name":"Ciccotti - Labriola","lines":"R5","arr":["R5"],"terminus":0,"mode":"bus","color":"#0059a9","colorDark":"#00294f","angle":294.8,"snapDist":8,"label":1}},{"type":"Feature","geometry":{"type":"Point","coordinates":[14.246549,40.893885]},"properties":{"name":"Labriola - Parco Fiorito","lines":"R5","arr":["R5"],"terminus":0,"mode":"bus","color":"#0059a9","colorDark":"#00294f","angle":32.8,"snapDist":6,"label":0}},{"type":"Feature","geometry":{"type":"Point","coordinates":[14.248584,40.893461]},"properties":{"name":"Ciccotti - Caserma Esercito","lines":"R5","arr":["R5"],"terminus":0,"mode":"bus","color":"#0059a9","colorDark":"#00294f","angle":114.8,"snapDist":10,"label":1}},{"type":"Feature","geometry":{"type":"Point","coordinates":[14.250495,40.896551]},"properties":{"name":"Ciccotti - Resistenza","lines":"R5","arr":["R5"],"terminus":0,"mode":"bus","color":"#0059a9","colorDark":"#00294f","angle":115.8,"snapDist":8,"label":0}},{"type":"Feature","geometry":{"type":"Point","coordinates":[14.249476,40.898736]},"properties":{"name":"Ghisler I - Parco delle Palme Isol. 6","lines":"R5","arr":["R5"],"terminus":0,"mode":"bus","color":"#0059a9","colorDark":"#00294f","angle":34.6,"snapDist":5,"label":1}},{"type":"Feature","geometry":{"type":"Point","coordinates":[14.24749,40.899771]},"properties":{"name":"Ghisleri - Parco delle Palme Isol. 5","lines":"R5","arr":["R5"],"terminus":0,"mode":"bus","color":"#0059a9","colorDark":"#00294f","angle":34.6,"snapDist":5,"label":0}},{"type":"Feature","geometry":{"type":"Point","coordinates":[14.245857,40.900626]},"properties":{"name":"Ghisleri - Ist. Pertini","lines":"R5","arr":["R5"],"terminus":0,"mode":"bus","color":"#0059a9","colorDark":"#00294f","angle":35.3,"snapDist":5,"label":0}},{"type":"Feature","geometry":{"type":"Point","coordinates":[14.24436,40.901545]},"properties":{"name":"Ghisleri - Mercatino Rionale","lines":"R5","arr":["R5"],"terminus":0,"mode":"bus","color":"#0059a9","colorDark":"#00294f","angle":41.9,"snapDist":6,"label":0}},{"type":"Feature","geometry":{"type":"Point","coordinates":[14.243289,40.902279]},"properties":{"name":"Ghisleri - Centro Sociale Buon Pastore","lines":"R5","arr":["R5"],"terminus":0,"mode":"bus","color":"#0059a9","colorDark":"#00294f","angle":43.1,"snapDist":10,"label":0}},{"type":"Feature","geometry":{"type":"Point","coordinates":[14.185503,40.842864]},"properties":{"name":"Cintia-Cavone degli Sbirri","lines":"R6, S2, S3A, S4, S4B","arr":["R6","S2","S3A","S4","S4B"],"terminus":0,"mode":"bus","color":"#0059a9","colorDark":"#00294f","angle":244,"snapDist":3,"label":1}},{"type":"Feature","geometry":{"type":"Point","coordinates":[14.159559,40.817116]},"properties":{"name":"Bagnoli - la Pietra","lines":"R7","arr":["R7"],"terminus":1,"mode":"bus","color":"#0059a9","colorDark":"#00294f","angle":302.3,"snapDist":2,"label":1}},{"type":"Feature","geometry":{"type":"Point","coordinates":[14.16293,40.81531]},"properties":{"name":"Via di Pozzuoli","lines":"R7","arr":["R7"],"terminus":0,"mode":"bus","color":"#0059a9","colorDark":"#00294f","angle":211.8,"snapDist":3,"label":1}},{"type":"Feature","geometry":{"type":"Point","coordinates":[14.165871,40.813978]},"properties":{"name":"Bagnoli","lines":"R7","arr":["R7"],"terminus":0,"mode":"bus","color":"#0059a9","colorDark":"#00294f","angle":214.4,"snapDist":5,"label":1}},{"type":"Feature","geometry":{"type":"Point","coordinates":[14.176315,40.801165]},"properties":{"name":"Cattolica","lines":"R7","arr":["R7"],"terminus":0,"mode":"bus","color":"#0059a9","colorDark":"#00294f","angle":158.7,"snapDist":8,"label":1}},{"type":"Feature","geometry":{"type":"Point","coordinates":[14.18105,40.802724]},"properties":{"name":"Cattolica","lines":"R7","arr":["R7"],"terminus":0,"mode":"bus","color":"#0059a9","colorDark":"#00294f","angle":134.5,"snapDist":10,"label":1}},{"type":"Feature","geometry":{"type":"Point","coordinates":[14.187671,40.811139]},"properties":{"name":"Cattolica","lines":"R7","arr":["R7"],"terminus":0,"mode":"bus","color":"#0059a9","colorDark":"#00294f","angle":132.2,"snapDist":13,"label":1}},{"type":"Feature","geometry":{"type":"Point","coordinates":[14.188639,40.813303]},"properties":{"name":"Cattolica","lines":"R7","arr":["R7"],"terminus":0,"mode":"bus","color":"#0059a9","colorDark":"#00294f","angle":77.4,"snapDist":10,"label":1}},{"type":"Feature","geometry":{"type":"Point","coordinates":[14.187962,40.815396]},"properties":{"name":"Cavalleggeri - Campegna","lines":"R7","arr":["R7"],"terminus":0,"mode":"bus","color":"#0059a9","colorDark":"#00294f","angle":77.6,"snapDist":6,"label":1}},{"type":"Feature","geometry":{"type":"Point","coordinates":[14.187836,40.816516]},"properties":{"name":"Cavalleggeri","lines":"R7","arr":["R7"],"terminus":0,"mode":"bus","color":"#0059a9","colorDark":"#00294f","angle":87.3,"snapDist":7,"label":1}},{"type":"Feature","geometry":{"type":"Point","coordinates":[14.187696,40.818105]},"properties":{"name":"Cavalleggeri","lines":"R7","arr":["R7"],"terminus":0,"mode":"bus","color":"#0059a9","colorDark":"#00294f","angle":87.7,"snapDist":9,"label":0}},{"type":"Feature","geometry":{"type":"Point","coordinates":[14.187315,40.819176]},"properties":{"name":"Cavalleggeri - M2","lines":"R7","arr":["R7"],"terminus":0,"mode":"bus","color":"#0059a9","colorDark":"#00294f","angle":246.3,"snapDist":4,"label":1}},{"type":"Feature","geometry":{"type":"Point","coordinates":[14.187794,40.81707]},"properties":{"name":"Cavalleggeri","lines":"R7","arr":["R7"],"terminus":0,"mode":"bus","color":"#0059a9","colorDark":"#00294f","angle":266.4,"snapDist":6,"label":0}},{"type":"Feature","geometry":{"type":"Point","coordinates":[14.188041,40.815125]},"properties":{"name":"Cavalleggeri","lines":"R7","arr":["R7"],"terminus":0,"mode":"bus","color":"#0059a9","colorDark":"#00294f","angle":257.6,"snapDist":6,"label":0}},{"type":"Feature","geometry":{"type":"Point","coordinates":[14.188739,40.812963]},"properties":{"name":"Cattolica","lines":"R7","arr":["R7"],"terminus":0,"mode":"bus","color":"#0059a9","colorDark":"#00294f","angle":257.4,"snapDist":0,"label":0}},{"type":"Feature","geometry":{"type":"Point","coordinates":[14.187545,40.811034]},"properties":{"name":"Cattolica","lines":"R7","arr":["R7"],"terminus":0,"mode":"bus","color":"#0059a9","colorDark":"#00294f","angle":312.2,"snapDist":1,"label":0}},{"type":"Feature","geometry":{"type":"Point","coordinates":[14.176102,40.801102]},"properties":{"name":"Cattolica","lines":"R7","arr":["R7"],"terminus":0,"mode":"bus","color":"#0059a9","colorDark":"#00294f","angle":338.7,"snapDist":0,"label":0}},{"type":"Feature","geometry":{"type":"Point","coordinates":[14.16507,40.814335]},"properties":{"name":"Via di Pozzuoli","lines":"R7","arr":["R7"],"terminus":0,"mode":"bus","color":"#0059a9","colorDark":"#00294f","angle":30.4,"snapDist":7,"label":0}},{"type":"Feature","geometry":{"type":"Point","coordinates":[14.16242,40.81555]},"properties":{"name":"Via di Pozzuoli","lines":"R7","arr":["R7"],"terminus":0,"mode":"bus","color":"#0059a9","colorDark":"#00294f","angle":31.8,"snapDist":6,"label":0}},{"type":"Feature","geometry":{"type":"Point","coordinates":[14.192615,40.830015]},"properties":{"name":"Piazzale G.D'Annunzio - Via Claudio Scuola Politecnica delle Scienze di Base","lines":"S1","arr":["S1"],"terminus":0,"mode":"bus","color":"#0059a9","colorDark":"#00294f","angle":24.1,"snapDist":9,"label":1}},{"type":"Feature","geometry":{"type":"Point","coordinates":[14.222231,40.845186]},"properties":{"name":"Caldieri-Mascagni","lines":"S2, S5","arr":["S2","S5"],"terminus":0,"mode":"bus","color":"#0059a9","colorDark":"#00294f","angle":155,"snapDist":10,"label":1}},{"type":"Feature","geometry":{"type":"Point","coordinates":[14.18899,40.842919]},"properties":{"name":"Traiano - Tarquino Prisco","lines":"S3A","arr":["S3A"],"terminus":0,"mode":"bus","color":"#0059a9","colorDark":"#00294f","angle":191.9,"snapDist":5,"label":0}},{"type":"Feature","geometry":{"type":"Point","coordinates":[14.191254,40.842562]},"properties":{"name":"Traiano - Adriano","lines":"S3A","arr":["S3A"],"terminus":0,"mode":"bus","color":"#0059a9","colorDark":"#00294f","angle":191.5,"snapDist":6,"label":1}},{"type":"Feature","geometry":{"type":"Point","coordinates":[14.174543,40.822222]},"properties":{"name":"Terracina - Nuova Agnano","lines":"S4, S4B","arr":["S4","S4B"],"terminus":0,"mode":"bus","color":"#0059a9","colorDark":"#00294f","angle":322.7,"snapDist":5,"label":1}},{"type":"Feature","geometry":{"type":"Point","coordinates":[14.162096,40.839848]},"properties":{"name":"Agnano Astroni","lines":"S4A, S4B","arr":["S4A","S4B"],"terminus":0,"mode":"bus","color":"#0059a9","colorDark":"#00294f","angle":109.5,"snapDist":8,"label":1}},{"type":"Feature","geometry":{"type":"Point","coordinates":[14.164345,40.84271]},"properties":{"name":"Agnano Astroni","lines":"S4A, S4B","arr":["S4A","S4B"],"terminus":0,"mode":"bus","color":"#0059a9","colorDark":"#00294f","angle":101.6,"snapDist":16,"label":1}},{"type":"Feature","geometry":{"type":"Point","coordinates":[14.162566,40.851198]},"properties":{"name":"Nuova Sartania","lines":"S4A, S4B","arr":["S4A","S4B"],"terminus":0,"mode":"bus","color":"#0059a9","colorDark":"#00294f","angle":138.4,"snapDist":1,"label":1}},{"type":"Feature","geometry":{"type":"Point","coordinates":[14.248545,40.859372]},"properties":{"name":"Sanità ASC","lines":"SANITA","arr":["SANITA"],"terminus":1,"mode":"bus","color":"#0059a9","colorDark":"#00294f","angle":343.3,"snapDist":4,"label":1}},{"type":"Feature","geometry":{"type":"Point","coordinates":[14.248446,40.85935]},"properties":{"name":"Sanità ASC1","lines":"SANITA","arr":["SANITA"],"terminus":1,"mode":"bus","color":"#0059a9","colorDark":"#00294f","angle":343.3,"snapDist":3,"label":1}},{"type":"Feature","geometry":{"type":"Point","coordinates":[14.244686,40.849097]},"properties":{"name":"Venta ASC","lines":"VENTA","arr":["VENTA"],"terminus":1,"mode":"bus","color":"#0059a9","colorDark":"#00294f","angle":211,"snapDist":2,"label":1}},{"type":"Feature","geometry":{"type":"Point","coordinates":[14.245366,40.849087]},"properties":{"name":"Venta ASC1","lines":"VENTA","arr":["VENTA"],"terminus":1,"mode":"bus","color":"#0059a9","colorDark":"#00294f","angle":-39.7,"snapDist":21,"label":1}},{"type":"Feature","geometry":{"type":"Point","coordinates":[14.30534,40.834018]},"properties":{"name":"San Giovanni a Teduccio - Deposito A.N.M.","lines":"412, 421, 422","arr":["412","421","422"],"terminus":1,"mode":"tram","color":"#d6212b","colorDark":"#7c1116","angle":44.2,"snapDist":1,"label":1}},{"type":"Feature","geometry":{"type":"Point","coordinates":[14.305212,40.834112]},"properties":{"name":"S.Giovanni a Teduccio - Dep. ANM","lines":"412, 421, 422","arr":["412","421","422"],"terminus":0,"mode":"tram","color":"#d6212b","colorDark":"#7c1116","angle":44.2,"snapDist":37,"label":1}},{"type":"Feature","geometry":{"type":"Point","coordinates":[14.303635,40.835574]},"properties":{"name":"S.Giovanni a Teduccio - Sperone","lines":"412, 421, 422","arr":["412","421","422"],"terminus":0,"mode":"tram","color":"#d6212b","colorDark":"#7c1116","angle":43.6,"snapDist":14,"label":1}},{"type":"Feature","geometry":{"type":"Point","coordinates":[14.30089,40.837496]},"properties":{"name":"S.Giovanni a Teducci - Tartarone","lines":"412, 421, 422","arr":["412","421","422"],"terminus":0,"mode":"tram","color":"#d6212b","colorDark":"#7c1116","angle":34.1,"snapDist":6,"label":1}},{"type":"Feature","geometry":{"type":"Point","coordinates":[14.298908,40.838503]},"properties":{"name":"Ponte dei Francesi - Pazzigno","lines":"412, 421, 422","arr":["412","421","422"],"terminus":0,"mode":"tram","color":"#d6212b","colorDark":"#7c1116","angle":32.5,"snapDist":5,"label":1}},{"type":"Feature","geometry":{"type":"Point","coordinates":[14.290516,40.841418]},"properties":{"name":"Ponte dei Granili-sottopasso","lines":"412, 421, 422","arr":["412","421","422"],"terminus":0,"mode":"tram","color":"#d6212b","colorDark":"#7c1116","angle":26.2,"snapDist":3,"label":1}},{"type":"Feature","geometry":{"type":"Point","coordinates":[14.288105,40.842317]},"properties":{"name":"Reggia di Portici - Aciief Scuola Formazione","lines":"412, 421, 422","arr":["412","421","422"],"terminus":0,"mode":"tram","color":"#d6212b","colorDark":"#7c1116","angle":26.3,"snapDist":3,"label":1}},{"type":"Feature","geometry":{"type":"Point","coordinates":[14.28611,40.842981]},"properties":{"name":"Reggia di Portici-Gianturco","lines":"412, 421, 422","arr":["412","421","422"],"terminus":0,"mode":"tram","color":"#d6212b","colorDark":"#7c1116","angle":23.4,"snapDist":5,"label":1}},{"type":"Feature","geometry":{"type":"Point","coordinates":[14.282314,40.844679]},"properties":{"name":"Volta - Brin","lines":"412, 421, 422","arr":["412","421","422"],"terminus":0,"mode":"tram","color":"#d6212b","colorDark":"#7c1116","angle":30.2,"snapDist":8,"label":1}},{"type":"Feature","geometry":{"type":"Point","coordinates":[14.280061,40.845672]},"properties":{"name":"A.Volta-Parcheggio Brin","lines":"412, 421, 422","arr":["412","421","422"],"terminus":0,"mode":"tram","color":"#d6212b","colorDark":"#7c1116","angle":30.1,"snapDist":6,"label":1}},{"type":"Feature","geometry":{"type":"Point","coordinates":[14.276606,40.84671]},"properties":{"name":"Vespucci - Lucci","lines":"412, 421, 422","arr":["412","421","422"],"terminus":0,"mode":"tram","color":"#d6212b","colorDark":"#7c1116","angle":360,"snapDist":5,"label":1}},{"type":"Feature","geometry":{"type":"Point","coordinates":[14.268705,40.849174]},"properties":{"name":"Garibaldi - Circumvesuviana","lines":"412, 421, 422","arr":["412","421","422"],"terminus":0,"mode":"tram","color":"#d6212b","colorDark":"#7c1116","angle":82.4,"snapDist":4,"label":1}},{"type":"Feature","geometry":{"type":"Point","coordinates":[14.268276,40.851638]},"properties":{"name":"Garibaldi","lines":"412, 421, 422","arr":["412","421","422"],"terminus":0,"mode":"tram","color":"#d6212b","colorDark":"#7c1116","angle":82.6,"snapDist":6,"label":1}},{"type":"Feature","geometry":{"type":"Point","coordinates":[14.267787,40.854033]},"properties":{"name":"Garibaldi - Principe Umberto","lines":"412, 421, 422","arr":["412","421","422"],"terminus":0,"mode":"tram","color":"#d6212b","colorDark":"#7c1116","angle":74.9,"snapDist":6,"label":1}},{"type":"Feature","geometry":{"type":"Point","coordinates":[14.268436,40.85577]},"properties":{"name":"Casanova","lines":"412, 421, 422","arr":["412","421","422"],"terminus":0,"mode":"tram","color":"#d6212b","colorDark":"#7c1116","angle":148.1,"snapDist":8,"label":1}},{"type":"Feature","geometry":{"type":"Point","coordinates":[14.270456,40.856748]},"properties":{"name":"Casanova - Novara","lines":"412, 421, 422","arr":["412","421","422"],"terminus":0,"mode":"tram","color":"#d6212b","colorDark":"#7c1116","angle":147.3,"snapDist":6,"label":1}},{"type":"Feature","geometry":{"type":"Point","coordinates":[14.273971,40.858594]},"properties":{"name":"Piazza Nazionale","lines":"412, 421","arr":["412","421"],"terminus":0,"mode":"tram","color":"#d6212b","colorDark":"#7c1116","angle":172.7,"snapDist":4,"label":1}},{"type":"Feature","geometry":{"type":"Point","coordinates":[14.275916,40.859388]},"properties":{"name":"Nuova Poggioreale - Malta","lines":"412, 421","arr":["412","421"],"terminus":0,"mode":"tram","color":"#d6212b","colorDark":"#7c1116","angle":147.3,"snapDist":6,"label":1}},{"type":"Feature","geometry":{"type":"Point","coordinates":[14.280771,40.861685]},"properties":{"name":"Nuova Poggioreale - Biscardi","lines":"412, 421","arr":["412","421"],"terminus":0,"mode":"tram","color":"#d6212b","colorDark":"#7c1116","angle":148.6,"snapDist":7,"label":1}},{"type":"Feature","geometry":{"type":"Point","coordinates":[14.283876,40.8632]},"properties":{"name":"Nuova Poggioreale","lines":"412, 421","arr":["412","421"],"terminus":0,"mode":"tram","color":"#d6212b","colorDark":"#7c1116","angle":147.7,"snapDist":7,"label":1}},{"type":"Feature","geometry":{"type":"Point","coordinates":[14.287614,40.86498]},"properties":{"name":"Nuova Poggioreale - Caramanico","lines":"412, 421","arr":["412","421"],"terminus":0,"mode":"tram","color":"#d6212b","colorDark":"#7c1116","angle":148.3,"snapDist":6,"label":1}},{"type":"Feature","geometry":{"type":"Point","coordinates":[14.290798,40.866496]},"properties":{"name":"Poggioreale","lines":"412, 421","arr":["412","421"],"terminus":1,"mode":"tram","color":"#d6212b","colorDark":"#7c1116","angle":147.8,"snapDist":22,"label":1}},{"type":"Feature","geometry":{"type":"Point","coordinates":[14.290561,40.866383]},"properties":{"name":"Nuova Poggioreale","lines":"412, 421","arr":["412","421"],"terminus":0,"mode":"tram","color":"#d6212b","colorDark":"#7c1116","angle":327.8,"snapDist":1,"label":1}},{"type":"Feature","geometry":{"type":"Point","coordinates":[14.288253,40.865282]},"properties":{"name":"Nuova Poggioreale - Caramanico","lines":"412, 421","arr":["412","421"],"terminus":0,"mode":"tram","color":"#d6212b","colorDark":"#7c1116","angle":327.8,"snapDist":2,"label":0}},{"type":"Feature","geometry":{"type":"Point","coordinates":[14.286142,40.864281]},"properties":{"name":"Nuova Poggioreale","lines":"412, 421","arr":["412","421"],"terminus":0,"mode":"tram","color":"#d6212b","colorDark":"#7c1116","angle":327.8,"snapDist":0,"label":1}},{"type":"Feature","geometry":{"type":"Point","coordinates":[14.281506,40.862037]},"properties":{"name":"Nuova Poggioreale - Biscardi","lines":"412, 421","arr":["412","421"],"terminus":0,"mode":"tram","color":"#d6212b","colorDark":"#7c1116","angle":327,"snapDist":4,"label":0}},{"type":"Feature","geometry":{"type":"Point","coordinates":[14.276964,40.859877]},"properties":{"name":"Nuova Poggioreale - Malta","lines":"412, 421","arr":["412","421"],"terminus":0,"mode":"tram","color":"#d6212b","colorDark":"#7c1116","angle":327.9,"snapDist":1,"label":0}},{"type":"Feature","geometry":{"type":"Point","coordinates":[14.27381,40.858579]},"properties":{"name":"Piazza Nazionale","lines":"412, 421","arr":["412","421"],"terminus":0,"mode":"tram","color":"#d6212b","colorDark":"#7c1116","angle":352.7,"snapDist":18,"label":0}},{"type":"Feature","geometry":{"type":"Point","coordinates":[14.267823,40.85383]},"properties":{"name":"Principe Umberto","lines":"412, 421, 422","arr":["412","421","422"],"terminus":0,"mode":"tram","color":"#d6212b","colorDark":"#7c1116","angle":254,"snapDist":1,"label":1}},{"type":"Feature","geometry":{"type":"Point","coordinates":[14.268096,40.852463]},"properties":{"name":"Garibaldi - Umberto I","lines":"412, 421, 422","arr":["412","421","422"],"terminus":0,"mode":"tram","color":"#d6212b","colorDark":"#7c1116","angle":262.9,"snapDist":1,"label":1}},{"type":"Feature","geometry":{"type":"Point","coordinates":[14.268724,40.8488]},"properties":{"name":"Garibaldi - Circumvesuviana","lines":"412, 421, 422","arr":["412","421","422"],"terminus":0,"mode":"tram","color":"#d6212b","colorDark":"#7c1116","angle":262.1,"snapDist":0,"label":0}},{"type":"Feature","geometry":{"type":"Point","coordinates":[14.267618,40.846173]},"properties":{"name":"Marina - Mercato","lines":"412, 421","arr":["412","421"],"terminus":0,"mode":"tram","color":"#d6212b","colorDark":"#7c1116","angle":355.5,"snapDist":3,"label":1}},{"type":"Feature","geometry":{"type":"Point","coordinates":[14.263124,40.845757]},"properties":{"name":"Marina - Duomo","lines":"412, 421","arr":["412","421"],"terminus":0,"mode":"tram","color":"#d6212b","colorDark":"#7c1116","angle":347.6,"snapDist":5,"label":1}},{"type":"Feature","geometry":{"type":"Point","coordinates":[14.259692,40.844491]},"properties":{"name":"Marina - Orefici","lines":"412, 421","arr":["412","421"],"terminus":0,"mode":"tram","color":"#d6212b","colorDark":"#7c1116","angle":320.3,"snapDist":3,"label":1}},{"type":"Feature","geometry":{"type":"Point","coordinates":[14.258426,40.843572]},"properties":{"name":"Marina - Porta di Massa","lines":"412, 421","arr":["412","421"],"terminus":0,"mode":"tram","color":"#d6212b","colorDark":"#7c1116","angle":309.2,"snapDist":3,"label":1}},{"type":"Feature","geometry":{"type":"Point","coordinates":[14.256847,40.841594]},"properties":{"name":"Colombo - de Gasperi","lines":"412, 421","arr":["412","421"],"terminus":0,"mode":"tram","color":"#d6212b","colorDark":"#7c1116","angle":300.4,"snapDist":1,"label":1}},{"type":"Feature","geometry":{"type":"Point","coordinates":[14.255406,40.839739]},"properties":{"name":"Colombo-Porto (Capolinea Linea 1-4)","lines":"412, 421","arr":["412","421"],"terminus":0,"mode":"tram","color":"#d6212b","colorDark":"#7c1116","angle":300.6,"snapDist":3,"label":1}},{"type":"Feature","geometry":{"type":"Point","coordinates":[14.25691,40.841675]},"properties":{"name":"Colombo-de Gasperi","lines":"412, 421","arr":["412","421"],"terminus":0,"mode":"tram","color":"#d6212b","colorDark":"#7c1116","angle":300.7,"snapDist":4,"label":1}},{"type":"Feature","geometry":{"type":"Point","coordinates":[14.259801,40.84456]},"properties":{"name":"Marina - Orefici","lines":"412, 421","arr":["412","421"],"terminus":0,"mode":"tram","color":"#d6212b","colorDark":"#7c1116","angle":140.3,"snapDist":5,"label":0}},{"type":"Feature","geometry":{"type":"Point","coordinates":[14.263169,40.845764]},"properties":{"name":"Marina - Duomo","lines":"412, 421","arr":["412","421"],"terminus":0,"mode":"tram","color":"#d6212b","colorDark":"#7c1116","angle":167.6,"snapDist":4,"label":0}},{"type":"Feature","geometry":{"type":"Point","coordinates":[14.267776,40.846182]},"properties":{"name":"Marina - Torre Aragonese","lines":"412, 421","arr":["412","421"],"terminus":0,"mode":"tram","color":"#d6212b","colorDark":"#7c1116","angle":354.9,"snapDist":3,"label":1}},{"type":"Feature","geometry":{"type":"Point","coordinates":[14.27304,40.846535]},"properties":{"name":"Vespucci - Ospedale Loreto Mare","lines":"412, 421, 422","arr":["412","421","422"],"terminus":0,"mode":"tram","color":"#d6212b","colorDark":"#7c1116","angle":175.1,"snapDist":3,"label":1}},{"type":"Feature","geometry":{"type":"Point","coordinates":[14.275327,40.846678]},"properties":{"name":"Vespucci","lines":"412, 421, 422","arr":["412","421","422"],"terminus":0,"mode":"tram","color":"#d6212b","colorDark":"#7c1116","angle":175.9,"snapDist":4,"label":1}},{"type":"Feature","geometry":{"type":"Point","coordinates":[14.278149,40.84645]},"properties":{"name":"Volta - Lucci","lines":"412, 421, 422","arr":["412","421","422"],"terminus":0,"mode":"tram","color":"#d6212b","colorDark":"#7c1116","angle":203.4,"snapDist":0,"label":1}},{"type":"Feature","geometry":{"type":"Point","coordinates":[14.280699,40.845391]},"properties":{"name":"Volta - Brin","lines":"412, 421, 422","arr":["412","421","422"],"terminus":0,"mode":"tram","color":"#d6212b","colorDark":"#7c1116","angle":210.3,"snapDist":0,"label":0}},{"type":"Feature","geometry":{"type":"Point","coordinates":[14.282402,40.84464]},"properties":{"name":"Volta - S.Erasmo","lines":"412, 421, 422","arr":["412","421","422"],"terminus":0,"mode":"tram","color":"#d6212b","colorDark":"#7c1116","angle":210.2,"snapDist":0,"label":1}},{"type":"Feature","geometry":{"type":"Point","coordinates":[14.285114,40.843388]},"properties":{"name":"Reggia di Portici-Gianturco","lines":"412, 421, 422","arr":["412","421","422"],"terminus":0,"mode":"tram","color":"#d6212b","colorDark":"#7c1116","angle":211.1,"snapDist":2,"label":0}},{"type":"Feature","geometry":{"type":"Point","coordinates":[14.288243,40.842266]},"properties":{"name":"Reggia di Portici-Ingr.autostrada - Aciief Scuola Formazione","lines":"412, 421, 422","arr":["412","421","422"],"terminus":0,"mode":"tram","color":"#d6212b","colorDark":"#7c1116","angle":206.3,"snapDist":1,"label":1}},{"type":"Feature","geometry":{"type":"Point","coordinates":[14.291018,40.841231]},"properties":{"name":"Ponte dei Granili-sottopasso","lines":"412, 421, 422","arr":["412","421","422"],"terminus":0,"mode":"tram","color":"#d6212b","colorDark":"#7c1116","angle":206.1,"snapDist":2,"label":0}},{"type":"Feature","geometry":{"type":"Point","coordinates":[14.293981,40.840206]},"properties":{"name":"Ponte dei Francesi","lines":"412, 421, 422","arr":["412","421","422"],"terminus":0,"mode":"tram","color":"#d6212b","colorDark":"#7c1116","angle":205.6,"snapDist":5,"label":1}},{"type":"Feature","geometry":{"type":"Point","coordinates":[14.303464,40.835697]},"properties":{"name":"S.Giovanni a Teduccio - Sperone","lines":"412, 421, 422","arr":["412","421","422"],"terminus":0,"mode":"tram","color":"#d6212b","colorDark":"#7c1116","angle":223.6,"snapDist":2,"label":0}},{"type":"Feature","geometry":{"type":"Point","coordinates":[14.270347,40.846356]},"properties":{"name":"Vespucci - Garibaldi","lines":"421, 422","arr":["421","422"],"terminus":0,"mode":"tram","color":"#d6212b","colorDark":"#7c1116","angle":174.8,"snapDist":2,"label":1}},{"type":"Feature","geometry":{"type":"Point","coordinates":[14.27286,40.857971]},"properties":{"name":"Nazionale","lines":"422","arr":["422"],"terminus":1,"mode":"tram","color":"#d6212b","colorDark":"#7c1116","angle":114.9,"snapDist":86,"label":1}},{"type":"Feature","geometry":{"type":"Point","coordinates":[14.240191,40.892776]},"properties":{"name":"Piscinola","lines":"L1","arr":["L1"],"terminus":1,"mode":"tram","color":"#F8E414","colorDark":"#887d0b","angle":0,"metro":1,"snapDist":9,"label":1}},{"type":"Feature","geometry":{"type":"Point","coordinates":[14.223651,40.890933]},"properties":{"name":"Chiaiano","lines":"L1","arr":["L1"],"terminus":0,"mode":"tram","color":"#F8E414","colorDark":"#887d0b","angle":0,"metro":1,"snapDist":9,"label":1}},{"type":"Feature","geometry":{"type":"Point","coordinates":[14.230843,40.880763]},"properties":{"name":"Frullone","lines":"L1","arr":["L1"],"terminus":0,"mode":"tram","color":"#F8E414","colorDark":"#887d0b","angle":0,"metro":1,"snapDist":8,"label":1}},{"type":"Feature","geometry":{"type":"Point","coordinates":[14.228721,40.869978]},"properties":{"name":"Colli Aminei","lines":"L1","arr":["L1"],"terminus":0,"mode":"tram","color":"#F8E414","colorDark":"#887d0b","angle":0,"metro":1,"snapDist":37,"label":1}},{"type":"Feature","geometry":{"type":"Point","coordinates":[14.221588,40.866083]},"properties":{"name":"Policlinico","lines":"L1","arr":["L1"],"terminus":0,"mode":"tram","color":"#F8E414","colorDark":"#887d0b","angle":0,"metro":1,"snapDist":47,"label":1}},{"type":"Feature","geometry":{"type":"Point","coordinates":[14.22,40.860872]},"properties":{"name":"Rione Alto","lines":"L1","arr":["L1"],"terminus":0,"mode":"tram","color":"#F8E414","colorDark":"#887d0b","angle":0,"metro":1,"snapDist":2,"label":1}},{"type":"Feature","geometry":{"type":"Point","coordinates":[14.223945,40.855841]},"properties":{"name":"Montedonzelli","lines":"L1","arr":["L1"],"terminus":0,"mode":"tram","color":"#F8E414","colorDark":"#887d0b","angle":0,"metro":1,"snapDist":27,"label":1}},{"type":"Feature","geometry":{"type":"Point","coordinates":[14.230787,40.850516]},"properties":{"name":"Medaglie D'Oro","lines":"L1","arr":["L1"],"terminus":0,"mode":"tram","color":"#F8E414","colorDark":"#887d0b","angle":0,"metro":1,"snapDist":14,"label":1}},{"type":"Feature","geometry":{"type":"Point","coordinates":[14.231728,40.843834]},"properties":{"name":"Vanvitelli","lines":"L1","arr":["L1"],"terminus":0,"mode":"tram","color":"#F8E414","colorDark":"#887d0b","angle":0,"metro":1,"snapDist":7,"label":1}},{"type":"Feature","geometry":{"type":"Point","coordinates":[14.225311,40.846358]},"properties":{"name":"Quattro Giornate","lines":"L1","arr":["L1"],"terminus":0,"mode":"tram","color":"#F8E414","colorDark":"#887d0b","angle":0,"metro":1,"snapDist":4,"label":1}},{"type":"Feature","geometry":{"type":"Point","coordinates":[14.236178,40.851274]},"properties":{"name":"S. Rosa","lines":"L1","arr":["L1"],"terminus":0,"mode":"tram","color":"#F8E414","colorDark":"#887d0b","angle":0,"metro":1,"snapDist":27,"label":1}},{"type":"Feature","geometry":{"type":"Point","coordinates":[14.242751,40.855555]},"properties":{"name":"Materdei","lines":"L1","arr":["L1"],"terminus":0,"mode":"tram","color":"#F8E414","colorDark":"#887d0b","angle":0,"metro":1,"snapDist":29,"label":1}},{"type":"Feature","geometry":{"type":"Point","coordinates":[14.251888,40.853446]},"properties":{"name":"Museo","lines":"L1","arr":["L1"],"terminus":0,"mode":"tram","color":"#F8E414","colorDark":"#887d0b","angle":0,"metro":1,"snapDist":45,"label":1}},{"type":"Feature","geometry":{"type":"Point","coordinates":[14.25006,40.848554]},"properties":{"name":"Dante","lines":"L1","arr":["L1"],"terminus":0,"mode":"tram","color":"#F8E414","colorDark":"#887d0b","angle":0,"metro":1,"snapDist":11,"label":1}},{"type":"Feature","geometry":{"type":"Point","coordinates":[14.24897,40.842767]},"properties":{"name":"Toledo","lines":"L1","arr":["L1"],"terminus":0,"mode":"tram","color":"#F8E414","colorDark":"#887d0b","angle":0,"metro":1,"snapDist":102,"label":1}},{"type":"Feature","geometry":{"type":"Point","coordinates":[14.253241,40.839669]},"properties":{"name":"Municipio","lines":"L1, L6","arr":["L1","L6"],"terminus":1,"mode":"tram","color":"#7d2b8b","colorDark":"#45164e","angle":0,"metro":1,"snapDist":58,"label":1}},{"type":"Feature","geometry":{"type":"Point","coordinates":[14.25537,40.843353]},"properties":{"name":"Università","lines":"L1","arr":["L1"],"terminus":0,"mode":"tram","color":"#F8E414","colorDark":"#887d0b","angle":0,"metro":1,"snapDist":28,"label":1}},{"type":"Feature","geometry":{"type":"Point","coordinates":[14.261723,40.847626]},"properties":{"name":"Duomo","lines":"L1","arr":["L1"],"terminus":0,"mode":"tram","color":"#F8E414","colorDark":"#887d0b","angle":0,"metro":1,"snapDist":2,"label":1}},{"type":"Feature","geometry":{"type":"Point","coordinates":[14.272618,40.851837]},"properties":{"name":"Garibaldi","lines":"L1","arr":["L1"],"terminus":0,"mode":"tram","color":"#F8E414","colorDark":"#887d0b","angle":0,"metro":1,"snapDist":40,"label":1}},{"type":"Feature","geometry":{"type":"Point","coordinates":[14.281629,40.857885]},"properties":{"name":"Centro Direzionale","lines":"L1","arr":["L1"],"terminus":0,"mode":"tram","color":"#F8E414","colorDark":"#887d0b","angle":0,"metro":1,"snapDist":45,"label":1}},{"type":"Feature","geometry":{"type":"Point","coordinates":[14.193676,40.824335]},"properties":{"name":"Mostra","lines":"L6","arr":["L6"],"terminus":1,"mode":"tram","color":"#179ED6","colorDark":"#0d5776","angle":0,"metro":1,"snapDist":11,"label":1}},{"type":"Feature","geometry":{"type":"Point","coordinates":[14.198332,40.826106]},"properties":{"name":"Augusto","lines":"L6","arr":["L6"],"terminus":0,"mode":"tram","color":"#179ED6","colorDark":"#0d5776","angle":0,"metro":1,"snapDist":12,"label":1}},{"type":"Feature","geometry":{"type":"Point","coordinates":[14.20464,40.826814]},"properties":{"name":"Lala","lines":"L6","arr":["L6"],"terminus":0,"mode":"tram","color":"#179ED6","colorDark":"#0d5776","angle":0,"metro":1,"snapDist":7,"label":1}},{"type":"Feature","geometry":{"type":"Point","coordinates":[14.219038,40.830806]},"properties":{"name":"Mergellina","lines":"L6","arr":["L6"],"terminus":0,"mode":"tram","color":"#179ED6","colorDark":"#0d5776","angle":0,"metro":1,"snapDist":3,"label":1}},{"type":"Feature","geometry":{"type":"Point","coordinates":[14.229885,40.833138]},"properties":{"name":"Arco Mirelli","lines":"L6","arr":["L6"],"terminus":0,"mode":"tram","color":"#179ED6","colorDark":"#0d5776","angle":0,"metro":1,"snapDist":187,"label":1}},{"type":"Feature","geometry":{"type":"Point","coordinates":[14.239033,40.832747]},"properties":{"name":"San Pasquale","lines":"L6","arr":["L6"],"terminus":0,"mode":"tram","color":"#179ED6","colorDark":"#0d5776","angle":0,"metro":1,"snapDist":50,"label":1}},{"type":"Feature","geometry":{"type":"Point","coordinates":[14.246642,40.836525]},"properties":{"name":"Chiaia","lines":"L6","arr":["L6"],"terminus":0,"mode":"tram","color":"#179ED6","colorDark":"#0d5776","angle":0,"metro":1,"snapDist":155,"label":1}},{"type":"Feature","geometry":{"type":"Point","coordinates":[14.307029,40.831996]},"properties":{"name":"San Giovanni - Barra","lines":"L2","arr":["L2"],"terminus":1,"mode":"tram","color":"#4E78BA","colorDark":"#2b4266","angle":0,"metro":1,"snapDist":45,"label":1}},{"type":"Feature","geometry":{"type":"Point","coordinates":[14.287351,40.854012]},"properties":{"name":"Gianturco","lines":"L2","arr":["L2"],"terminus":0,"mode":"tram","color":"#4E78BA","colorDark":"#2b4266","angle":0,"metro":1,"snapDist":15,"label":1}},{"type":"Feature","geometry":{"type":"Point","coordinates":[14.27252,40.852602]},"properties":{"name":"Piazza Garibaldi","lines":"L2","arr":["L2"],"terminus":0,"mode":"tram","color":"#4E78BA","colorDark":"#2b4266","angle":0,"metro":1,"snapDist":7,"label":1}},{"type":"Feature","geometry":{"type":"Point","coordinates":[14.254905,40.855299]},"properties":{"name":"Cavour","lines":"L2","arr":["L2"],"terminus":0,"mode":"tram","color":"#4E78BA","colorDark":"#2b4266","angle":0,"metro":1,"snapDist":20,"label":1}},{"type":"Feature","geometry":{"type":"Point","coordinates":[14.243986,40.847744]},"properties":{"name":"Montesanto","lines":"L2","arr":["L2"],"terminus":0,"mode":"tram","color":"#4E78BA","colorDark":"#2b4266","angle":0,"metro":1,"snapDist":29,"label":1}},{"type":"Feature","geometry":{"type":"Point","coordinates":[14.232,40.838364]},"properties":{"name":"Amedeo","lines":"L2","arr":["L2"],"terminus":0,"mode":"tram","color":"#4E78BA","colorDark":"#2b4266","angle":0,"metro":1,"snapDist":32,"label":1}},{"type":"Feature","geometry":{"type":"Point","coordinates":[14.218701,40.831432]},"properties":{"name":"Mergellina","lines":"L2","arr":["L2"],"terminus":0,"mode":"tram","color":"#4E78BA","colorDark":"#2b4266","angle":0,"metro":1,"snapDist":23,"label":1}},{"type":"Feature","geometry":{"type":"Point","coordinates":[14.200149,40.824107]},"properties":{"name":"Leopardi","lines":"L2","arr":["L2"],"terminus":0,"mode":"tram","color":"#4E78BA","colorDark":"#2b4266","angle":0,"metro":1,"snapDist":10,"label":1}},{"type":"Feature","geometry":{"type":"Point","coordinates":[14.194744,40.822308]},"properties":{"name":"Campi Flegrei","lines":"L2","arr":["L2"],"terminus":0,"mode":"tram","color":"#4E78BA","colorDark":"#2b4266","angle":0,"metro":1,"snapDist":8,"label":1}},{"type":"Feature","geometry":{"type":"Point","coordinates":[14.18676,40.819512]},"properties":{"name":"Cavalleggeri Aosta","lines":"L2","arr":["L2"],"terminus":0,"mode":"tram","color":"#4E78BA","colorDark":"#2b4266","angle":0,"metro":1,"snapDist":18,"label":1}},{"type":"Feature","geometry":{"type":"Point","coordinates":[14.166834,40.819418]},"properties":{"name":"Bagnoli","lines":"L2","arr":["L2"],"terminus":0,"mode":"tram","color":"#4E78BA","colorDark":"#2b4266","angle":0,"metro":1,"snapDist":36,"label":1}},{"type":"Feature","geometry":{"type":"Point","coordinates":[14.125587,40.827971]},"properties":{"name":"Pozzuoli","lines":"L2","arr":["L2"],"terminus":1,"mode":"tram","color":"#4E78BA","colorDark":"#2b4266","angle":0,"metro":1,"snapDist":22,"label":1}},{"type":"Feature","geometry":{"type":"Point","coordinates":[14.234698,40.83812]},"properties":{"name":"Parco Margherita","lines":"F1","arr":["F1"],"terminus":1,"mode":"tram","color":"#F89329","colorDark":"#885117","angle":0,"metro":1,"snapDist":19,"label":1}},{"type":"Feature","geometry":{"type":"Point","coordinates":[14.239161,40.84115]},"properties":{"name":"Corso V. Emanuele","lines":"F1, F3","arr":["F1","F3"],"terminus":0,"mode":"tram","color":"#F89329","colorDark":"#885117","angle":0,"metro":1,"snapDist":192,"label":1}},{"type":"Feature","geometry":{"type":"Point","coordinates":[14.232776,40.841186]},"properties":{"name":"Palazzolo","lines":"F1","arr":["F1"],"terminus":0,"mode":"tram","color":"#F89329","colorDark":"#885117","angle":0,"metro":1,"snapDist":0,"label":1}},{"type":"Feature","geometry":{"type":"Point","coordinates":[14.232023,40.842323]},"properties":{"name":"Cimarosa","lines":"F1","arr":["F1"],"terminus":1,"mode":"tram","color":"#F89329","colorDark":"#885117","angle":0,"metro":1,"snapDist":13,"label":1}},{"type":"Feature","geometry":{"type":"Point","coordinates":[14.247618,40.838959]},"properties":{"name":"Augusteo","lines":"F3","arr":["F3"],"terminus":1,"mode":"tram","color":"#F89329","colorDark":"#885117","angle":0,"metro":1,"snapDist":15,"label":1}},{"type":"Feature","geometry":{"type":"Point","coordinates":[14.238748,40.841257]},"properties":{"name":"Petraio","lines":"F3","arr":["F3"],"terminus":0,"mode":"tram","color":"#F89329","colorDark":"#885117","angle":0,"metro":1,"snapDist":3,"label":1}},{"type":"Feature","geometry":{"type":"Point","coordinates":[14.233815,40.842465]},"properties":{"name":"P. Fuga","lines":"F3","arr":["F3"],"terminus":1,"mode":"tram","color":"#F89329","colorDark":"#885117","angle":0,"metro":1,"snapDist":10,"label":1}},{"type":"Feature","geometry":{"type":"Point","coordinates":[14.219413,40.826345]},"properties":{"name":"Mergellina","lines":"F4","arr":["F4"],"terminus":1,"mode":"tram","color":"#F89329","colorDark":"#885117","angle":0,"metro":1,"snapDist":11,"label":1}},{"type":"Feature","geometry":{"type":"Point","coordinates":[14.217665,40.826052]},"properties":{"name":"S. Antonio","lines":"F4","arr":["F4"],"terminus":0,"mode":"tram","color":"#F89329","colorDark":"#885117","angle":0,"metro":1,"snapDist":2,"label":1}},{"type":"Feature","geometry":{"type":"Point","coordinates":[14.216333,40.825833]},"properties":{"name":"S. Gioacchino","lines":"F4","arr":["F4"],"terminus":0,"mode":"tram","color":"#F89329","colorDark":"#885117","angle":0,"metro":1,"snapDist":9,"label":1}},{"type":"Feature","geometry":{"type":"Point","coordinates":[14.214308,40.825777]},"properties":{"name":"P.Co Angelina","lines":"F4","arr":["F4"],"terminus":0,"mode":"tram","color":"#F89329","colorDark":"#885117","angle":0,"metro":1,"snapDist":1,"label":1}},{"type":"Feature","geometry":{"type":"Point","coordinates":[14.212908,40.825879]},"properties":{"name":"Manzoni","lines":"F4","arr":["F4"],"terminus":1,"mode":"tram","color":"#F89329","colorDark":"#885117","angle":0,"metro":1,"snapDist":15,"label":1}}]}